,timestamp,total_energy,Tin,Tout,RH,CO2,PM2_5
0,2024-07-31 21:00:00,182.97,,21.5,81.0,,
1,2024-07-31 21:30:00,162.1,,20.8,83.0,,
2,2024-07-31 22:00:00,132.9,,20.1,85.0,,
3,2024-07-31 22:30:00,142.03,,19.700000000000003,86.0,,
4,2024-07-31 23:00:00,144.76,,19.3,87.0,,
5,2024-07-31 23:30:00,119.97,,20.4,78.5,,
6,2024-08-01 00:00:00,129.59,,21.5,70.0,,
7,2024-08-01 00:30:00,134.0,,21.5,69.5,,
8,2024-08-01 01:00:00,135.9,,21.5,69.0,,
9,2024-08-01 01:30:00,108.87,,21.3,69.0,,
10,2024-08-01 02:00:00,127.93,,21.1,69.0,,
11,2024-08-01 02:30:00,198.3,,21.05,67.0,,
12,2024-08-01 03:00:00,129.3,,21.0,65.0,,
13,2024-08-01 03:30:00,109.9,,21.1,63.0,,
14,2024-08-01 04:00:00,133.2,,21.2,61.0,,
15,2024-08-01 04:30:00,151.47,,20.65,62.5,,
16,2024-08-01 05:00:00,127.53,,20.1,64.0,,
17,2024-08-01 05:30:00,111.1,,20.9,58.0,,
18,2024-08-01 06:00:00,146.97,,21.7,52.0,,
19,2024-08-01 06:30:00,144.1,,22.4,53.5,,
20,2024-08-01 07:00:00,130.83,,23.1,55.0,,
21,2024-08-01 07:30:00,119.33,,23.6,55.5,,
22,2024-08-01 08:00:00,142.33,,24.1,56.0,,
23,2024-08-01 08:30:00,145.07,,24.450000000000003,56.5,,
24,2024-08-01 09:00:00,124.27,,24.8,57.0,,
25,2024-08-01 09:30:00,134.93,,25.15,58.0,,
26,2024-08-01 10:00:00,423.97,,25.5,59.0,,
27,2024-08-01 10:30:00,170.6,,26.0,57.0,,
28,2024-08-01 11:00:00,182.97,,26.5,55.0,,
29,2024-08-01 11:30:00,155.43,,26.65,53.5,,
30,2024-08-01 12:00:00,182.63,,26.8,52.0,,
31,2024-08-01 12:30:00,1243.7,,26.75,49.0,,
32,2024-08-01 13:00:00,153.53,,26.7,46.0,,
33,2024-08-01 13:30:00,153.3,,26.65,45.5,,
34,2024-08-01 14:00:00,169.73,,26.6,45.0,,
35,2024-08-01 14:30:00,340.43,,26.25,45.5,,
36,2024-08-01 15:00:00,589.23,,25.9,46.0,,
37,2024-08-01 15:30:00,172.53,,25.35,47.0,,
38,2024-08-01 16:00:00,176.23,,24.8,48.0,,
39,2024-08-01 16:30:00,224.4,,24.3,49.0,,
40,2024-08-01 17:00:00,268.6,,23.8,50.0,,
41,2024-08-01 17:30:00,217.73,,22.9,53.0,,
42,2024-08-01 18:00:00,202.73,,22.0,56.0,,
43,2024-08-01 18:30:00,209.47,,21.15,59.5,,
44,2024-08-01 19:00:00,200.33,,20.3,63.0,,
45,2024-08-01 19:30:00,183.53,,19.65,65.5,,
46,2024-08-01 20:00:00,171.77,,19.0,68.0,,
47,2024-08-01 20:30:00,155.57,,19.1,67.5,,
48,2024-08-01 21:00:00,176.93,,19.2,67.0,,
49,2024-08-01 21:30:00,164.5,,19.55,60.5,,
50,2024-08-01 22:00:00,186.07,,19.9,54.0,,
51,2024-08-01 22:30:00,163.1,,18.7,54.5,,
52,2024-08-01 23:00:00,173.1,,17.5,55.0,,
53,2024-08-01 23:30:00,184.13,,17.25,54.5,,
54,2024-08-02 00:00:00,186.13,,17.0,54.0,,
55,2024-08-02 00:30:00,171.97,,17.0,54.0,,
56,2024-08-02 01:00:00,161.67,,17.0,54.0,,
57,2024-08-02 01:30:00,183.73,,18.35,49.0,,
58,2024-08-02 02:00:00,183.4,,19.7,44.0,,
59,2024-08-02 02:30:00,175.3,,18.95,46.5,,
60,2024-08-02 03:00:00,158.97,,18.2,49.0,,
61,2024-08-02 03:30:00,181.17,,17.6,50.5,,
62,2024-08-02 04:00:00,183.3,,17.0,52.0,,
63,2024-08-02 04:30:00,210.53,,17.3,51.5,,
64,2024-08-02 05:00:00,124.97,,17.6,51.0,,
65,2024-08-02 05:30:00,123.6,,18.8,49.5,,
66,2024-08-02 06:00:00,1174.57,,20.0,48.0,,
67,2024-08-02 06:30:00,138.03,,21.1,45.0,,
68,2024-08-02 07:00:00,135.17,,22.2,42.0,,
69,2024-08-02 07:30:00,118.97,,23.05,40.0,,
70,2024-08-02 08:00:00,173.07,,23.9,38.0,,
71,2024-08-02 08:30:00,145.53,,24.6,37.5,,
72,2024-08-02 09:00:00,140.83,,25.3,37.0,,
73,2024-08-02 09:30:00,146.0,,25.9,36.5,,
74,2024-08-02 10:00:00,415.43,,26.5,36.0,,
75,2024-08-02 10:30:00,227.8,,26.85,37.5,,
76,2024-08-02 11:00:00,171.33,,27.2,39.0,,
77,2024-08-02 11:30:00,164.83,,27.6,38.5,,
78,2024-08-02 12:00:00,147.37,,28.0,38.0,,
79,2024-08-02 12:30:00,163.4,,27.65,41.0,,
80,2024-08-02 13:00:00,172.7,,27.3,44.0,,
81,2024-08-02 13:30:00,174.67,,27.15,43.0,,
82,2024-08-02 14:00:00,150.47,,27.0,42.0,,
83,2024-08-02 14:30:00,167.47,,26.75,44.0,,
84,2024-08-02 15:00:00,169.43,,26.5,46.0,,
85,2024-08-02 15:30:00,167.87,,26.25,46.0,,
86,2024-08-02 16:00:00,145.67,,26.0,46.0,,
87,2024-08-02 16:30:00,313.83,,25.5,47.0,,
88,2024-08-02 17:00:00,168.73,,25.0,48.0,,
89,2024-08-02 17:30:00,160.87,,24.1,59.5,,
90,2024-08-02 18:00:00,139.4,,23.2,71.0,,
91,2024-08-02 18:30:00,170.8,,22.8,68.5,,
92,2024-08-02 19:00:00,178.27,,22.4,66.0,,
93,2024-08-02 19:30:00,156.37,,22.0,68.5,,
94,2024-08-02 20:00:00,160.1,,21.6,71.0,,
95,2024-08-02 20:30:00,143.6,,21.15,72.0,,
96,2024-08-02 21:00:00,133.3,,20.7,73.0,,
97,2024-08-02 21:30:00,111.17,,19.8,82.5,,
98,2024-08-02 22:00:00,139.73,,18.9,92.0,,
99,2024-08-02 22:30:00,138.53,,18.75,91.5,,
100,2024-08-02 23:00:00,111.2,,18.6,91.0,,
101,2024-08-02 23:30:00,127.33,,18.3,90.5,,
102,2024-08-03 00:00:00,137.97,,18.0,90.0,,
103,2024-08-03 00:30:00,120.73,,18.05,88.5,,
104,2024-08-03 01:00:00,117.67,,18.1,87.0,,
105,2024-08-03 01:30:00,139.33,,18.1,85.5,,
106,2024-08-03 02:00:00,134.43,,18.1,84.0,,
107,2024-08-03 02:30:00,105.57,,17.15,87.0,,
108,2024-08-03 03:00:00,132.3,,16.2,90.0,,
109,2024-08-03 03:30:00,136.07,,17.049999999999997,87.0,,
110,2024-08-03 04:00:00,117.67,,17.9,84.0,,
111,2024-08-03 04:30:00,189.37,,17.6,86.0,,
112,2024-08-03 05:00:00,141.3,,17.3,88.0,,
113,2024-08-03 05:30:00,146.5,,18.55,85.0,,
114,2024-08-03 06:00:00,110.23,,19.8,82.0,,
115,2024-08-03 06:30:00,133.97,,20.9,78.5,,
116,2024-08-03 07:00:00,135.4,,22.0,75.0,,
117,2024-08-03 07:30:00,111.97,,22.8,64.0,,
118,2024-08-03 08:00:00,130.37,,23.6,53.0,,
119,2024-08-03 08:30:00,144.67,,24.05,52.0,,
120,2024-08-03 09:00:00,130.03,,24.5,51.0,,
121,2024-08-03 09:30:00,121.3,,24.95,49.5,,
122,2024-08-03 10:00:00,917.48,,25.4,48.0,,
123,2024-08-03 10:30:00,613.13,,24.7,51.5,,
124,2024-08-03 11:00:00,144.34,,24.0,55.0,,
125,2024-08-03 11:30:00,160.4,,24.65,52.0,,
126,2024-08-03 12:00:00,173.0,,25.3,49.0,,
127,2024-08-03 12:30:00,162.67,,24.75,50.5,,
128,2024-08-03 13:00:00,145.47,,24.2,52.0,,
129,2024-08-03 13:30:00,170.57,,24.8,49.0,,
130,2024-08-03 14:00:00,171.1,,25.4,46.0,,
131,2024-08-03 14:30:00,140.83,,25.55,45.0,,
132,2024-08-03 15:00:00,164.17,,25.7,44.0,,
133,2024-08-03 15:30:00,186.07,,25.2,46.0,,
134,2024-08-03 16:00:00,164.77,,24.7,48.0,,
135,2024-08-03 16:30:00,163.4,,24.25,50.5,,
136,2024-08-03 17:00:00,180.77,,23.8,53.0,,
137,2024-08-03 17:30:00,174.4,,23.200000000000003,59.0,,
138,2024-08-03 18:00:00,1104.8,,22.6,65.0,,
139,2024-08-03 18:30:00,305.6,,22.25,66.0,,
140,2024-08-03 19:00:00,203.93,,21.9,67.0,,
141,2024-08-03 19:30:00,189.67,,21.65,68.0,,
142,2024-08-03 20:00:00,168.97,,21.4,69.0,,
143,2024-08-03 20:30:00,182.3,,20.95,71.0,,
144,2024-08-03 21:00:00,165.73,,20.5,73.0,,
145,2024-08-03 21:30:00,137.4,,19.4,78.5,,
146,2024-08-03 22:00:00,141.8,,18.3,84.0,,
147,2024-08-03 22:30:00,125.5,,18.0,84.0,,
148,2024-08-03 23:00:00,120.94,,17.7,84.0,,
149,2024-08-03 23:30:00,141.83,,17.4,85.0,,
150,2024-08-04 00:00:00,127.1,,17.1,86.0,,
151,2024-08-04 00:30:00,111.1,,16.950000000000003,86.0,,
152,2024-08-04 01:00:00,138.4,,16.8,86.0,,
153,2024-08-04 01:30:00,127.17,,16.55,85.5,,
154,2024-08-04 02:00:00,110.53,,16.3,85.0,,
155,2024-08-04 02:30:00,137.77,,16.05,84.5,,
156,2024-08-04 03:00:00,127.43,,15.8,84.0,,
157,2024-08-04 03:30:00,217.1,,15.4,86.0,,
158,2024-08-04 04:00:00,242.5,,15.0,88.0,,
159,2024-08-04 04:30:00,157.6,,15.35,86.5,,
160,2024-08-04 05:00:00,121.47,,15.7,85.0,,
161,2024-08-04 05:30:00,115.0,,16.9,82.5,,
162,2024-08-04 06:00:00,136.63,,18.1,80.0,,
163,2024-08-04 06:30:00,135.97,,19.200000000000003,75.0,,
164,2024-08-04 07:00:00,115.03,,20.3,70.0,,
165,2024-08-04 07:30:00,122.83,,21.200000000000003,65.5,,
166,2024-08-04 08:00:00,135.47,,22.1,61.0,,
167,2024-08-04 08:30:00,131.67,,23.05,57.5,,
168,2024-08-04 09:00:00,105.77,,24.0,54.0,,
169,2024-08-04 09:30:00,135.63,,24.6,52.0,,
170,2024-08-04 10:00:00,136.57,,25.2,50.0,,
171,2024-08-04 10:30:00,115.63,,25.65,48.5,,
172,2024-08-04 11:00:00,120.67,,26.1,47.0,,
173,2024-08-04 11:30:00,137.47,,26.15,45.5,,
174,2024-08-04 12:00:00,130.67,,26.2,44.0,,
175,2024-08-04 12:30:00,107.3,,26.1,44.5,,
176,2024-08-04 13:00:00,138.9,,26.0,45.0,,
177,2024-08-04 13:30:00,137.83,,25.8,48.0,,
178,2024-08-04 14:00:00,114.7,,25.6,51.0,,
179,2024-08-04 14:30:00,124.57,,25.6,50.0,,
180,2024-08-04 15:00:00,136.87,,25.6,49.0,,
181,2024-08-04 15:30:00,131.37,,25.200000000000003,49.0,,
182,2024-08-04 16:00:00,106.63,,24.8,49.0,,
183,2024-08-04 16:30:00,136.33,,24.65,49.5,,
184,2024-08-04 17:00:00,137.03,,24.5,50.0,,
185,2024-08-04 17:30:00,120.03,,23.95,57.5,,
186,2024-08-04 18:00:00,118.24,,23.4,65.0,,
187,2024-08-04 18:30:00,136.87,,23.0,61.0,,
188,2024-08-04 19:00:00,136.37,,22.6,57.0,,
189,2024-08-04 19:30:00,114.47,,21.5,65.5,,
190,2024-08-04 20:00:00,122.27,,20.4,74.0,,
191,2024-08-04 20:30:00,137.4,,20.1,73.5,,
192,2024-08-04 21:00:00,136.33,,19.8,73.0,,
193,2024-08-04 21:30:00,114.2,,19.55,73.5,,
194,2024-08-04 22:00:00,139.77,,19.3,74.0,,
195,2024-08-04 22:30:00,145.43,,19.15,74.0,,
196,2024-08-04 23:00:00,135.47,,19.0,74.0,,
197,2024-08-04 23:30:00,118.67,,18.5,75.5,,
198,2024-08-05 00:00:00,145.33,,18.0,77.0,,
199,2024-08-05 00:30:00,146.7,,17.75,77.5,,
200,2024-08-05 01:00:00,126.67,,17.5,78.0,,
201,2024-08-05 01:30:00,122.3,,17.5,78.0,,
202,2024-08-05 02:00:00,135.61,,17.5,78.0,,
203,2024-08-05 02:30:00,138.83,,17.2,78.0,,
204,2024-08-05 03:00:00,113.77,,16.9,78.0,,
205,2024-08-05 03:30:00,125.07,,16.85,77.5,,
206,2024-08-05 04:00:00,137.5,,16.8,77.0,,
207,2024-08-05 04:30:00,134.13,,17.05,77.5,,
208,2024-08-05 05:00:00,109.37,,17.3,78.0,,
209,2024-08-05 05:30:00,131.53,,18.700000000000003,72.5,,
210,2024-08-05 06:00:00,138.97,,20.1,67.0,,
211,2024-08-05 06:30:00,128.87,,21.1,62.5,,
212,2024-08-05 07:00:00,110.3,,22.1,58.0,,
213,2024-08-05 07:30:00,137.37,,22.85,54.5,,
214,2024-08-05 08:00:00,138.47,,23.6,51.0,,
215,2024-08-05 08:30:00,103.75,,24.200000000000003,49.0,,
216,2024-08-05 10:00:00,159.11,,25.6,45.0,,
217,2024-08-05 10:30:00,115.3,,25.950000000000003,44.5,,
218,2024-08-05 11:00:00,121.93,,26.3,44.0,,
219,2024-08-05 11:30:00,136.6,,26.3,43.0,,
220,2024-08-05 12:00:00,136.47,,26.3,42.0,,
221,2024-08-05 12:30:00,113.33,,26.200000000000003,43.0,,
222,2024-08-05 13:00:00,123.52,,26.1,44.0,,
223,2024-08-05 13:30:00,138.34,,26.05,44.0,,
224,2024-08-05 14:00:00,137.03,,26.0,44.0,,
225,2024-08-05 16:30:00,132.71,,24.950000000000003,52.0,,
226,2024-08-05 17:00:00,129.8,,24.3,57.0,,
227,2024-08-05 17:30:00,138.43,,23.6,61.5,,
228,2024-08-05 18:00:00,134.73,,22.9,66.0,,
229,2024-08-05 18:30:00,112.13,,21.9,73.0,,
230,2024-08-05 19:00:00,131.73,,20.9,80.0,,
231,2024-08-05 19:30:00,137.83,,21.1,76.5,,
232,2024-08-05 20:00:00,133.77,,21.3,73.0,,
233,2024-08-05 20:30:00,112.13,,20.8,75.5,,
234,2024-08-05 21:00:00,133.63,,20.3,78.0,,
235,2024-08-05 21:30:00,139.77,,20.9,73.0,,
236,2024-08-05 22:00:00,129.83,,21.5,68.0,,
237,2024-08-05 22:30:00,114.29,,21.5,68.0,,
238,2024-08-05 23:00:00,132.38,,21.5,68.0,,
239,2024-08-05 23:30:00,139.13,,21.4,67.5,,
240,2024-08-06 00:00:00,130.63,,21.3,67.0,,
241,2024-08-06 00:30:00,112.53,,21.15,67.0,,
242,2024-08-06 01:00:00,133.87,,21.0,67.0,,
243,2024-08-06 01:30:00,138.93,,20.8,67.0,,
244,2024-08-06 02:00:00,133.07,,20.6,67.0,,
245,2024-08-06 02:30:00,115.33,,20.4,68.0,,
246,2024-08-06 03:00:00,133.97,,20.2,69.0,,
247,2024-08-06 03:30:00,141.0,,20.05,69.5,,
248,2024-08-06 04:00:00,137.47,,19.9,70.0,,
249,2024-08-06 04:30:00,114.4,,19.65,71.0,,
250,2024-08-06 05:00:00,132.97,,19.4,72.0,,
251,2024-08-06 05:30:00,139.37,,20.0,72.0,,
252,2024-08-06 06:00:00,139.5,,20.6,72.0,,
253,2024-08-06 06:30:00,115.3,,21.4,68.5,,
254,2024-08-06 07:00:00,128.13,,22.2,65.0,,
255,2024-08-06 07:30:00,141.1,,22.9,63.0,,
256,2024-08-06 08:00:00,140.2,,23.6,61.0,,
257,2024-08-06 08:30:00,115.3,,24.25,56.5,,
258,2024-08-06 09:00:00,125.13,,24.9,52.0,,
259,2024-08-06 09:30:00,140.53,,25.4,49.5,,
260,2024-08-06 10:00:00,139.53,,25.9,47.0,,
261,2024-08-06 10:30:00,118.53,,26.0,47.0,,
262,2024-08-06 11:00:00,122.77,,26.1,47.0,,
263,2024-08-06 11:30:00,139.57,,26.1,48.5,,
264,2024-08-06 12:00:00,140.23,,26.1,50.0,,
265,2024-08-06 12:30:00,123.32,,25.450000000000003,52.5,,
266,2024-08-06 13:00:00,118.7,,24.8,55.0,,
267,2024-08-06 13:30:00,139.83,,24.0,60.0,,
268,2024-08-06 14:00:00,139.47,,23.2,65.0,,
269,2024-08-06 14:30:00,125.1,,23.95,62.5,,
270,2024-08-06 15:00:00,118.83,,24.7,60.0,,
271,2024-08-06 15:30:00,139.29,,24.45,61.0,,
272,2024-08-06 16:00:00,143.14,,24.2,62.0,,
273,2024-08-06 16:30:00,124.3,,23.45,65.0,,
274,2024-08-06 17:00:00,117.83,,22.7,68.0,,
275,2024-08-06 17:30:00,140.97,,20.55,78.5,,
276,2024-08-06 18:00:00,143.23,,18.4,89.0,,
277,2024-08-06 18:30:00,130.73,,18.0,92.0,,
278,2024-08-06 19:00:00,115.47,,17.6,95.0,,
279,2024-08-06 19:30:00,135.94,,17.3,94.0,,
280,2024-08-06 20:00:00,141.97,,17.0,93.0,,
281,2024-08-06 20:30:00,137.83,,17.65,90.0,,
282,2024-08-06 21:00:00,118.9,,18.3,87.0,,
283,2024-08-06 21:30:00,130.38,,18.6,84.5,,
284,2024-08-06 22:00:00,141.57,,18.9,82.0,,
285,2024-08-06 22:30:00,144.03,,18.15,85.0,,
286,2024-08-06 23:00:00,115.87,,17.4,88.0,,
287,2024-08-06 23:30:00,128.23,,18.25,83.5,,
288,2024-08-07 00:00:00,140.37,,19.1,79.0,,
289,2024-08-07 00:30:00,141.0,,18.700000000000003,80.5,,
290,2024-08-07 01:00:00,124.37,,18.3,82.0,,
291,2024-08-07 01:30:00,117.23,,17.6,84.0,,
292,2024-08-07 02:00:00,139.23,,16.9,86.0,,
293,2024-08-07 02:30:00,138.67,,16.75,86.0,,
294,2024-08-07 03:00:00,130.37,,16.6,86.0,,
295,2024-08-07 03:30:00,114.07,,18.15,80.0,,
296,2024-08-07 04:00:00,133.13,,19.7,74.0,,
297,2024-08-07 04:30:00,143.27,,19.2,76.0,,
298,2024-08-07 05:00:00,134.57,,18.7,78.0,,
299,2024-08-07 05:30:00,115.07,,19.4,76.5,,
300,2024-08-07 06:00:00,128.93,,20.1,75.0,,
301,2024-08-07 06:30:00,138.7,,20.6,74.5,,
302,2024-08-07 07:00:00,138.1,,21.1,74.0,,
303,2024-08-07 07:30:00,118.67,,21.8,69.5,,
304,2024-08-07 08:00:00,120.23,,22.5,65.0,,
305,2024-08-07 08:30:00,140.2,,23.1,60.5,,
306,2024-08-07 09:00:00,138.83,,23.7,56.0,,
307,2024-08-07 09:30:00,123.97,,24.2,54.5,,
308,2024-08-07 10:00:00,114.07,,24.7,53.0,,
309,2024-08-07 10:30:00,138.7,,25.0,53.0,,
310,2024-08-07 11:00:00,139.1,,25.3,53.0,,
311,2024-08-07 11:30:00,129.37,,25.05,55.0,,
312,2024-08-07 12:00:00,114.5,,24.8,57.0,,
313,2024-08-07 12:30:00,133.43,,24.8,57.0,,
314,2024-08-07 13:00:00,140.27,,24.8,57.0,,
315,2024-08-07 13:30:00,140.5,,24.950000000000003,55.5,,
316,2024-08-07 14:00:00,117.73,,25.1,54.0,,
317,2024-08-07 14:30:00,128.33,,24.9,57.0,,
318,2024-08-07 15:00:00,142.3,,24.7,60.0,,
319,2024-08-07 15:30:00,139.6,,24.05,64.0,,
320,2024-08-07 16:00:00,121.87,,23.4,68.0,,
321,2024-08-07 16:30:00,118.5,,22.9,70.0,,
322,2024-08-07 17:00:00,139.37,,22.4,72.0,,
323,2024-08-07 17:30:00,141.67,,21.75,76.0,,
324,2024-08-07 18:00:00,132.3,,21.1,80.0,,
325,2024-08-07 18:30:00,115.27,,20.0,84.5,,
326,2024-08-07 19:00:00,129.97,,18.9,89.0,,
327,2024-08-07 19:30:00,140.27,,19.05,88.5,,
328,2024-08-07 20:00:00,138.83,,19.2,88.0,,
329,2024-08-07 20:30:00,117.67,,19.25,88.0,,
330,2024-08-07 21:00:00,123.83,,19.3,88.0,,
331,2024-08-07 21:30:00,140.07,,19.35,87.5,,
332,2024-08-07 22:00:00,139.77,,19.4,87.0,,
333,2024-08-07 22:30:00,126.73,,19.15,88.0,,
334,2024-08-07 23:00:00,116.57,,18.9,89.0,,
335,2024-08-07 23:30:00,136.63,,18.7,89.5,,
336,2024-08-08 00:00:00,138.9,,18.5,90.0,,
337,2024-08-08 00:30:00,137.13,,17.55,90.5,,
338,2024-08-08 01:00:00,115.2,,16.6,91.0,,
339,2024-08-08 01:30:00,129.07,,17.200000000000003,88.0,,
340,2024-08-08 02:00:00,139.17,,17.8,85.0,,
341,2024-08-08 02:30:00,137.87,,17.5,84.0,,
342,2024-08-08 03:00:00,119.6,,17.2,83.0,,
343,2024-08-08 03:30:00,119.83,,17.2,81.0,,
344,2024-08-08 04:00:00,142.37,,17.2,79.0,,
345,2024-08-08 04:30:00,137.73,,16.1,78.0,,
346,2024-08-08 05:00:00,124.8,,15.0,77.0,,
347,2024-08-08 05:30:00,113.27,,16.75,71.5,,
348,2024-08-08 06:00:00,138.6,,18.5,66.0,,
349,2024-08-08 06:30:00,136.84,,19.65,62.0,,
350,2024-08-08 07:00:00,131.57,,20.8,58.0,,
351,2024-08-08 07:30:00,109.62,,21.65,55.5,,
352,2024-08-08 08:00:00,135.1,,22.5,53.0,,
353,2024-08-08 08:30:00,140.21,,23.15,51.0,,
354,2024-08-08 09:00:00,129.03,,23.8,49.0,,
355,2024-08-08 09:30:00,111.17,,24.700000000000003,44.5,,
356,2024-08-08 10:00:00,136.4,,25.6,40.0,,
357,2024-08-08 10:30:00,139.2,,26.0,39.5,,
358,2024-08-08 11:00:00,128.9,,26.4,39.0,,
359,2024-08-08 11:30:00,112.63,,26.6,39.5,,
360,2024-08-08 12:00:00,136.93,,26.8,40.0,,
361,2024-08-08 12:30:00,138.2,,26.5,41.5,,
362,2024-08-08 13:00:00,133.83,,26.2,43.0,,
363,2024-08-08 13:30:00,113.17,,25.9,44.0,,
364,2024-08-08 14:00:00,134.83,,25.6,45.0,,
365,2024-08-08 14:30:00,137.17,,25.450000000000003,48.0,,
366,2024-08-08 15:00:00,134.33,,25.3,51.0,,
367,2024-08-08 15:30:00,112.66,,24.950000000000003,53.5,,
368,2024-08-08 16:00:00,132.69,,24.6,56.0,,
369,2024-08-08 16:30:00,138.37,,24.1,57.5,,
370,2024-08-08 17:00:00,138.7,,23.6,59.0,,
371,2024-08-08 17:30:00,114.27,,22.950000000000003,63.0,,
372,2024-08-08 18:00:00,123.84,,22.3,67.0,,
373,2024-08-08 18:30:00,139.0,,21.5,74.0,,
374,2024-08-08 19:00:00,137.77,,20.7,81.0,,
375,2024-08-08 19:30:00,121.73,,20.95,78.0,,
376,2024-08-08 20:00:00,121.8,,21.2,75.0,,
377,2024-08-08 20:30:00,139.13,,20.2,79.0,,
378,2024-08-08 21:00:00,140.33,,19.2,83.0,,
379,2024-08-08 21:30:00,124.8,,19.05,82.0,,
380,2024-08-08 22:00:00,116.37,,18.9,81.0,,
381,2024-08-08 22:30:00,141.43,,18.6,82.0,,
382,2024-08-08 23:00:00,138.03,,18.3,83.0,,
383,2024-08-08 23:30:00,130.06,,18.0,84.0,,
384,2024-08-09 00:00:00,110.93,,17.7,85.0,,
385,2024-08-09 00:30:00,136.1,,17.4,86.0,,
386,2024-08-09 01:00:00,138.06,,17.1,87.0,,
387,2024-08-09 01:30:00,134.86,,17.1,87.0,,
388,2024-08-09 02:00:00,113.53,,17.1,87.0,,
389,2024-08-09 02:30:00,129.7,,16.8,87.0,,
390,2024-08-09 03:00:00,138.37,,16.5,87.0,,
391,2024-08-09 03:30:00,138.07,,16.4,86.5,,
392,2024-08-09 04:00:00,113.27,,16.3,86.0,,
393,2024-08-09 04:30:00,125.03,,16.65,85.5,,
394,2024-08-09 05:00:00,139.97,,17.0,85.0,,
395,2024-08-09 05:30:00,139.83,,18.35,80.5,,
396,2024-08-09 06:00:00,118.4,,19.7,76.0,,
397,2024-08-09 06:30:00,120.63,,20.9,71.5,,
398,2024-08-09 07:00:00,137.6,,22.1,67.0,,
399,2024-08-09 07:30:00,138.67,,22.9,63.5,,
400,2024-08-09 08:00:00,122.93,,23.7,60.0,,
401,2024-08-09 08:30:00,114.4,,24.45,56.5,,
402,2024-08-09 09:00:00,138.57,,25.2,53.0,,
403,2024-08-09 09:30:00,137.93,,25.75,50.0,,
404,2024-08-09 10:00:00,127.06,,26.3,47.0,,
405,2024-08-09 10:30:00,112.66,,26.65,45.5,,
406,2024-08-09 11:00:00,140.43,,27.0,44.0,,
407,2024-08-09 11:30:00,138.27,,27.5,42.0,,
408,2024-08-09 12:00:00,128.97,,28.0,40.0,,
409,2024-08-09 12:30:00,113.83,,28.2,39.0,,
410,2024-08-09 13:00:00,134.57,,28.4,38.0,,
411,2024-08-09 13:30:00,137.77,,28.15,40.0,,
412,2024-08-09 14:00:00,138.87,,27.9,42.0,,
413,2024-08-09 14:30:00,113.03,,27.25,46.0,,
414,2024-08-09 15:00:00,124.4,,26.6,50.0,,
415,2024-08-09 15:30:00,139.71,,26.1,52.5,,
416,2024-08-09 16:00:00,139.86,,25.6,55.0,,
417,2024-08-09 16:30:00,121.93,,25.25,56.5,,
418,2024-08-09 17:00:00,119.97,,24.9,58.0,,
419,2024-08-09 17:30:00,139.63,,24.3,62.5,,
420,2024-08-09 18:00:00,138.62,,23.7,67.0,,
421,2024-08-09 18:30:00,126.27,,23.55,65.5,,
422,2024-08-09 19:00:00,113.77,,23.4,64.0,,
423,2024-08-09 19:30:00,138.87,,22.35,70.0,,
424,2024-08-09 20:00:00,141.62,,21.3,76.0,,
425,2024-08-09 20:30:00,134.97,,21.05,75.5,,
426,2024-08-09 21:00:00,117.13,,20.8,75.0,,
427,2024-08-09 21:30:00,128.07,,20.6,76.0,,
428,2024-08-09 22:00:00,141.33,,20.4,77.0,,
429,2024-08-09 22:30:00,141.23,,20.35,76.5,,
430,2024-08-09 23:00:00,123.4,,20.3,76.0,,
431,2024-08-09 23:30:00,117.1,,20.05,77.5,,
432,2024-08-10 00:00:00,137.8,,19.8,79.0,,
433,2024-08-10 00:30:00,140.93,,19.450000000000003,80.0,,
434,2024-08-10 01:00:00,136.93,,19.1,81.0,,
435,2024-08-10 01:30:00,116.87,,18.85,81.5,,
436,2024-08-10 02:00:00,127.33,,18.6,82.0,,
437,2024-08-10 02:30:00,138.0,,17.8,83.5,,
438,2024-08-10 03:00:00,139.4,,17.0,85.0,,
439,2024-08-10 03:30:00,128.77,,16.8,85.5,,
440,2024-08-10 04:00:00,115.87,,16.6,86.0,,
441,2024-08-10 04:30:00,135.81,,17.05,86.0,,
442,2024-08-10 05:00:00,142.17,,17.5,86.0,,
443,2024-08-10 05:30:00,138.07,,19.2,80.0,,
444,2024-08-10 06:00:00,114.87,,20.9,74.0,,
445,2024-08-10 06:30:00,126.77,,22.0,70.5,,
446,2024-08-10 07:00:00,138.47,,23.1,67.0,,
447,2024-08-10 07:30:00,141.33,,24.15,62.0,,
448,2024-08-10 08:00:00,122.37,,25.2,57.0,,
449,2024-08-10 08:30:00,117.2,,25.9,53.5,,
450,2024-08-10 09:00:00,139.43,,26.6,50.0,,
451,2024-08-10 09:30:00,139.6,,27.05,48.0,,
452,2024-08-10 10:00:00,131.83,,27.5,46.0,,
453,2024-08-10 10:30:00,116.03,,27.8,44.5,,
454,2024-08-10 11:00:00,134.8,,28.1,43.0,,
455,2024-08-10 11:30:00,139.17,,28.450000000000003,41.5,,
456,2024-08-10 12:00:00,139.03,,28.8,40.0,,
457,2024-08-10 12:30:00,118.9,,28.85,40.5,,
458,2024-08-10 13:00:00,122.03,,28.9,41.0,,
459,2024-08-10 13:30:00,142.47,,28.8,41.0,,
460,2024-08-10 14:00:00,139.27,,28.7,41.0,,
461,2024-08-10 14:30:00,128.33,,28.6,41.0,,
462,2024-08-10 15:00:00,115.93,,28.5,41.0,,
463,2024-08-10 15:30:00,136.53,,28.4,41.5,,
464,2024-08-10 16:00:00,137.9,,28.3,42.0,,
465,2024-08-10 16:30:00,141.62,,28.05,43.0,,
466,2024-08-10 17:00:00,118.61,,27.8,44.0,,
467,2024-08-10 17:30:00,123.83,,27.05,48.0,,
468,2024-08-10 18:00:00,140.67,,26.3,52.0,,
469,2024-08-10 18:30:00,140.13,,25.450000000000003,57.0,,
470,2024-08-10 19:00:00,128.97,,24.6,62.0,,
471,2024-08-10 19:30:00,118.87,,23.700000000000003,66.5,,
472,2024-08-10 20:00:00,136.3,,22.8,71.0,,
473,2024-08-10 20:30:00,141.7,,22.4,72.0,,
474,2024-08-10 21:00:00,142.8,,22.0,73.0,,
475,2024-08-10 21:30:00,118.3,,21.65,74.5,,
476,2024-08-10 22:00:00,123.13,,21.3,76.0,,
477,2024-08-10 22:30:00,141.53,,21.1,75.5,,
478,2024-08-10 23:00:00,139.47,,20.9,75.0,,
479,2024-08-10 23:30:00,138.26,,20.65,76.0,,
480,2024-08-11 00:00:00,117.34,,20.4,77.0,,
481,2024-08-11 00:30:00,127.83,,20.2,77.5,,
482,2024-08-11 01:00:00,141.33,,20.0,78.0,,
483,2024-08-11 01:30:00,141.67,,19.65,79.5,,
484,2024-08-11 02:00:00,133.13,,19.3,81.0,,
485,2024-08-11 02:30:00,119.17,,19.0,82.0,,
486,2024-08-11 03:00:00,131.35,,18.7,83.0,,
487,2024-08-11 03:30:00,141.79,,18.45,82.5,,
488,2024-08-11 04:00:00,140.47,,18.2,82.0,,
489,2024-08-11 04:30:00,128.3,,18.5,81.0,,
490,2024-08-11 05:00:00,119.67,,18.8,80.0,,
491,2024-08-11 05:30:00,133.9,,20.05,75.5,,
492,2024-08-11 06:00:00,140.9,,21.3,71.0,,
493,2024-08-11 06:30:00,141.43,,22.75,66.5,,
494,2024-08-11 07:00:00,123.5,,24.2,62.0,,
495,2024-08-11 07:30:00,117.13,,25.1,58.0,,
496,2024-08-11 08:00:00,141.23,,26.0,54.0,,
497,2024-08-11 08:30:00,141.27,,26.85,50.5,,
498,2024-08-11 09:00:00,136.2,,27.7,47.0,,
499,2024-08-11 09:30:00,118.2,,28.2,43.5,,
500,2024-08-11 10:00:00,127.83,,28.7,40.0,,
501,2024-08-11 10:30:00,143.93,,29.05,38.0,,
502,2024-08-11 11:00:00,141.27,,29.4,36.0,,
503,2024-08-11 11:30:00,124.0,,29.7,35.0,,
504,2024-08-11 12:00:00,117.87,,30.0,34.0,,
505,2024-08-11 12:30:00,142.67,,29.8,34.5,,
506,2024-08-11 13:00:00,137.5,,29.6,35.0,,
507,2024-08-11 13:30:00,141.23,,29.85,33.5,,
508,2024-08-11 14:00:00,119.07,,30.1,32.0,,
509,2024-08-11 14:30:00,123.6,,29.9,32.5,,
510,2024-08-11 15:00:00,144.47,,29.7,33.0,,
511,2024-08-11 15:30:00,140.3,,29.35,34.0,,
512,2024-08-11 16:00:00,132.1,,29.0,35.0,,
513,2024-08-11 16:30:00,120.2,,28.5,36.5,,
514,2024-08-11 17:00:00,131.57,,28.0,38.0,,
515,2024-08-11 17:30:00,140.53,,27.15,43.5,,
516,2024-08-11 18:00:00,141.8,,26.3,49.0,,
517,2024-08-11 18:30:00,130.13,,25.25,54.0,,
518,2024-08-11 19:00:00,120.33,,24.2,59.0,,
519,2024-08-11 19:30:00,133.9,,23.6,63.0,,
520,2024-08-11 20:00:00,141.07,,23.0,67.0,,
521,2024-08-11 20:30:00,141.23,,22.65,68.5,,
522,2024-08-11 21:00:00,130.0,,22.3,70.0,,
523,2024-08-11 21:30:00,119.67,,21.950000000000003,71.5,,
524,2024-08-11 22:00:00,135.1,,21.6,73.0,,
525,2024-08-11 22:30:00,143.7,,21.3,74.0,,
526,2024-08-11 23:00:00,141.13,,21.0,75.0,,
527,2024-08-11 23:30:00,128.67,,20.8,75.0,,
528,2024-08-12 00:00:00,120.37,,20.6,75.0,,
529,2024-08-12 00:30:00,137.03,,20.4,75.5,,
530,2024-08-12 01:00:00,142.83,,20.2,76.0,,
531,2024-08-12 01:30:00,142.5,,19.95,76.5,,
532,2024-08-12 02:00:00,127.27,,19.7,77.0,,
533,2024-08-12 02:30:00,120.9,,19.4,78.0,,
534,2024-08-12 03:00:00,137.73,,19.1,79.0,,
535,2024-08-12 03:30:00,139.9,,18.8,80.0,,
536,2024-08-12 04:00:00,141.47,,18.5,81.0,,
537,2024-08-12 04:30:00,128.27,,18.65,79.0,,
538,2024-08-12 05:00:00,119.5,,18.8,77.0,,
539,2024-08-12 05:30:00,132.2,,20.450000000000003,70.5,,
540,2024-08-12 06:00:00,140.9,,22.1,64.0,,
541,2024-08-12 06:30:00,140.93,,23.450000000000003,59.5,,
542,2024-08-12 07:00:00,127.07,,24.8,55.0,,
543,2024-08-12 07:30:00,119.17,,25.75,49.5,,
544,2024-08-12 08:00:00,136.33,,26.7,44.0,,
545,2024-08-12 08:30:00,140.77,,27.45,41.0,,
546,2024-08-12 09:00:00,137.33,,28.2,38.0,,
547,2024-08-12 09:30:00,124.73,,28.75,35.0,,
548,2024-08-12 10:00:00,118.17,,29.3,32.0,,
549,2024-08-12 10:30:00,139.8,,29.6,29.0,,
550,2024-08-12 11:00:00,142.13,,29.9,26.0,,
551,2024-08-12 11:30:00,139.93,,30.1,26.5,,
552,2024-08-12 12:00:00,118.53,,30.3,27.0,,
553,2024-08-12 12:30:00,123.77,,30.5,26.0,,
554,2024-08-12 13:00:00,140.03,,30.7,25.0,,
555,2024-08-12 13:30:00,138.48,,30.4,26.5,,
556,2024-08-12 14:00:00,140.24,,30.1,28.0,,
557,2024-08-12 14:30:00,119.73,,29.950000000000003,28.0,,
558,2024-08-12 15:00:00,123.63,,29.8,28.0,,
559,2024-08-12 15:30:00,140.27,,29.1,30.0,,
560,2024-08-12 16:00:00,140.6,,28.4,32.0,,
561,2024-08-12 16:30:00,140.87,,27.85,34.0,,
562,2024-08-12 17:00:00,123.5,,27.3,36.0,,
563,2024-08-12 17:30:00,121.4,,26.450000000000003,40.5,,
564,2024-08-12 18:00:00,138.9,,25.6,45.0,,
565,2024-08-12 18:30:00,142.76,,24.950000000000003,48.5,,
566,2024-08-12 19:00:00,141.3,,24.3,52.0,,
567,2024-08-12 19:30:00,126.67,,24.0,53.0,,
568,2024-08-12 20:00:00,121.07,,23.7,54.0,,
569,2024-08-12 20:30:00,140.53,,22.35,63.5,,
570,2024-08-12 21:00:00,142.7,,21.0,73.0,,
571,2024-08-12 21:30:00,144.47,,20.55,74.0,,
572,2024-08-12 22:00:00,124.77,,20.1,75.0,,
573,2024-08-12 22:30:00,118.28,,19.950000000000003,74.0,,
574,2024-08-12 23:00:00,143.37,,19.8,73.0,,
575,2024-08-12 23:30:00,143.97,,20.85,66.0,,
576,2024-08-13 00:00:00,140.2,,21.9,59.0,,
577,2024-08-13 00:30:00,122.8,,22.35,55.5,,
578,2024-08-13 01:00:00,123.8,,22.8,52.0,,
579,2024-08-13 01:30:00,141.26,,22.700000000000003,48.0,,
580,2024-08-13 02:00:00,143.86,,22.6,44.0,,
581,2024-08-13 02:30:00,141.6,,22.35,44.5,,
582,2024-08-13 03:00:00,121.83,,22.1,45.0,,
583,2024-08-13 03:30:00,122.23,,22.05,45.0,,
584,2024-08-13 04:00:00,139.7,,22.0,45.0,,
585,2024-08-13 04:30:00,142.93,,22.1,45.0,,
586,2024-08-13 05:00:00,141.2,,22.2,45.0,,
587,2024-08-13 05:30:00,123.93,,22.25,50.0,,
588,2024-08-13 06:00:00,119.77,,22.3,55.0,,
589,2024-08-13 06:30:00,138.9,,23.55,49.0,,
590,2024-08-13 07:00:00,147.0,,24.8,43.0,,
591,2024-08-13 07:30:00,150.2,,25.450000000000003,42.0,,
592,2024-08-13 08:00:00,130.19,,26.1,41.0,,
593,2024-08-13 08:30:00,125.66,,26.75,39.0,,
594,2024-08-13 09:00:00,147.97,,27.4,37.0,,
595,2024-08-13 09:30:00,148.4,,27.95,34.5,,
596,2024-08-13 10:00:00,149.48,,28.5,32.0,,
597,2024-08-13 10:30:00,127.6,,28.8,29.0,,
598,2024-08-13 11:00:00,133.87,,29.1,26.0,,
599,2024-08-13 11:30:00,153.66,,29.05,26.5,,
600,2024-08-13 12:00:00,159.27,,29.0,27.0,,
601,2024-08-13 12:30:00,146.63,,29.2,27.0,,
602,2024-08-13 13:00:00,142.67,,29.4,27.0,,
603,2024-08-13 13:30:00,152.07,,29.3,27.0,,
604,2024-08-13 14:00:00,176.9,,29.2,27.0,,
605,2024-08-13 14:30:00,164.2,,28.9,28.5,,
606,2024-08-13 15:00:00,160.83,,28.6,30.0,,
607,2024-08-13 15:30:00,163.97,,28.3,30.5,,
608,2024-08-13 16:00:00,167.93,,28.0,31.0,,
609,2024-08-13 16:30:00,168.07,,27.2,36.5,,
610,2024-08-13 17:00:00,185.83,,26.4,42.0,,
611,2024-08-13 17:30:00,186.07,,25.3,51.0,,
612,2024-08-13 18:00:00,181.9,,24.2,60.0,,
613,2024-08-13 18:30:00,181.93,,23.1,67.5,,
614,2024-08-13 19:00:00,180.6,,22.0,75.0,,
615,2024-08-13 19:30:00,178.83,,22.1,73.0,,
616,2024-08-13 20:00:00,184.0,,22.2,71.0,,
617,2024-08-13 20:30:00,193.39,,22.15,68.5,,
618,2024-08-13 21:00:00,199.79,,22.1,66.0,,
619,2024-08-13 21:30:00,194.03,,21.75,63.0,,
620,2024-08-13 22:00:00,187.77,,21.4,60.0,,
621,2024-08-13 22:30:00,187.47,,21.45,57.0,,
622,2024-08-13 23:00:00,201.1,,21.5,54.0,,
623,2024-08-13 23:30:00,199.47,,21.25,53.0,,
624,2024-08-14 00:00:00,185.1,,21.0,52.0,,
625,2024-08-14 00:30:00,171.73,,21.7,49.5,,
626,2024-08-14 01:00:00,194.93,,22.4,47.0,,
627,2024-08-14 01:30:00,196.03,,22.95,45.0,,
628,2024-08-14 02:00:00,182.97,,23.5,43.0,,
629,2024-08-14 02:30:00,615.77,,23.3,43.5,,
630,2024-08-14 03:00:00,1147.47,,23.1,44.0,,
631,2024-08-14 03:30:00,227.93,,22.3,49.0,,
632,2024-08-14 04:00:00,181.77,,21.5,54.0,,
633,2024-08-14 04:30:00,163.14,,21.7,53.0,,
634,2024-08-14 05:00:00,190.03,,21.9,52.0,,
635,2024-08-14 05:30:00,186.8,,21.9,52.5,,
636,2024-08-14 06:00:00,163.2,,21.9,53.0,,
637,2024-08-14 06:30:00,126.3,,22.65,51.0,,
638,2024-08-14 07:00:00,138.6,,23.4,49.0,,
639,2024-08-14 07:30:00,148.83,,24.15,47.0,,
640,2024-08-14 08:00:00,138.3,,24.9,45.0,,
641,2024-08-14 08:30:00,119.5,,25.7,41.0,,
642,2024-08-14 09:00:00,147.07,,26.5,37.0,,
643,2024-08-14 09:30:00,149.4,,26.9,36.0,,
644,2024-08-14 10:00:00,129.7,,27.3,35.0,,
645,2024-08-14 10:30:00,424.6,,27.35,35.0,,
646,2024-08-14 11:00:00,219.17,,27.4,35.0,,
647,2024-08-14 11:30:00,183.4,,27.5,34.5,,
648,2024-08-14 12:00:00,169.83,,27.6,34.0,,
649,2024-08-14 12:30:00,172.13,,27.450000000000003,34.5,,
650,2024-08-14 13:00:00,198.62,,27.3,35.0,,
651,2024-08-14 13:30:00,197.5,,27.05,37.5,,
652,2024-08-14 14:00:00,172.67,,26.8,40.0,,
653,2024-08-14 14:30:00,180.07,,26.950000000000003,38.5,,
654,2024-08-14 15:00:00,214.43,,27.1,37.0,,
655,2024-08-14 15:30:00,234.53,,26.85,37.5,,
656,2024-08-14 16:00:00,212.07,,26.6,38.0,,
657,2024-08-14 16:30:00,218.7,,26.1,40.0,,
658,2024-08-14 17:00:00,354.9,,25.6,42.0,,
659,2024-08-14 17:30:00,1285.4,,24.8,46.5,,
660,2024-08-14 18:00:00,267.77,,24.0,51.0,,
661,2024-08-14 18:30:00,240.5,,23.5,50.0,,
662,2024-08-14 19:00:00,258.67,,23.0,49.0,,
663,2024-08-14 19:30:00,258.83,,22.05,53.0,,
664,2024-08-14 20:00:00,252.03,,21.1,57.0,,
665,2024-08-14 20:30:00,234.63,,20.700000000000003,60.0,,
666,2024-08-14 21:00:00,224.67,,20.3,63.0,,
667,2024-08-14 21:30:00,223.33,,19.9,66.0,,
668,2024-08-14 22:00:00,218.4,,19.5,69.0,,
669,2024-08-14 22:30:00,165.9,,19.2,71.0,,
670,2024-08-14 23:00:00,170.87,,18.9,73.0,,
671,2024-08-14 23:30:00,187.57,,18.65,74.0,,
672,2024-08-15 00:00:00,187.1,,18.4,75.0,,
673,2024-08-15 00:30:00,167.27,,18.35,75.0,,
674,2024-08-15 01:00:00,171.13,,18.3,75.0,,
675,2024-08-15 01:30:00,188.1,,17.950000000000003,76.0,,
676,2024-08-15 02:00:00,254.83,,17.6,77.0,,
677,2024-08-15 02:30:00,165.63,,17.4,77.5,,
678,2024-08-15 03:00:00,170.67,,17.2,78.0,,
679,2024-08-15 03:30:00,186.97,,17.25,77.5,,
680,2024-08-15 04:00:00,189.17,,17.3,77.0,,
681,2024-08-15 04:30:00,183.03,,17.3,80.5,,
682,2024-08-15 05:00:00,179.58,,17.3,84.0,,
683,2024-08-15 05:30:00,202.48,,18.700000000000003,78.5,,
684,2024-08-15 06:00:00,197.1,,20.1,73.0,,
685,2024-08-15 06:30:00,126.43,,21.35,68.5,,
686,2024-08-15 07:00:00,131.13,,22.6,64.0,,
687,2024-08-15 07:30:00,147.7,,23.450000000000003,60.0,,
688,2024-08-15 08:00:00,154.23,,24.3,56.0,,
689,2024-08-15 08:30:00,134.53,,24.950000000000003,50.5,,
690,2024-08-15 09:00:00,128.67,,25.6,45.0,,
691,2024-08-15 09:30:00,143.8,,25.4,44.5,,
692,2024-08-15 10:00:00,155.63,,25.2,44.0,,
693,2024-08-15 10:30:00,174.93,,25.85,42.0,,
694,2024-08-15 11:00:00,159.53,,26.5,40.0,,
695,2024-08-15 11:30:00,151.53,,27.35,37.0,,
696,2024-08-15 12:00:00,189.0,,28.2,34.0,,
697,2024-08-15 12:30:00,187.57,,28.1,34.5,,
698,2024-08-15 13:00:00,191.23,,28.0,35.0,,
699,2024-08-15 13:30:00,171.1,,27.65,37.0,,
700,2024-08-15 14:00:00,180.03,,27.3,39.0,,
701,2024-08-15 14:30:00,172.27,,27.700000000000003,35.5,,
702,2024-08-15 15:00:00,170.63,,28.1,32.0,,
703,2024-08-15 15:30:00,158.53,,26.1,44.5,,
704,2024-08-15 16:00:00,178.47,,24.1,57.0,,
705,2024-08-15 16:30:00,188.8,,23.55,60.5,,
706,2024-08-15 17:00:00,184.2,,23.0,64.0,,
707,2024-08-15 17:30:00,173.13,,21.75,70.0,,
708,2024-08-15 18:00:00,211.8,,20.5,76.0,,
709,2024-08-15 18:30:00,229.0,,20.3,77.5,,
710,2024-08-15 19:00:00,196.74,,20.1,79.0,,
711,2024-08-15 19:30:00,162.72,,20.450000000000003,66.5,,
712,2024-08-15 20:00:00,191.4,,20.8,54.0,,
713,2024-08-15 20:30:00,184.2,,20.05,58.5,,
714,2024-08-15 21:00:00,159.87,,19.3,63.0,,
715,2024-08-15 21:30:00,180.23,,18.85,65.0,,
716,2024-08-15 22:00:00,188.97,,18.4,67.0,,
717,2024-08-15 22:30:00,172.47,,18.15,68.5,,
718,2024-08-15 23:00:00,167.87,,17.9,70.0,,
719,2024-08-15 23:30:00,185.37,,18.0,70.5,,
720,2024-08-16 00:00:00,183.37,,18.1,71.0,,
721,2024-08-16 00:30:00,155.9,,19.55,62.5,,
722,2024-08-16 01:00:00,248.5,,21.0,54.0,,
723,2024-08-16 01:30:00,184.57,,21.55,51.0,,
724,2024-08-16 02:00:00,169.73,,22.1,48.0,,
725,2024-08-16 02:30:00,164.0,,22.3,47.0,,
726,2024-08-16 03:00:00,187.4,,22.5,46.0,,
727,2024-08-16 03:30:00,184.77,,22.4,46.5,,
728,2024-08-16 04:00:00,1148.6,,22.3,47.0,,
729,2024-08-16 04:30:00,196.83,,22.05,48.0,,
730,2024-08-16 05:00:00,196.1,,21.8,49.0,,
731,2024-08-16 05:30:00,162.3,,21.85,50.0,,
732,2024-08-16 06:00:00,192.23,,21.9,51.0,,
733,2024-08-16 06:30:00,195.38,,22.3,52.0,,
734,2024-08-16 07:00:00,163.03,,22.7,53.0,,
735,2024-08-16 07:30:00,130.71,,23.15,53.0,,
736,2024-08-16 08:00:00,151.66,,23.6,53.0,,
737,2024-08-16 08:30:00,128.4,,24.200000000000003,51.0,,
738,2024-08-16 09:00:00,126.9,,24.8,49.0,,
739,2024-08-16 09:30:00,147.3,,24.450000000000003,51.0,,
740,2024-08-16 10:00:00,133.6,,24.1,53.0,,
741,2024-08-16 10:30:00,122.0,,24.55,48.0,,
742,2024-08-16 11:00:00,148.37,,25.0,43.0,,
743,2024-08-16 11:30:00,136.83,,25.4,42.0,,
744,2024-08-16 12:00:00,183.2,,25.8,41.0,,
745,2024-08-16 12:30:00,194.1,,25.4,42.5,,
746,2024-08-16 13:00:00,187.9,,25.0,44.0,,
747,2024-08-16 13:30:00,177.3,,24.85,45.5,,
748,2024-08-16 14:00:00,214.7,,24.7,47.0,,
749,2024-08-16 14:30:00,218.43,,24.4,49.0,,
750,2024-08-16 15:00:00,199.2,,24.1,51.0,,
751,2024-08-16 15:30:00,211.33,,23.75,52.0,,
752,2024-08-16 16:00:00,227.7,,23.4,53.0,,
753,2024-08-16 16:30:00,217.97,,22.7,60.5,,
754,2024-08-16 17:00:00,200.7,,22.0,68.0,,
755,2024-08-16 17:30:00,227.37,,21.45,72.0,,
756,2024-08-16 18:00:00,265.57,,20.9,76.0,,
757,2024-08-16 18:30:00,268.73,,20.3,81.0,,
758,2024-08-16 19:00:00,244.3,,19.7,86.0,,
759,2024-08-16 19:30:00,813.93,,19.2,89.5,,
760,2024-08-16 20:00:00,743.8,,18.7,93.0,,
761,2024-08-16 20:30:00,214.48,,18.2,94.0,,
762,2024-08-16 21:00:00,229.72,,17.7,95.0,,
763,2024-08-16 21:30:00,224.93,,18.1,90.0,,
764,2024-08-16 22:00:00,177.52,,18.5,85.0,,
765,2024-08-16 22:30:00,158.57,,18.45,83.5,,
766,2024-08-16 23:00:00,194.97,,18.4,82.0,,
767,2024-08-16 23:30:00,187.57,,18.2,80.5,,
768,2024-08-17 00:00:00,162.1,,18.0,79.0,,
769,2024-08-17 00:30:00,171.7,,18.2,76.0,,
770,2024-08-17 01:00:00,188.07,,18.4,73.0,,
771,2024-08-17 01:30:00,183.9,,18.75,69.5,,
772,2024-08-17 02:00:00,230.65,,19.1,66.0,,
773,2024-08-17 02:30:00,188.24,,18.4,71.0,,
774,2024-08-17 03:00:00,198.63,,17.7,76.0,,
775,2024-08-17 03:30:00,179.77,,18.1,73.0,,
776,2024-08-17 04:00:00,163.0,,18.5,70.0,,
777,2024-08-17 04:30:00,190.83,,18.8,67.5,,
778,2024-08-17 05:00:00,187.27,,19.1,65.0,,
779,2024-08-17 05:30:00,157.03,,19.35,64.5,,
780,2024-08-17 06:00:00,195.53,,19.6,64.0,,
781,2024-08-17 06:30:00,197.53,,20.3,62.0,,
782,2024-08-17 07:00:00,178.7,,21.0,60.0,,
783,2024-08-17 07:30:00,175.67,,21.4,56.5,,
784,2024-08-17 08:00:00,197.29,,21.8,53.0,,
785,2024-08-17 08:30:00,209.17,,22.25,53.0,,
786,2024-08-17 09:00:00,177.83,,22.7,53.0,,
787,2024-08-17 09:30:00,190.73,,23.15,52.5,,
788,2024-08-17 10:00:00,224.57,,23.6,52.0,,
789,2024-08-17 10:30:00,207.77,,24.1,50.0,,
790,2024-08-17 11:00:00,194.2,,24.6,48.0,,
791,2024-08-17 11:30:00,206.7,,24.450000000000003,47.5,,
792,2024-08-17 12:00:00,197.0,,24.3,47.0,,
793,2024-08-17 12:30:00,186.77,,22.55,56.5,,
794,2024-08-17 13:00:00,170.45,,20.8,66.0,,
795,2024-08-17 13:30:00,800.83,,21.5,65.5,,
796,2024-08-17 14:00:00,181.1,,22.2,65.0,,
797,2024-08-17 14:30:00,1163.47,,22.1,63.0,,
798,2024-08-17 15:00:00,156.47,,22.0,61.0,,
799,2024-08-17 15:30:00,178.7,,21.65,62.0,,
800,2024-08-17 16:00:00,171.9,,21.3,63.0,,
801,2024-08-17 16:30:00,149.3,,20.75,65.5,,
802,2024-08-17 17:00:00,679.47,,20.2,68.0,,
803,2024-08-17 17:30:00,174.13,,19.6,72.5,,
804,2024-08-17 18:00:00,165.87,,19.0,77.0,,
805,2024-08-17 18:30:00,164.7,,18.5,80.5,,
806,2024-08-17 19:00:00,179.63,,18.0,84.0,,
807,2024-08-17 19:30:00,185.8,,17.65,86.5,,
808,2024-08-17 20:00:00,170.6,,17.3,89.0,,
809,2024-08-17 20:30:00,166.27,,16.950000000000003,91.0,,
810,2024-08-17 21:00:00,187.1,,16.6,93.0,,
811,2024-08-17 21:30:00,179.8,,16.4,94.5,,
812,2024-08-17 22:00:00,160.6,,16.2,96.0,,
813,2024-08-17 22:30:00,189.0,,15.85,95.5,,
814,2024-08-17 23:00:00,186.9,,15.5,95.0,,
815,2024-08-17 23:30:00,157.83,,15.5,95.0,,
816,2024-08-18 00:00:00,176.07,,15.5,95.0,,
817,2024-08-18 00:30:00,193.1,,15.15,96.0,,
818,2024-08-18 01:00:00,183.97,,14.8,97.0,,
819,2024-08-18 01:30:00,159.7,,15.05,95.5,,
820,2024-08-18 02:00:00,189.2,,15.3,94.0,,
821,2024-08-18 02:30:00,192.38,,15.4,93.0,,
822,2024-08-18 03:00:00,165.43,,15.5,92.0,,
823,2024-08-18 03:30:00,173.03,,15.05,94.0,,
824,2024-08-18 04:00:00,240.81,,14.6,96.0,,
825,2024-08-18 04:30:00,816.14,,14.75,95.5,,
826,2024-08-18 05:00:00,515.37,,14.9,95.0,,
827,2024-08-18 05:30:00,201.9,,15.25,94.5,,
828,2024-08-18 06:00:00,1070.83,,15.6,94.0,,
829,2024-08-18 06:30:00,246.17,,15.75,94.0,,
830,2024-08-18 07:00:00,167.2,,15.9,94.0,,
831,2024-08-18 07:30:00,197.03,,15.8,94.5,,
832,2024-08-18 08:00:00,424.13,,15.7,95.0,,
833,2024-08-18 08:30:00,720.29,,16.299999999999997,94.0,,
834,2024-08-18 09:00:00,471.59,,16.9,93.0,,
835,2024-08-18 09:30:00,174.43,,17.1,92.5,,
836,2024-08-18 10:00:00,311.83,,17.3,92.0,,
837,2024-08-18 10:30:00,149.63,,16.5,94.5,,
838,2024-08-18 11:00:00,176.77,,15.7,97.0,,
839,2024-08-18 11:30:00,171.5,,15.5,97.5,,
840,2024-08-18 12:00:00,170.81,,15.3,98.0,,
841,2024-08-18 12:30:00,182.14,,15.65,94.5,,
842,2024-08-18 13:00:00,196.97,,16.0,91.0,,
843,2024-08-18 13:30:00,947.77,,16.7,91.0,,
844,2024-08-18 14:00:00,443.4,,17.4,91.0,,
845,2024-08-18 14:30:00,208.93,,17.549999999999997,89.0,,
846,2024-08-18 15:00:00,171.17,,17.7,87.0,,
847,2024-08-18 15:30:00,143.4,,17.799999999999997,84.5,,
848,2024-08-18 16:00:00,160.3,,17.9,82.0,,
849,2024-08-18 16:30:00,173.17,,17.45,83.0,,
850,2024-08-18 17:00:00,164.57,,17.0,84.0,,
851,2024-08-18 17:30:00,189.97,,16.4,86.5,,
852,2024-08-18 18:00:00,208.53,,15.8,89.0,,
853,2024-08-18 18:30:00,196.73,,15.35,92.0,,
854,2024-08-18 19:00:00,165.17,,14.9,95.0,,
855,2024-08-18 19:30:00,183.7,,15.4,91.0,,
856,2024-08-18 20:00:00,179.2,,15.9,87.0,,
857,2024-08-18 20:30:00,134.9,,15.45,88.0,,
858,2024-08-18 21:00:00,143.97,,15.0,89.0,,
859,2024-08-18 21:30:00,141.27,,14.75,89.0,,
860,2024-08-18 22:00:00,107.97,,14.5,89.0,,
861,2024-08-18 22:30:00,141.2,,14.55,88.0,,
862,2024-08-18 23:00:00,142.3,,14.6,87.0,,
863,2024-08-18 23:30:00,108.77,,14.6,87.5,,
864,2024-08-19 00:00:00,132.47,,14.6,88.0,,
865,2024-08-19 00:30:00,140.0,,14.1,90.0,,
866,2024-08-19 01:00:00,110.53,,13.6,92.0,,
867,2024-08-19 01:30:00,213.57,,13.65,92.0,,
868,2024-08-19 02:00:00,138.6,,13.7,92.0,,
869,2024-08-19 02:30:00,134.17,,13.35,93.0,,
870,2024-08-19 03:00:00,106.33,,13.0,94.0,,
871,2024-08-19 03:30:00,135.77,,13.0,94.5,,
872,2024-08-19 04:00:00,138.43,,13.0,95.0,,
873,2024-08-19 04:30:00,111.93,,13.2,95.5,,
874,2024-08-19 05:00:00,128.7,,13.4,96.0,,
875,2024-08-19 05:30:00,181.53,,14.15,94.0,,
876,2024-08-19 06:00:00,179.77,,14.9,92.0,,
877,2024-08-19 06:30:00,177.33,,15.4,90.0,,
878,2024-08-19 07:00:00,162.17,,15.9,88.0,,
879,2024-08-19 07:30:00,135.7,,16.95,82.5,,
880,2024-08-19 08:00:00,128.0,,18.0,77.0,,
881,2024-08-19 08:30:00,169.4,,18.45,74.0,,
882,2024-08-19 09:00:00,196.37,,18.9,71.0,,
883,2024-08-19 09:30:00,167.43,,19.2,69.0,,
884,2024-08-19 10:00:00,754.4,,19.5,67.0,,
885,2024-08-19 10:30:00,206.73,,20.0,67.0,,
886,2024-08-19 11:00:00,164.0,,20.5,67.0,,
887,2024-08-19 11:30:00,117.29,,20.65,65.5,,
888,2024-08-19 12:00:00,136.63,,20.8,64.0,,
889,2024-08-19 12:30:00,137.97,,20.700000000000003,61.5,,
890,2024-08-19 13:00:00,105.1,,20.6,59.0,,
891,2024-08-19 13:30:00,134.9,,19.6,65.5,,
892,2024-08-19 14:00:00,139.87,,18.6,72.0,,
893,2024-08-19 14:30:00,124.13,,18.4,76.0,,
894,2024-08-19 15:00:00,135.4,,18.2,80.0,,
895,2024-08-19 15:30:00,213.97,,17.2,83.0,,
896,2024-08-19 16:00:00,203.07,,16.2,86.0,,
897,2024-08-19 16:30:00,189.33,,16.1,87.0,,
898,2024-08-19 17:00:00,1172.53,,16.0,88.0,,
899,2024-08-19 17:30:00,203.6,,15.75,90.0,,
900,2024-08-19 18:00:00,176.1,,15.5,92.0,,
901,2024-08-19 18:30:00,209.43,,15.3,93.5,,
902,2024-08-19 19:00:00,171.0,,15.1,95.0,,
903,2024-08-19 19:30:00,115.37,,15.1,95.0,,
904,2024-08-19 20:00:00,145.0,,15.1,95.0,,
905,2024-08-19 20:30:00,146.03,,15.25,95.0,,
906,2024-08-19 21:00:00,106.13,,15.4,95.0,,
907,2024-08-19 21:30:00,135.37,,15.4,95.5,,
908,2024-08-19 22:00:00,140.73,,15.4,96.0,,
909,2024-08-19 22:30:00,114.83,,15.3,96.0,,
910,2024-08-19 23:00:00,127.9,,15.2,96.0,,
911,2024-08-19 23:30:00,140.73,,15.0,96.0,,
912,2024-08-20 00:00:00,116.58,,14.8,96.0,,
913,2024-08-20 00:30:00,124.0,,14.7,95.5,,
914,2024-08-20 01:00:00,139.47,,14.6,95.0,,
915,2024-08-20 01:30:00,114.97,,14.75,95.5,,
916,2024-08-20 02:00:00,123.77,,14.9,96.0,,
917,2024-08-20 02:30:00,225.4,,14.7,96.0,,
918,2024-08-20 03:00:00,443.03,,14.5,96.0,,
919,2024-08-20 03:30:00,281.66,,14.5,95.0,,
920,2024-08-20 04:00:00,139.97,,14.5,94.0,,
921,2024-08-20 04:30:00,176.37,,14.7,93.5,,
922,2024-08-20 05:00:00,759.03,,14.9,93.0,,
923,2024-08-20 05:30:00,234.53,,15.35,92.5,,
924,2024-08-20 06:00:00,123.47,,15.8,92.0,,
925,2024-08-20 06:30:00,128.27,,16.8,88.5,,
926,2024-08-20 07:00:00,137.77,,17.8,85.0,,
927,2024-08-20 07:30:00,124.07,,18.35,82.0,,
928,2024-08-20 08:00:00,142.4,,18.9,79.0,,
929,2024-08-20 08:30:00,435.5,,19.05,78.0,,
930,2024-08-20 09:00:00,354.71,,19.2,77.0,,
931,2024-08-20 09:30:00,153.97,,19.8,73.5,,
932,2024-08-20 10:00:00,158.3,,20.4,70.0,,
933,2024-08-20 10:30:00,168.17,,21.0,66.5,,
934,2024-08-20 11:00:00,158.07,,21.6,63.0,,
935,2024-08-20 11:30:00,171.03,,21.85,62.0,,
936,2024-08-20 12:00:00,165.97,,22.1,61.0,,
937,2024-08-20 12:30:00,857.77,,22.25,60.0,,
938,2024-08-20 13:00:00,561.26,,22.4,59.0,,
939,2024-08-20 13:30:00,121.45,,22.55,58.5,,
940,2024-08-20 14:00:00,138.57,,22.7,58.0,,
941,2024-08-20 14:30:00,143.37,,22.55,60.0,,
942,2024-08-20 15:00:00,141.53,,22.4,62.0,,
943,2024-08-20 15:30:00,167.9,,22.2,63.0,,
944,2024-08-20 16:00:00,163.83,,22.0,64.0,,
945,2024-08-20 16:30:00,133.8,,21.55,65.0,,
946,2024-08-20 17:00:00,357.57,,21.1,66.0,,
947,2024-08-20 17:30:00,171.07,,20.35,72.0,,
948,2024-08-20 18:00:00,139.0,,19.6,78.0,,
949,2024-08-20 18:30:00,175.43,,18.85,80.0,,
950,2024-08-20 19:00:00,180.9,,18.1,82.0,,
951,2024-08-20 19:30:00,152.97,,17.6,84.5,,
952,2024-08-20 20:00:00,171.97,,17.1,87.0,,
953,2024-08-20 20:30:00,181.0,,16.700000000000003,88.0,,
954,2024-08-20 21:00:00,119.2,,16.3,89.0,,
955,2024-08-20 21:30:00,128.5,,16.05,89.0,,
956,2024-08-20 22:00:00,138.07,,15.8,89.0,,
957,2024-08-20 22:30:00,113.83,,15.55,89.0,,
958,2024-08-20 23:00:00,126.17,,15.3,89.0,,
959,2024-08-20 23:30:00,140.13,,15.15,89.0,,
960,2024-08-21 00:00:00,240.1,,15.0,89.0,,
961,2024-08-21 00:30:00,114.8,,15.05,88.0,,
962,2024-08-21 01:00:00,137.77,,15.1,87.0,,
963,2024-08-21 01:30:00,134.37,,15.1,86.0,,
964,2024-08-21 02:00:00,102.4,,15.1,85.0,,
965,2024-08-21 02:30:00,138.17,,14.95,84.0,,
966,2024-08-21 03:00:00,146.77,,14.8,83.0,,
967,2024-08-21 03:30:00,109.7,,14.65,83.0,,
968,2024-08-21 04:00:00,150.23,,14.5,83.0,,
969,2024-08-21 04:30:00,161.67,,14.6,83.0,,
970,2024-08-21 05:00:00,188.67,,14.7,83.0,,
971,2024-08-21 05:30:00,140.43,,16.2,79.0,,
972,2024-08-21 06:00:00,145.63,,17.7,75.0,,
973,2024-08-21 06:30:00,125.83,,19.05,71.5,,
974,2024-08-21 07:00:00,114.27,,20.4,68.0,,
975,2024-08-21 07:30:00,137.07,,21.2,64.0,,
976,2024-08-21 08:00:00,135.77,,22.0,60.0,,
977,2024-08-21 08:30:00,102.57,,22.65,58.5,,
978,2024-08-21 09:00:00,144.63,,23.3,57.0,,
979,2024-08-21 09:30:00,160.6,,23.75,53.5,,
980,2024-08-21 10:00:00,158.57,,24.2,50.0,,
981,2024-08-21 10:30:00,526.47,,24.6,48.5,,
982,2024-08-21 11:00:00,825.81,,25.0,47.0,,
983,2024-08-21 11:30:00,169.43,,25.05,47.0,,
984,2024-08-21 12:00:00,151.41,,25.1,47.0,,
985,2024-08-21 12:30:00,137.33,,24.85,48.0,,
986,2024-08-21 13:00:00,172.53,,24.6,49.0,,
987,2024-08-21 13:30:00,170.27,,24.6,50.0,,
988,2024-08-21 14:00:00,169.2,,24.6,51.0,,
989,2024-08-21 14:30:00,148.07,,24.25,54.5,,
990,2024-08-21 15:00:00,162.27,,23.9,58.0,,
991,2024-08-21 15:30:00,172.57,,23.65,60.5,,
992,2024-08-21 16:00:00,162.8,,23.4,63.0,,
993,2024-08-21 16:30:00,273.2,,23.05,65.5,,
994,2024-08-21 17:00:00,162.23,,22.7,68.0,,
995,2024-08-21 17:30:00,167.87,,21.55,76.5,,
996,2024-08-21 18:00:00,161.9,,20.4,85.0,,
997,2024-08-21 18:30:00,154.9,,20.65,83.5,,
998,2024-08-21 19:00:00,173.93,,20.9,82.0,,
999,2024-08-21 19:30:00,175.53,,20.65,82.5,,
1000,2024-08-21 20:00:00,183.19,,20.4,83.0,,
1001,2024-08-21 20:30:00,167.52,,19.8,83.5,,
1002,2024-08-21 21:00:00,195.84,,19.2,84.0,,
1003,2024-08-21 21:30:00,197.55,,18.9,84.0,,
1004,2024-08-21 22:00:00,174.77,,18.6,84.0,,
1005,2024-08-21 22:30:00,163.53,,18.5,85.0,,
1006,2024-08-21 23:00:00,188.53,,18.4,86.0,,
1007,2024-08-21 23:30:00,193.37,,17.5,87.5,,
1008,2024-08-22 00:00:00,157.5,,16.6,89.0,,
1009,2024-08-22 00:30:00,177.27,,16.4,89.0,,
1010,2024-08-22 01:00:00,186.43,,16.2,89.0,,
1011,2024-08-22 01:30:00,172.6,,16.1,88.5,,
1012,2024-08-22 02:00:00,161.27,,16.0,88.0,,
1013,2024-08-22 02:30:00,259.77,,16.1,87.0,,
1014,2024-08-22 03:00:00,195.87,,16.2,86.0,,
1015,2024-08-22 03:30:00,164.63,,16.15,84.0,,
1016,2024-08-22 04:00:00,190.9,,16.1,82.0,,
1017,2024-08-22 04:30:00,191.3,,16.0,82.5,,
1018,2024-08-22 05:00:00,165.1,,15.9,83.0,,
1019,2024-08-22 05:30:00,185.07,,17.05,80.0,,
1020,2024-08-22 06:00:00,395.6,,18.2,77.0,,
1021,2024-08-22 06:30:00,197.67,,19.25,73.5,,
1022,2024-08-22 07:00:00,154.8,,20.3,70.0,,
1023,2024-08-22 07:30:00,187.43,,20.9,68.0,,
1024,2024-08-22 08:00:00,216.63,,21.5,66.0,,
1025,2024-08-22 08:30:00,176.57,,22.45,62.0,,
1026,2024-08-22 09:00:00,170.6,,23.4,58.0,,
1027,2024-08-22 09:30:00,197.87,,23.7,55.5,,
1028,2024-08-22 10:00:00,549.13,,24.0,53.0,,
1029,2024-08-22 10:30:00,232.13,,24.2,52.0,,
1030,2024-08-22 11:00:00,218.93,,24.4,51.0,,
1031,2024-08-22 11:30:00,221.17,,23.8,56.5,,
1032,2024-08-22 12:00:00,202.9,,23.2,62.0,,
1033,2024-08-22 12:30:00,778.47,,23.3,63.0,,
1034,2024-08-22 13:00:00,595.84,,23.4,64.0,,
1035,2024-08-22 13:30:00,172.62,,23.15,64.0,,
1036,2024-08-22 14:00:00,141.67,,22.9,64.0,,
1037,2024-08-22 14:30:00,185.77,,23.15,62.5,,
1038,2024-08-22 15:00:00,171.17,,23.4,61.0,,
1039,2024-08-22 15:30:00,153.87,,23.15,63.5,,
1040,2024-08-22 16:00:00,149.83,,22.9,66.0,,
1041,2024-08-22 16:30:00,172.27,,22.45,68.5,,
1042,2024-08-22 17:00:00,177.17,,22.0,71.0,,
1043,2024-08-22 17:30:00,277.8,,21.2,76.0,,
1044,2024-08-22 18:00:00,239.6,,20.4,81.0,,
1045,2024-08-22 18:30:00,207.27,,20.5,74.5,,
1046,2024-08-22 19:00:00,187.93,,20.6,68.0,,
1047,2024-08-22 19:30:00,242.83,,20.4,68.0,,
1048,2024-08-22 20:00:00,249.53,,20.2,68.0,,
1049,2024-08-22 20:30:00,148.0,,20.05,67.5,,
1050,2024-08-22 21:00:00,118.13,,19.9,67.0,,
1051,2024-08-22 21:30:00,149.0,,19.9,66.0,,
1052,2024-08-22 22:00:00,188.47,,19.9,65.0,,
1053,2024-08-22 22:30:00,160.72,,19.9,64.5,,
1054,2024-08-22 23:00:00,183.63,,19.9,64.0,,
1055,2024-08-22 23:30:00,188.17,,19.75,64.5,,
1056,2024-08-23 00:00:00,163.81,,19.6,65.0,,
1057,2024-08-23 00:30:00,171.14,,19.55,65.5,,
1058,2024-08-23 01:00:00,186.27,,19.5,66.0,,
1059,2024-08-23 01:30:00,166.7,,19.45,65.5,,
1060,2024-08-23 02:00:00,166.13,,19.4,65.0,,
1061,2024-08-23 02:30:00,186.63,,19.35,64.5,,
1062,2024-08-23 03:00:00,172.2,,19.3,64.0,,
1063,2024-08-23 03:30:00,239.27,,19.15,64.0,,
1064,2024-08-23 04:00:00,146.67,,19.0,64.0,,
1065,2024-08-23 04:30:00,147.03,,18.95,63.0,,
1066,2024-08-23 05:00:00,114.9,,18.9,62.0,,
1067,2024-08-23 05:30:00,149.1,,18.75,68.0,,
1068,2024-08-23 06:00:00,1194.7,,18.6,74.0,,
1069,2024-08-23 06:30:00,120.67,,19.6,67.5,,
1070,2024-08-23 07:00:00,116.6,,20.6,61.0,,
1071,2024-08-23 07:30:00,137.43,,21.15,61.5,,
1072,2024-08-23 08:00:00,127.17,,21.7,62.0,,
1073,2024-08-23 08:30:00,109.33,,22.2,60.5,,
1074,2024-08-23 09:00:00,139.27,,22.7,59.0,,
1075,2024-08-23 09:30:00,137.77,,23.1,57.0,,
1076,2024-08-23 10:00:00,152.33,,23.5,55.0,,
1077,2024-08-23 10:30:00,165.63,,23.85,54.5,,
1078,2024-08-23 11:00:00,180.67,,24.2,54.0,,
1079,2024-08-23 11:30:00,166.37,,24.15,55.0,,
1080,2024-08-23 12:00:00,141.1,,24.1,56.0,,
1081,2024-08-23 12:30:00,167.0,,24.0,57.0,,
1082,2024-08-23 13:00:00,168.0,,23.9,58.0,,
1083,2024-08-23 13:30:00,144.03,,23.9,59.0,,
1084,2024-08-23 14:00:00,142.57,,23.9,60.0,,
1085,2024-08-23 14:30:00,162.73,,23.8,61.0,,
1086,2024-08-23 15:00:00,155.67,,23.7,62.0,,
1087,2024-08-23 15:30:00,140.3,,23.35,63.0,,
1088,2024-08-23 16:00:00,170.6,,23.0,64.0,,
1089,2024-08-23 16:30:00,175.2,,22.45,66.5,,
1090,2024-08-23 17:00:00,149.07,,21.9,69.0,,
1091,2024-08-23 17:30:00,160.7,,20.85,75.0,,
1092,2024-08-23 18:00:00,171.13,,19.8,81.0,,
1093,2024-08-23 18:30:00,169.63,,18.950000000000003,85.0,,
1094,2024-08-23 19:00:00,160.06,,18.1,89.0,,
1095,2024-08-23 19:30:00,184.0,,17.8,88.5,,
1096,2024-08-23 20:00:00,180.47,,17.5,88.0,,
1097,2024-08-23 20:30:00,166.77,,17.8,81.5,,
1098,2024-08-23 21:00:00,193.5,,18.1,75.0,,
1099,2024-08-23 21:30:00,189.67,,18.1,73.0,,
1100,2024-08-23 22:00:00,142.43,,18.1,71.0,,
1101,2024-08-23 22:30:00,138.9,,17.450000000000003,72.0,,
1102,2024-08-23 23:00:00,137.0,,16.8,73.0,,
1103,2024-08-23 23:30:00,103.6,,16.8,72.0,,
1104,2024-08-24 00:00:00,137.33,,16.8,71.0,,
1105,2024-08-24 00:30:00,139.63,,17.15,68.5,,
1106,2024-08-24 01:00:00,108.8,,17.5,66.0,,
1107,2024-08-24 01:30:00,130.93,,18.1,58.0,,
1108,2024-08-24 02:00:00,138.0,,18.7,50.0,,
1109,2024-08-24 02:30:00,114.0,,18.8,48.0,,
1110,2024-08-24 03:00:00,123.77,,18.9,46.0,,
1111,2024-08-24 03:30:00,203.47,,18.35,47.0,,
1112,2024-08-24 04:00:00,184.43,,17.8,48.0,,
1113,2024-08-24 04:30:00,170.3,,18.35,45.0,,
1114,2024-08-24 05:00:00,197.9,,18.9,42.0,,
1115,2024-08-24 05:30:00,175.57,,18.7,48.5,,
1116,2024-08-24 06:00:00,115.8,,18.5,55.0,,
1117,2024-08-24 06:30:00,147.1,,19.3,53.0,,
1118,2024-08-24 07:00:00,144.0,,20.1,51.0,,
1119,2024-08-24 07:30:00,111.47,,20.5,51.0,,
1120,2024-08-24 08:00:00,162.37,,20.9,51.0,,
1121,2024-08-24 08:30:00,164.2,,21.35,50.0,,
1122,2024-08-24 09:00:00,114.57,,21.8,49.0,,
1123,2024-08-24 09:30:00,281.7,,22.3,48.5,,
1124,2024-08-24 10:00:00,190.27,,22.8,48.0,,
1125,2024-08-24 10:30:00,154.43,,23.200000000000003,47.5,,
1126,2024-08-24 11:00:00,782.9,,23.6,47.0,,
1127,2024-08-24 11:30:00,988.63,,24.1,46.5,,
1128,2024-08-24 12:00:00,430.2,,24.6,46.0,,
1129,2024-08-24 12:30:00,116.03,,24.700000000000003,47.5,,
1130,2024-08-24 13:00:00,146.53,,24.8,49.0,,
1131,2024-08-24 13:30:00,146.03,,24.75,50.0,,
1132,2024-08-24 14:00:00,176.57,,24.7,51.0,,
1133,2024-08-24 14:30:00,163.37,,24.4,52.5,,
1134,2024-08-24 15:00:00,170.07,,24.1,54.0,,
1135,2024-08-24 15:30:00,142.7,,23.55,56.5,,
1136,2024-08-24 16:00:00,159.6,,23.0,59.0,,
1137,2024-08-24 16:30:00,169.87,,22.25,62.0,,
1138,2024-08-24 17:00:00,549.4,,21.5,65.0,,
1139,2024-08-24 17:30:00,193.8,,20.45,71.5,,
1140,2024-08-24 18:00:00,208.77,,19.4,78.0,,
1141,2024-08-24 18:30:00,194.53,,18.8,80.0,,
1142,2024-08-24 19:00:00,180.87,,18.2,82.0,,
1143,2024-08-24 19:30:00,208.1,,18.35,80.0,,
1144,2024-08-24 20:00:00,201.5,,18.5,78.0,,
1145,2024-08-24 20:30:00,162.47,,18.6,74.0,,
1146,2024-08-24 21:00:00,170.8,,18.7,70.0,,
1147,2024-08-24 21:30:00,148.87,,18.75,68.0,,
1148,2024-08-24 22:00:00,114.73,,18.8,66.0,,
1149,2024-08-24 22:30:00,132.17,,18.85,62.5,,
1150,2024-08-24 23:00:00,139.97,,18.9,59.0,,
1151,2024-08-24 23:30:00,115.8,,18.9,56.5,,
1152,2024-08-25 00:00:00,123.63,,18.9,54.0,,
1153,2024-08-25 00:30:00,141.27,,18.85,52.5,,
1154,2024-08-25 01:00:00,123.43,,18.8,51.0,,
1155,2024-08-25 01:30:00,115.73,,18.05,52.5,,
1156,2024-08-25 02:00:00,138.93,,17.3,54.0,,
1157,2024-08-25 02:30:00,207.77,,16.1,56.5,,
1158,2024-08-25 03:00:00,107.16,,14.9,59.0,,
1159,2024-08-25 03:30:00,133.37,,15.15,58.0,,
1160,2024-08-25 04:00:00,138.63,,15.4,57.0,,
1161,2024-08-25 04:30:00,114.47,,15.15,58.5,,
1162,2024-08-25 05:00:00,143.57,,14.9,60.0,,
1163,2024-08-25 05:30:00,196.07,,16.15,60.5,,
1164,2024-08-25 06:00:00,179.3,,17.4,61.0,,
1165,2024-08-25 06:30:00,199.9,,18.5,55.0,,
1166,2024-08-25 07:00:00,433.0,,19.6,49.0,,
1167,2024-08-25 07:30:00,907.5,,20.200000000000003,47.5,,
1168,2024-08-25 08:00:00,128.83,,20.8,46.0,,
1169,2024-08-25 08:30:00,126.29,,21.4,45.5,,
1170,2024-08-25 09:00:00,149.03,,22.0,45.0,,
1171,2024-08-25 09:30:00,147.23,,22.55,44.5,,
1172,2024-08-25 10:00:00,595.13,,23.1,44.0,,
1173,2024-08-25 10:30:00,393.67,,23.450000000000003,45.5,,
1174,2024-08-25 11:00:00,561.66,,23.8,47.0,,
1175,2024-08-25 11:30:00,935.8,,23.950000000000003,50.0,,
1176,2024-08-25 12:00:00,590.23,,24.1,53.0,,
1177,2024-08-25 12:30:00,171.3,,24.1,56.0,,
1178,2024-08-25 13:00:00,167.83,,24.1,59.0,,
1179,2024-08-25 13:30:00,138.9,,24.0,60.5,,
1180,2024-08-25 14:00:00,168.8,,23.9,62.0,,
1181,2024-08-25 14:30:00,171.27,,23.55,63.0,,
1182,2024-08-25 15:00:00,146.0,,23.2,64.0,,
1183,2024-08-25 15:30:00,158.53,,22.85,65.0,,
1184,2024-08-25 16:00:00,171.23,,22.5,66.0,,
1185,2024-08-25 16:30:00,153.03,,21.9,67.0,,
1186,2024-08-25 17:00:00,318.61,,21.3,68.0,,
1187,2024-08-25 17:30:00,179.07,,20.35,75.5,,
1188,2024-08-25 18:00:00,183.13,,19.4,83.0,,
1189,2024-08-25 18:30:00,158.07,,18.9,83.5,,
1190,2024-08-25 19:00:00,183.3,,18.4,84.0,,
1191,2024-08-25 19:30:00,188.97,,18.5,81.5,,
1192,2024-08-25 20:00:00,170.37,,18.6,79.0,,
1193,2024-08-25 20:30:00,158.43,,18.1,80.5,,
1194,2024-08-25 21:00:00,150.47,,17.6,82.0,,
1195,2024-08-25 21:30:00,119.56,,17.450000000000003,81.0,,
1196,2024-08-25 22:00:00,121.13,,17.3,80.0,,
1197,2024-08-25 22:30:00,139.4,,17.25,78.5,,
1198,2024-08-25 23:00:00,126.19,,17.2,77.0,,
1199,2024-08-25 23:30:00,115.97,,17.35,75.0,,
1200,2024-08-26 00:00:00,139.1,,17.5,73.0,,
1201,2024-08-26 00:30:00,127.4,,17.2,73.5,,
1202,2024-08-26 01:00:00,111.65,,16.9,74.0,,
1203,2024-08-26 01:30:00,219.17,,16.9,72.5,,
1204,2024-08-26 02:00:00,191.89,,16.9,71.0,,
1205,2024-08-26 02:30:00,177.2,,16.4,72.5,,
1206,2024-08-26 03:00:00,176.72,,15.9,74.0,,
1207,2024-08-26 03:30:00,188.2,,16.25,70.5,,
1208,2024-08-26 04:00:00,175.6,,16.6,67.0,,
1209,2024-08-26 04:30:00,160.73,,16.1,74.0,,
1210,2024-08-26 05:00:00,194.73,,15.6,81.0,,
1211,2024-08-26 05:30:00,177.07,,15.7,86.5,,
1212,2024-08-26 06:00:00,114.43,,15.8,92.0,,
1213,2024-08-26 06:30:00,143.33,,16.8,87.5,,
1214,2024-08-26 07:00:00,146.4,,17.8,83.0,,
1215,2024-08-26 07:30:00,120.47,,19.3,75.0,,
1216,2024-08-26 08:00:00,136.2,,20.8,67.0,,
1217,2024-08-26 08:30:00,147.87,,21.75,63.5,,
1218,2024-08-26 09:00:00,123.79,,22.7,60.0,,
1219,2024-08-26 09:30:00,133.16,,23.1,59.0,,
1220,2024-08-26 10:00:00,650.07,,23.5,58.0,,
1221,2024-08-26 10:30:00,248.1,,23.75,56.5,,
1222,2024-08-26 11:00:00,160.5,,24.0,55.0,,
1223,2024-08-26 11:30:00,171.77,,24.1,55.0,,
1224,2024-08-26 12:00:00,155.4,,24.2,55.0,,
1225,2024-08-26 12:30:00,119.67,,23.9,57.0,,
1226,2024-08-26 13:00:00,139.97,,23.6,59.0,,
1227,2024-08-26 13:30:00,127.97,,23.5,60.0,,
1228,2024-08-26 14:00:00,110.7,,23.4,61.0,,
1229,2024-08-26 14:30:00,145.2,,23.1,62.0,,
1230,2024-08-26 15:00:00,143.4,,22.8,63.0,,
1231,2024-08-26 15:30:00,314.1,,22.6,65.0,,
1232,2024-08-26 16:00:00,1434.83,,22.4,67.0,,
1233,2024-08-26 16:30:00,739.37,,21.7,69.5,,
1234,2024-08-26 17:00:00,191.87,,21.0,72.0,,
1235,2024-08-26 17:30:00,184.2,,20.25,76.5,,
1236,2024-08-26 18:00:00,187.7,,19.5,81.0,,
1237,2024-08-26 18:30:00,183.27,,18.85,85.0,,
1238,2024-08-26 19:00:00,155.73,,18.2,89.0,,
1239,2024-08-26 19:30:00,176.3,,17.75,91.0,,
1240,2024-08-26 20:00:00,186.1,,17.3,93.0,,
1241,2024-08-26 20:30:00,135.93,,17.05,93.5,,
1242,2024-08-26 21:00:00,118.6,,16.8,94.0,,
1243,2024-08-26 21:30:00,158.0,,16.55,94.0,,
1244,2024-08-26 22:00:00,193.7,,16.3,94.0,,
1245,2024-08-26 22:30:00,173.4,,16.25,93.5,,
1246,2024-08-26 23:00:00,170.7,,16.2,93.0,,
1247,2024-08-26 23:30:00,191.03,,16.1,92.5,,
1248,2024-08-27 00:00:00,189.1,,16.0,92.0,,
1249,2024-08-27 00:30:00,158.57,,15.85,92.0,,
1250,2024-08-27 01:00:00,180.8,,15.7,92.0,,
1251,2024-08-27 01:30:00,185.77,,15.75,92.0,,
1252,2024-08-27 02:00:00,171.59,,15.8,92.0,,
1253,2024-08-27 02:30:00,165.4,,15.7,92.0,,
1254,2024-08-27 03:00:00,261.3,,15.6,92.0,,
1255,2024-08-27 03:30:00,193.58,,15.5,91.5,,
1256,2024-08-27 04:00:00,162.1,,15.4,91.0,,
1257,2024-08-27 04:30:00,193.2,,15.35,90.5,,
1258,2024-08-27 05:00:00,196.13,,15.3,90.0,,
1259,2024-08-27 05:30:00,172.77,,16.1,86.5,,
1260,2024-08-27 06:00:00,168.07,,16.9,83.0,,
1261,2024-08-27 06:30:00,464.23,,18.0,80.0,,
1262,2024-08-27 07:00:00,191.23,,19.1,77.0,,
1263,2024-08-27 07:30:00,211.43,,20.0,73.0,,
1264,2024-08-27 08:00:00,194.73,,20.9,69.0,,
1265,2024-08-27 08:30:00,197.37,,21.65,65.5,,
1266,2024-08-27 09:00:00,169.47,,22.4,62.0,,
1267,2024-08-27 09:30:00,178.87,,22.7,60.0,,
1268,2024-08-27 10:00:00,197.57,,23.0,58.0,,
1269,2024-08-27 10:30:00,216.6,,23.2,57.0,,
1270,2024-08-27 11:00:00,218.93,,23.4,56.0,,
1271,2024-08-27 11:30:00,180.33,,23.35,55.5,,
1272,2024-08-27 12:00:00,147.47,,23.3,55.0,,
1273,2024-08-27 12:30:00,126.8,,23.3,55.5,,
1274,2024-08-27 13:00:00,125.33,,23.3,56.0,,
1275,2024-08-27 13:30:00,872.2,,23.25,55.5,,
1276,2024-08-27 14:00:00,540.53,,23.2,55.0,,
1277,2024-08-27 14:30:00,142.55,,23.15,55.0,,
1278,2024-08-27 15:00:00,172.03,,23.1,55.0,,
1279,2024-08-27 15:30:00,173.23,,22.8,56.5,,
1280,2024-08-27 16:00:00,141.87,,22.5,58.0,,
1281,2024-08-27 16:30:00,165.23,,22.1,61.0,,
1282,2024-08-27 17:00:00,172.1,,21.7,64.0,,
1283,2024-08-27 17:30:00,155.4,,20.75,69.5,,
1284,2024-08-27 18:00:00,185.07,,19.8,75.0,,
1285,2024-08-27 18:30:00,184.43,,19.416666666666668,76.41666666666667,,
1286,2024-08-27 19:00:00,180.03,,19.03333333333333,77.83333333333333,,
1287,2024-08-27 19:30:00,155.23,,18.65,79.25,,
1288,2024-08-27 20:00:00,189.03,,18.266666666666666,80.66666666666667,,
1289,2024-08-27 20:30:00,211.5,,17.883333333333333,82.08333333333333,,
1290,2024-08-27 21:00:00,166.33,,17.5,83.5,,
1291,2024-08-27 21:30:00,168.0,,17.116666666666667,84.91666666666667,,
1292,2024-08-27 22:00:00,138.16,,16.733333333333334,86.33333333333333,,
1293,2024-08-27 22:30:00,121.1,,16.35,87.75,,
1294,2024-08-27 23:00:00,119.5,,15.966666666666663,89.16666666666667,,
1295,2024-08-27 23:30:00,139.0,,15.583333333333332,90.58333333333331,,
1296,2024-08-28 00:00:00,127.97,,15.2,92.0,,
1297,2024-08-28 00:30:00,120.83,,15.308333333333334,91.58333333333331,,
1298,2024-08-28 01:00:00,144.9,,15.416666666666666,91.16666666666669,,
1299,2024-08-28 01:30:00,141.47,,15.525,90.75,,
1300,2024-08-28 02:00:00,109.07,,15.633333333333333,90.33333333333331,,
1301,2024-08-28 02:30:00,187.8,,15.741666666666667,89.91666666666667,,
1302,2024-08-28 03:00:00,138.87,,15.85,89.5,,
1303,2024-08-28 03:30:00,113.37,,15.958333333333332,89.08333333333333,,
1304,2024-08-28 04:00:00,127.0,,16.066666666666666,88.66666666666667,,
1305,2024-08-28 04:30:00,143.53,,16.175,88.25,,
1306,2024-08-28 05:00:00,129.13,,16.28333333333333,87.83333333333333,,
1307,2024-08-28 05:30:00,128.63,,16.391666666666666,87.41666666666667,,
1308,2024-08-28 06:00:00,147.94,,16.5,87.0,,
1309,2024-08-28 06:30:00,144.03,,17.183333333333334,83.91666666666667,,
1310,2024-08-28 07:00:00,156.37,,17.866666666666667,80.83333333333333,,
1311,2024-08-28 07:30:00,190.83,,18.55,77.75,,
1312,2024-08-28 08:00:00,194.27,,19.23333333333333,74.66666666666667,,
1313,2024-08-28 08:30:00,168.0,,19.916666666666664,71.58333333333333,,
1314,2024-08-28 09:00:00,181.87,,20.6,68.5,,
1315,2024-08-28 09:30:00,501.14,,21.28333333333333,65.41666666666666,,
1316,2024-08-28 10:00:00,210.4,,21.966666666666665,62.33333333333333,,
1317,2024-08-28 10:30:00,192.87,,22.65,59.25,,
1318,2024-08-28 11:00:00,804.63,,23.33333333333333,56.16666666666666,,
1319,2024-08-28 11:30:00,635.6,,24.016666666666666,53.08333333333333,,
1320,2024-08-28 12:00:00,115.7,,24.7,50.0,,
1321,2024-08-28 12:30:00,124.47,,24.316666666666663,52.333333333333336,,
1322,2024-08-28 13:00:00,139.27,,23.933333333333334,54.66666666666666,,
1323,2024-08-28 13:30:00,149.23,,23.55,57.0,,
1324,2024-08-28 14:00:00,148.57,,23.166666666666668,59.333333333333336,,
1325,2024-08-28 14:30:00,173.17,,22.78333333333333,61.66666666666667,,
1326,2024-08-28 15:00:00,170.65,,22.4,64.0,,
1327,2024-08-28 15:30:00,159.62,,22.016666666666666,66.33333333333334,,
1328,2024-08-28 16:00:00,164.5,,21.633333333333333,68.66666666666667,,
1329,2024-08-28 16:30:00,195.33,,21.25,71.0,,
1330,2024-08-28 17:00:00,215.07,,20.866666666666667,73.33333333333334,,
1331,2024-08-28 17:30:00,192.61,,20.48333333333333,75.66666666666667,,
1332,2024-08-28 18:00:00,1188.69,,20.1,78.0,,
1333,2024-08-28 18:30:00,189.07,,19.78333333333333,78.16666666666667,,
1334,2024-08-28 19:00:00,183.2,,19.46666666666667,78.33333333333333,,
1335,2024-08-28 19:30:00,158.58,,19.15,78.5,,
1336,2024-08-28 20:00:00,172.41,,18.833333333333336,78.66666666666667,,
1337,2024-08-28 20:30:00,182.84,,18.51666666666667,78.83333333333333,,
1338,2024-08-28 21:00:00,179.0,,18.200000000000003,79.0,,
1339,2024-08-28 21:30:00,157.7,,17.883333333333333,79.16666666666667,,
1340,2024-08-28 22:00:00,181.48,,17.566666666666666,79.33333333333333,,
1341,2024-08-28 22:30:00,187.45,,17.25,79.5,,
1342,2024-08-28 23:00:00,176.8,,16.933333333333334,79.66666666666667,,
1343,2024-08-28 23:30:00,160.73,,16.616666666666667,79.83333333333333,,
1344,2024-08-29 00:00:00,186.67,,16.3,80.0,,
1345,2024-08-29 00:30:00,189.3,,16.433333333333334,79.58333333333333,,
1346,2024-08-29 01:00:00,163.77,,16.566666666666666,79.16666666666667,,
1347,2024-08-29 01:30:00,172.5,,16.7,78.75,,
1348,2024-08-29 02:00:00,187.63,,16.833333333333332,78.33333333333333,,
1349,2024-08-29 02:30:00,209.8,,16.966666666666665,77.91666666666667,,
1350,2024-08-29 03:00:00,110.43,,17.1,77.5,,
1351,2024-08-29 03:30:00,129.2,,17.233333333333334,77.08333333333333,,
1352,2024-08-29 04:00:00,141.0,,17.366666666666667,76.66666666666667,,
1353,2024-08-29 04:30:00,141.33,,17.5,76.25,,
1354,2024-08-29 05:00:00,141.86,,17.633333333333333,75.83333333333333,,
1355,2024-08-29 05:30:00,141.5,,17.766666666666666,75.41666666666667,,
1356,2024-08-29 06:00:00,651.07,,17.9,75.0,,
1357,2024-08-29 06:30:00,331.0,,18.508333333333333,72.5,,
1358,2024-08-29 07:00:00,127.0,,19.116666666666667,70.0,,
1359,2024-08-29 07:30:00,135.53,,19.725,67.5,,
1360,2024-08-29 08:00:00,147.4,,20.33333333333333,65.0,,
1361,2024-08-29 08:30:00,163.43,,20.941666666666663,62.5,,
1362,2024-08-29 09:00:00,126.7,,21.55,60.0,,
1363,2024-08-29 09:30:00,163.67,,22.15833333333333,57.5,,
1364,2024-08-29 10:00:00,662.23,,22.766666666666666,55.0,,
1365,2024-08-29 10:30:00,165.77,,23.375,52.5,,
1366,2024-08-29 11:00:00,326.87,,23.98333333333333,50.0,,
1367,2024-08-29 11:30:00,1003.13,,24.591666666666665,47.5,,
1368,2024-08-29 12:00:00,170.83,,25.2,45.0,,
1369,2024-08-29 12:30:00,164.63,,24.841666666666665,47.66666666666666,,
1370,2024-08-29 13:00:00,143.7,,24.48333333333333,50.333333333333336,,
1371,2024-08-29 13:30:00,166.87,,24.125,53.0,,
1372,2024-08-29 14:00:00,173.83,,23.766666666666666,55.66666666666666,,
1373,2024-08-29 14:30:00,158.13,,23.40833333333333,58.33333333333333,,
1374,2024-08-29 15:00:00,150.3,,23.05,61.0,,
1375,2024-08-29 15:30:00,171.03,,22.691666666666663,63.66666666666666,,
1376,2024-08-29 16:00:00,168.87,,22.33333333333333,66.33333333333333,,
1377,2024-08-29 16:30:00,457.93,,21.975,69.0,,
1378,2024-08-29 17:00:00,168.97,,21.616666666666667,71.66666666666666,,
1379,2024-08-29 17:30:00,176.43,,21.258333333333333,74.33333333333333,,
1380,2024-08-29 18:00:00,193.27,,20.9,77.0,,
1381,2024-08-29 18:30:00,190.57,,20.83333333333333,76.66666666666667,,
1382,2024-08-29 19:00:00,191.61,,20.766666666666666,76.33333333333333,,
1383,2024-08-29 19:30:00,192.73,,20.7,76.0,,
1384,2024-08-29 20:00:00,165.13,,20.633333333333333,75.66666666666667,,
1385,2024-08-29 20:30:00,187.52,,20.566666666666663,75.33333333333333,,
1386,2024-08-29 21:00:00,229.0,,20.5,75.0,,
1387,2024-08-29 21:30:00,203.5,,20.433333333333334,74.66666666666667,,
1388,2024-08-29 22:00:00,164.17,,20.366666666666667,74.33333333333333,,
1389,2024-08-29 22:30:00,185.93,,20.3,74.0,,
1390,2024-08-29 23:00:00,180.4,,20.23333333333333,73.66666666666667,,
1391,2024-08-29 23:30:00,155.33,,20.166666666666668,73.33333333333333,,
1392,2024-08-30 00:00:00,186.2,,20.1,73.0,,
1393,2024-08-30 00:30:00,186.43,,19.958333333333336,73.5,,
1394,2024-08-30 01:00:00,159.1,,19.816666666666663,74.0,,
1395,2024-08-30 01:30:00,178.1,,19.675,74.5,,
1396,2024-08-30 02:00:00,257.7,,19.53333333333333,75.0,,
1397,2024-08-30 02:30:00,187.87,,19.391666666666666,75.5,,
1398,2024-08-30 03:00:00,165.57,,19.25,76.0,,
1399,2024-08-30 03:30:00,194.4,,19.10833333333333,76.5,,
1400,2024-08-30 04:00:00,195.37,,18.966666666666665,77.0,,
1401,2024-08-30 04:30:00,176.17,,18.825,77.5,,
1402,2024-08-30 05:00:00,177.23,,18.683333333333334,78.0,,
1403,2024-08-30 05:30:00,206.07,,18.541666666666664,78.5,,
1404,2024-08-30 06:00:00,142.1,,18.4,79.0,,
1405,2024-08-30 06:30:00,109.77,,19.091666666666665,75.83333333333333,,
1406,2024-08-30 07:00:00,135.73,,19.78333333333333,72.66666666666667,,
1407,2024-08-30 07:30:00,139.03,,20.475,69.5,,
1408,2024-08-30 08:00:00,119.53,,21.166666666666664,66.33333333333333,,
1409,2024-08-30 08:30:00,139.97,,21.85833333333333,63.16666666666667,,
1410,2024-08-30 09:00:00,226.6,,22.55,60.0,,
1411,2024-08-30 09:30:00,495.17,,23.241666666666667,56.833333333333336,,
1412,2024-08-30 10:00:00,704.7,,23.933333333333334,53.66666666666667,,
1413,2024-08-30 10:30:00,157.8,,24.625,50.5,,
1414,2024-08-30 11:00:00,1287.3,,25.316666666666663,47.333333333333336,,
1415,2024-08-30 11:30:00,618.93,,26.008333333333333,44.16666666666667,,
1416,2024-08-30 12:00:00,126.57,,26.7,41.0,,
1417,2024-08-30 12:30:00,118.9,,26.275,43.333333333333336,,
1418,2024-08-30 13:00:00,143.07,,25.85,45.66666666666666,,
1419,2024-08-30 13:30:00,726.7,,25.425,48.0,,
1420,2024-08-30 14:00:00,487.1,,25.0,50.333333333333336,,
1421,2024-08-30 14:30:00,153.81,,24.575,52.66666666666667,,
1422,2024-08-30 15:00:00,178.9,,24.15,55.0,,
1423,2024-08-30 15:30:00,172.4,,23.725,57.333333333333336,,
1424,2024-08-30 16:00:00,149.42,,23.3,59.66666666666667,,
1425,2024-08-30 16:30:00,166.21,,22.875,62.0,,
1426,2024-08-30 17:00:00,177.4,,22.450000000000003,64.33333333333334,,
1427,2024-08-30 17:30:00,171.27,,22.025,66.66666666666667,,
1428,2024-08-30 18:00:00,149.2,,21.6,69.0,,
1429,2024-08-30 18:30:00,178.6,,21.28333333333333,69.83333333333333,,
1430,2024-08-30 19:00:00,187.0,,20.96666666666667,70.66666666666667,,
1431,2024-08-30 19:30:00,175.4,,20.65,71.5,,
1432,2024-08-30 20:00:00,156.6,,20.333333333333336,72.33333333333333,,
1433,2024-08-30 20:30:00,178.47,,20.01666666666667,73.16666666666667,,
1434,2024-08-30 21:00:00,162.23,,19.700000000000003,74.0,,
1435,2024-08-30 21:30:00,133.03,,19.383333333333333,74.83333333333333,,
1436,2024-08-30 22:00:00,136.03,,19.066666666666663,75.66666666666667,,
1437,2024-08-30 22:30:00,153.13,,18.75,76.5,,
1438,2024-08-30 23:00:00,138.63,,18.433333333333334,77.33333333333333,,
1439,2024-08-30 23:30:00,121.83,,18.116666666666667,78.16666666666667,,
1440,2024-08-31 00:00:00,144.03,,17.8,79.0,,
1441,2024-08-31 00:30:00,150.33,,17.916666666666668,78.41666666666667,,
1442,2024-08-31 01:00:00,115.1,,18.03333333333333,77.83333333333333,,
1443,2024-08-31 01:30:00,143.43,,18.15,77.25,,
1444,2024-08-31 02:00:00,148.4,,18.266666666666666,76.66666666666667,,
1445,2024-08-31 02:30:00,117.0,,18.383333333333333,76.08333333333333,,
1446,2024-08-31 03:00:00,205.67,,18.5,75.5,,
1447,2024-08-31 03:30:00,146.53,,18.616666666666667,74.91666666666667,,
1448,2024-08-31 04:00:00,124.2,,18.73333333333333,74.33333333333333,,
1449,2024-08-31 04:30:00,151.0,,18.85,73.75,,
1450,2024-08-31 05:00:00,160.45,,18.966666666666665,73.16666666666667,,
1451,2024-08-31 05:30:00,131.23,,19.08333333333333,72.58333333333333,,
1452,2024-08-31 06:00:00,131.77,,19.2,72.0,,
1453,2024-08-31 06:30:00,138.4,,19.825,69.33333333333333,,
1454,2024-08-31 07:00:00,138.6,,20.45,66.66666666666667,,
1455,2024-08-31 07:30:00,156.63,,21.075,64.0,,
1456,2024-08-31 08:00:00,153.3,,21.7,61.333333333333336,,
1457,2024-08-31 08:30:00,145.43,,22.325,58.66666666666667,,
1458,2024-08-31 09:00:00,135.27,,22.95,56.0,,
1459,2024-08-31 09:30:00,124.9,,23.575,53.333333333333336,,
1460,2024-08-31 10:00:00,172.27,,24.2,50.66666666666667,,
1461,2024-08-31 10:30:00,764.93,,24.825,48.0,,
1462,2024-08-31 11:00:00,627.17,,25.45,45.333333333333336,,
1463,2024-08-31 11:30:00,153.27,,26.075,42.66666666666667,,
1464,2024-08-31 12:00:00,169.33,,26.7,40.0,,
1465,2024-08-31 12:30:00,139.17,,26.383333333333333,42.25,,
1466,2024-08-31 13:00:00,111.4,,26.066666666666663,44.5,,
1467,2024-08-31 13:30:00,126.93,,25.75,46.75,,
1468,2024-08-31 14:00:00,146.2,,25.433333333333334,49.0,,
1469,2024-08-31 14:30:00,172.83,,25.116666666666667,51.25,,
1470,2024-08-31 15:00:00,151.13,,24.8,53.5,,
1471,2024-08-31 15:30:00,152.13,,24.48333333333333,55.75,,
1472,2024-08-31 16:00:00,170.77,,24.166666666666664,58.0,,
1473,2024-08-31 16:30:00,172.83,,23.85,60.25,,
1474,2024-08-31 17:00:00,182.2,,23.53333333333333,62.5,,
1475,2024-08-31 17:30:00,181.9,,23.216666666666665,64.75,,
1476,2024-08-31 18:00:00,227.27,,22.9,67.0,,
1477,2024-08-31 18:30:00,236.6,,22.491666666666667,67.5,,
1478,2024-08-31 19:00:00,203.03,,22.08333333333333,68.0,,
1479,2024-08-31 19:30:00,196.7,,21.675,68.5,,
1480,2024-08-31 20:00:00,206.43,,21.266666666666666,69.0,,
1481,2024-08-31 20:30:00,918.33,,20.85833333333333,69.5,,
1482,2024-08-31 21:00:00,510.73,,20.45,70.0,,
1483,2024-08-31 21:30:00,169.3,,20.041666666666664,70.5,,
1484,2024-08-31 22:00:00,153.1,,19.633333333333333,71.0,,
1485,2024-08-31 22:30:00,137.83,,19.225,71.5,,
1486,2024-08-31 23:00:00,132.42,,18.816666666666663,72.0,,
1487,2024-08-31 23:30:00,112.53,,18.40833333333333,72.5,,
1488,2024-09-01 00:00:00,133.66,,18.0,73.0,,
1489,2024-09-01 00:30:00,173.27,,17.866666666666667,73.66666666666667,,
1490,2024-09-01 01:00:00,177.27,,17.733333333333334,74.33333333333333,,
1491,2024-09-01 01:30:00,151.9,,17.6,75.0,,
1492,2024-09-01 02:00:00,189.27,,17.466666666666665,75.66666666666667,,
1493,2024-09-01 02:30:00,190.07,,17.333333333333332,76.33333333333333,,
1494,2024-09-01 03:00:00,167.83,,17.2,77.0,,
1495,2024-09-01 03:30:00,239.33,,17.066666666666666,77.66666666666667,,
1496,2024-09-01 04:00:00,198.07,,16.933333333333334,78.33333333333333,,
1497,2024-09-01 04:30:00,197.13,,16.799999999999997,79.0,,
1498,2024-09-01 05:00:00,181.33,,16.666666666666664,79.66666666666667,,
1499,2024-09-01 05:30:00,176.53,,16.53333333333333,80.33333333333333,,
1500,2024-09-01 06:00:00,188.27,,16.4,81.0,,
1501,2024-09-01 06:30:00,195.87,,16.825,79.5,,
1502,2024-09-01 07:00:00,178.9,,17.25,78.0,,
1503,2024-09-01 07:30:00,163.37,,17.674999999999997,76.5,,
1504,2024-09-01 08:00:00,201.7,,18.1,75.0,,
1505,2024-09-01 08:30:00,360.2,,18.525,73.5,,
1506,2024-09-01 09:00:00,957.57,,18.95,72.0,,
1507,2024-09-01 09:30:00,1126.33,,19.375,70.5,,
1508,2024-09-01 10:00:00,298.23,,19.8,69.0,,
1509,2024-09-01 10:30:00,222.5,,20.225,67.5,,
1510,2024-09-01 11:00:00,209.3,,20.65,66.0,,
1511,2024-09-01 11:30:00,169.43,,21.075,64.5,,
1512,2024-09-01 12:00:00,192.67,,21.5,63.0,,
1513,2024-09-01 12:30:00,195.26,,21.28333333333333,63.91666666666666,,
1514,2024-09-01 13:00:00,182.77,,21.066666666666663,64.83333333333333,,
1515,2024-09-01 13:30:00,170.63,,20.85,65.75,,
1516,2024-09-01 14:00:00,204.9,,20.633333333333333,66.66666666666667,,
1517,2024-09-01 14:30:00,202.43,,20.416666666666664,67.58333333333333,,
1518,2024-09-01 15:00:00,180.33,,20.2,68.5,,
1519,2024-09-01 15:30:00,208.57,,19.98333333333333,69.41666666666667,,
1520,2024-09-01 16:00:00,228.8,,19.766666666666666,70.33333333333333,,
1521,2024-09-01 16:30:00,220.73,,19.55,71.25,,
1522,2024-09-01 17:00:00,198.03,,19.33333333333333,72.16666666666667,,
1523,2024-09-01 17:30:00,228.67,,19.116666666666667,73.08333333333333,,
1524,2024-09-01 18:00:00,229.33,,18.9,74.0,,
1525,2024-09-01 18:30:00,198.77,,18.53333333333333,75.25,,
1526,2024-09-01 19:00:00,218.73,,18.166666666666664,76.5,,
1527,2024-09-01 19:30:00,228.5,,17.799999999999997,77.75,,
1528,2024-09-01 20:00:00,204.93,,17.433333333333334,79.0,,
1529,2024-09-01 20:30:00,214.27,,17.066666666666666,80.25,,
1530,2024-09-01 21:00:00,241.43,,16.7,81.5,,
1531,2024-09-01 21:30:00,216.33,,16.333333333333332,82.75,,
1532,2024-09-01 22:00:00,216.77,,15.966666666666669,84.0,,
1533,2024-09-01 22:30:00,200.87,,15.6,85.25,,
1534,2024-09-01 23:00:00,175.07,,15.233333333333334,86.5,,
1535,2024-09-01 23:30:00,167.63,,14.866666666666667,87.75,,
1536,2024-09-02 00:00:00,187.47,,14.5,89.0,,
1537,2024-09-02 00:30:00,176.23,,14.583333333333334,86.91666666666667,,
1538,2024-09-02 01:00:00,161.7,,14.666666666666666,84.83333333333333,,
1539,2024-09-02 01:30:00,186.6,,14.75,82.75,,
1540,2024-09-02 02:00:00,178.0,,14.833333333333334,80.66666666666667,,
1541,2024-09-02 02:30:00,156.45,,14.916666666666666,78.58333333333333,,
1542,2024-09-02 03:00:00,186.47,,15.0,76.5,,
1543,2024-09-02 03:30:00,187.97,,15.083333333333334,74.41666666666667,,
1544,2024-09-02 04:00:00,159.1,,15.166666666666666,72.33333333333333,,
1545,2024-09-02 04:30:00,263.14,,15.25,70.25,,
1546,2024-09-02 05:00:00,194.6,,15.333333333333334,68.16666666666666,,
1547,2024-09-02 05:30:00,137.2,,15.416666666666666,66.08333333333333,,
1548,2024-09-02 06:00:00,136.1,,15.5,64.0,,
1549,2024-09-02 06:30:00,150.37,,16.116666666666667,61.75,,
1550,2024-09-02 07:00:00,121.4,,16.733333333333334,59.5,,
1551,2024-09-02 07:30:00,134.9,,17.35,57.25,,
1552,2024-09-02 08:00:00,147.9,,17.966666666666665,55.0,,
1553,2024-09-02 08:30:00,121.9,,18.58333333333333,52.75,,
1554,2024-09-02 09:00:00,133.87,,19.2,50.5,,
1555,2024-09-02 09:30:00,414.67,,19.816666666666663,48.25,,
1556,2024-09-02 10:00:00,404.07,,20.433333333333334,46.0,,
1557,2024-09-02 10:30:00,747.53,,21.05,43.75,,
1558,2024-09-02 11:00:00,654.83,,21.666666666666664,41.5,,
1559,2024-09-02 11:30:00,145.73,,22.28333333333333,39.25,,
1560,2024-09-02 12:00:00,156.93,,22.9,37.0,,
1561,2024-09-02 12:30:00,144.27,,22.5,38.083333333333336,,
1562,2024-09-02 13:00:00,103.53,,22.1,39.16666666666666,,
1563,2024-09-02 13:30:00,143.45,,21.7,40.25,,
1564,2024-09-02 14:00:00,139.0,,21.3,41.333333333333336,,
1565,2024-09-02 14:30:00,120.17,,20.9,42.41666666666666,,
1566,2024-09-02 15:00:00,179.19,,20.5,43.5,,
1567,2024-09-02 15:30:00,166.62,,20.1,44.583333333333336,,
1568,2024-09-02 16:00:00,156.17,,19.7,45.66666666666666,,
1569,2024-09-02 16:30:00,182.17,,19.3,46.75,,
1570,2024-09-02 17:00:00,382.43,,18.9,47.83333333333333,,
1571,2024-09-02 17:30:00,190.0,,18.5,48.91666666666666,,
1572,2024-09-02 18:00:00,216.3,,18.1,50.0,,
1573,2024-09-02 18:30:00,173.83,,17.708333333333336,51.41666666666666,,
1574,2024-09-02 19:00:00,165.5,,17.316666666666666,52.833333333333336,,
1575,2024-09-02 19:30:00,1085.23,,16.925,54.25,,
1576,2024-09-02 20:00:00,279.83,,16.533333333333335,55.66666666666666,,
1577,2024-09-02 20:30:00,171.3,,16.141666666666666,57.083333333333336,,
1578,2024-09-02 21:00:00,194.6,,15.75,58.5,,
1579,2024-09-02 21:30:00,159.33,,15.358333333333334,59.91666666666667,,
1580,2024-09-02 22:00:00,139.8,,14.966666666666669,61.333333333333336,,
1581,2024-09-02 22:30:00,149.3,,14.575,62.75,,
1582,2024-09-02 23:00:00,106.03,,14.183333333333334,64.16666666666667,,
1583,2024-09-02 23:30:00,140.39,,13.791666666666668,65.58333333333333,,
1584,2024-09-03 00:00:00,139.59,,13.4,67.0,,
1585,2024-09-03 00:30:00,106.87,,13.566666666666666,66.33333333333333,,
1586,2024-09-03 01:00:00,143.27,,13.733333333333334,65.66666666666667,,
1587,2024-09-03 01:30:00,133.77,,13.9,65.0,,
1588,2024-09-03 02:00:00,110.93,,14.066666666666666,64.33333333333333,,
1589,2024-09-03 02:30:00,144.0,,14.233333333333334,63.66666666666666,,
1590,2024-09-03 03:00:00,203.4,,14.4,63.0,,
1591,2024-09-03 03:30:00,159.97,,14.566666666666666,62.333333333333336,,
1592,2024-09-03 04:00:00,197.3,,14.733333333333334,61.66666666666666,,
1593,2024-09-03 04:30:00,188.7,,14.9,61.0,,
1594,2024-09-03 05:00:00,167.8,,15.066666666666666,60.333333333333336,,
1595,2024-09-03 05:30:00,188.93,,15.233333333333334,59.66666666666666,,
1596,2024-09-03 06:00:00,129.3,,15.4,59.0,,
1597,2024-09-03 06:30:00,120.83,,16.15,57.0,,
1598,2024-09-03 07:00:00,142.67,,16.9,55.0,,
1599,2024-09-03 07:30:00,145.37,,17.65,53.0,,
1600,2024-09-03 08:00:00,123.3,,18.4,51.0,,
1601,2024-09-03 08:30:00,140.1,,19.15,49.0,,
1602,2024-09-03 09:00:00,147.33,,19.9,47.0,,
1603,2024-09-03 09:30:00,129.83,,20.65,45.0,,
1604,2024-09-03 10:00:00,352.97,,21.4,43.0,,
1605,2024-09-03 10:30:00,176.97,,22.15,41.0,,
1606,2024-09-03 11:00:00,201.27,,22.9,39.0,,
1607,2024-09-03 11:30:00,187.8,,23.65,37.0,,
1608,2024-09-03 12:00:00,209.63,,24.4,35.0,,
1609,2024-09-03 12:30:00,189.2,,24.01363636363636,37.18181818181818,,
1610,2024-09-03 13:00:00,160.67,,23.627272727272725,39.36363636363636,,
1611,2024-09-03 13:30:00,172.17,,23.24090909090909,41.54545454545455,,
1612,2024-09-03 14:00:00,185.37,,22.85454545454545,43.72727272727273,,
1613,2024-09-03 14:30:00,166.27,,22.46818181818182,45.90909090909091,,
1614,2024-09-03 15:00:00,223.23,,22.081818181818186,48.09090909090909,,
1615,2024-09-03 15:30:00,229.0,,21.695454545454545,50.27272727272727,,
1616,2024-09-03 16:00:00,216.6,,21.30909090909091,52.45454545454545,,
1617,2024-09-03 16:30:00,192.67,,20.922727272727272,54.63636363636363,,
1618,2024-09-03 17:00:00,220.0,,20.536363636363635,56.81818181818181,,
1619,2024-09-03 17:30:00,237.93,,20.15,59.0,,
1620,2024-09-03 18:00:00,224.67,,19.76363636363636,61.18181818181818,,
1621,2024-09-03 18:30:00,246.1,,19.377272727272725,63.36363636363636,,
1622,2024-09-03 19:00:00,253.87,,18.99090909090909,65.54545454545455,,
1623,2024-09-03 19:30:00,223.67,,18.604545454545452,67.72727272727272,,
1624,2024-09-03 20:00:00,218.07,,18.21818181818182,69.9090909090909,,
1625,2024-09-03 20:30:00,236.7,,17.831818181818182,72.0909090909091,,
1626,2024-09-03 21:00:00,225.8,,17.445454545454545,74.27272727272727,,
1627,2024-09-03 21:30:00,159.2,,17.05909090909091,76.45454545454545,,
1628,2024-09-03 22:00:00,153.03,,16.672727272727272,78.63636363636363,,
1629,2024-09-03 22:30:00,148.93,,16.28636363636364,80.81818181818181,,
1630,2024-09-03 23:00:00,117.7,,15.9,83.0,,
1631,2024-09-03 23:30:00,151.83,,16.55,79.5,,
1632,2024-09-04 00:00:00,148.83,,17.2,76.0,,
1633,2024-09-04 00:30:00,113.5,,17.799999999999997,73.0,,
1634,2024-09-04 01:00:00,145.07,,18.4,70.0,,
1635,2024-09-04 01:30:00,131.93,,18.75,67.0,,
1636,2024-09-04 02:00:00,106.23,,19.1,64.0,,
1637,2024-09-04 02:30:00,138.3,,19.200000000000003,61.5,,
1638,2024-09-04 03:00:00,128.0,,19.3,59.0,,
1639,2024-09-04 03:30:00,109.17,,18.200000000000003,64.5,,
1640,2024-09-04 04:00:00,218.2,,17.1,70.0,,
1641,2024-09-04 04:30:00,1210.77,,16.3,72.5,,
1642,2024-09-04 05:00:00,126.17,,15.5,75.0,,
1643,2024-09-04 05:30:00,175.13,,16.2,74.0,,
1644,2024-09-04 06:00:00,135.0,,16.9,73.0,,
1645,2024-09-04 06:30:00,113.6,,17.9,69.5,,
1646,2024-09-04 07:00:00,134.0,,18.9,66.0,,
1647,2024-09-04 07:30:00,138.47,,19.7,63.0,,
1648,2024-09-04 08:00:00,116.6,,20.5,60.0,,
1649,2024-09-04 08:30:00,120.03,,21.4,53.5,,
1650,2024-09-04 09:00:00,136.37,,22.3,47.0,,
1651,2024-09-04 09:30:00,159.37,,22.75,45.0,,
1652,2024-09-04 10:00:00,147.53,,23.2,43.0,,
1653,2024-09-04 10:30:00,163.5,,23.1,42.5,,
1654,2024-09-04 11:00:00,149.1,,23.0,42.0,,
1655,2024-09-04 11:30:00,129.37,,22.0,47.5,,
1656,2024-09-04 12:00:00,109.73,,21.0,53.0,,
1657,2024-09-04 12:30:00,136.27,,21.4,54.0,,
1658,2024-09-04 13:00:00,146.93,,21.8,55.0,,
1659,2024-09-04 13:30:00,136.53,,21.3,58.5,,
1660,2024-09-04 14:00:00,137.0,,20.8,62.0,,
1661,2024-09-04 14:30:00,155.4,,21.0,60.5,,
1662,2024-09-04 15:00:00,153.27,,21.2,59.0,,
1663,2024-09-04 15:30:00,164.37,,21.15,58.5,,
1664,2024-09-04 16:00:00,169.8,,21.1,58.0,,
1665,2024-09-04 16:30:00,171.77,,20.35,61.5,,
1666,2024-09-04 17:00:00,274.8,,19.6,65.0,,
1667,2024-09-04 17:30:00,184.7,,18.8,71.5,,
1668,2024-09-04 18:00:00,205.13,,18.0,78.0,,
1669,2024-09-04 18:30:00,203.17,,17.45,83.0,,
1670,2024-09-04 19:00:00,167.03,,16.9,88.0,,
1671,2024-09-04 19:30:00,172.83,,16.75,88.0,,
1672,2024-09-04 20:00:00,182.07,,16.6,88.0,,
1673,2024-09-04 20:30:00,164.52,,16.05,89.0,,
1674,2024-09-04 21:00:00,121.13,,15.5,90.0,,
1675,2024-09-04 21:30:00,148.83,,15.45,90.0,,
1676,2024-09-04 22:00:00,141.73,,15.4,90.0,,
1677,2024-09-04 22:30:00,113.87,,15.65,88.0,,
1678,2024-09-04 23:00:00,146.7,,15.9,86.0,,
1679,2024-09-04 23:30:00,571.37,,16.8,81.0,,
1680,2024-09-05 00:00:00,814.27,,17.7,76.0,,
1681,2024-09-05 00:30:00,133.47,,17.15,77.5,,
1682,2024-09-05 01:00:00,137.67,,16.6,79.0,,
1683,2024-09-05 01:30:00,111.47,,15.7,84.0,,
1684,2024-09-05 02:00:00,133.73,,14.8,89.0,,
1685,2024-09-05 02:30:00,151.07,,14.3,91.0,,
1686,2024-09-05 03:00:00,143.43,,13.8,93.0,,
1687,2024-09-05 03:30:00,119.7,,13.75,93.0,,
1688,2024-09-05 04:00:00,144.17,,13.7,93.0,,
1689,2024-09-05 04:30:00,138.1,,14.15,91.0,,
1690,2024-09-05 05:00:00,106.0,,14.6,89.0,,
1691,2024-09-05 05:30:00,131.57,,14.75,89.5,,
1692,2024-09-05 06:00:00,149.83,,14.9,90.0,,
1693,2024-09-05 06:30:00,128.1,,15.05,90.5,,
1694,2024-09-05 07:00:00,136.9,,15.2,91.0,,
1695,2024-09-05 07:30:00,384.6,,15.5,91.0,,
1696,2024-09-05 08:00:00,298.63,,15.8,91.0,,
1697,2024-09-05 08:30:00,198.7,,15.6,92.5,,
1698,2024-09-05 09:00:00,247.67,,15.4,94.0,,
1699,2024-09-05 09:30:00,304.13,,15.6,91.5,,
1700,2024-09-05 10:00:00,443.17,,15.8,89.0,,
1701,2024-09-05 10:30:00,155.5,,15.25,93.0,,
1702,2024-09-05 11:00:00,162.0,,14.7,97.0,,
1703,2024-09-05 11:30:00,135.57,,14.95,98.0,,
1704,2024-09-05 12:00:00,110.83,,15.2,99.0,,
1705,2024-09-05 12:30:00,140.83,,15.3,99.0,,
1706,2024-09-05 13:00:00,147.2,,15.4,99.0,,
1707,2024-09-05 13:30:00,114.5,,15.0,96.5,,
1708,2024-09-05 14:00:00,147.47,,14.6,94.0,,
1709,2024-09-05 14:30:00,180.3,,15.25,90.0,,
1710,2024-09-05 15:00:00,168.4,,15.9,86.0,,
1711,2024-09-05 15:30:00,193.43,,15.3,86.5,,
1712,2024-09-05 16:00:00,206.47,,14.7,87.0,,
1713,2024-09-05 16:30:00,205.93,,14.2,90.5,,
1714,2024-09-05 17:00:00,426.2,,13.7,94.0,,
1715,2024-09-05 17:30:00,196.87,,13.6,95.0,,
1716,2024-09-05 18:00:00,184.27,,13.5,96.0,,
1717,2024-09-05 18:30:00,169.3,,13.4,96.5,,
1718,2024-09-05 19:00:00,194.87,,13.3,97.0,,
1719,2024-09-05 19:30:00,177.93,,13.65,96.5,,
1720,2024-09-05 20:00:00,206.47,,14.0,96.0,,
1721,2024-09-05 20:30:00,218.83,,14.05,95.5,,
1722,2024-09-05 21:00:00,210.93,,14.1,95.0,,
1723,2024-09-05 21:30:00,195.07,,14.1,94.5,,
1724,2024-09-05 22:00:00,165.83,,14.1,94.0,,
1725,2024-09-05 22:30:00,242.47,,13.6,96.0,,
1726,2024-09-05 23:00:00,183.03,,13.1,98.0,,
1727,2024-09-05 23:30:00,149.97,,12.85,98.0,,
1728,2024-09-06 00:00:00,136.87,,12.6,98.0,,
1729,2024-09-06 00:30:00,144.97,,13.1,97.5,,
1730,2024-09-06 01:00:00,178.73,,13.6,97.0,,
1731,2024-09-06 01:30:00,191.17,,13.7,96.0,,
1732,2024-09-06 02:00:00,159.23,,13.8,95.0,,
1733,2024-09-06 02:30:00,288.47,,13.9,94.0,,
1734,2024-09-06 03:00:00,275.3,,14.0,93.0,,
1735,2024-09-06 03:30:00,211.27,,13.5,94.5,,
1736,2024-09-06 04:00:00,276.27,,13.0,96.0,,
1737,2024-09-06 04:30:00,291.13,,12.6,96.5,,
1738,2024-09-06 05:00:00,234.57,,12.2,97.0,,
1739,2024-09-06 05:30:00,221.38,,13.1,94.5,,
1740,2024-09-06 06:00:00,200.73,,14.0,92.0,,
1741,2024-09-06 06:30:00,200.03,,14.45,90.5,,
1742,2024-09-06 07:00:00,265.63,,14.9,89.0,,
1743,2024-09-06 07:30:00,408.9,,15.6,85.0,,
1744,2024-09-06 08:00:00,190.27,,16.3,81.0,,
1745,2024-09-06 08:30:00,175.3,,16.700000000000003,78.5,,
1746,2024-09-06 09:00:00,157.63,,17.1,76.0,,
1747,2024-09-06 09:30:00,626.87,,17.55,73.0,,
1748,2024-09-06 10:00:00,198.93,,18.0,70.0,,
1749,2024-09-06 10:30:00,453.8,,18.25,68.5,,
1750,2024-09-06 11:00:00,945.5,,18.5,67.0,,
1751,2024-09-06 11:30:00,145.2,,18.4,67.0,,
1752,2024-09-06 12:00:00,156.13,,18.3,67.0,,
1753,2024-09-06 12:30:00,128.97,,18.200000000000003,68.0,,
1754,2024-09-06 13:00:00,110.97,,18.1,69.0,,
1755,2024-09-06 13:30:00,137.83,,18.15,69.0,,
1756,2024-09-06 14:00:00,147.8,,18.2,69.0,,
1757,2024-09-06 14:30:00,142.27,,18.15,69.5,,
1758,2024-09-06 15:00:00,145.83,,18.1,70.0,,
1759,2024-09-06 15:30:00,162.23,,18.1,69.0,,
1760,2024-09-06 16:00:00,155.8,,18.1,68.0,,
1761,2024-09-06 16:30:00,136.73,,17.65,70.5,,
1762,2024-09-06 17:00:00,165.3,,17.2,73.0,,
1763,2024-09-06 17:30:00,196.23,,16.85,73.5,,
1764,2024-09-06 18:00:00,184.77,,16.5,74.0,,
1765,2024-09-06 18:30:00,211.1,,16.4,74.0,,
1766,2024-09-06 19:00:00,229.03,,16.3,74.0,,
1767,2024-09-06 19:30:00,230.4,,15.75,75.0,,
1768,2024-09-06 20:00:00,203.7,,15.2,76.0,,
1769,2024-09-06 20:30:00,223.27,,14.5,78.0,,
1770,2024-09-06 21:00:00,245.67,,13.8,80.0,,
1771,2024-09-06 21:30:00,132.93,,13.7,80.0,,
1772,2024-09-06 22:00:00,142.1,,13.6,80.0,,
1773,2024-09-06 22:30:00,209.7,,13.55,80.0,,
1774,2024-09-06 23:00:00,194.62,,13.5,80.0,,
1775,2024-09-06 23:30:00,184.17,,13.3,81.0,,
1776,2024-09-07 00:00:00,241.2,,13.1,82.0,,
1777,2024-09-07 00:30:00,239.4,,12.9,83.0,,
1778,2024-09-07 01:00:00,174.23,,12.7,84.0,,
1779,2024-09-07 01:30:00,258.27,,12.6,84.5,,
1780,2024-09-07 02:00:00,328.21,,12.5,85.0,,
1781,2024-09-07 02:30:00,263.83,,12.1,86.0,,
1782,2024-09-07 03:00:00,192.03,,11.7,87.0,,
1783,2024-09-07 03:30:00,296.1,,11.75,86.5,,
1784,2024-09-07 04:00:00,252.27,,11.8,86.0,,
1785,2024-09-07 04:30:00,257.73,,11.75,86.0,,
1786,2024-09-07 05:00:00,248.5,,11.7,86.0,,
1787,2024-09-07 05:30:00,1292.03,,12.7,85.0,,
1788,2024-09-07 06:00:00,187.2,,13.7,84.0,,
1789,2024-09-07 06:30:00,244.1,,15.45,79.5,,
1790,2024-09-07 07:00:00,188.33,,17.2,75.0,,
1791,2024-09-07 07:30:00,168.5,,18.1,70.5,,
1792,2024-09-07 08:00:00,156.43,,19.0,66.0,,
1793,2024-09-07 08:30:00,145.83,,19.65,62.5,,
1794,2024-09-07 09:00:00,111.5,,20.3,59.0,,
1795,2024-09-07 09:30:00,135.43,,20.9,56.0,,
1796,2024-09-07 10:00:00,457.27,,21.5,53.0,,
1797,2024-09-07 10:30:00,290.6,,21.8,51.0,,
1798,2024-09-07 11:00:00,169.37,,22.1,49.0,,
1799,2024-09-07 11:30:00,336.97,,22.25,49.0,,
1800,2024-09-07 12:00:00,1830.87,,22.4,49.0,,
1801,2024-09-07 12:30:00,572.47,,22.35,51.0,,
1802,2024-09-07 13:00:00,653.0,,22.3,53.0,,
1803,2024-09-07 13:30:00,170.5,,22.1,54.5,,
1804,2024-09-07 14:00:00,170.1,,21.9,56.0,,
1805,2024-09-07 14:30:00,140.13,,21.8,58.0,,
1806,2024-09-07 15:00:00,180.67,,21.7,60.0,,
1807,2024-09-07 15:30:00,162.07,,21.3,63.0,,
1808,2024-09-07 16:00:00,144.07,,20.9,66.0,,
1809,2024-09-07 16:30:00,140.4,,20.55,69.5,,
1810,2024-09-07 17:00:00,159.77,,20.2,73.0,,
1811,2024-09-07 17:30:00,189.52,,19.45,77.5,,
1812,2024-09-07 18:00:00,167.13,,18.7,82.0,,
1813,2024-09-07 18:30:00,778.37,,18.3,84.0,,
1814,2024-09-07 19:00:00,582.73,,17.9,86.0,,
1815,2024-09-07 19:30:00,142.93,,18.4,82.0,,
1816,2024-09-07 20:00:00,178.07,,18.9,78.0,,
1817,2024-09-07 20:30:00,180.33,,19.0,78.5,,
1818,2024-09-07 21:00:00,156.6,,19.1,79.0,,
1819,2024-09-07 21:30:00,170.8,,18.200000000000003,83.5,,
1820,2024-09-07 22:00:00,155.8,,17.3,88.0,,
1821,2024-09-07 22:30:00,119.33,,17.15,87.0,,
1822,2024-09-07 23:00:00,116.43,,17.0,86.0,,
1823,2024-09-07 23:30:00,141.17,,17.35,86.0,,
1824,2024-09-08 00:00:00,124.68,,17.7,86.0,,
1825,2024-09-08 00:30:00,115.72,,17.9,86.5,,
1826,2024-09-08 01:00:00,165.53,,18.1,87.0,,
1827,2024-09-08 01:30:00,121.8,,16.85,90.5,,
1828,2024-09-08 02:00:00,117.1,,15.6,94.0,,
1829,2024-09-08 02:30:00,223.53,,16.35,92.5,,
1830,2024-09-08 03:00:00,137.7,,17.1,91.0,,
1831,2024-09-08 03:30:00,138.27,,17.0,90.5,,
1832,2024-09-08 04:00:00,192.43,,16.9,90.0,,
1833,2024-09-08 04:30:00,201.67,,17.049999999999997,90.0,,
1834,2024-09-08 05:00:00,261.93,,17.2,90.0,,
1835,2024-09-08 05:30:00,221.27,,17.45,89.0,,
1836,2024-09-08 06:00:00,239.97,,17.7,88.0,,
1837,2024-09-08 06:30:00,140.47,,17.9,89.5,,
1838,2024-09-08 07:00:00,148.17,,18.1,91.0,,
1839,2024-09-08 07:30:00,112.7,,17.450000000000003,91.5,,
1840,2024-09-08 08:00:00,127.3,,16.8,92.0,,
1841,2024-09-08 08:30:00,159.07,,16.700000000000003,93.0,,
1842,2024-09-08 09:00:00,148.13,,16.6,94.0,,
1843,2024-09-08 09:30:00,137.87,,17.55,91.5,,
1844,2024-09-08 10:00:00,162.3,,18.5,89.0,,
1845,2024-09-08 10:30:00,159.33,,18.55,89.0,,
1846,2024-09-08 11:00:00,117.2,,18.6,89.0,,
1847,2024-09-08 11:30:00,136.67,,18.0,92.0,,
1848,2024-09-08 12:00:00,135.93,,17.4,95.0,,
1849,2024-09-08 12:30:00,108.23,,17.549999999999997,93.5,,
1850,2024-09-08 13:00:00,146.73,,17.7,92.0,,
1851,2024-09-08 13:30:00,142.97,,17.65,91.5,,
1852,2024-09-08 14:00:00,179.13,,17.6,91.0,,
1853,2024-09-08 14:30:00,542.57,,17.450000000000003,90.5,,
1854,2024-09-08 15:00:00,174.27,,17.3,90.0,,
1855,2024-09-08 15:30:00,711.17,,16.85,92.0,,
1856,2024-09-08 16:00:00,319.27,,16.4,94.0,,
1857,2024-09-08 16:30:00,240.07,,16.15,92.5,,
1858,2024-09-08 17:00:00,291.9,,15.9,91.0,,
1859,2024-09-08 17:30:00,288.63,,15.6,91.5,,
1860,2024-09-08 18:00:00,242.0,,15.3,92.0,,
1861,2024-09-08 18:30:00,201.4,,15.15,93.0,,
1862,2024-09-08 19:00:00,242.93,,15.0,94.0,,
1863,2024-09-08 19:30:00,356.06,,14.75,94.0,,
1864,2024-09-08 20:00:00,219.47,,14.5,94.0,,
1865,2024-09-08 20:30:00,259.69,,14.5,93.5,,
1866,2024-09-08 21:00:00,164.07,,14.5,93.0,,
1867,2024-09-08 21:30:00,176.13,,14.4,95.5,,
1868,2024-09-08 22:00:00,179.53,,14.3,98.0,,
1869,2024-09-08 22:30:00,188.47,,14.4,98.5,,
1870,2024-09-08 23:00:00,127.7,,14.5,99.0,,
1871,2024-09-08 23:30:00,152.2,,14.6,99.0,,
1872,2024-09-09 00:00:00,110.73,,14.7,99.0,,
1873,2024-09-09 00:30:00,140.93,,14.75,99.0,,
1874,2024-09-09 01:00:00,141.23,,14.8,99.0,,
1875,2024-09-09 01:30:00,100.87,,14.8,99.0,,
1876,2024-09-09 02:00:00,140.07,,14.8,99.0,,
1877,2024-09-09 02:30:00,140.47,,14.65,99.0,,
1878,2024-09-09 03:00:00,198.23,,14.5,99.0,,
1879,2024-09-09 03:30:00,298.1,,14.3,98.5,,
1880,2024-09-09 04:00:00,205.67,,14.1,98.0,,
1881,2024-09-09 04:30:00,273.33,,14.0,98.5,,
1882,2024-09-09 05:00:00,179.27,,13.9,99.0,,
1883,2024-09-09 05:30:00,226.77,,13.95,98.0,,
1884,2024-09-09 06:00:00,246.74,,14.0,97.0,,
1885,2024-09-09 06:30:00,196.14,,14.25,95.0,,
1886,2024-09-09 07:00:00,148.5,,14.5,93.0,,
1887,2024-09-09 07:30:00,155.1,,15.1,89.0,,
1888,2024-09-09 08:00:00,262.8,,15.7,85.0,,
1889,2024-09-09 08:30:00,370.43,,16.2,83.5,,
1890,2024-09-09 09:00:00,280.17,,16.7,82.0,,
1891,2024-09-09 09:30:00,330.0,,17.45,77.5,,
1892,2024-09-09 10:00:00,733.73,,18.2,73.0,,
1893,2024-09-09 10:30:00,207.13,,19.15,63.5,,
1894,2024-09-09 11:00:00,749.67,,20.1,54.0,,
1895,2024-09-09 11:30:00,662.5,,20.65,48.5,,
1896,2024-09-09 12:00:00,644.7,,21.2,43.0,,
1897,2024-09-09 12:30:00,126.03,,21.4,41.5,,
1898,2024-09-09 13:00:00,116.87,,21.6,40.0,,
1899,2024-09-09 13:30:00,778.87,,21.85,38.5,,
1900,2024-09-09 14:00:00,551.03,,22.1,37.0,,
1901,2024-09-09 14:30:00,139.0,,21.85,38.0,,
1902,2024-09-09 15:00:00,168.97,,21.6,39.0,,
1903,2024-09-09 15:30:00,163.13,,21.1,41.5,,
1904,2024-09-09 16:00:00,114.87,,20.6,44.0,,
1905,2024-09-09 16:30:00,138.83,,19.700000000000003,53.0,,
1906,2024-09-09 17:00:00,125.3,,18.8,62.0,,
1907,2024-09-09 17:30:00,114.0,,17.65,63.5,,
1908,2024-09-09 18:00:00,139.53,,16.5,65.0,,
1909,2024-09-09 18:30:00,126.17,,17.15,70.5,,
1910,2024-09-09 19:00:00,113.47,,17.8,76.0,,
1911,2024-09-09 19:30:00,140.87,,16.4,78.0,,
1912,2024-09-09 20:00:00,125.1,,15.0,80.0,,
1913,2024-09-09 20:30:00,155.7,,14.95,75.5,,
1914,2024-09-09 21:00:00,235.5,,14.9,71.0,,
1915,2024-09-09 21:30:00,243.13,,14.65,68.5,,
1916,2024-09-09 22:00:00,252.53,,14.4,66.0,,
1917,2024-09-09 22:30:00,286.53,,14.45,63.0,,
1918,2024-09-09 23:00:00,123.43,,14.5,60.0,,
1919,2024-09-09 23:30:00,185.33,,14.55,57.5,,
1920,2024-09-10 00:00:00,222.6,,14.6,55.0,,
1921,2024-09-10 00:30:00,271.73,,14.5,54.5,,
1922,2024-09-10 01:00:00,267.37,,14.4,54.0,,
1923,2024-09-10 01:30:00,261.77,,14.4,54.0,,
1924,2024-09-10 02:00:00,187.27,,14.4,54.0,,
1925,2024-09-10 02:30:00,334.9,,14.35,54.5,,
1926,2024-09-10 03:00:00,413.0,,14.3,55.0,,
1927,2024-09-10 03:30:00,262.4,,14.3,55.0,,
1928,2024-09-10 04:00:00,255.23,,14.3,55.0,,
1929,2024-09-10 04:30:00,326.3,,14.15,56.5,,
1930,2024-09-10 05:00:00,249.97,,14.0,58.0,,
1931,2024-09-10 05:30:00,531.53,,14.8,57.0,,
1932,2024-09-10 06:00:00,307.1,,15.6,56.0,,
1933,2024-09-10 06:30:00,206.5,,16.55,56.0,,
1934,2024-09-10 07:00:00,275.17,,17.5,56.0,,
1935,2024-09-10 07:30:00,162.23,,18.3,53.5,,
1936,2024-09-10 08:00:00,200.5,,19.1,51.0,,
1937,2024-09-10 08:30:00,173.17,,19.6,48.0,,
1938,2024-09-10 09:00:00,562.77,,20.1,45.0,,
1939,2024-09-10 09:30:00,469.7,,20.55,46.0,,
1940,2024-09-10 10:00:00,291.43,,21.0,47.0,,
1941,2024-09-10 10:30:00,183.4,,21.3,44.5,,
1942,2024-09-10 11:00:00,185.33,,21.6,42.0,,
1943,2024-09-10 11:30:00,124.67,,21.8,41.0,,
1944,2024-09-10 12:00:00,133.67,,22.0,40.0,,
1945,2024-09-10 12:30:00,138.2,,21.75,41.5,,
1946,2024-09-10 13:00:00,115.8,,21.5,43.0,,
1947,2024-09-10 13:30:00,132.4,,21.05,47.0,,
1948,2024-09-10 14:00:00,143.27,,20.6,51.0,,
1949,2024-09-10 14:30:00,328.07,,20.4,52.0,,
1950,2024-09-10 15:00:00,449.4,,20.2,53.0,,
1951,2024-09-10 15:30:00,176.63,,19.85,56.0,,
1952,2024-09-10 16:00:00,728.5,,19.5,59.0,,
1953,2024-09-10 16:30:00,623.0,,18.95,67.5,,
1954,2024-09-10 17:00:00,161.33,,18.4,76.0,,
1955,2024-09-10 17:30:00,187.73,,18.2,73.5,,
1956,2024-09-10 18:00:00,198.23,,18.0,71.0,,
1957,2024-09-10 18:30:00,171.47,,17.8,71.5,,
1958,2024-09-10 19:00:00,145.63,,17.6,72.0,,
1959,2024-09-10 19:30:00,268.33,,17.5,72.5,,
1960,2024-09-10 20:00:00,233.6,,17.4,73.0,,
1961,2024-09-10 20:30:00,246.5,,17.299999999999997,72.0,,
1962,2024-09-10 21:00:00,268.97,,17.2,71.0,,
1963,2024-09-10 21:30:00,267.5,,17.25,70.0,,
1964,2024-09-10 22:00:00,185.83,,17.3,69.0,,
1965,2024-09-10 22:30:00,330.13,,17.200000000000003,69.0,,
1966,2024-09-10 23:00:00,211.33,,17.1,69.0,,
1967,2024-09-10 23:30:00,190.0,,17.05,69.5,,
1968,2024-09-11 00:00:00,238.17,,17.0,70.0,,
1969,2024-09-11 00:30:00,244.67,,16.85,70.0,,
1970,2024-09-11 01:00:00,243.83,,16.7,70.0,,
1971,2024-09-11 01:30:00,213.23,,16.549999999999997,70.0,,
1972,2024-09-11 02:00:00,264.53,,16.4,70.0,,
1973,2024-09-11 02:30:00,371.07,,16.35,69.5,,
1974,2024-09-11 03:00:00,252.67,,16.3,69.0,,
1975,2024-09-11 03:30:00,273.53,,16.15,68.5,,
1976,2024-09-11 04:00:00,337.53,,16.0,68.0,,
1977,2024-09-11 04:30:00,210.97,,15.95,67.5,,
1978,2024-09-11 05:00:00,254.03,,15.9,67.0,,
1979,2024-09-11 05:30:00,201.43,,15.45,70.5,,
1980,2024-09-11 06:00:00,204.2,,15.0,74.0,,
1981,2024-09-11 06:30:00,272.93,,15.7,73.5,,
1982,2024-09-11 07:00:00,267.55,,16.4,73.0,,
1983,2024-09-11 07:30:00,181.14,,16.799999999999997,73.5,,
1984,2024-09-11 08:00:00,234.03,,17.2,74.0,,
1985,2024-09-11 08:30:00,143.3,,17.7,71.5,,
1986,2024-09-11 09:00:00,206.9,,18.2,69.0,,
1987,2024-09-11 09:30:00,208.2,,18.4,69.5,,
1988,2024-09-11 10:00:00,201.07,,18.6,70.0,,
1989,2024-09-11 10:30:00,179.23,,18.55,72.0,,
1990,2024-09-11 11:00:00,192.57,,18.5,74.0,,
1991,2024-09-11 11:30:00,175.33,,18.5,75.0,,
1992,2024-09-11 12:00:00,187.2,,18.5,76.0,,
1993,2024-09-11 12:30:00,208.67,,18.8,72.5,,
1994,2024-09-11 13:00:00,124.73,,19.1,69.0,,
1995,2024-09-11 13:30:00,141.77,,18.85,69.5,,
1996,2024-09-11 14:00:00,154.5,,18.6,70.0,,
1997,2024-09-11 14:30:00,142.73,,18.25,70.0,,
1998,2024-09-11 15:00:00,172.3,,17.9,70.0,,
1999,2024-09-11 15:30:00,173.53,,17.4,72.0,,
2000,2024-09-11 16:00:00,154.07,,16.9,74.0,,
2001,2024-09-11 16:30:00,183.57,,16.25,79.0,,
2002,2024-09-11 17:00:00,152.63,,15.6,84.0,,
2003,2024-09-11 17:30:00,259.2,,14.85,90.5,,
2004,2024-09-11 18:00:00,281.0,,14.1,97.0,,
2005,2024-09-11 18:30:00,223.0,,14.1,96.5,,
2006,2024-09-11 19:00:00,295.9,,14.1,96.0,,
2007,2024-09-11 19:30:00,342.33,,13.9,96.5,,
2008,2024-09-11 20:00:00,265.83,,13.7,97.0,,
2009,2024-09-11 20:30:00,260.43,,13.35,97.0,,
2010,2024-09-11 21:00:00,184.97,,13.0,97.0,,
2011,2024-09-11 21:30:00,225.13,,12.85,97.5,,
2012,2024-09-11 22:00:00,191.87,,12.7,98.0,,
2013,2024-09-11 22:30:00,230.27,,12.8,97.5,,
2014,2024-09-11 23:00:00,351.13,,12.9,97.0,,
2015,2024-09-11 23:30:00,218.03,,12.65,98.0,,
2016,2024-09-12 00:00:00,220.07,,12.4,99.0,,
2017,2024-09-12 00:30:00,205.73,,12.5,99.0,,
2018,2024-09-12 01:00:00,195.27,,12.6,99.0,,
2019,2024-09-12 01:30:00,235.73,,12.65,97.0,,
2020,2024-09-12 02:00:00,243.4,,12.7,95.0,,
2021,2024-09-12 02:30:00,225.13,,12.65,96.5,,
2022,2024-09-12 03:00:00,297.6,,12.6,98.0,,
2023,2024-09-12 03:30:00,232.77,,12.65,98.5,,
2024,2024-09-12 04:00:00,371.6,,12.7,99.0,,
2025,2024-09-12 04:30:00,420.52,,12.75,99.0,,
2026,2024-09-12 05:00:00,154.59,,12.8,99.0,,
2027,2024-09-12 05:30:00,234.1,,12.85,98.5,,
2028,2024-09-12 06:00:00,167.9,,12.9,98.0,,
2029,2024-09-12 06:30:00,448.0,,12.85,97.5,,
2030,2024-09-12 07:00:00,374.0,,12.8,97.0,,
2031,2024-09-12 07:30:00,239.4,,12.75,96.5,,
2032,2024-09-12 08:00:00,387.93,,12.7,96.0,,
2033,2024-09-12 08:30:00,1300.6,,12.95,97.5,,
2034,2024-09-12 09:00:00,347.27,,13.2,99.0,,
2035,2024-09-12 09:30:00,189.8,,13.0,97.5,,
2036,2024-09-12 10:00:00,475.73,,12.8,96.0,,
2037,2024-09-12 10:30:00,255.1,,12.85,94.5,,
2038,2024-09-12 11:00:00,241.93,,12.9,93.0,,
2039,2024-09-12 11:30:00,794.23,,12.85,95.5,,
2040,2024-09-12 12:00:00,832.77,,12.8,98.0,,
2041,2024-09-12 12:30:00,282.03,,12.5,95.5,,
2042,2024-09-12 13:00:00,276.23,,12.2,93.0,,
2043,2024-09-12 13:30:00,291.47,,12.05,91.0,,
2044,2024-09-12 14:00:00,1040.63,,11.9,89.0,,
2045,2024-09-12 14:30:00,480.0,,12.05,86.0,,
2046,2024-09-12 15:00:00,330.33,,12.2,83.0,,
2047,2024-09-12 15:30:00,400.63,,12.2,82.5,,
2048,2024-09-12 16:00:00,561.57,,12.2,82.0,,
2049,2024-09-12 16:30:00,590.19,,12.0,81.5,,
2050,2024-09-12 17:00:00,568.69,,11.8,81.0,,
2051,2024-09-12 17:30:00,861.33,,10.95,85.5,,
2052,2024-09-12 18:00:00,806.63,,10.1,90.0,,
2053,2024-09-12 18:30:00,855.73,,10.15,89.0,,
2054,2024-09-12 19:00:00,491.87,,10.2,88.0,,
2055,2024-09-12 19:30:00,538.6,,9.85,88.0,,
2056,2024-09-12 20:00:00,536.16,,9.5,88.0,,
2057,2024-09-12 20:30:00,413.14,,9.05,88.5,,
2058,2024-09-12 21:00:00,388.4,,8.6,89.0,,
2059,2024-09-12 21:30:00,488.35,,8.2,92.0,,
2060,2024-09-12 22:00:00,456.59,,7.8,95.0,,
2061,2024-09-12 22:30:00,333.17,,7.55,94.5,,
2062,2024-09-12 23:00:00,500.93,,7.3,94.0,,
2063,2024-09-12 23:30:00,600.37,,7.35,92.5,,
2064,2024-09-13 00:00:00,513.83,,7.4,91.0,,
2065,2024-09-13 00:30:00,433.97,,7.15,88.5,,
2066,2024-09-13 01:00:00,587.5,,6.9,86.0,,
2067,2024-09-13 01:30:00,583.6,,6.6,85.5,,
2068,2024-09-13 02:00:00,599.13,,6.3,85.0,,
2069,2024-09-13 02:30:00,664.37,,6.6,84.5,,
2070,2024-09-13 03:00:00,689.07,,6.9,84.0,,
2071,2024-09-13 03:30:00,666.13,,6.45,85.0,,
2072,2024-09-13 04:00:00,765.2,,6.0,86.0,,
2073,2024-09-13 04:30:00,881.77,,5.85,85.0,,
2074,2024-09-13 05:00:00,758.63,,5.7,84.0,,
2075,2024-09-13 05:30:00,570.73,,6.1,80.0,,
2076,2024-09-13 06:00:00,749.9,,6.5,76.0,,
2077,2024-09-13 06:30:00,875.17,,7.4,72.5,,
2078,2024-09-13 07:00:00,559.83,,8.3,69.0,,
2079,2024-09-13 07:30:00,562.7,,9.0,66.5,,
2080,2024-09-13 08:00:00,519.0,,9.7,64.0,,
2081,2024-09-13 08:30:00,757.63,,10.15,61.0,,
2082,2024-09-13 09:00:00,641.77,,10.6,58.0,,
2083,2024-09-13 09:30:00,640.13,,11.0,54.5,,
2084,2024-09-13 10:00:00,513.1,,11.4,51.0,,
2085,2024-09-13 10:30:00,843.87,,11.6,48.5,,
2086,2024-09-13 11:00:00,1278.87,,11.8,46.0,,
2087,2024-09-13 11:30:00,433.17,,11.95,43.5,,
2088,2024-09-13 12:00:00,360.07,,12.1,41.0,,
2089,2024-09-13 12:30:00,358.27,,11.95,44.0,,
2090,2024-09-13 13:00:00,274.53,,11.8,47.0,,
2091,2024-09-13 13:30:00,369.6,,11.8,44.0,,
2092,2024-09-13 14:00:00,514.6,,11.8,41.0,,
2093,2024-09-13 14:30:00,1150.06,,11.95,39.5,,
2094,2024-09-13 15:00:00,1258.13,,12.1,38.0,,
2095,2024-09-13 15:30:00,877.13,,12.0,38.5,,
2096,2024-09-13 16:00:00,402.48,,11.9,39.0,,
2097,2024-09-13 16:30:00,411.13,,11.3,42.0,,
2098,2024-09-13 17:00:00,448.07,,10.7,45.0,,
2099,2024-09-13 17:30:00,489.8,,9.9,47.5,,
2100,2024-09-13 18:00:00,471.7,,9.1,50.0,,
2101,2024-09-13 18:30:00,519.87,,8.75,50.5,,
2102,2024-09-13 19:00:00,533.87,,8.4,51.0,,
2103,2024-09-13 19:30:00,526.37,,8.15,50.0,,
2104,2024-09-13 20:00:00,622.63,,7.9,49.0,,
2105,2024-09-13 20:30:00,556.5,,7.65,49.0,,
2106,2024-09-13 21:00:00,639.37,,7.4,49.0,,
2107,2024-09-13 21:30:00,580.27,,7.2,49.0,,
2108,2024-09-13 22:00:00,538.39,,7.0,49.0,,
2109,2024-09-13 22:30:00,546.41,,6.8,49.5,,
2110,2024-09-13 23:00:00,423.26,,6.6,50.0,,
2111,2024-09-13 23:30:00,651.9,,6.699999999999999,49.5,,
2112,2024-09-14 00:00:00,447.83,,6.8,49.0,,
2113,2024-09-14 00:30:00,500.8,,6.9,48.5,,
2114,2024-09-14 01:00:00,656.03,,7.0,48.0,,
2115,2024-09-14 01:30:00,612.1,,7.2,47.0,,
2116,2024-09-14 02:00:00,572.48,,7.4,46.0,,
2117,2024-09-14 02:30:00,725.24,,7.25,46.5,,
2118,2024-09-14 03:00:00,797.32,,7.1,47.0,,
2119,2024-09-14 03:30:00,705.62,,6.8,49.0,,
2120,2024-09-14 04:00:00,654.5,,6.5,51.0,,
2121,2024-09-14 04:30:00,731.73,,6.65,50.0,,
2122,2024-09-14 05:00:00,807.37,,6.8,49.0,,
2123,2024-09-14 05:30:00,682.73,,7.15,50.0,,
2124,2024-09-14 06:00:00,727.07,,7.5,51.0,,
2125,2024-09-14 06:30:00,599.83,,8.4,49.0,,
2126,2024-09-14 07:00:00,686.9,,9.3,47.0,,
2127,2024-09-14 07:30:00,680.7,,9.85,45.5,,
2128,2024-09-14 08:00:00,439.57,,10.4,44.0,,
2129,2024-09-14 08:30:00,536.57,,11.15,43.0,,
2130,2024-09-14 09:00:00,360.83,,11.9,42.0,,
2131,2024-09-14 09:30:00,383.29,,12.35,41.5,,
2132,2024-09-14 10:00:00,325.93,,12.8,41.0,,
2133,2024-09-14 10:30:00,292.8,,13.2,40.5,,
2134,2024-09-14 11:00:00,581.47,,13.6,40.0,,
2135,2024-09-14 11:30:00,359.27,,13.9,39.5,,
2136,2024-09-14 12:00:00,1313.52,,14.2,39.0,,
2137,2024-09-14 12:30:00,364.07,,14.5,38.5,,
2138,2024-09-14 13:00:00,386.23,,14.8,38.0,,
2139,2024-09-14 13:30:00,390.71,,14.8,39.0,,
2140,2024-09-14 14:00:00,340.13,,14.8,40.0,,
2141,2024-09-14 14:30:00,468.34,,14.6,41.0,,
2142,2024-09-14 15:00:00,394.73,,14.4,42.0,,
2143,2024-09-14 15:30:00,387.9,,13.95,44.0,,
2144,2024-09-14 16:00:00,398.5,,13.5,46.0,,
2145,2024-09-14 16:30:00,556.73,,12.65,50.5,,
2146,2024-09-14 17:00:00,610.73,,11.8,55.0,,
2147,2024-09-14 17:30:00,507.03,,11.1,57.5,,
2148,2024-09-14 18:00:00,610.27,,10.4,60.0,,
2149,2024-09-14 18:30:00,581.4,,10.65,59.5,,
2150,2024-09-14 19:00:00,690.1,,10.9,59.0,,
2151,2024-09-14 19:30:00,632.71,,10.7,58.0,,
2152,2024-09-14 20:00:00,638.38,,10.5,57.0,,
2153,2024-09-14 20:30:00,690.97,,10.3,57.0,,
2154,2024-09-14 21:00:00,717.59,,10.1,57.0,,
2155,2024-09-14 21:30:00,772.83,,9.75,57.5,,
2156,2024-09-14 22:00:00,724.74,,9.4,58.0,,
2157,2024-09-14 22:30:00,745.45,,9.2,57.5,,
2158,2024-09-14 23:00:00,619.1,,9.0,57.0,,
2159,2024-09-14 23:30:00,719.2,,8.85,57.0,,
2160,2024-09-15 00:00:00,682.48,,8.7,57.0,,
2161,2024-09-15 00:30:00,698.38,,9.1,53.5,,
2162,2024-09-15 01:00:00,612.37,,9.5,50.0,,
2163,2024-09-15 01:30:00,713.1,,9.6,48.5,,
2164,2024-09-15 02:00:00,871.9,,9.7,47.0,,
2165,2024-09-15 02:30:00,743.03,,10.2,44.0,,
2166,2024-09-15 03:00:00,816.7,,10.7,41.0,,
2167,2024-09-15 03:30:00,640.5,,11.4,38.0,,
2168,2024-09-15 04:00:00,810.03,,12.1,35.0,,
2169,2024-09-15 04:30:00,726.3,,12.4,33.5,,
2170,2024-09-15 05:00:00,796.9,,12.7,32.0,,
2171,2024-09-15 05:30:00,787.3,,12.65,36.5,,
2172,2024-09-15 06:00:00,615.77,,12.6,41.0,,
2173,2024-09-15 06:30:00,593.23,,13.2,40.5,,
2174,2024-09-15 07:00:00,361.57,,13.8,40.0,,
2175,2024-09-15 07:30:00,430.63,,14.2,39.5,,
2176,2024-09-15 08:00:00,504.83,,14.6,39.0,,
2177,2024-09-15 08:30:00,336.7,,15.15,39.0,,
2178,2024-09-15 09:00:00,401.77,,15.7,39.0,,
2179,2024-09-15 09:30:00,400.53,,16.25,39.0,,
2180,2024-09-15 10:00:00,399.3,,16.8,39.0,,
2181,2024-09-15 10:30:00,362.37,,17.3,39.5,,
2182,2024-09-15 11:00:00,233.4,,17.8,40.0,,
2183,2024-09-15 11:30:00,294.47,,18.05,41.5,,
2184,2024-09-15 12:00:00,270.63,,18.3,43.0,,
2185,2024-09-15 12:30:00,334.93,,18.3,44.5,,
2186,2024-09-15 13:00:00,371.33,,18.3,46.0,,
2187,2024-09-15 13:30:00,305.83,,18.15,49.0,,
2188,2024-09-15 14:00:00,293.2,,18.0,52.0,,
2189,2024-09-15 14:30:00,374.6,,17.75,53.5,,
2190,2024-09-15 15:00:00,411.67,,17.5,55.0,,
2191,2024-09-15 15:30:00,210.97,,16.95,59.5,,
2192,2024-09-15 16:00:00,351.27,,16.4,64.0,,
2193,2024-09-15 16:30:00,269.13,,15.45,72.0,,
2194,2024-09-15 17:00:00,865.33,,14.5,80.0,,
2195,2024-09-15 17:30:00,444.87,,14.3,78.5,,
2196,2024-09-15 18:00:00,414.13,,14.1,77.0,,
2197,2024-09-15 18:30:00,400.9,,12.9,81.0,,
2198,2024-09-15 19:00:00,474.23,,11.7,85.0,,
2199,2024-09-15 19:30:00,371.3,,11.25,84.5,,
2200,2024-09-15 20:00:00,587.07,,10.8,84.0,,
2201,2024-09-15 20:30:00,529.97,,10.75,74.0,,
2202,2024-09-15 21:00:00,380.93,,10.7,64.0,,
2203,2024-09-15 21:30:00,421.0,,10.05,66.5,,
2204,2024-09-15 22:00:00,397.23,,9.4,69.0,,
2205,2024-09-15 22:30:00,497.3,,8.95,71.0,,
2206,2024-09-15 23:00:00,484.13,,8.5,73.0,,
2207,2024-09-15 23:30:00,402.03,,8.15,73.5,,
2208,2024-09-16 00:00:00,432.2,,7.8,74.0,,
2209,2024-09-16 00:30:00,393.77,,7.6,74.5,,
2210,2024-09-16 01:00:00,485.6,,7.4,75.0,,
2211,2024-09-16 01:30:00,442.29,,7.9,69.0,,
2212,2024-09-16 02:00:00,414.77,,8.4,63.0,,
2213,2024-09-16 02:30:00,436.66,,8.15,63.5,,
2214,2024-09-16 03:00:00,754.0,,7.9,64.0,,
2215,2024-09-16 03:30:00,404.93,,7.6,65.0,,
2216,2024-09-16 04:00:00,432.27,,7.3,66.0,,
2217,2024-09-16 04:30:00,1010.83,,7.449999999999999,64.5,,
2218,2024-09-16 05:00:00,1306.53,,7.6,63.0,,
2219,2024-09-16 05:30:00,892.57,,8.399999999999999,63.0,,
2220,2024-09-16 06:00:00,1101.27,,9.2,63.0,,
2221,2024-09-16 06:30:00,677.2,,10.55,60.5,,
2222,2024-09-16 07:00:00,528.43,,11.9,58.0,,
2223,2024-09-16 07:30:00,491.87,,12.8,55.0,,
2224,2024-09-16 08:00:00,498.07,,13.7,52.0,,
2225,2024-09-16 08:30:00,435.13,,14.25,51.5,,
2226,2024-09-16 09:00:00,1117.0,,14.8,51.0,,
2227,2024-09-16 09:30:00,657.86,,15.3,51.0,,
2228,2024-09-16 10:00:00,283.67,,15.8,51.0,,
2229,2024-09-16 10:30:00,415.97,,16.1,49.5,,
2230,2024-09-16 11:00:00,455.2,,16.4,48.0,,
2231,2024-09-16 11:30:00,364.77,,16.7,46.0,,
2232,2024-09-16 12:00:00,325.4,,17.0,44.0,,
2233,2024-09-16 12:30:00,241.27,,16.8,45.5,,
2234,2024-09-16 13:00:00,254.87,,16.6,47.0,,
2235,2024-09-16 13:30:00,294.93,,16.65,47.5,,
2236,2024-09-16 14:00:00,383.3,,16.7,48.0,,
2237,2024-09-16 14:30:00,266.7,,16.549999999999997,49.0,,
2238,2024-09-16 15:00:00,319.4,,16.4,50.0,,
2239,2024-09-16 15:30:00,354.6,,15.85,53.5,,
2240,2024-09-16 16:00:00,428.8,,15.3,57.0,,
2241,2024-09-16 16:30:00,432.5,,14.55,59.5,,
2242,2024-09-16 17:00:00,417.43,,13.8,62.0,,
2243,2024-09-16 17:30:00,393.6,,13.15,64.5,,
2244,2024-09-16 18:00:00,454.5,,12.5,67.0,,
2245,2024-09-16 18:30:00,484.87,,12.15,69.0,,
2246,2024-09-16 19:00:00,566.38,,11.8,71.0,,
2247,2024-09-16 19:30:00,354.93,,11.25,73.0,,
2248,2024-09-16 20:00:00,325.3,,10.7,75.0,,
2249,2024-09-16 20:30:00,443.13,,10.3,76.0,,
2250,2024-09-16 21:00:00,362.03,,9.9,77.0,,
2251,2024-09-16 21:30:00,460.4,,9.75,78.0,,
2252,2024-09-16 22:00:00,521.7,,9.6,79.0,,
2253,2024-09-16 22:30:00,375.1,,9.3,80.5,,
2254,2024-09-16 23:00:00,438.83,,9.0,82.0,,
2255,2024-09-16 23:30:00,420.1,,8.7,83.5,,
2256,2024-09-17 00:00:00,1588.13,,8.4,85.0,,
2257,2024-09-17 00:30:00,469.83,,8.25,86.0,,
2258,2024-09-17 01:00:00,457.0,,8.1,87.0,,
2259,2024-09-17 01:30:00,376.33,,7.8,87.5,,
2260,2024-09-17 02:00:00,435.03,,7.5,88.0,,
2261,2024-09-17 02:30:00,450.57,,7.5,85.5,,
2262,2024-09-17 03:00:00,495.47,,7.5,83.0,,
2263,2024-09-17 03:30:00,632.03,,7.2,84.0,,
2264,2024-09-17 04:00:00,374.97,,6.9,85.0,,
2265,2024-09-17 04:30:00,466.83,,6.75,86.5,,
2266,2024-09-17 05:00:00,429.03,,6.6,88.0,,
2267,2024-09-17 05:30:00,383.4,,7.15,87.0,,
2268,2024-09-17 06:00:00,571.66,,7.7,86.0,,
2269,2024-09-17 06:30:00,500.83,,8.65,83.5,,
2270,2024-09-17 07:00:00,319.5,,9.6,81.0,,
2271,2024-09-17 07:30:00,400.97,,10.05,78.5,,
2272,2024-09-17 08:00:00,366.2,,10.5,76.0,,
2273,2024-09-17 08:30:00,716.13,,10.5,72.5,,
2274,2024-09-17 09:00:00,982.03,,10.5,69.0,,
2275,2024-09-17 09:30:00,605.87,,10.7,68.0,,
2276,2024-09-17 10:00:00,369.33,,10.9,67.0,,
2277,2024-09-17 10:30:00,1214.1,,10.95,68.5,,
2278,2024-09-17 11:00:00,900.9,,11.0,70.0,,
2279,2024-09-17 11:30:00,311.43,,11.1,69.0,,
2280,2024-09-17 12:00:00,410.43,,11.2,68.0,,
2281,2024-09-17 12:30:00,302.67,,11.2,69.5,,
2282,2024-09-17 13:00:00,240.17,,11.2,71.0,,
2283,2024-09-17 13:30:00,252.1,,11.15,71.5,,
2284,2024-09-17 14:00:00,322.7,,11.1,72.0,,
2285,2024-09-17 14:30:00,307.23,,10.7,75.0,,
2286,2024-09-17 15:00:00,404.57,,10.3,78.0,,
2287,2024-09-17 15:30:00,328.2,,9.7,84.5,,
2288,2024-09-17 16:00:00,360.5,,9.1,91.0,,
2289,2024-09-17 16:30:00,836.6,,9.05,90.0,,
2290,2024-09-17 17:00:00,632.3,,9.0,89.0,,
2291,2024-09-17 17:30:00,360.3,,8.95,89.0,,
2292,2024-09-17 18:00:00,351.87,,8.9,89.0,,
2293,2024-09-17 18:30:00,438.47,,9.0,88.5,,
2294,2024-09-17 19:00:00,363.73,,9.1,88.0,,
2295,2024-09-17 19:30:00,371.24,,9.1,88.0,,
2296,2024-09-17 20:00:00,409.83,,9.1,88.0,,
2297,2024-09-17 20:30:00,375.23,,8.899999999999999,91.0,,
2298,2024-09-17 21:00:00,351.83,,8.7,94.0,,
2299,2024-09-17 21:30:00,505.07,,8.649999999999999,94.5,,
2300,2024-09-17 22:00:00,420.2,,8.6,95.0,,
2301,2024-09-17 22:30:00,388.2,,8.5,95.0,,
2302,2024-09-17 23:00:00,518.87,,8.4,95.0,,
2303,2024-09-17 23:30:00,471.1,,8.3,95.0,,
2304,2024-09-18 00:00:00,474.17,,8.2,95.0,,
2305,2024-09-18 00:30:00,437.5,,8.149999999999999,94.5,,
2306,2024-09-18 01:00:00,360.83,,8.1,94.0,,
2307,2024-09-18 01:30:00,469.53,,7.949999999999999,94.0,,
2308,2024-09-18 02:00:00,457.93,,7.8,94.0,,
2309,2024-09-18 02:30:00,478.43,,7.75,93.0,,
2310,2024-09-18 03:00:00,493.8,,7.7,92.0,,
2311,2024-09-18 03:30:00,565.73,,7.6,93.0,,
2312,2024-09-18 04:00:00,645.83,,7.5,94.0,,
2313,2024-09-18 04:30:00,557.8,,7.5,94.0,,
2314,2024-09-18 05:00:00,695.03,,7.5,94.0,,
2315,2024-09-18 05:30:00,549.83,,7.45,94.0,,
2316,2024-09-18 06:00:00,502.87,,7.4,94.0,,
2317,2024-09-18 06:30:00,535.73,,7.5,94.0,,
2318,2024-09-18 07:00:00,492.23,,7.6,94.0,,
2319,2024-09-18 07:30:00,454.8,,7.8,93.5,,
2320,2024-09-18 08:00:00,729.9,,8.0,93.0,,
2321,2024-09-18 08:30:00,697.23,,7.85,92.5,,
2322,2024-09-18 09:00:00,410.07,,7.7,92.0,,
2323,2024-09-18 09:30:00,703.47,,8.0,92.5,,
2324,2024-09-18 10:00:00,364.5,,8.3,93.0,,
2325,2024-09-18 10:30:00,482.3,,8.8,92.5,,
2326,2024-09-18 11:00:00,457.77,,9.3,92.0,,
2327,2024-09-18 11:30:00,286.2,,9.15,93.0,,
2328,2024-09-18 12:00:00,390.53,,9.0,94.0,,
2329,2024-09-18 12:30:00,1057.63,,9.45,90.5,,
2330,2024-09-18 13:00:00,934.33,,9.9,87.0,,
2331,2024-09-18 13:30:00,202.0,,9.7,90.5,,
2332,2024-09-18 14:00:00,295.21,,9.5,94.0,,
2333,2024-09-18 14:30:00,238.13,,9.55,95.0,,
2334,2024-09-18 15:00:00,328.33,,9.6,96.0,,
2335,2024-09-18 15:30:00,301.87,,9.45,95.5,,
2336,2024-09-18 16:00:00,335.8,,9.3,95.0,,
2337,2024-09-18 16:30:00,743.37,,9.2,95.5,,
2338,2024-09-18 17:00:00,409.27,,9.1,96.0,,
2339,2024-09-18 17:30:00,370.0,,9.2,96.0,,
2340,2024-09-18 18:00:00,344.0,,9.3,96.0,,
2341,2024-09-18 18:30:00,421.62,,9.15,96.5,,
2342,2024-09-18 19:00:00,325.6,,9.0,97.0,,
2343,2024-09-18 19:30:00,400.0,,8.95,96.5,,
2344,2024-09-18 20:00:00,437.35,,8.9,96.0,,
2345,2024-09-18 20:30:00,390.83,,8.95,96.0,,
2346,2024-09-18 21:00:00,388.52,,9.0,96.0,,
2347,2024-09-18 21:30:00,373.66,,9.0,95.5,,
2348,2024-09-18 22:00:00,386.4,,9.0,95.0,,
2349,2024-09-18 22:30:00,456.9,,8.95,95.5,,
2350,2024-09-18 23:00:00,359.7,,8.9,96.0,,
2351,2024-09-18 23:30:00,427.53,,8.850000000000001,95.5,,
2352,2024-09-19 00:00:00,293.73,,8.8,95.0,,
2353,2024-09-19 00:30:00,476.0,,8.7,95.5,,
2354,2024-09-19 01:00:00,370.13,,8.6,96.0,,
2355,2024-09-19 01:30:00,371.23,,8.55,96.0,,
2356,2024-09-19 02:00:00,366.4,,8.5,96.0,,
2357,2024-09-19 02:30:00,398.57,,8.5,96.0,,
2358,2024-09-19 03:00:00,398.1,,8.5,96.0,,
2359,2024-09-19 03:30:00,1076.83,,8.5,96.0,,
2360,2024-09-19 04:00:00,881.45,,8.5,96.0,,
2361,2024-09-19 04:30:00,411.9,,8.55,94.5,,
2362,2024-09-19 05:00:00,402.6,,8.6,93.0,,
2363,2024-09-19 05:30:00,376.97,,8.7,92.0,,
2364,2024-09-19 06:00:00,703.7,,8.8,91.0,,
2365,2024-09-19 06:30:00,626.67,,8.850000000000001,91.0,,
2366,2024-09-19 07:00:00,453.73,,8.9,91.0,,
2367,2024-09-19 07:30:00,410.61,,9.1,91.0,,
2368,2024-09-19 08:00:00,545.79,,9.3,91.0,,
2369,2024-09-19 08:30:00,773.6,,9.55,90.5,,
2370,2024-09-19 09:00:00,1287.63,,9.8,90.0,,
2371,2024-09-19 09:30:00,363.97,,10.3,88.0,,
2372,2024-09-19 10:00:00,1228.17,,10.8,86.0,,
2373,2024-09-19 10:30:00,583.5,,11.2,84.5,,
2374,2024-09-19 11:00:00,541.37,,11.6,83.0,,
2375,2024-09-19 11:30:00,346.03,,11.8,83.0,,
2376,2024-09-19 12:00:00,341.14,,12.0,83.0,,
2377,2024-09-19 12:30:00,295.4,,12.45,81.0,,
2378,2024-09-19 13:00:00,211.83,,12.9,79.0,,
2379,2024-09-19 13:30:00,353.2,,13.3,75.5,,
2380,2024-09-19 14:00:00,416.27,,13.7,72.0,,
2381,2024-09-19 14:30:00,262.87,,13.1,76.5,,
2382,2024-09-19 15:00:00,303.57,,12.5,81.0,,
2383,2024-09-19 15:30:00,353.23,,12.55,81.0,,
2384,2024-09-19 16:00:00,376.0,,12.6,81.0,,
2385,2024-09-19 16:30:00,484.93,,12.0,83.5,,
2386,2024-09-19 17:00:00,627.0,,11.4,86.0,,
2387,2024-09-19 17:30:00,302.1,,10.8,89.0,,
2388,2024-09-19 18:00:00,360.07,,10.2,92.0,,
2389,2024-09-19 18:30:00,383.53,,10.15,92.0,,
2390,2024-09-19 19:00:00,480.27,,10.1,92.0,,
2391,2024-09-19 19:30:00,411.53,,10.1,91.0,,
2392,2024-09-19 20:00:00,390.3,,10.1,90.0,,
2393,2024-09-19 20:30:00,522.07,,9.8,90.5,,
2394,2024-09-19 21:00:00,425.23,,9.5,91.0,,
2395,2024-09-19 21:30:00,402.2,,9.55,90.5,,
2396,2024-09-19 22:00:00,465.2,,9.6,90.0,,
2397,2024-09-19 22:30:00,465.83,,9.65,90.0,,
2398,2024-09-19 23:00:00,443.07,,9.7,90.0,,
2399,2024-09-19 23:30:00,537.17,,9.85,89.5,,
2400,2024-09-20 00:00:00,404.73,,10.0,89.0,,
2401,2024-09-20 00:30:00,533.8,,10.0,90.0,,
2402,2024-09-20 01:00:00,536.13,,10.0,91.0,,
2403,2024-09-20 01:30:00,496.93,,10.15,90.5,,
2404,2024-09-20 02:00:00,569.67,,10.3,90.0,,
2405,2024-09-20 02:30:00,412.47,,10.2,89.5,,
2406,2024-09-20 03:00:00,404.73,,10.1,89.0,,
2407,2024-09-20 03:30:00,455.27,,10.1,88.0,,
2408,2024-09-20 04:00:00,455.87,,10.1,87.0,,
2409,2024-09-20 04:30:00,1459.7,,10.25,85.5,,
2410,2024-09-20 05:00:00,924.57,,10.4,84.0,,
2411,2024-09-20 05:30:00,578.77,,10.7,82.0,,
2412,2024-09-20 06:00:00,564.47,,11.0,80.0,,
2413,2024-09-20 06:30:00,653.93,,11.5,78.0,,
2414,2024-09-20 07:00:00,316.7,,12.0,76.0,,
2415,2024-09-20 07:30:00,553.03,,12.55,74.0,,
2416,2024-09-20 08:00:00,393.37,,13.1,72.0,,
2417,2024-09-20 08:30:00,245.83,,13.4,71.5,,
2418,2024-09-20 09:00:00,338.27,,13.7,71.0,,
2419,2024-09-20 09:30:00,285.53,,14.1,68.5,,
2420,2024-09-20 10:00:00,1053.3,,14.5,66.0,,
2421,2024-09-20 10:30:00,526.87,,15.2,62.0,,
2422,2024-09-20 11:00:00,1365.83,,15.9,58.0,,
2423,2024-09-20 11:30:00,274.97,,16.0,58.5,,
2424,2024-09-20 12:00:00,233.9,,16.1,59.0,,
2425,2024-09-20 12:30:00,248.27,,15.85,62.5,,
2426,2024-09-20 13:00:00,194.0,,15.6,66.0,,
2427,2024-09-20 13:30:00,290.07,,15.55,66.5,,
2428,2024-09-20 14:00:00,380.47,,15.5,67.0,,
2429,2024-09-20 14:30:00,291.53,,15.3,67.5,,
2430,2024-09-20 15:00:00,301.57,,15.1,68.0,,
2431,2024-09-20 15:30:00,279.03,,14.55,72.0,,
2432,2024-09-20 16:00:00,320.03,,14.0,76.0,,
2433,2024-09-20 16:30:00,305.97,,13.35,79.5,,
2434,2024-09-20 17:00:00,477.1,,12.7,83.0,,
2435,2024-09-20 17:30:00,310.53,,11.9,86.5,,
2436,2024-09-20 18:00:00,370.03,,11.1,90.0,,
2437,2024-09-20 18:30:00,562.06,,10.85,90.5,,
2438,2024-09-20 19:00:00,296.55,,10.6,91.0,,
2439,2024-09-20 19:30:00,536.07,,10.35,90.5,,
2440,2024-09-20 20:00:00,299.2,,10.1,90.0,,
2441,2024-09-20 20:30:00,340.5,,9.9,90.5,,
2442,2024-09-20 21:00:00,377.53,,9.7,91.0,,
2443,2024-09-20 21:30:00,379.2,,9.55,91.5,,
2444,2024-09-20 22:00:00,492.5,,9.4,92.0,,
2445,2024-09-20 22:30:00,486.37,,9.3,92.0,,
2446,2024-09-20 23:00:00,388.33,,9.2,92.0,,
2447,2024-09-20 23:30:00,500.4,,9.05,92.5,,
2448,2024-09-21 00:00:00,399.97,,8.9,93.0,,
2449,2024-09-21 00:30:00,538.17,,8.75,93.5,,
2450,2024-09-21 01:00:00,606.3,,8.6,94.0,,
2451,2024-09-21 01:30:00,391.9,,8.95,93.0,,
2452,2024-09-21 02:00:00,577.2,,9.3,92.0,,
2453,2024-09-21 02:30:00,548.93,,9.35,92.0,,
2454,2024-09-21 03:00:00,550.7,,9.4,92.0,,
2455,2024-09-21 03:30:00,629.9,,9.4,92.5,,
2456,2024-09-21 04:00:00,519.97,,9.4,93.0,,
2457,2024-09-21 04:30:00,629.93,,9.35,93.0,,
2458,2024-09-21 05:00:00,593.83,,9.3,93.0,,
2459,2024-09-21 05:30:00,610.8,,9.55,92.5,,
2460,2024-09-21 06:00:00,404.43,,9.8,92.0,,
2461,2024-09-21 06:30:00,1022.13,,10.75,89.5,,
2462,2024-09-21 07:00:00,297.57,,11.7,87.0,,
2463,2024-09-21 07:30:00,334.9,,12.5,84.0,,
2464,2024-09-21 08:00:00,255.6,,13.3,81.0,,
2465,2024-09-21 08:30:00,283.47,,14.2,76.0,,
2466,2024-09-21 09:00:00,282.07,,15.1,71.0,,
2467,2024-09-21 09:30:00,243.5,,15.65,67.5,,
2468,2024-09-21 10:00:00,634.07,,16.2,64.0,,
2469,2024-09-21 10:30:00,436.81,,16.35,62.5,,
2470,2024-09-21 11:00:00,494.25,,16.5,61.0,,
2471,2024-09-21 11:30:00,254.1,,16.65,60.5,,
2472,2024-09-21 12:00:00,299.1,,16.8,60.0,,
2473,2024-09-21 12:30:00,225.3,,16.950000000000003,59.5,,
2474,2024-09-21 13:00:00,1274.83,,17.1,59.0,,
2475,2024-09-21 13:30:00,320.6,,17.15,58.5,,
2476,2024-09-21 14:00:00,228.77,,17.2,58.0,,
2477,2024-09-21 14:30:00,228.47,,17.049999999999997,59.0,,
2478,2024-09-21 15:00:00,197.4,,16.9,60.0,,
2479,2024-09-21 15:30:00,197.37,,16.5,62.0,,
2480,2024-09-21 16:00:00,271.53,,16.1,64.0,,
2481,2024-09-21 16:30:00,199.43,,15.15,71.5,,
2482,2024-09-21 17:00:00,183.37,,14.2,79.0,,
2483,2024-09-21 17:30:00,622.6,,13.25,81.5,,
2484,2024-09-21 18:00:00,581.2,,12.3,84.0,,
2485,2024-09-21 18:30:00,360.6,,12.1,84.5,,
2486,2024-09-21 19:00:00,440.5,,11.9,85.0,,
2487,2024-09-21 19:30:00,1308.83,,11.6,86.0,,
2488,2024-09-21 20:00:00,364.4,,11.3,87.0,,
2489,2024-09-21 20:30:00,386.9,,11.0,88.0,,
2490,2024-09-21 21:00:00,336.73,,10.7,89.0,,
2491,2024-09-21 21:30:00,303.6,,10.75,89.5,,
2492,2024-09-21 22:00:00,337.3,,10.8,90.0,,
2493,2024-09-21 22:30:00,308.5,,10.7,90.0,,
2494,2024-09-21 23:00:00,352.03,,10.6,90.0,,
2495,2024-09-21 23:30:00,383.93,,10.35,90.5,,
2496,2024-09-22 00:00:00,549.43,,10.1,91.0,,
2497,2024-09-22 00:30:00,464.53,,9.65,92.0,,
2498,2024-09-22 01:00:00,556.1,,9.2,93.0,,
2499,2024-09-22 01:30:00,592.57,,9.25,93.0,,
2500,2024-09-22 02:00:00,507.27,,9.3,93.0,,
2501,2024-09-22 02:30:00,646.37,,9.25,92.0,,
2502,2024-09-22 03:00:00,505.5,,9.2,91.0,,
2503,2024-09-22 03:30:00,605.83,,9.1,91.5,,
2504,2024-09-22 04:00:00,716.45,,9.0,92.0,,
2505,2024-09-22 04:30:00,611.33,,9.05,92.0,,
2506,2024-09-22 05:00:00,668.79,,9.1,92.0,,
2507,2024-09-22 05:30:00,724.73,,9.5,90.5,,
2508,2024-09-22 06:00:00,762.97,,9.9,89.0,,
2509,2024-09-22 06:30:00,511.03,,11.0,87.5,,
2510,2024-09-22 07:00:00,353.23,,12.1,86.0,,
2511,2024-09-22 07:30:00,386.8,,13.05,83.5,,
2512,2024-09-22 08:00:00,276.03,,14.0,81.0,,
2513,2024-09-22 08:30:00,262.87,,14.6,78.5,,
2514,2024-09-22 09:00:00,234.27,,15.2,76.0,,
2515,2024-09-22 09:30:00,247.1,,15.8,70.5,,
2516,2024-09-22 10:00:00,293.83,,16.4,65.0,,
2517,2024-09-22 10:30:00,526.83,,16.6,63.0,,
2518,2024-09-22 11:00:00,410.13,,16.8,61.0,,
2519,2024-09-22 11:30:00,294.57,,16.85,60.5,,
2520,2024-09-22 12:00:00,260.17,,16.9,60.0,,
2521,2024-09-22 12:30:00,875.38,,16.95,60.0,,
2522,2024-09-22 13:00:00,707.8,,17.0,60.0,,
2523,2024-09-22 13:30:00,626.63,,16.7,61.5,,
2524,2024-09-22 14:00:00,1178.13,,16.4,63.0,,
2525,2024-09-22 14:30:00,433.53,,16.35,64.0,,
2526,2024-09-22 15:00:00,238.84,,16.3,65.0,,
2527,2024-09-22 15:30:00,176.21,,16.1,66.0,,
2528,2024-09-22 16:00:00,279.48,,15.9,67.0,,
2529,2024-09-22 16:30:00,275.43,,15.45,69.5,,
2530,2024-09-22 17:00:00,308.59,,15.0,72.0,,
2531,2024-09-22 17:30:00,410.8,,14.35,76.0,,
2532,2024-09-22 18:00:00,292.57,,13.7,80.0,,
2533,2024-09-22 18:30:00,330.1,,12.95,83.0,,
2534,2024-09-22 19:00:00,335.73,,12.2,86.0,,
2535,2024-09-22 19:30:00,286.17,,11.9,87.0,,
2536,2024-09-22 20:00:00,310.97,,11.6,88.0,,
2537,2024-09-22 20:30:00,451.67,,11.5,88.0,,
2538,2024-09-22 21:00:00,371.77,,11.4,88.0,,
2539,2024-09-22 21:30:00,220.73,,11.6,87.0,,
2540,2024-09-22 22:00:00,359.43,,11.8,86.0,,
2541,2024-09-22 22:30:00,352.43,,12.5,80.5,,
2542,2024-09-22 23:00:00,360.4,,13.2,75.0,,
2543,2024-09-22 23:30:00,357.53,,13.3,74.5,,
2544,2024-09-23 00:00:00,409.73,,13.4,74.0,,
2545,2024-09-23 00:30:00,611.7,,13.5,73.5,,
2546,2024-09-23 01:00:00,359.5,,13.6,73.0,,
2547,2024-09-23 01:30:00,423.43,,13.5,73.5,,
2548,2024-09-23 02:00:00,446.1,,13.4,74.0,,
2549,2024-09-23 02:30:00,429.13,,12.75,76.0,,
2550,2024-09-23 03:00:00,588.07,,12.1,78.0,,
2551,2024-09-23 03:30:00,494.1,,12.4,77.0,,
2552,2024-09-23 04:00:00,555.8,,12.7,76.0,,
2553,2024-09-23 04:30:00,523.1,,12.15,78.5,,
2554,2024-09-23 05:00:00,618.5,,11.6,81.0,,
2555,2024-09-23 05:30:00,470.73,,11.6,83.5,,
2556,2024-09-23 06:00:00,443.0,,11.6,86.0,,
2557,2024-09-23 06:30:00,372.53,,12.45,82.0,,
2558,2024-09-23 07:00:00,353.57,,13.3,78.0,,
2559,2024-09-23 07:30:00,481.0,,13.8,77.5,,
2560,2024-09-23 08:00:00,459.17,,14.3,77.0,,
2561,2024-09-23 08:30:00,240.43,,15.05,73.0,,
2562,2024-09-23 09:00:00,266.5,,15.8,69.0,,
2563,2024-09-23 09:30:00,310.84,,15.55,72.0,,
2564,2024-09-23 10:00:00,488.97,,15.3,75.0,,
2565,2024-09-23 10:30:00,239.79,,14.9,78.5,,
2566,2024-09-23 11:00:00,595.26,,14.5,82.0,,
2567,2024-09-23 11:30:00,2508.97,,14.2,83.5,,
2568,2024-09-23 12:00:00,1184.07,,13.9,85.0,,
2569,2024-09-23 12:30:00,807.67,,13.9,86.5,,
2570,2024-09-23 13:00:00,356.93,,13.9,88.0,,
2571,2024-09-23 13:30:00,275.43,,13.5,91.5,,
2572,2024-09-23 14:00:00,227.23,,13.1,95.0,,
2573,2024-09-23 14:30:00,308.07,,12.75,97.0,,
2574,2024-09-23 15:00:00,518.27,,12.4,99.0,,
2575,2024-09-23 15:30:00,1109.07,,12.35,99.0,,
2576,2024-09-23 16:00:00,809.9,,12.3,99.0,,
2577,2024-09-23 16:30:00,330.1,,12.1,99.0,,
2578,2024-09-23 17:00:00,639.8,,11.9,99.0,,
2579,2024-09-23 17:30:00,407.03,,11.85,99.0,,
2580,2024-09-23 18:00:00,312.42,,11.8,99.0,,
2581,2024-09-23 18:30:00,328.72,,11.6,99.0,,
2582,2024-09-23 19:00:00,283.33,,11.4,99.0,,
2583,2024-09-23 19:30:00,214.1,,11.35,99.0,,
2584,2024-09-23 20:00:00,239.6,,11.3,99.0,,
2585,2024-09-23 20:30:00,223.03,,11.3,99.0,,
2586,2024-09-23 21:00:00,337.77,,11.3,99.0,,
2587,2024-09-23 21:30:00,368.23,,11.35,99.5,,
2588,2024-09-23 22:00:00,328.1,,11.4,100.0,,
2589,2024-09-23 22:30:00,239.53,,11.35,100.0,,
2590,2024-09-23 23:00:00,248.83,,11.3,100.0,,
2591,2024-09-23 23:30:00,376.07,,11.35,99.0,,
2592,2024-09-24 00:00:00,245.83,,11.4,98.0,,
2593,2024-09-24 00:30:00,245.8,,11.4,98.5,,
2594,2024-09-24 01:00:00,322.55,,11.4,99.0,,
2595,2024-09-24 01:30:00,273.93,,11.35,99.0,,
2596,2024-09-24 02:00:00,351.53,,11.3,99.0,,
2597,2024-09-24 02:30:00,318.1,,11.25,99.0,,
2598,2024-09-24 03:00:00,337.43,,11.2,99.0,,
2599,2024-09-24 03:30:00,361.13,,11.3,99.0,,
2600,2024-09-24 04:00:00,423.7,,11.4,99.0,,
2601,2024-09-24 04:30:00,385.24,,11.0,99.0,,
2602,2024-09-24 05:00:00,505.03,,10.6,99.0,,
2603,2024-09-24 05:30:00,414.6,,10.65,99.0,,
2604,2024-09-24 06:00:00,350.1,,10.7,99.0,,
2605,2024-09-24 06:30:00,368.97,,10.8,98.5,,
2606,2024-09-24 07:00:00,304.97,,10.9,98.0,,
2607,2024-09-24 07:30:00,371.47,,11.2,94.5,,
2608,2024-09-24 08:00:00,265.67,,11.5,91.0,,
2609,2024-09-24 08:30:00,278.4,,12.15,88.5,,
2610,2024-09-24 09:00:00,281.77,,12.8,86.0,,
2611,2024-09-24 09:30:00,252.3,,13.15,85.0,,
2612,2024-09-24 10:00:00,222.37,,13.5,84.0,,
2613,2024-09-24 10:30:00,188.63,,13.9,82.5,,
2614,2024-09-24 11:00:00,320.43,,14.3,81.0,,
2615,2024-09-24 11:30:00,262.17,,14.55,78.5,,
2616,2024-09-24 12:00:00,246.33,,14.8,76.0,,
2617,2024-09-24 12:30:00,258.03,,14.8,73.5,,
2618,2024-09-24 13:00:00,284.57,,14.8,71.0,,
2619,2024-09-24 13:30:00,247.37,,14.3,71.5,,
2620,2024-09-24 14:00:00,154.07,,13.8,72.0,,
2621,2024-09-24 14:30:00,262.03,,13.55,73.5,,
2622,2024-09-24 15:00:00,219.73,,13.3,75.0,,
2623,2024-09-24 15:30:00,197.83,,12.7,79.0,,
2624,2024-09-24 16:00:00,824.33,,12.1,83.0,,
2625,2024-09-24 16:30:00,252.47,,11.6,88.5,,
2626,2024-09-24 17:00:00,458.93,,11.1,94.0,,
2627,2024-09-24 17:30:00,343.47,,11.05,94.5,,
2628,2024-09-24 18:00:00,329.43,,11.0,95.0,,
2629,2024-09-24 18:30:00,311.7,,10.85,95.5,,
2630,2024-09-24 19:00:00,408.7,,10.7,96.0,,
2631,2024-09-24 19:30:00,333.55,,10.3,97.0,,
2632,2024-09-24 20:00:00,219.93,,9.9,98.0,,
2633,2024-09-24 20:30:00,335.2,,10.0,98.0,,
2634,2024-09-24 21:00:00,248.87,,10.1,98.0,,
2635,2024-09-24 21:30:00,339.8,,9.95,98.5,,
2636,2024-09-24 22:00:00,327.57,,9.8,99.0,,
2637,2024-09-24 22:30:00,279.83,,9.8,99.0,,
2638,2024-09-24 23:00:00,285.43,,9.8,99.0,,
2639,2024-09-24 23:30:00,348.37,,9.8,99.0,,
2640,2024-09-25 00:00:00,341.13,,9.8,99.0,,
2641,2024-09-25 00:30:00,412.57,,9.65,99.0,,
2642,2024-09-25 01:00:00,302.29,,9.5,99.0,,
2643,2024-09-25 01:30:00,371.9,,9.6,98.5,,
2644,2024-09-25 02:00:00,360.6,,9.7,98.0,,
2645,2024-09-25 02:30:00,377.07,,9.7,98.0,,
2646,2024-09-25 03:00:00,409.81,,9.7,98.0,,
2647,2024-09-25 03:30:00,367.52,,9.65,97.5,,
2648,2024-09-25 04:00:00,417.5,,9.6,97.0,,
2649,2024-09-25 04:30:00,428.33,,9.45,97.0,,
2650,2024-09-25 05:00:00,1268.87,,9.3,97.0,,
2651,2024-09-25 05:30:00,1019.3,,9.45,95.0,,
2652,2024-09-25 06:00:00,269.73,,9.6,93.0,,
2653,2024-09-25 06:30:00,448.47,,10.05,91.5,,
2654,2024-09-25 07:00:00,472.27,,10.5,90.0,,
2655,2024-09-25 07:30:00,496.87,,10.95,89.0,,
2656,2024-09-25 08:00:00,309.47,,11.4,88.0,,
2657,2024-09-25 08:30:00,281.3,,11.65,87.0,,
2658,2024-09-25 09:00:00,312.79,,11.9,86.0,,
2659,2024-09-25 09:30:00,250.52,,12.3,84.5,,
2660,2024-09-25 10:00:00,301.38,,12.7,83.0,,
2661,2024-09-25 10:30:00,400.27,,12.9,86.0,,
2662,2024-09-25 11:00:00,238.73,,13.1,89.0,,
2663,2024-09-25 11:30:00,666.5,,13.1,90.0,,
2664,2024-09-25 12:00:00,910.4,,13.1,91.0,,
2665,2024-09-25 12:30:00,284.63,,13.25,89.0,,
2666,2024-09-25 13:00:00,206.5,,13.4,87.0,,
2667,2024-09-25 13:30:00,239.67,,13.1,87.5,,
2668,2024-09-25 14:00:00,245.74,,12.8,88.0,,
2669,2024-09-25 14:30:00,194.17,,12.45,90.5,,
2670,2024-09-25 15:00:00,254.1,,12.1,93.0,,
2671,2024-09-25 15:30:00,267.07,,11.75,95.0,,
2672,2024-09-25 16:00:00,221.79,,11.4,97.0,,
2673,2024-09-25 16:30:00,259.6,,11.35,97.5,,
2674,2024-09-25 17:00:00,317.2,,11.3,98.0,,
2675,2024-09-25 17:30:00,320.87,,11.25,98.5,,
2676,2024-09-25 18:00:00,307.97,,11.2,99.0,,
2677,2024-09-25 18:30:00,498.67,,11.2,99.0,,
2678,2024-09-25 19:00:00,397.83,,11.2,99.0,,
2679,2024-09-25 19:30:00,393.73,,11.25,98.5,,
2680,2024-09-25 20:00:00,316.52,,11.3,98.0,,
2681,2024-09-25 20:30:00,447.38,,11.2,98.5,,
2682,2024-09-25 21:00:00,354.9,,11.1,99.0,,
2683,2024-09-25 21:30:00,334.67,,11.15,99.0,,
2684,2024-09-25 22:00:00,373.07,,11.2,99.0,,
2685,2024-09-25 22:30:00,325.0,,11.1,99.0,,
2686,2024-09-25 23:00:00,441.2,,11.0,99.0,,
2687,2024-09-25 23:30:00,300.03,,11.1,99.0,,
2688,2024-09-26 00:00:00,286.33,,11.2,99.0,,
2689,2024-09-26 00:30:00,436.5,,11.35,99.0,,
2690,2024-09-26 01:00:00,480.73,,11.5,99.0,,
2691,2024-09-26 01:30:00,252.77,,11.4,99.0,,
2692,2024-09-26 02:00:00,359.5,,11.3,99.0,,
2693,2024-09-26 02:30:00,383.03,,11.3,99.0,,
2694,2024-09-26 03:00:00,247.4,,11.3,99.0,,
2695,2024-09-26 03:30:00,265.57,,11.3,99.5,,
2696,2024-09-26 04:00:00,325.83,,11.3,100.0,,
2697,2024-09-26 04:30:00,310.97,,11.35,100.0,,
2698,2024-09-26 05:00:00,284.43,,11.4,100.0,,
2699,2024-09-26 05:30:00,299.0,,11.45,100.0,,
2700,2024-09-26 06:00:00,243.9,,11.5,100.0,,
2701,2024-09-26 06:30:00,1764.7,,11.8,100.0,,
2702,2024-09-26 07:00:00,758.27,,12.1,100.0,,
2703,2024-09-26 07:30:00,340.73,,12.25,99.5,,
2704,2024-09-26 08:00:00,226.2,,12.4,99.0,,
2705,2024-09-26 08:30:00,289.7,,12.75,98.5,,
2706,2024-09-26 09:00:00,520.57,,13.1,98.0,,
2707,2024-09-26 09:30:00,772.03,,13.35,96.5,,
2708,2024-09-26 10:00:00,229.37,,13.6,95.0,,
2709,2024-09-26 10:30:00,240.33,,13.8,94.5,,
2710,2024-09-26 11:00:00,296.37,,14.0,94.0,,
2711,2024-09-26 11:30:00,303.57,,14.1,94.0,,
2712,2024-09-26 12:00:00,317.5,,14.2,94.0,,
2713,2024-09-26 12:30:00,219.37,,14.1,95.5,,
2714,2024-09-26 13:00:00,326.6,,14.0,97.0,,
2715,2024-09-26 13:30:00,314.23,,14.0,96.5,,
2716,2024-09-26 14:00:00,285.63,,14.0,96.0,,
2717,2024-09-26 14:30:00,460.53,,13.85,97.5,,
2718,2024-09-26 15:00:00,337.73,,13.7,99.0,,
2719,2024-09-26 15:30:00,328.4,,13.7,99.0,,
2720,2024-09-26 16:00:00,331.67,,13.7,99.0,,
2721,2024-09-26 16:30:00,673.93,,13.65,99.5,,
2722,2024-09-26 17:00:00,384.97,,13.6,100.0,,
2723,2024-09-26 17:30:00,393.23,,13.65,100.0,,
2724,2024-09-26 18:00:00,388.7,,13.7,100.0,,
2725,2024-09-26 18:30:00,313.33,,13.8,100.0,,
2726,2024-09-26 19:00:00,396.53,,13.9,100.0,,
2727,2024-09-26 19:30:00,441.23,,14.05,99.5,,
2728,2024-09-26 20:00:00,404.2,,14.2,99.0,,
2729,2024-09-26 20:30:00,393.93,,14.3,99.0,,
2730,2024-09-26 21:00:00,385.53,,14.4,99.0,,
2731,2024-09-26 21:30:00,320.57,,14.5,99.0,,
2732,2024-09-26 22:00:00,424.13,,14.6,99.0,,
2733,2024-09-26 22:30:00,327.03,,14.6,99.0,,
2734,2024-09-26 23:00:00,386.2,,14.6,99.0,,
2735,2024-09-26 23:30:00,305.33,,14.6,99.0,,
2736,2024-09-27 00:00:00,446.8,,14.6,99.0,,
2737,2024-09-27 00:30:00,355.03,,14.65,97.5,,
2738,2024-09-27 01:00:00,398.23,,14.7,96.0,,
2739,2024-09-27 01:30:00,430.33,,14.6,96.5,,
2740,2024-09-27 02:00:00,401.1,,14.5,97.0,,
2741,2024-09-27 02:30:00,313.97,,14.35,98.0,,
2742,2024-09-27 03:00:00,453.43,,14.2,99.0,,
2743,2024-09-27 03:30:00,407.17,,14.1,99.0,,
2744,2024-09-27 04:00:00,399.33,,14.0,99.0,,
2745,2024-09-27 04:30:00,305.57,,14.15,99.5,,
2746,2024-09-27 05:00:00,387.7,,14.3,100.0,,
2747,2024-09-27 05:30:00,429.9,,14.25,99.0,,
2748,2024-09-27 06:00:00,372.0,,14.2,98.0,,
2749,2024-09-27 06:30:00,1237.3,,14.3,96.5,,
2750,2024-09-27 07:00:00,609.3,,14.4,95.0,,
2751,2024-09-27 07:30:00,332.2,,14.6,96.0,,
2752,2024-09-27 08:00:00,409.17,,14.8,97.0,,
2753,2024-09-27 08:30:00,203.1,,15.2,97.5,,
2754,2024-09-27 09:00:00,232.57,,15.6,98.0,,
2755,2024-09-27 09:30:00,210.2,,15.35,97.0,,
2756,2024-09-27 10:00:00,162.87,,15.1,96.0,,
2757,2024-09-27 10:30:00,213.73,,15.5,92.0,,
2758,2024-09-27 11:00:00,213.67,,15.9,88.0,,
2759,2024-09-27 11:30:00,326.16,,16.05,86.0,,
2760,2024-09-27 12:00:00,285.47,,16.2,84.0,,
2761,2024-09-27 12:30:00,258.9,,16.4,82.5,,
2762,2024-09-27 13:00:00,254.63,,16.6,81.0,,
2763,2024-09-27 13:30:00,230.1,,16.6,78.5,,
2764,2024-09-27 14:00:00,194.43,,16.6,76.0,,
2765,2024-09-27 14:30:00,160.3,,16.15,77.0,,
2766,2024-09-27 15:00:00,201.77,,15.7,78.0,,
2767,2024-09-27 15:30:00,195.77,,15.05,82.5,,
2768,2024-09-27 16:00:00,230.67,,14.4,87.0,,
2769,2024-09-27 16:30:00,242.83,,13.8,92.0,,
2770,2024-09-27 17:00:00,312.5,,13.2,97.0,,
2771,2024-09-27 17:30:00,273.97,,13.0,98.0,,
2772,2024-09-27 18:00:00,280.3,,12.8,99.0,,
2773,2024-09-27 18:30:00,338.13,,12.85,99.0,,
2774,2024-09-27 19:00:00,337.07,,12.9,99.0,,
2775,2024-09-27 19:30:00,328.5,,12.85,99.0,,
2776,2024-09-27 20:00:00,409.7,,12.8,99.0,,
2777,2024-09-27 20:30:00,290.87,,12.55,99.0,,
2778,2024-09-27 21:00:00,292.67,,12.3,99.0,,
2779,2024-09-27 21:30:00,440.37,,12.25,99.0,,
2780,2024-09-27 22:00:00,354.65,,12.2,99.0,,
2781,2024-09-27 22:30:00,247.21,,12.2,98.5,,
2782,2024-09-27 23:00:00,393.9,,12.2,98.0,,
2783,2024-09-27 23:30:00,407.33,,12.0,98.5,,
2784,2024-09-28 00:00:00,426.17,,11.8,99.0,,
2785,2024-09-28 00:30:00,434.93,,11.6,98.5,,
2786,2024-09-28 01:00:00,415.4,,11.4,98.0,,
2787,2024-09-28 01:30:00,409.63,,11.25,97.5,,
2788,2024-09-28 02:00:00,441.83,,11.1,97.0,,
2789,2024-09-28 02:30:00,607.8,,10.7,97.0,,
2790,2024-09-28 03:00:00,534.63,,10.3,97.0,,
2791,2024-09-28 03:30:00,597.63,,9.95,98.0,,
2792,2024-09-28 04:00:00,624.67,,9.6,99.0,,
2793,2024-09-28 04:30:00,630.67,,9.45,98.5,,
2794,2024-09-28 05:00:00,534.5,,9.3,98.0,,
2795,2024-09-28 05:30:00,599.23,,9.35,98.0,,
2796,2024-09-28 06:00:00,635.17,,9.4,98.0,,
2797,2024-09-28 06:30:00,549.3,,9.55,98.0,,
2798,2024-09-28 07:00:00,346.03,,9.7,98.0,,
2799,2024-09-28 07:30:00,486.73,,10.25,94.0,,
2800,2024-09-28 08:00:00,510.23,,10.8,90.0,,
2801,2024-09-28 08:30:00,586.83,,11.45,85.0,,
2802,2024-09-28 09:00:00,1138.43,,12.1,80.0,,
2803,2024-09-28 09:30:00,289.87,,12.75,76.0,,
2804,2024-09-28 10:00:00,349.6,,13.4,72.0,,
2805,2024-09-28 10:30:00,273.9,,13.7,71.0,,
2806,2024-09-28 11:00:00,296.0,,14.0,70.0,,
2807,2024-09-28 11:30:00,328.6,,14.1,67.0,,
2808,2024-09-28 12:00:00,237.43,,14.2,64.0,,
2809,2024-09-28 12:30:00,1433.3,,14.0,66.5,,
2810,2024-09-28 13:00:00,384.57,,13.8,69.0,,
2811,2024-09-28 13:30:00,524.43,,13.8,69.0,,
2812,2024-09-28 14:00:00,474.9,,13.8,69.0,,
2813,2024-09-28 14:30:00,457.07,,13.8,68.0,,
2814,2024-09-28 15:00:00,398.77,,13.8,67.0,,
2815,2024-09-28 15:30:00,432.87,,13.55,69.5,,
2816,2024-09-28 16:00:00,344.23,,13.3,72.0,,
2817,2024-09-28 16:30:00,334.8,,12.0,75.0,,
2818,2024-09-28 17:00:00,359.93,,10.7,78.0,,
2819,2024-09-28 17:30:00,313.5,,10.05,77.0,,
2820,2024-09-28 18:00:00,299.07,,9.4,76.0,,
2821,2024-09-28 18:30:00,358.9,,9.15,76.5,,
2822,2024-09-28 19:00:00,414.1,,8.9,77.0,,
2823,2024-09-28 19:30:00,381.17,,8.95,74.0,,
2824,2024-09-28 20:00:00,447.37,,9.0,71.0,,
2825,2024-09-28 20:30:00,391.03,,8.45,72.5,,
2826,2024-09-28 21:00:00,455.7,,7.9,74.0,,
2827,2024-09-28 21:30:00,533.5,,7.7,74.5,,
2828,2024-09-28 22:00:00,380.13,,7.5,75.0,,
2829,2024-09-28 22:30:00,478.33,,7.1,77.5,,
2830,2024-09-28 23:00:00,445.0,,6.7,80.0,,
2831,2024-09-28 23:30:00,532.83,,6.45,81.5,,
2832,2024-09-29 00:00:00,479.4,,6.2,83.0,,
2833,2024-09-29 00:30:00,422.2,,6.1,84.0,,
2834,2024-09-29 01:00:00,497.03,,6.0,85.0,,
2835,2024-09-29 01:30:00,490.73,,5.8,86.0,,
2836,2024-09-29 02:00:00,556.7,,5.6,87.0,,
2837,2024-09-29 02:30:00,446.77,,5.6,87.0,,
2838,2024-09-29 03:00:00,633.63,,5.6,87.0,,
2839,2024-09-29 03:30:00,483.53,,5.35,87.5,,
2840,2024-09-29 04:00:00,650.9,,5.1,88.0,,
2841,2024-09-29 04:30:00,619.13,,5.0,87.5,,
2842,2024-09-29 05:00:00,440.0,,4.9,87.0,,
2843,2024-09-29 05:30:00,680.1,,5.65,87.0,,
2844,2024-09-29 06:00:00,624.23,,6.4,87.0,,
2845,2024-09-29 06:30:00,574.43,,8.15,84.5,,
2846,2024-09-29 07:00:00,595.1,,9.9,82.0,,
2847,2024-09-29 07:30:00,457.2,,10.95,75.5,,
2848,2024-09-29 08:00:00,419.52,,12.0,69.0,,
2849,2024-09-29 08:30:00,827.23,,12.6,66.5,,
2850,2024-09-29 09:00:00,1004.57,,13.2,64.0,,
2851,2024-09-29 09:30:00,1346.76,,13.55,61.5,,
2852,2024-09-29 10:00:00,491.35,,13.9,59.0,,
2853,2024-09-29 10:30:00,306.27,,13.65,62.5,,
2854,2024-09-29 11:00:00,357.76,,13.4,66.0,,
2855,2024-09-29 11:30:00,311.4,,13.5,67.0,,
2856,2024-09-29 12:00:00,238.4,,13.6,68.0,,
2857,2024-09-29 12:30:00,372.03,,13.7,67.5,,
2858,2024-09-29 13:00:00,263.87,,13.8,67.0,,
2859,2024-09-29 13:30:00,335.47,,13.9,66.0,,
2860,2024-09-29 14:00:00,262.97,,14.0,65.0,,
2861,2024-09-29 14:30:00,235.4,,13.85,65.0,,
2862,2024-09-29 15:00:00,257.73,,13.7,65.0,,
2863,2024-09-29 15:30:00,288.58,,13.3,64.0,,
2864,2024-09-29 16:00:00,270.8,,12.9,63.0,,
2865,2024-09-29 16:30:00,553.24,,11.85,68.0,,
2866,2024-09-29 17:00:00,630.4,,10.8,73.0,,
2867,2024-09-29 17:30:00,362.27,,10.75,70.5,,
2868,2024-09-29 18:00:00,371.37,,10.7,68.0,,
2869,2024-09-29 18:30:00,413.27,,11.2,64.0,,
2870,2024-09-29 19:00:00,353.67,,11.7,60.0,,
2871,2024-09-29 19:30:00,1448.1,,11.1,61.5,,
2872,2024-09-29 20:00:00,515.27,,10.5,63.0,,
2873,2024-09-29 20:30:00,409.67,,11.0,64.5,,
2874,2024-09-29 21:00:00,350.37,,11.5,66.0,,
2875,2024-09-29 21:30:00,413.73,,11.6,64.0,,
2876,2024-09-29 22:00:00,367.4,,11.7,62.0,,
2877,2024-09-29 22:30:00,297.53,,11.35,60.5,,
2878,2024-09-29 23:00:00,338.17,,11.0,59.0,,
2879,2024-09-29 23:30:00,409.13,,11.3,55.5,,
2880,2024-09-30 00:00:00,309.7,,11.6,52.0,,
2881,2024-09-30 00:30:00,481.3,,11.35,51.5,,
2882,2024-09-30 01:00:00,372.2,,11.1,51.0,,
2883,2024-09-30 01:30:00,360.23,,11.0,50.5,,
2884,2024-09-30 02:00:00,417.17,,10.9,50.0,,
2885,2024-09-30 02:30:00,407.6,,10.95,49.0,,
2886,2024-09-30 03:00:00,419.3,,11.0,48.0,,
2887,2024-09-30 03:30:00,494.9,,10.95,48.5,,
2888,2024-09-30 04:00:00,605.47,,10.9,49.0,,
2889,2024-09-30 04:30:00,816.07,,10.25,54.0,,
2890,2024-09-30 05:00:00,386.87,,9.6,59.0,,
2891,2024-09-30 05:30:00,461.33,,9.55,63.5,,
2892,2024-09-30 06:00:00,515.97,,9.5,68.0,,
2893,2024-09-30 06:30:00,452.7,,9.95,66.5,,
2894,2024-09-30 07:00:00,485.1,,10.4,65.0,,
2895,2024-09-30 07:30:00,459.83,,10.55,66.5,,
2896,2024-09-30 08:00:00,467.73,,10.7,68.0,,
2897,2024-09-30 08:30:00,414.83,,10.65,71.0,,
2898,2024-09-30 09:00:00,448.83,,10.6,74.0,,
2899,2024-09-30 09:30:00,388.53,,11.55,74.0,,
2900,2024-09-30 10:00:00,424.5,,12.5,74.0,,
2901,2024-09-30 10:30:00,339.97,,12.7,74.0,,
2902,2024-09-30 11:00:00,284.93,,12.9,74.0,,
2903,2024-09-30 11:30:00,268.53,,12.9,76.0,,
2904,2024-09-30 12:00:00,291.07,,12.9,78.0,,
2905,2024-09-30 12:30:00,279.4,,12.55,79.5,,
2906,2024-09-30 13:00:00,225.17,,12.2,81.0,,
2907,2024-09-30 13:30:00,200.8,,12.0,82.0,,
2908,2024-09-30 14:00:00,193.73,,11.8,83.0,,
2909,2024-09-30 14:30:00,243.2,,11.5,85.0,,
2910,2024-09-30 15:00:00,274.4,,11.2,87.0,,
2911,2024-09-30 15:30:00,280.17,,11.1,88.0,,
2912,2024-09-30 16:00:00,376.4,,11.0,89.0,,
2913,2024-09-30 16:30:00,446.33,,10.65,91.0,,
2914,2024-09-30 17:00:00,253.6,,10.3,93.0,,
2915,2024-09-30 17:30:00,413.1,,9.85,94.0,,
2916,2024-09-30 18:00:00,474.73,,9.4,95.0,,
2917,2024-09-30 18:30:00,407.2,,8.850000000000001,95.5,,
2918,2024-09-30 19:00:00,289.3,,8.3,96.0,,
2919,2024-09-30 19:30:00,368.83,,8.45,96.0,,
2920,2024-09-30 20:00:00,345.17,,8.6,96.0,,
2921,2024-09-30 20:30:00,299.17,,8.2,96.5,,
2922,2024-09-30 21:00:00,360.6,,7.8,97.0,,
2923,2024-09-30 21:30:00,341.57,,7.199999999999999,98.0,,
2924,2024-09-30 22:00:00,392.13,,6.6,99.0,,
2925,2024-09-30 22:30:00,429.4,,6.6,99.0,,
2926,2024-09-30 23:00:00,390.7,,6.6,99.0,,
2927,2024-09-30 23:30:00,388.33,,6.699999999999999,98.5,,
2928,2024-10-01 00:00:00,325.6,,6.8,98.0,,
2929,2024-10-01 00:30:00,469.07,,7.35,96.5,,
2930,2024-10-01 01:00:00,384.63,,7.9,95.0,,
2931,2024-10-01 01:30:00,412.63,,8.45,93.5,,
2932,2024-10-01 02:00:00,406.32,,9.0,92.0,,
2933,2024-10-01 02:30:00,401.1,,9.2,91.0,,
2934,2024-10-01 03:00:00,507.17,,9.4,90.0,,
2935,2024-10-01 03:30:00,394.48,,9.6,90.0,,
2936,2024-10-01 04:00:00,544.93,,9.8,90.0,,
2937,2024-10-01 04:30:00,502.43,,10.1,90.0,,
2938,2024-10-01 05:00:00,496.6,,10.4,90.0,,
2939,2024-10-01 05:30:00,374.0,,10.5,91.0,,
2940,2024-10-01 06:00:00,550.5,,10.6,92.0,,
2941,2024-10-01 06:30:00,445.0,,10.65,93.5,,
2942,2024-10-01 07:00:00,410.1,,10.7,95.0,,
2943,2024-10-01 07:30:00,413.6,,10.75,97.0,,
2944,2024-10-01 08:00:00,438.77,,10.8,99.0,,
2945,2024-10-01 08:30:00,384.9,,10.95,99.0,,
2946,2024-10-01 09:00:00,429.77,,11.1,99.0,,
2947,2024-10-01 09:30:00,403.83,,11.25,98.5,,
2948,2024-10-01 10:00:00,384.23,,11.4,98.0,,
2949,2024-10-01 10:30:00,400.17,,11.65,97.0,,
2950,2024-10-01 11:00:00,385.3,,11.9,96.0,,
2951,2024-10-01 11:30:00,417.84,,12.35,96.0,,
2952,2024-10-01 12:00:00,339.52,,12.8,96.0,,
2953,2024-10-01 12:30:00,363.65,,12.9,93.5,,
2954,2024-10-01 13:00:00,464.86,,13.0,91.0,,
2955,2024-10-01 13:30:00,424.23,,13.0,91.0,,
2956,2024-10-01 14:00:00,454.67,,13.0,91.0,,
2957,2024-10-01 14:30:00,297.5,,12.7,92.5,,
2958,2024-10-01 15:00:00,369.57,,12.4,94.0,,
2959,2024-10-01 15:30:00,360.23,,12.15,95.0,,
2960,2024-10-01 16:00:00,446.9,,11.9,96.0,,
2961,2024-10-01 16:30:00,816.6,,11.6,97.5,,
2962,2024-10-01 17:00:00,570.33,,11.3,99.0,,
2963,2024-10-01 17:30:00,473.9,,11.4,99.0,,
2964,2024-10-01 18:00:00,385.87,,11.5,99.0,,
2965,2024-10-01 18:30:00,447.14,,11.5,99.0,,
2966,2024-10-01 19:00:00,387.61,,11.5,99.0,,
2967,2024-10-01 19:30:00,435.97,,11.45,99.0,,
2968,2024-10-01 20:00:00,466.83,,11.4,99.0,,
2969,2024-10-01 20:30:00,392.83,,11.35,99.5,,
2970,2024-10-01 21:00:00,472.67,,11.3,100.0,,
2971,2024-10-01 21:30:00,407.6,,11.3,100.0,,
2972,2024-10-01 22:00:00,420.5,,11.3,100.0,,
2973,2024-10-01 22:30:00,426.84,,11.4,99.5,,
2974,2024-10-01 23:00:00,392.27,,11.5,99.0,,
2975,2024-10-01 23:30:00,476.93,,11.5,99.5,,
2976,2024-10-02 00:00:00,312.34,,11.5,100.0,,
2977,2024-10-02 00:30:00,464.7,,11.5,100.0,,
2978,2024-10-02 01:00:00,459.9,,11.5,100.0,,
2979,2024-10-02 01:30:00,530.6,,11.55,100.0,,
2980,2024-10-02 02:00:00,441.6,,11.6,100.0,,
2981,2024-10-02 02:30:00,376.23,,11.6,99.5,,
2982,2024-10-02 03:00:00,400.5,,11.6,99.0,,
2983,2024-10-02 03:30:00,514.9,,11.5,99.0,,
2984,2024-10-02 04:00:00,467.03,,11.4,99.0,,
2985,2024-10-02 04:30:00,510.13,,11.45,99.0,,
2986,2024-10-02 05:00:00,357.34,,11.5,99.0,,
2987,2024-10-02 05:30:00,511.9,,11.4,99.0,,
2988,2024-10-02 06:00:00,441.63,,11.3,99.0,,
2989,2024-10-02 06:30:00,811.28,,11.35,99.0,,
2990,2024-10-02 07:00:00,755.13,,11.4,99.0,,
2991,2024-10-02 07:30:00,580.35,,11.35,99.5,,
2992,2024-10-02 08:00:00,478.04,,11.3,100.0,,
2993,2024-10-02 08:30:00,424.73,,11.45,100.0,,
2994,2024-10-02 09:00:00,430.9,,11.6,100.0,,
2995,2024-10-02 09:30:00,339.55,,11.75,100.0,,
2996,2024-10-02 10:00:00,515.33,,11.9,100.0,,
2997,2024-10-02 10:30:00,344.77,,12.15,97.0,,
2998,2024-10-02 11:00:00,457.69,,12.4,94.0,,
2999,2024-10-02 11:30:00,1557.33,,12.45,97.0,,
3000,2024-10-02 12:00:00,410.6,,12.5,100.0,,
3001,2024-10-02 12:30:00,592.17,,12.6,97.5,,
3002,2024-10-02 13:00:00,477.0,,12.7,95.0,,
3003,2024-10-02 13:30:00,411.5,,12.45,95.0,,
3004,2024-10-02 14:00:00,331.67,,12.2,95.0,,
3005,2024-10-02 14:30:00,261.0,,12.2,94.5,,
3006,2024-10-02 15:00:00,315.37,,12.2,94.0,,
3007,2024-10-02 15:30:00,330.48,,12.05,96.0,,
3008,2024-10-02 16:00:00,413.8,,11.9,98.0,,
3009,2024-10-02 16:30:00,381.3,,11.5,98.5,,
3010,2024-10-02 17:00:00,589.52,,11.1,99.0,,
3011,2024-10-02 17:30:00,751.33,,10.95,99.0,,
3012,2024-10-02 18:00:00,473.43,,10.8,99.0,,
3013,2024-10-02 18:30:00,397.3,,10.7,99.0,,
3014,2024-10-02 19:00:00,517.17,,10.6,99.0,,
3015,2024-10-02 19:30:00,509.23,,10.4,98.0,,
3016,2024-10-02 20:00:00,378.5,,10.2,97.0,,
3017,2024-10-02 20:30:00,444.73,,10.1,96.5,,
3018,2024-10-02 21:00:00,485.53,,10.0,96.0,,
3019,2024-10-02 21:30:00,422.7,,10.0,96.5,,
3020,2024-10-02 22:00:00,320.37,,10.0,97.0,,
3021,2024-10-02 22:30:00,316.77,,9.85,97.5,,
3022,2024-10-02 23:00:00,398.97,,9.7,98.0,,
3023,2024-10-02 23:30:00,353.77,,9.75,98.0,,
3024,2024-10-03 00:00:00,368.53,,9.8,98.0,,
3025,2024-10-03 00:30:00,365.63,,9.7,97.5,,
3026,2024-10-03 01:00:00,422.07,,9.6,97.0,,
3027,2024-10-03 01:30:00,522.8,,9.55,97.0,,
3028,2024-10-03 02:00:00,629.73,,9.5,97.0,,
3029,2024-10-03 02:30:00,623.97,,9.5,96.5,,
3030,2024-10-03 03:00:00,516.83,,9.5,96.0,,
3031,2024-10-03 03:30:00,533.03,,9.45,96.0,,
3032,2024-10-03 04:00:00,559.5,,9.4,96.0,,
3033,2024-10-03 04:30:00,530.27,,9.7,94.5,,
3034,2024-10-03 05:00:00,504.7,,10.0,93.0,,
3035,2024-10-03 05:30:00,464.43,,10.0,93.5,,
3036,2024-10-03 06:00:00,623.0,,10.0,94.0,,
3037,2024-10-03 06:30:00,437.17,,10.15,94.0,,
3038,2024-10-03 07:00:00,386.13,,10.3,94.0,,
3039,2024-10-03 07:30:00,594.33,,10.3,94.0,,
3040,2024-10-03 08:00:00,651.4,,10.3,94.0,,
3041,2024-10-03 08:30:00,499.42,,10.35,94.0,,
3042,2024-10-03 09:00:00,1455.86,,10.4,94.0,,
3043,2024-10-03 09:30:00,873.0,,10.2,94.0,,
3044,2024-10-03 10:00:00,891.47,,10.0,94.0,,
3045,2024-10-03 10:30:00,662.27,,10.05,93.5,,
3046,2024-10-03 11:00:00,1005.77,,10.1,93.0,,
3047,2024-10-03 11:30:00,500.41,,9.7,93.0,,
3048,2024-10-03 12:00:00,508.03,,9.3,93.0,,
3049,2024-10-03 12:30:00,485.24,,9.15,93.0,,
3050,2024-10-03 13:00:00,571.93,,9.0,93.0,,
3051,2024-10-03 13:30:00,551.37,,8.7,94.0,,
3052,2024-10-03 14:00:00,533.9,,8.4,95.0,,
3053,2024-10-03 14:30:00,1295.9,,8.0,94.5,,
3054,2024-10-03 15:00:00,1309.83,,7.6,94.0,,
3055,2024-10-03 15:30:00,749.87,,7.4,92.0,,
3056,2024-10-03 16:00:00,767.97,,7.2,90.0,,
3057,2024-10-03 16:30:00,1161.83,,7.1,89.5,,
3058,2024-10-03 17:00:00,681.13,,7.0,89.0,,
3059,2024-10-03 17:30:00,700.27,,7.0,90.0,,
3060,2024-10-03 18:00:00,746.53,,7.0,91.0,,
3061,2024-10-03 18:30:00,644.1,,7.1,91.0,,
3062,2024-10-03 19:00:00,666.5,,7.2,91.0,,
3063,2024-10-03 19:30:00,659.42,,7.300000000000001,92.0,,
3064,2024-10-03 20:00:00,661.45,,7.4,93.0,,
3065,2024-10-03 20:30:00,609.9,,7.45,93.0,,
3066,2024-10-03 21:00:00,516.17,,7.5,93.0,,
3067,2024-10-03 21:30:00,650.2,,7.5,92.5,,
3068,2024-10-03 22:00:00,453.9,,7.5,92.0,,
3069,2024-10-03 22:30:00,728.37,,7.5,92.0,,
3070,2024-10-03 23:00:00,658.97,,7.5,92.0,,
3071,2024-10-03 23:30:00,613.72,,7.45,92.5,,
3072,2024-10-04 00:00:00,739.73,,7.4,93.0,,
3073,2024-10-04 00:30:00,568.37,,7.050000000000001,90.0,,
3074,2024-10-04 01:00:00,659.47,,6.7,87.0,,
3075,2024-10-04 01:30:00,647.4,,6.75,87.5,,
3076,2024-10-04 02:00:00,696.4,,6.8,88.0,,
3077,2024-10-04 02:30:00,688.23,,6.85,88.0,,
3078,2024-10-04 03:00:00,712.52,,6.9,88.0,,
3079,2024-10-04 03:30:00,647.9,,6.800000000000001,88.5,,
3080,2024-10-04 04:00:00,746.67,,6.7,89.0,,
3081,2024-10-04 04:30:00,641.23,,6.800000000000001,88.5,,
3082,2024-10-04 05:00:00,695.47,,6.9,88.0,,
3083,2024-10-04 05:30:00,695.5,,6.95,88.0,,
3084,2024-10-04 06:00:00,654.13,,7.0,88.0,,
3085,2024-10-04 06:30:00,821.43,,7.2,88.5,,
3086,2024-10-04 07:00:00,592.47,,7.4,89.0,,
3087,2024-10-04 07:30:00,650.23,,7.6,88.0,,
3088,2024-10-04 08:00:00,416.97,,7.8,87.0,,
3089,2024-10-04 08:30:00,809.33,,7.85,85.5,,
3090,2024-10-04 09:00:00,520.93,,7.9,84.0,,
3091,2024-10-04 09:30:00,673.93,,8.0,83.0,,
3092,2024-10-04 10:00:00,702.16,,8.1,82.0,,
3093,2024-10-04 10:30:00,732.83,,9.1,74.0,,
3094,2024-10-04 11:00:00,693.57,,10.1,66.0,,
3095,2024-10-04 11:30:00,596.73,,10.35,64.5,,
3096,2024-10-04 12:00:00,679.53,,10.6,63.0,,
3097,2024-10-04 12:30:00,577.93,,10.45,64.0,,
3098,2024-10-04 13:00:00,734.1,,10.3,65.0,,
3099,2024-10-04 13:30:00,1528.6,,10.15,66.5,,
3100,2024-10-04 14:00:00,480.0,,10.0,68.0,,
3101,2024-10-04 14:30:00,733.93,,9.55,71.5,,
3102,2024-10-04 15:00:00,537.07,,9.1,75.0,,
3103,2024-10-04 15:30:00,1167.7,,8.85,74.0,,
3104,2024-10-04 16:00:00,878.37,,8.6,73.0,,
3105,2024-10-04 16:30:00,566.13,,7.9,75.5,,
3106,2024-10-04 17:00:00,753.23,,7.2,78.0,,
3107,2024-10-04 17:30:00,594.53,,6.7,81.0,,
3108,2024-10-04 18:00:00,804.93,,6.2,84.0,,
3109,2024-10-04 18:30:00,785.03,,5.95,85.5,,
3110,2024-10-04 19:00:00,663.0,,5.7,87.0,,
3111,2024-10-04 19:30:00,721.13,,5.550000000000001,86.5,,
3112,2024-10-04 20:00:00,784.47,,5.4,86.0,,
3113,2024-10-04 20:30:00,583.1,,5.5,88.0,,
3114,2024-10-04 21:00:00,550.93,,5.6,90.0,,
3115,2024-10-04 21:30:00,496.57,,5.4,89.5,,
3116,2024-10-04 22:00:00,504.37,,5.2,89.0,,
3117,2024-10-04 22:30:00,676.6,,5.1,88.5,,
3118,2024-10-04 23:00:00,697.63,,5.0,88.0,,
3119,2024-10-04 23:30:00,715.8,,4.9,88.5,,
3120,2024-10-05 00:00:00,555.43,,4.8,89.0,,
3121,2024-10-05 00:30:00,554.37,,4.699999999999999,89.0,,
3122,2024-10-05 01:00:00,610.07,,4.6,89.0,,
3123,2024-10-05 01:30:00,748.93,,4.199999999999999,89.5,,
3124,2024-10-05 02:00:00,712.63,,3.8,90.0,,
3125,2024-10-05 02:30:00,749.13,,3.7,90.0,,
3126,2024-10-05 03:00:00,708.57,,3.6,90.0,,
3127,2024-10-05 03:30:00,734.6,,3.55,90.0,,
3128,2024-10-05 04:00:00,590.8,,3.5,90.0,,
3129,2024-10-05 04:30:00,935.93,,3.45,90.0,,
3130,2024-10-05 05:00:00,615.1,,3.4,90.0,,
3131,2024-10-05 05:30:00,717.2,,3.7,89.0,,
3132,2024-10-05 06:00:00,707.47,,4.0,88.0,,
3133,2024-10-05 06:30:00,705.6,,5.55,84.5,,
3134,2024-10-05 07:00:00,587.97,,7.1,81.0,,
3135,2024-10-05 07:30:00,615.0,,7.7,79.5,,
3136,2024-10-05 08:00:00,514.7,,8.3,78.0,,
3137,2024-10-05 08:30:00,751.4,,8.7,76.5,,
3138,2024-10-05 09:00:00,858.33,,9.1,75.0,,
3139,2024-10-05 09:30:00,519.17,,9.4,73.5,,
3140,2024-10-05 10:00:00,476.43,,9.7,72.0,,
3141,2024-10-05 10:30:00,552.61,,10.05,71.0,,
3142,2024-10-05 11:00:00,421.03,,10.4,70.0,,
3143,2024-10-05 11:30:00,569.07,,10.65,68.5,,
3144,2024-10-05 12:00:00,472.74,,10.9,67.0,,
3145,2024-10-05 12:30:00,456.8,,11.0,66.5,,
3146,2024-10-05 13:00:00,246.62,,11.1,66.0,,
3147,2024-10-05 13:30:00,332.23,,11.05,65.5,,
3148,2024-10-05 14:00:00,359.87,,11.0,65.0,,
3149,2024-10-05 14:30:00,471.37,,10.8,65.0,,
3150,2024-10-05 15:00:00,1124.17,,10.6,65.0,,
3151,2024-10-05 15:30:00,958.7,,10.25,67.0,,
3152,2024-10-05 16:00:00,1365.37,,9.9,69.0,,
3153,2024-10-05 16:30:00,972.16,,8.8,75.0,,
3154,2024-10-05 17:00:00,870.03,,7.7,81.0,,
3155,2024-10-05 17:30:00,1703.7,,7.25,82.5,,
3156,2024-10-05 18:00:00,573.1,,6.8,84.0,,
3157,2024-10-05 18:30:00,673.5,,6.449999999999999,84.5,,
3158,2024-10-05 19:00:00,584.97,,6.1,85.0,,
3159,2024-10-05 19:30:00,590.73,,5.75,86.0,,
3160,2024-10-05 20:00:00,519.77,,5.4,87.0,,
3161,2024-10-05 20:30:00,680.7,,5.2,87.0,,
3162,2024-10-05 21:00:00,570.53,,5.0,87.0,,
3163,2024-10-05 21:30:00,618.17,,4.8,87.5,,
3164,2024-10-05 22:00:00,562.47,,4.6,88.0,,
3165,2024-10-05 22:30:00,631.73,,4.699999999999999,86.5,,
3166,2024-10-05 23:00:00,507.47,,4.8,85.0,,
3167,2024-10-05 23:30:00,758.77,,4.4,86.5,,
3168,2024-10-06 00:00:00,519.33,,4.0,88.0,,
3169,2024-10-06 00:30:00,677.5,,4.2,86.0,,
3170,2024-10-06 01:00:00,764.93,,4.4,84.0,,
3171,2024-10-06 01:30:00,690.87,,4.5,83.0,,
3172,2024-10-06 02:00:00,754.3,,4.6,82.0,,
3173,2024-10-06 02:30:00,715.23,,5.199999999999999,77.0,,
3174,2024-10-06 03:00:00,753.83,,5.8,72.0,,
3175,2024-10-06 03:30:00,818.2,,6.949999999999999,67.0,,
3176,2024-10-06 04:00:00,896.45,,8.1,62.0,,
3177,2024-10-06 04:30:00,803.62,,8.2,64.0,,
3178,2024-10-06 05:00:00,690.87,,8.3,66.0,,
3179,2024-10-06 05:30:00,832.67,,7.85,72.0,,
3180,2024-10-06 06:00:00,802.93,,7.4,78.0,,
3181,2024-10-06 06:30:00,645.7,,7.8,76.5,,
3182,2024-10-06 07:00:00,664.27,,8.2,75.0,,
3183,2024-10-06 07:30:00,589.43,,8.35,77.0,,
3184,2024-10-06 08:00:00,549.5,,8.5,79.0,,
3185,2024-10-06 08:30:00,564.3,,8.7,81.5,,
3186,2024-10-06 09:00:00,463.87,,8.9,84.0,,
3187,2024-10-06 09:30:00,396.47,,9.55,82.5,,
3188,2024-10-06 10:00:00,794.43,,10.2,81.0,,
3189,2024-10-06 10:30:00,404.73,,9.95,83.0,,
3190,2024-10-06 11:00:00,260.23,,9.7,85.0,,
3191,2024-10-06 11:30:00,374.9,,9.55,86.0,,
3192,2024-10-06 12:00:00,320.0,,9.4,87.0,,
3193,2024-10-06 12:30:00,507.27,,9.1,91.0,,
3194,2024-10-06 13:00:00,211.83,,8.8,95.0,,
3195,2024-10-06 13:30:00,314.43,,9.1,93.5,,
3196,2024-10-06 14:00:00,373.27,,9.4,92.0,,
3197,2024-10-06 14:30:00,343.17,,9.5,91.0,,
3198,2024-10-06 15:00:00,330.87,,9.6,90.0,,
3199,2024-10-06 15:30:00,340.1,,9.5,91.0,,
3200,2024-10-06 16:00:00,538.93,,9.4,92.0,,
3201,2024-10-06 16:30:00,579.77,,9.05,95.0,,
3202,2024-10-06 17:00:00,657.33,,8.7,98.0,,
3203,2024-10-06 17:30:00,1665.2,,8.55,99.0,,
3204,2024-10-06 18:00:00,587.2,,8.4,100.0,,
3205,2024-10-06 18:30:00,550.1,,8.5,99.5,,
3206,2024-10-06 19:00:00,552.37,,8.6,99.0,,
3207,2024-10-06 19:30:00,555.2,,8.6,99.0,,
3208,2024-10-06 20:00:00,584.43,,8.6,99.0,,
3209,2024-10-06 20:30:00,643.23,,8.7,97.5,,
3210,2024-10-06 21:00:00,567.27,,8.8,96.0,,
3211,2024-10-06 21:30:00,690.1,,8.850000000000001,95.0,,
3212,2024-10-06 22:00:00,592.9,,8.9,94.0,,
3213,2024-10-06 22:30:00,610.8,,8.9,93.5,,
3214,2024-10-06 23:00:00,737.4,,8.9,93.0,,
3215,2024-10-06 23:30:00,532.5,,8.95,93.0,,
3216,2024-10-07 00:00:00,728.43,,9.0,93.0,,
3217,2024-10-07 00:30:00,613.27,,9.1,93.0,,
3218,2024-10-07 01:00:00,876.53,,9.2,93.0,,
3219,2024-10-07 01:30:00,717.33,,9.3,93.5,,
3220,2024-10-07 02:00:00,611.7,,9.4,94.0,,
3221,2024-10-07 02:30:00,645.6,,9.5,94.5,,
3222,2024-10-07 03:00:00,685.83,,9.6,95.0,,
3223,2024-10-07 03:30:00,696.37,,9.8,95.5,,
3224,2024-10-07 04:00:00,666.37,,10.0,96.0,,
3225,2024-10-07 04:30:00,754.87,,10.0,96.0,,
3226,2024-10-07 05:00:00,676.17,,10.0,96.0,,
3227,2024-10-07 05:30:00,706.5,,10.1,95.5,,
3228,2024-10-07 06:00:00,540.35,,10.2,95.0,,
3229,2024-10-07 06:30:00,738.53,,10.35,95.0,,
3230,2024-10-07 07:00:00,701.63,,10.5,95.0,,
3231,2024-10-07 07:30:00,551.86,,10.5,96.0,,
3232,2024-10-07 08:00:00,453.13,,10.5,97.0,,
3233,2024-10-07 08:30:00,415.83,,10.7,97.0,,
3234,2024-10-07 09:00:00,1656.0,,10.9,97.0,,
3235,2024-10-07 09:30:00,393.77,,11.0,97.5,,
3236,2024-10-07 10:00:00,614.03,,11.1,98.0,,
3237,2024-10-07 10:30:00,621.07,,11.2,98.0,,
3238,2024-10-07 11:00:00,617.0,,11.3,98.0,,
3239,2024-10-07 11:30:00,349.2,,11.6,97.0,,
3240,2024-10-07 12:00:00,365.73,,11.9,96.0,,
3241,2024-10-07 12:30:00,290.43,,12.1,95.5,,
3242,2024-10-07 13:00:00,296.17,,12.3,95.0,,
3243,2024-10-07 13:30:00,330.47,,12.15,96.5,,
3244,2024-10-07 14:00:00,361.93,,12.0,98.0,,
3245,2024-10-07 14:30:00,386.87,,11.9,98.0,,
3246,2024-10-07 15:00:00,419.43,,11.8,98.0,,
3247,2024-10-07 15:30:00,477.57,,11.75,98.0,,
3248,2024-10-07 16:00:00,542.35,,11.7,98.0,,
3249,2024-10-07 16:30:00,373.45,,11.55,98.5,,
3250,2024-10-07 17:00:00,800.53,,11.4,99.0,,
3251,2024-10-07 17:30:00,538.74,,11.5,98.5,,
3252,2024-10-07 18:00:00,386.76,,11.6,98.0,,
3253,2024-10-07 18:30:00,620.47,,11.6,99.0,,
3254,2024-10-07 19:00:00,459.27,,11.6,100.0,,
3255,2024-10-07 19:30:00,1143.57,,11.7,100.0,,
3256,2024-10-07 20:00:00,1003.0,,11.8,100.0,,
3257,2024-10-07 20:30:00,421.6,,11.8,100.0,,
3258,2024-10-07 21:00:00,579.4,,11.8,100.0,,
3259,2024-10-07 21:30:00,488.77,,11.85,99.5,,
3260,2024-10-07 22:00:00,473.07,,11.9,99.0,,
3261,2024-10-07 22:30:00,478.77,,11.95,99.0,,
3262,2024-10-07 23:00:00,516.57,,12.0,99.0,,
3263,2024-10-07 23:30:00,496.81,,12.05,99.0,,
3264,2024-10-08 00:00:00,599.76,,12.1,99.0,,
3265,2024-10-08 00:30:00,526.23,,12.05,99.0,,
3266,2024-10-08 01:00:00,532.43,,12.0,99.0,,
3267,2024-10-08 01:30:00,639.77,,12.1,99.0,,
3268,2024-10-08 02:00:00,499.43,,12.2,99.0,,
3269,2024-10-08 02:30:00,579.23,,12.2,99.0,,
3270,2024-10-08 03:00:00,541.07,,12.2,99.0,,
3271,2024-10-08 03:30:00,514.77,,12.25,99.0,,
3272,2024-10-08 04:00:00,724.77,,12.3,99.0,,
3273,2024-10-08 04:30:00,508.07,,12.3,98.5,,
3274,2024-10-08 05:00:00,562.03,,12.3,98.0,,
3275,2024-10-08 05:30:00,633.8,,12.25,98.5,,
3276,2024-10-08 06:00:00,447.7,,12.2,99.0,,
3277,2024-10-08 06:30:00,698.8,,12.15,99.5,,
3278,2024-10-08 07:00:00,506.87,,12.1,100.0,,
3279,2024-10-08 07:30:00,412.1,,12.05,100.0,,
3280,2024-10-08 08:00:00,437.73,,12.0,100.0,,
3281,2024-10-08 08:30:00,718.5,,12.0,100.0,,
3282,2024-10-08 09:00:00,440.93,,12.0,100.0,,
3283,2024-10-08 09:30:00,378.23,,12.6,99.5,,
3284,2024-10-08 10:00:00,660.9,,13.2,99.0,,
3285,2024-10-08 10:30:00,498.4,,13.0,99.5,,
3286,2024-10-08 11:00:00,523.83,,12.8,100.0,,
3287,2024-10-08 11:30:00,379.0,,12.75,100.0,,
3288,2024-10-08 12:00:00,339.87,,12.7,100.0,,
3289,2024-10-08 12:30:00,372.8,,12.95,100.0,,
3290,2024-10-08 13:00:00,358.03,,13.2,100.0,,
3291,2024-10-08 13:30:00,389.77,,13.05,100.0,,
3292,2024-10-08 14:00:00,430.9,,12.9,100.0,,
3293,2024-10-08 14:30:00,484.35,,12.65,100.0,,
3294,2024-10-08 15:00:00,421.53,,12.4,100.0,,
3295,2024-10-08 15:30:00,515.3,,12.25,97.5,,
3296,2024-10-08 16:00:00,386.07,,12.1,95.0,,
3297,2024-10-08 16:30:00,608.1,,11.65,95.5,,
3298,2024-10-08 17:00:00,738.6,,11.2,96.0,,
3299,2024-10-08 17:30:00,463.9,,11.05,97.5,,
3300,2024-10-08 18:00:00,378.63,,10.9,99.0,,
3301,2024-10-08 18:30:00,455.9,,10.8,99.0,,
3302,2024-10-08 19:00:00,368.23,,10.7,99.0,,
3303,2024-10-08 19:30:00,416.1,,10.65,99.0,,
3304,2024-10-08 20:00:00,358.5,,10.6,99.0,,
3305,2024-10-08 20:30:00,464.45,,10.65,99.0,,
3306,2024-10-08 21:00:00,302.07,,10.7,99.0,,
3307,2024-10-08 21:30:00,366.62,,10.7,99.0,,
3308,2024-10-08 22:00:00,432.9,,10.7,99.0,,
3309,2024-10-08 22:30:00,367.41,,10.85,99.5,,
3310,2024-10-08 23:00:00,409.9,,11.0,100.0,,
3311,2024-10-08 23:30:00,379.43,,10.9,100.0,,
3312,2024-10-09 00:00:00,318.73,,10.8,100.0,,
3313,2024-10-09 00:30:00,416.0,,11.2,99.5,,
3314,2024-10-09 01:00:00,509.83,,11.6,99.0,,
3315,2024-10-09 01:30:00,450.57,,11.45,98.5,,
3316,2024-10-09 02:00:00,596.33,,11.3,98.0,,
3317,2024-10-09 02:30:00,492.13,,11.15,98.5,,
3318,2024-10-09 03:00:00,422.77,,11.0,99.0,,
3319,2024-10-09 03:30:00,559.93,,10.85,99.0,,
3320,2024-10-09 04:00:00,479.4,,10.7,99.0,,
3321,2024-10-09 04:30:00,458.23,,10.8,99.5,,
3322,2024-10-09 05:00:00,407.7,,10.9,100.0,,
3323,2024-10-09 05:30:00,509.6,,10.9,99.5,,
3324,2024-10-09 06:00:00,418.2,,10.9,99.0,,
3325,2024-10-09 06:30:00,435.73,,11.05,99.0,,
3326,2024-10-09 07:00:00,1175.28,,11.2,99.0,,
3327,2024-10-09 07:30:00,1087.53,,11.35,98.5,,
3328,2024-10-09 08:00:00,382.43,,11.5,98.0,,
3329,2024-10-09 08:30:00,372.07,,11.65,96.5,,
3330,2024-10-09 09:00:00,407.0,,11.8,95.0,,
3331,2024-10-09 09:30:00,389.33,,12.1,96.5,,
3332,2024-10-09 10:00:00,706.9,,12.4,98.0,,
3333,2024-10-09 10:30:00,359.4,,12.55,97.5,,
3334,2024-10-09 11:00:00,345.87,,12.7,97.0,,
3335,2024-10-09 11:30:00,272.37,,12.5,97.0,,
3336,2024-10-09 12:00:00,473.03,,12.3,97.0,,
3337,2024-10-09 12:30:00,323.67,,12.2,98.0,,
3338,2024-10-09 13:00:00,281.2,,12.1,99.0,,
3339,2024-10-09 13:30:00,347.03,,11.9,99.0,,
3340,2024-10-09 14:00:00,275.97,,11.7,99.0,,
3341,2024-10-09 14:30:00,323.87,,11.85,99.0,,
3342,2024-10-09 15:00:00,320.83,,12.0,99.0,,
3343,2024-10-09 15:30:00,355.33,,11.9,97.0,,
3344,2024-10-09 16:00:00,358.17,,11.8,95.0,,
3345,2024-10-09 16:30:00,458.2,,11.7,95.5,,
3346,2024-10-09 17:00:00,882.3,,11.6,96.0,,
3347,2024-10-09 17:30:00,376.97,,11.5,97.5,,
3348,2024-10-09 18:00:00,453.3,,11.4,99.0,,
3349,2024-10-09 18:30:00,352.93,,11.45,99.0,,
3350,2024-10-09 19:00:00,373.23,,11.5,99.0,,
3351,2024-10-09 19:30:00,451.33,,11.45,99.5,,
3352,2024-10-09 20:00:00,400.2,,11.4,100.0,,
3353,2024-10-09 20:30:00,371.37,,11.35,100.0,,
3354,2024-10-09 21:00:00,417.03,,11.3,100.0,,
3355,2024-10-09 21:30:00,322.9,,11.5,100.0,,
3356,2024-10-09 22:00:00,431.67,,11.7,100.0,,
3357,2024-10-09 22:30:00,348.7,,11.7,99.5,,
3358,2024-10-09 23:00:00,427.03,,11.7,99.0,,
3359,2024-10-09 23:30:00,425.4,,11.65,99.5,,
3360,2024-10-10 00:00:00,327.43,,11.6,100.0,,
3361,2024-10-10 00:30:00,377.5,,11.75,99.5,,
3362,2024-10-10 01:00:00,427.52,,11.9,99.0,,
3363,2024-10-10 01:30:00,452.86,,11.95,99.0,,
3364,2024-10-10 02:00:00,335.37,,12.0,99.0,,
3365,2024-10-10 02:30:00,483.9,,12.05,99.0,,
3366,2024-10-10 03:00:00,442.3,,12.1,99.0,,
3367,2024-10-10 03:30:00,384.77,,12.15,99.5,,
3368,2024-10-10 04:00:00,444.8,,12.2,100.0,,
3369,2024-10-10 04:30:00,416.77,,12.2,99.5,,
3370,2024-10-10 05:00:00,401.47,,12.2,99.0,,
3371,2024-10-10 05:30:00,423.87,,12.3,99.0,,
3372,2024-10-10 06:00:00,381.03,,12.4,99.0,,
3373,2024-10-10 06:30:00,1171.9,,12.3,99.0,,
3374,2024-10-10 07:00:00,872.53,,12.2,99.0,,
3375,2024-10-10 07:30:00,1266.23,,12.15,99.0,,
3376,2024-10-10 08:00:00,906.5,,12.1,99.0,,
3377,2024-10-10 08:30:00,1010.0,,12.2,97.5,,
3378,2024-10-10 09:00:00,709.7,,12.3,96.0,,
3379,2024-10-10 09:30:00,314.4,,12.5,95.0,,
3380,2024-10-10 10:00:00,549.47,,12.7,94.0,,
3381,2024-10-10 10:30:00,388.6,,12.6,93.0,,
3382,2024-10-10 11:00:00,392.77,,12.5,92.0,,
3383,2024-10-10 11:30:00,324.23,,12.4,92.0,,
3384,2024-10-10 12:00:00,409.58,,12.3,92.0,,
3385,2024-10-10 12:30:00,303.83,,12.45,91.0,,
3386,2024-10-10 13:00:00,304.4,,12.6,90.0,,
3387,2024-10-10 13:30:00,332.8,,12.7,89.5,,
3388,2024-10-10 14:00:00,295.47,,12.8,89.0,,
3389,2024-10-10 14:30:00,339.0,,12.45,90.0,,
3390,2024-10-10 15:00:00,335.73,,12.1,91.0,,
3391,2024-10-10 15:30:00,382.17,,11.8,93.5,,
3392,2024-10-10 16:00:00,643.81,,11.5,96.0,,
3393,2024-10-10 16:30:00,304.59,,11.3,97.0,,
3394,2024-10-10 17:00:00,427.53,,11.1,98.0,,
3395,2024-10-10 17:30:00,454.07,,11.05,97.5,,
3396,2024-10-10 18:00:00,562.23,,11.0,97.0,,
3397,2024-10-10 18:30:00,447.93,,10.5,97.0,,
3398,2024-10-10 19:00:00,364.63,,10.0,97.0,,
3399,2024-10-10 19:30:00,415.8,,9.55,98.0,,
3400,2024-10-10 20:00:00,569.2,,9.1,99.0,,
3401,2024-10-10 20:30:00,315.77,,8.6,99.5,,
3402,2024-10-10 21:00:00,398.4,,8.1,100.0,,
3403,2024-10-10 21:30:00,471.83,,7.85,100.0,,
3404,2024-10-10 22:00:00,504.43,,7.6,100.0,,
3405,2024-10-10 22:30:00,261.03,,8.649999999999999,98.5,,
3406,2024-10-10 23:00:00,492.27,,9.7,97.0,,
3407,2024-10-10 23:30:00,386.1,,9.65,96.5,,
3408,2024-10-11 00:00:00,406.27,,9.6,96.0,,
3409,2024-10-11 00:30:00,633.23,,9.3,96.5,,
3410,2024-10-11 01:00:00,444.0,,9.0,97.0,,
3411,2024-10-11 01:30:00,541.23,,8.55,97.5,,
3412,2024-10-11 02:00:00,600.97,,8.1,98.0,,
3413,2024-10-11 02:30:00,593.77,,7.85,97.0,,
3414,2024-10-11 03:00:00,652.83,,7.6,96.0,,
3415,2024-10-11 03:30:00,512.69,,7.05,95.0,,
3416,2024-10-11 04:00:00,1920.87,,6.5,94.0,,
3417,2024-10-11 04:30:00,809.67,,6.45,93.5,,
3418,2024-10-11 05:00:00,681.83,,6.4,93.0,,
3419,2024-10-11 05:30:00,655.16,,6.5,92.5,,
3420,2024-10-11 06:00:00,614.55,,6.6,92.0,,
3421,2024-10-11 06:30:00,585.32,,7.95,91.0,,
3422,2024-10-11 07:00:00,387.52,,9.3,90.0,,
3423,2024-10-11 07:30:00,395.97,,10.65,88.5,,
3424,2024-10-11 08:00:00,685.4,,12.0,87.0,,
3425,2024-10-11 08:30:00,326.8,,12.85,77.0,,
3426,2024-10-11 09:00:00,489.03,,13.7,67.0,,
3427,2024-10-11 09:30:00,377.37,,14.2,64.0,,
3428,2024-10-11 10:00:00,551.4,,14.7,61.0,,
3429,2024-10-11 10:30:00,327.23,,14.9,58.0,,
3430,2024-10-11 11:00:00,463.5,,15.1,55.0,,
3431,2024-10-11 11:30:00,500.67,,15.25,53.5,,
3432,2024-10-11 12:00:00,480.13,,15.4,52.0,,
3433,2024-10-11 12:30:00,360.87,,15.0,54.5,,
3434,2024-10-11 13:00:00,329.6,,14.6,57.0,,
3435,2024-10-11 13:30:00,401.67,,13.35,68.0,,
3436,2024-10-11 14:00:00,519.2,,12.1,79.0,,
3437,2024-10-11 14:30:00,807.27,,12.2,78.5,,
3438,2024-10-11 15:00:00,394.1,,12.3,78.0,,
3439,2024-10-11 15:30:00,325.27,,12.05,82.5,,
3440,2024-10-11 16:00:00,585.6,,11.8,87.0,,
3441,2024-10-11 16:30:00,380.67,,11.65,83.0,,
3442,2024-10-11 17:00:00,344.43,,11.5,79.0,,
3443,2024-10-11 17:30:00,411.77,,10.8,81.0,,
3444,2024-10-11 18:00:00,542.97,,10.1,83.0,,
3445,2024-10-11 18:30:00,327.17,,9.25,86.0,,
3446,2024-10-11 19:00:00,497.1,,8.4,89.0,,
3447,2024-10-11 19:30:00,560.13,,8.2,90.0,,
3448,2024-10-11 20:00:00,408.73,,8.0,91.0,,
3449,2024-10-11 20:30:00,520.7,,7.6,92.0,,
3450,2024-10-11 21:00:00,446.3,,7.2,93.0,,
3451,2024-10-11 21:30:00,524.27,,7.550000000000001,92.0,,
3452,2024-10-11 22:00:00,495.1,,7.9,91.0,,
3453,2024-10-11 22:30:00,490.1,,8.3,90.0,,
3454,2024-10-11 23:00:00,540.17,,8.7,89.0,,
3455,2024-10-11 23:30:00,552.23,,9.5,83.0,,
3456,2024-10-12 00:00:00,538.73,,10.3,77.0,,
3457,2024-10-12 00:30:00,611.67,,10.1,77.0,,
3458,2024-10-12 01:00:00,2053.03,,9.9,77.0,,
3459,2024-10-12 01:30:00,1426.0,,9.8,77.0,,
3460,2024-10-12 02:00:00,526.5,,9.7,77.0,,
3461,2024-10-12 02:30:00,555.13,,8.75,79.0,,
3462,2024-10-12 03:00:00,718.47,,7.8,81.0,,
3463,2024-10-12 03:30:00,656.87,,7.949999999999999,81.0,,
3464,2024-10-12 04:00:00,674.3,,8.1,81.0,,
3465,2024-10-12 04:30:00,635.5,,6.65,84.5,,
3466,2024-10-12 05:00:00,587.43,,5.2,88.0,,
3467,2024-10-12 05:30:00,673.4,,5.300000000000001,89.0,,
3468,2024-10-12 06:00:00,358.33,,5.4,90.0,,
3469,2024-10-12 06:30:00,819.67,,7.15,87.5,,
3470,2024-10-12 07:00:00,406.53,,8.9,85.0,,
3471,2024-10-12 07:30:00,456.83,,10.0,83.5,,
3472,2024-10-12 08:00:00,432.4,,11.1,82.0,,
3473,2024-10-12 08:30:00,424.83,,11.8,78.5,,
3474,2024-10-12 09:00:00,565.47,,12.5,75.0,,
3475,2024-10-12 09:30:00,1108.53,,13.0,72.0,,
3476,2024-10-12 10:00:00,599.0,,13.5,69.0,,
3477,2024-10-12 10:30:00,448.83,,13.55,67.5,,
3478,2024-10-12 11:00:00,531.8,,13.6,66.0,,
3479,2024-10-12 11:30:00,621.2,,13.6,65.5,,
3480,2024-10-12 12:00:00,393.03,,13.6,65.0,,
3481,2024-10-12 12:30:00,1624.57,,13.75,64.5,,
3482,2024-10-12 13:00:00,382.77,,13.9,64.0,,
3483,2024-10-12 13:30:00,431.43,,13.55,68.5,,
3484,2024-10-12 14:00:00,360.14,,13.2,73.0,,
3485,2024-10-12 14:30:00,466.67,,12.85,74.5,,
3486,2024-10-12 15:00:00,331.23,,12.5,76.0,,
3487,2024-10-12 15:30:00,364.77,,11.9,81.0,,
3488,2024-10-12 16:00:00,388.5,,11.3,86.0,,
3489,2024-10-12 16:30:00,380.33,,10.6,89.5,,
3490,2024-10-12 17:00:00,718.03,,9.9,93.0,,
3491,2024-10-12 17:30:00,589.93,,9.5,95.0,,
3492,2024-10-12 18:00:00,542.45,,9.1,97.0,,
3493,2024-10-12 18:30:00,445.37,,9.1,97.5,,
3494,2024-10-12 19:00:00,554.87,,9.1,98.0,,
3495,2024-10-12 19:30:00,439.83,,9.15,97.0,,
3496,2024-10-12 20:00:00,463.23,,9.2,96.0,,
3497,2024-10-12 20:30:00,495.5,,9.0,96.0,,
3498,2024-10-12 21:00:00,470.57,,8.8,96.0,,
3499,2024-10-12 21:30:00,421.0,,8.75,96.0,,
3500,2024-10-12 22:00:00,451.97,,8.7,96.0,,
3501,2024-10-12 22:30:00,375.47,,8.45,96.0,,
3502,2024-10-12 23:00:00,490.5,,8.2,96.0,,
3503,2024-10-12 23:30:00,467.93,,7.899999999999999,96.5,,
3504,2024-10-13 00:00:00,417.42,,7.6,97.0,,
3505,2024-10-13 00:30:00,460.59,,6.949999999999999,97.0,,
3506,2024-10-13 01:00:00,602.3,,6.3,97.0,,
3507,2024-10-13 01:30:00,551.7,,6.55,95.5,,
3508,2024-10-13 02:00:00,570.8,,6.8,94.0,,
3509,2024-10-13 02:30:00,562.1,,6.75,93.0,,
3510,2024-10-13 03:00:00,497.4,,6.7,92.0,,
3511,2024-10-13 03:30:00,587.93,,6.800000000000001,90.5,,
3512,2024-10-13 04:00:00,544.07,,6.9,89.0,,
3513,2024-10-13 04:30:00,626.6,,6.9,88.0,,
3514,2024-10-13 05:00:00,690.07,,6.9,87.0,,
3515,2024-10-13 05:30:00,491.45,,7.5,85.0,,
3516,2024-10-13 06:00:00,675.28,,8.1,83.0,,
3517,2024-10-13 06:30:00,571.07,,8.55,82.5,,
3518,2024-10-13 07:00:00,520.03,,9.0,82.0,,
3519,2024-10-13 07:30:00,345.32,,9.25,83.0,,
3520,2024-10-13 08:00:00,484.9,,9.5,84.0,,
3521,2024-10-13 08:30:00,353.0,,9.85,84.0,,
3522,2024-10-13 09:00:00,347.13,,10.2,84.0,,
3523,2024-10-13 09:30:00,372.07,,10.5,83.5,,
3524,2024-10-13 10:00:00,1466.57,,10.8,83.0,,
3525,2024-10-13 10:30:00,750.57,,11.0,84.0,,
3526,2024-10-13 11:00:00,1849.3,,11.2,85.0,,
3527,2024-10-13 11:30:00,656.07,,11.35,85.0,,
3528,2024-10-13 12:00:00,292.07,,11.5,85.0,,
3529,2024-10-13 12:30:00,295.97,,11.45,86.0,,
3530,2024-10-13 13:00:00,269.23,,11.4,87.0,,
3531,2024-10-13 13:30:00,298.43,,11.55,86.5,,
3532,2024-10-13 14:00:00,331.1,,11.7,86.0,,
3533,2024-10-13 14:30:00,270.77,,11.6,87.5,,
3534,2024-10-13 15:00:00,357.1,,11.5,89.0,,
3535,2024-10-13 15:30:00,328.3,,11.3,92.5,,
3536,2024-10-13 16:00:00,452.33,,11.1,96.0,,
3537,2024-10-13 16:30:00,623.13,,10.95,96.0,,
3538,2024-10-13 17:00:00,466.53,,10.8,96.0,,
3539,2024-10-13 17:30:00,463.87,,10.8,95.5,,
3540,2024-10-13 18:00:00,453.5,,10.8,95.0,,
3541,2024-10-13 18:30:00,474.63,,10.75,95.0,,
3542,2024-10-13 19:00:00,462.43,,10.7,95.0,,
3543,2024-10-13 19:30:00,544.87,,10.7,95.5,,
3544,2024-10-13 20:00:00,513.13,,10.7,96.0,,
3545,2024-10-13 20:30:00,387.2,,10.5,95.0,,
3546,2024-10-13 21:00:00,478.2,,10.3,94.0,,
3547,2024-10-13 21:30:00,370.6,,10.2,94.5,,
3548,2024-10-13 22:00:00,390.4,,10.1,95.0,,
3549,2024-10-13 22:30:00,512.8,,10.1,95.0,,
3550,2024-10-13 23:00:00,357.57,,10.1,95.0,,
3551,2024-10-13 23:30:00,366.8,,9.8,96.5,,
3552,2024-10-14 00:00:00,395.33,,9.5,98.0,,
3553,2024-10-14 00:30:00,427.4,,9.5,98.5,,
3554,2024-10-14 01:00:00,602.03,,9.5,99.0,,
3555,2024-10-14 01:30:00,456.73,,9.45,98.5,,
3556,2024-10-14 02:00:00,547.4,,9.4,98.0,,
3557,2024-10-14 02:30:00,548.67,,9.75,97.0,,
3558,2024-10-14 03:00:00,534.4,,10.1,96.0,,
3559,2024-10-14 03:30:00,530.73,,10.35,95.5,,
3560,2024-10-14 04:00:00,572.57,,10.6,95.0,,
3561,2024-10-14 04:30:00,514.77,,10.7,95.0,,
3562,2024-10-14 05:00:00,547.87,,10.8,95.0,,
3563,2024-10-14 05:30:00,625.43,,10.85,95.0,,
3564,2024-10-14 06:00:00,538.0,,10.9,95.0,,
3565,2024-10-14 06:30:00,573.8,,10.95,96.0,,
3566,2024-10-14 07:00:00,447.47,,11.0,97.0,,
3567,2024-10-14 07:30:00,411.07,,11.25,96.5,,
3568,2024-10-14 08:00:00,353.47,,11.5,96.0,,
3569,2024-10-14 08:30:00,343.83,,11.7,95.5,,
3570,2024-10-14 09:00:00,311.16,,11.9,95.0,,
3571,2024-10-14 09:30:00,346.52,,11.7,97.0,,
3572,2024-10-14 10:00:00,632.4,,11.5,99.0,,
3573,2024-10-14 10:30:00,385.73,,11.6,97.5,,
3574,2024-10-14 11:00:00,378.13,,11.7,96.0,,
3575,2024-10-14 11:30:00,419.43,,12.15,93.0,,
3576,2024-10-14 12:00:00,493.77,,12.6,90.0,,
3577,2024-10-14 12:30:00,368.8,,12.85,89.0,,
3578,2024-10-14 13:00:00,490.1,,13.1,88.0,,
3579,2024-10-14 13:30:00,935.86,,13.15,87.5,,
3580,2024-10-14 14:00:00,1117.87,,13.2,87.0,,
3581,2024-10-14 14:30:00,389.17,,13.05,88.0,,
3582,2024-10-14 15:00:00,202.77,,12.9,89.0,,
3583,2024-10-14 15:30:00,242.1,,12.4,91.0,,
3584,2024-10-14 16:00:00,284.3,,11.9,93.0,,
3585,2024-10-14 16:30:00,502.53,,11.75,94.0,,
3586,2024-10-14 17:00:00,572.53,,11.6,95.0,,
3587,2024-10-14 17:30:00,431.93,,11.3,95.0,,
3588,2024-10-14 18:00:00,422.97,,11.0,95.0,,
3589,2024-10-14 18:30:00,446.62,,11.1,93.5,,
3590,2024-10-14 19:00:00,535.2,,11.2,92.0,,
3591,2024-10-14 19:30:00,454.1,,11.5,90.5,,
3592,2024-10-14 20:00:00,487.23,,11.8,89.0,,
3593,2024-10-14 20:30:00,527.0,,11.9,88.5,,
3594,2024-10-14 21:00:00,502.9,,12.0,88.0,,
3595,2024-10-14 21:30:00,445.55,,10.45,92.5,,
3596,2024-10-14 22:00:00,489.59,,8.9,97.0,,
3597,2024-10-14 22:30:00,413.6,,8.9,97.5,,
3598,2024-10-14 23:00:00,504.43,,8.9,98.0,,
3599,2024-10-14 23:30:00,406.9,,9.0,98.5,,
3600,2024-10-15 00:00:00,614.2,,9.1,99.0,,
3601,2024-10-15 00:30:00,523.37,,9.6,98.0,,
3602,2024-10-15 01:00:00,563.03,,10.1,97.0,,
3603,2024-10-15 01:30:00,599.33,,10.35,96.0,,
3604,2024-10-15 02:00:00,523.63,,10.6,95.0,,
3605,2024-10-15 02:30:00,694.07,,10.3,97.0,,
3606,2024-10-15 03:00:00,520.9,,10.0,99.0,,
3607,2024-10-15 03:30:00,427.53,,9.95,99.0,,
3608,2024-10-15 04:00:00,513.43,,9.9,99.0,,
3609,2024-10-15 04:30:00,517.9,,10.05,98.5,,
3610,2024-10-15 05:00:00,468.17,,10.2,98.0,,
3611,2024-10-15 05:30:00,519.53,,10.15,97.5,,
3612,2024-10-15 06:00:00,479.87,,10.1,97.0,,
3613,2024-10-15 06:30:00,513.8,,10.55,96.0,,
3614,2024-10-15 07:00:00,541.4,,11.0,95.0,,
3615,2024-10-15 07:30:00,673.19,,12.1,92.5,,
3616,2024-10-15 08:00:00,408.62,,13.2,90.0,,
3617,2024-10-15 08:30:00,467.2,,13.95,86.5,,
3618,2024-10-15 09:00:00,379.5,,14.7,83.0,,
3619,2024-10-15 09:30:00,359.1,,15.3,80.0,,
3620,2024-10-15 10:00:00,1126.4,,15.9,77.0,,
3621,2024-10-15 10:30:00,428.8,,16.35,75.5,,
3622,2024-10-15 11:00:00,1079.73,,16.8,74.0,,
3623,2024-10-15 11:30:00,928.84,,17.05,73.5,,
3624,2024-10-15 12:00:00,302.97,,17.3,73.0,,
3625,2024-10-15 12:30:00,287.9,,17.65,73.0,,
3626,2024-10-15 13:00:00,362.93,,18.0,73.0,,
3627,2024-10-15 13:30:00,437.6,,17.8,74.0,,
3628,2024-10-15 14:00:00,371.07,,17.6,75.0,,
3629,2024-10-15 14:30:00,333.03,,17.35,76.0,,
3630,2024-10-15 15:00:00,327.87,,17.1,77.0,,
3631,2024-10-15 15:30:00,420.35,,16.35,83.0,,
3632,2024-10-15 16:00:00,1465.59,,15.6,89.0,,
3633,2024-10-15 16:30:00,1453.47,,14.35,92.5,,
3634,2024-10-15 17:00:00,587.33,,13.1,96.0,,
3635,2024-10-15 17:30:00,988.5,,12.8,96.0,,
3636,2024-10-15 18:00:00,1106.2,,12.5,96.0,,
3637,2024-10-15 18:30:00,580.66,,12.35,96.5,,
3638,2024-10-15 19:00:00,481.0,,12.2,97.0,,
3639,2024-10-15 19:30:00,443.67,,12.25,97.0,,
3640,2024-10-15 20:00:00,540.07,,12.3,97.0,,
3641,2024-10-15 20:30:00,462.68,,12.3,97.5,,
3642,2024-10-15 21:00:00,473.1,,12.3,98.0,,
3643,2024-10-15 21:30:00,467.37,,12.2,98.0,,
3644,2024-10-15 22:00:00,398.2,,12.1,98.0,,
3645,2024-10-15 22:30:00,551.72,,11.95,98.5,,
3646,2024-10-15 23:00:00,492.07,,11.8,99.0,,
3647,2024-10-15 23:30:00,507.73,,11.75,99.0,,
3648,2024-10-16 00:00:00,503.7,,11.7,99.0,,
3649,2024-10-16 00:30:00,508.77,,11.75,99.0,,
3650,2024-10-16 01:00:00,520.13,,11.8,99.0,,
3651,2024-10-16 01:30:00,513.06,,11.8,99.0,,
3652,2024-10-16 02:00:00,637.45,,11.8,99.0,,
3653,2024-10-16 02:30:00,499.07,,11.85,98.5,,
3654,2024-10-16 03:00:00,567.17,,11.9,98.0,,
3655,2024-10-16 03:30:00,1731.27,,11.7,98.0,,
3656,2024-10-16 04:00:00,595.07,,11.5,98.0,,
3657,2024-10-16 04:30:00,584.47,,11.5,97.5,,
3658,2024-10-16 05:00:00,622.4,,11.5,97.0,,
3659,2024-10-16 05:30:00,471.17,,11.4,97.0,,
3660,2024-10-16 06:00:00,535.7,,11.3,97.0,,
3661,2024-10-16 06:30:00,553.67,,11.95,94.0,,
3662,2024-10-16 07:00:00,418.83,,12.6,91.0,,
3663,2024-10-16 07:30:00,550.43,,12.75,92.5,,
3664,2024-10-16 08:00:00,314.3,,12.9,94.0,,
3665,2024-10-16 08:30:00,404.37,,13.35,94.5,,
3666,2024-10-16 09:00:00,365.23,,13.8,95.0,,
3667,2024-10-16 09:30:00,410.9,,14.15,89.5,,
3668,2024-10-16 10:00:00,749.57,,14.5,84.0,,
3669,2024-10-16 10:30:00,448.4,,14.7,83.0,,
3670,2024-10-16 11:00:00,1620.27,,14.9,82.0,,
3671,2024-10-16 11:30:00,508.48,,14.7,83.0,,
3672,2024-10-16 12:00:00,383.66,,14.5,84.0,,
3673,2024-10-16 12:30:00,416.33,,14.0,88.0,,
3674,2024-10-16 13:00:00,451.53,,13.5,92.0,,
3675,2024-10-16 13:30:00,459.0,,13.9,88.0,,
3676,2024-10-16 14:00:00,516.57,,14.3,84.0,,
3677,2024-10-16 14:30:00,465.73,,13.95,86.0,,
3678,2024-10-16 15:00:00,565.13,,13.6,88.0,,
3679,2024-10-16 15:30:00,452.27,,13.4,90.5,,
3680,2024-10-16 16:00:00,942.53,,13.2,93.0,,
3681,2024-10-16 16:30:00,1002.67,,12.8,94.0,,
3682,2024-10-16 17:00:00,560.47,,12.4,95.0,,
3683,2024-10-16 17:30:00,500.43,,12.45,94.0,,
3684,2024-10-16 18:00:00,484.37,,12.5,93.0,,
3685,2024-10-16 18:30:00,433.03,,12.9,87.0,,
3686,2024-10-16 19:00:00,1123.43,,13.3,81.0,,
3687,2024-10-16 19:30:00,1061.3,,12.6,82.0,,
3688,2024-10-16 20:00:00,444.65,,11.9,83.0,,
3689,2024-10-16 20:30:00,451.62,,11.4,84.5,,
3690,2024-10-16 21:00:00,414.43,,10.9,86.0,,
3691,2024-10-16 21:30:00,409.0,,10.85,89.0,,
3692,2024-10-16 22:00:00,365.23,,10.8,92.0,,
3693,2024-10-16 22:30:00,481.33,,10.95,93.0,,
3694,2024-10-16 23:00:00,325.27,,11.1,94.0,,
3695,2024-10-16 23:30:00,543.17,,10.75,95.0,,
3696,2024-10-17 00:00:00,409.43,,10.4,96.0,,
3697,2024-10-17 00:30:00,440.27,,10.3,96.5,,
3698,2024-10-17 01:00:00,378.8,,10.2,97.0,,
3699,2024-10-17 01:30:00,426.43,,10.25,97.5,,
3700,2024-10-17 02:00:00,563.77,,10.3,98.0,,
3701,2024-10-17 02:30:00,492.93,,10.4,98.0,,
3702,2024-10-17 03:00:00,482.93,,10.5,98.0,,
3703,2024-10-17 03:30:00,496.8,,10.65,98.0,,
3704,2024-10-17 04:00:00,499.9,,10.8,98.0,,
3705,2024-10-17 04:30:00,537.13,,10.75,96.5,,
3706,2024-10-17 05:00:00,450.83,,10.7,95.0,,
3707,2024-10-17 05:30:00,536.9,,10.75,95.5,,
3708,2024-10-17 06:00:00,522.5,,10.8,96.0,,
3709,2024-10-17 06:30:00,534.07,,11.2,95.5,,
3710,2024-10-17 07:00:00,623.3,,11.6,95.0,,
3711,2024-10-17 07:30:00,453.0,,12.15,94.0,,
3712,2024-10-17 08:00:00,453.8,,12.7,93.0,,
3713,2024-10-17 08:30:00,407.8,,13.2,91.5,,
3714,2024-10-17 09:00:00,475.33,,13.7,90.0,,
3715,2024-10-17 09:30:00,501.73,,14.5,86.0,,
3716,2024-10-17 10:00:00,602.17,,15.3,82.0,,
3717,2024-10-17 10:30:00,495.83,,15.65,80.0,,
3718,2024-10-17 11:00:00,565.5,,16.0,78.0,,
3719,2024-10-17 11:30:00,490.67,,15.3,82.0,,
3720,2024-10-17 12:00:00,662.6,,14.6,86.0,,
3721,2024-10-17 12:30:00,488.47,,14.65,87.0,,
3722,2024-10-17 13:00:00,479.13,,14.7,88.0,,
3723,2024-10-17 13:30:00,1244.57,,14.95,86.0,,
3724,2024-10-17 14:00:00,782.9,,15.2,84.0,,
3725,2024-10-17 14:30:00,432.37,,14.65,88.0,,
3726,2024-10-17 15:00:00,500.7,,14.1,92.0,,
3727,2024-10-17 15:30:00,483.47,,13.8,93.5,,
3728,2024-10-17 16:00:00,731.7,,13.5,95.0,,
3729,2024-10-17 16:30:00,727.1,,13.0,96.0,,
3730,2024-10-17 17:00:00,528.57,,12.5,97.0,,
3731,2024-10-17 17:30:00,450.27,,12.35,97.0,,
3732,2024-10-17 18:00:00,519.73,,12.2,97.0,,
3733,2024-10-17 18:30:00,419.9,,12.2,97.0,,
3734,2024-10-17 19:00:00,503.0,,12.2,97.0,,
3735,2024-10-17 19:30:00,445.4,,12.55,97.5,,
3736,2024-10-17 20:00:00,419.53,,12.9,98.0,,
3737,2024-10-17 20:30:00,426.87,,12.85,98.0,,
3738,2024-10-17 21:00:00,474.9,,12.8,98.0,,
3739,2024-10-17 21:30:00,381.73,,12.7,97.5,,
3740,2024-10-17 22:00:00,392.83,,12.6,97.0,,
3741,2024-10-17 22:30:00,396.0,,12.5,96.5,,
3742,2024-10-17 23:00:00,389.73,,12.4,96.0,,
3743,2024-10-17 23:30:00,407.63,,12.35,96.5,,
3744,2024-10-18 00:00:00,414.47,,12.3,97.0,,
3745,2024-10-18 00:30:00,384.97,,11.9,96.0,,
3746,2024-10-18 01:00:00,416.33,,11.5,95.0,,
3747,2024-10-18 01:30:00,384.5,,10.65,96.0,,
3748,2024-10-18 02:00:00,404.03,,9.8,97.0,,
3749,2024-10-18 02:30:00,421.63,,10.1,96.5,,
3750,2024-10-18 03:00:00,539.97,,10.4,96.0,,
3751,2024-10-18 03:30:00,471.45,,10.4,97.5,,
3752,2024-10-18 04:00:00,417.07,,10.4,99.0,,
3753,2024-10-18 04:30:00,554.45,,10.7,99.0,,
3754,2024-10-18 05:00:00,442.47,,11.0,99.0,,
3755,2024-10-18 05:30:00,446.9,,11.0,99.0,,
3756,2024-10-18 06:00:00,406.65,,11.0,99.0,,
3757,2024-10-18 06:30:00,767.17,,11.15,98.5,,
3758,2024-10-18 07:00:00,319.87,,11.3,98.0,,
3759,2024-10-18 07:30:00,524.07,,12.05,95.5,,
3760,2024-10-18 08:00:00,459.1,,12.8,93.0,,
3761,2024-10-18 08:30:00,407.67,,12.9,92.5,,
3762,2024-10-18 09:00:00,438.1,,13.0,92.0,,
3763,2024-10-18 09:30:00,508.47,,13.2,91.5,,
3764,2024-10-18 10:00:00,1156.07,,13.4,91.0,,
3765,2024-10-18 10:30:00,602.77,,14.0,86.0,,
3766,2024-10-18 11:00:00,439.9,,14.6,81.0,,
3767,2024-10-18 11:30:00,1488.7,,14.5,80.0,,
3768,2024-10-18 12:00:00,366.13,,14.4,79.0,,
3769,2024-10-18 12:30:00,345.83,,14.6,77.0,,
3770,2024-10-18 13:00:00,397.13,,14.8,75.0,,
3771,2024-10-18 13:30:00,521.03,,14.8,74.5,,
3772,2024-10-18 14:00:00,1280.47,,14.8,74.0,,
3773,2024-10-18 14:30:00,855.83,,14.6,75.5,,
3774,2024-10-18 15:00:00,775.5,,14.4,77.0,,
3775,2024-10-18 15:30:00,468.6,,13.6,83.0,,
3776,2024-10-18 16:00:00,425.27,,12.8,89.0,,
3777,2024-10-18 16:30:00,409.73,,11.8,92.5,,
3778,2024-10-18 17:00:00,465.84,,10.8,96.0,,
3779,2024-10-18 17:30:00,358.9,,11.1,96.5,,
3780,2024-10-18 18:00:00,420.8,,11.4,97.0,,
3781,2024-10-18 18:30:00,417.2,,10.35,98.0,,
3782,2024-10-18 19:00:00,443.87,,9.3,99.0,,
3783,2024-10-18 19:30:00,417.93,,8.600000000000001,99.0,,
3784,2024-10-18 20:00:00,526.93,,7.9,99.0,,
3785,2024-10-18 20:30:00,351.23,,8.5,95.0,,
3786,2024-10-18 21:00:00,417.13,,9.1,91.0,,
3787,2024-10-18 21:30:00,419.9,,9.1,91.0,,
3788,2024-10-18 22:00:00,352.03,,9.1,91.0,,
3789,2024-10-18 22:30:00,419.93,,9.15,90.0,,
3790,2024-10-18 23:00:00,356.97,,9.2,89.0,,
3791,2024-10-18 23:30:00,459.53,,9.35,88.5,,
3792,2024-10-19 00:00:00,340.8,,9.5,88.0,,
3793,2024-10-19 00:30:00,398.5,,9.25,90.0,,
3794,2024-10-19 01:00:00,330.83,,9.0,92.0,,
3795,2024-10-19 01:30:00,470.43,,8.8,93.0,,
3796,2024-10-19 02:00:00,494.03,,8.6,94.0,,
3797,2024-10-19 02:30:00,463.77,,8.75,94.5,,
3798,2024-10-19 03:00:00,544.43,,8.9,95.0,,
3799,2024-10-19 03:30:00,518.97,,8.9,95.0,,
3800,2024-10-19 04:00:00,483.5,,8.9,95.0,,
3801,2024-10-19 04:30:00,430.6,,9.0,95.5,,
3802,2024-10-19 05:00:00,461.6,,9.1,96.0,,
3803,2024-10-19 05:30:00,458.8,,9.35,96.5,,
3804,2024-10-19 06:00:00,804.33,,9.6,97.0,,
3805,2024-10-19 06:30:00,1443.03,,10.1,95.0,,
3806,2024-10-19 07:00:00,691.53,,10.6,93.0,,
3807,2024-10-19 07:30:00,503.33,,10.7,93.0,,
3808,2024-10-19 08:00:00,475.93,,10.8,93.0,,
3809,2024-10-19 08:30:00,526.67,,10.8,94.0,,
3810,2024-10-19 09:00:00,420.2,,10.8,95.0,,
3811,2024-10-19 09:30:00,430.73,,10.95,95.0,,
3812,2024-10-19 10:00:00,529.47,,11.1,95.0,,
3813,2024-10-19 10:30:00,474.53,,11.0,95.5,,
3814,2024-10-19 11:00:00,789.97,,10.9,96.0,,
3815,2024-10-19 11:30:00,1136.33,,10.95,95.5,,
3816,2024-10-19 12:00:00,374.43,,11.0,95.0,,
3817,2024-10-19 12:30:00,382.33,,11.0,95.0,,
3818,2024-10-19 13:00:00,357.35,,11.0,95.0,,
3819,2024-10-19 13:30:00,519.14,,11.0,94.0,,
3820,2024-10-19 14:00:00,375.03,,11.0,93.0,,
3821,2024-10-19 14:30:00,372.72,,10.95,94.5,,
3822,2024-10-19 15:00:00,449.63,,10.9,96.0,,
3823,2024-10-19 15:30:00,426.2,,10.8,95.5,,
3824,2024-10-19 16:00:00,419.1,,10.7,95.0,,
3825,2024-10-19 16:30:00,584.4,,10.5,94.5,,
3826,2024-10-19 17:00:00,599.47,,10.3,94.0,,
3827,2024-10-19 17:30:00,431.8,,10.2,94.5,,
3828,2024-10-19 18:00:00,506.2,,10.1,95.0,,
3829,2024-10-19 18:30:00,495.47,,9.95,95.0,,
3830,2024-10-19 19:00:00,470.53,,9.8,95.0,,
3831,2024-10-19 19:30:00,528.03,,9.8,95.5,,
3832,2024-10-19 20:00:00,486.43,,9.8,96.0,,
3833,2024-10-19 20:30:00,436.83,,9.8,95.5,,
3834,2024-10-19 21:00:00,605.77,,9.8,95.0,,
3835,2024-10-19 21:30:00,437.13,,10.0,95.0,,
3836,2024-10-19 22:00:00,308.13,,10.2,95.0,,
3837,2024-10-19 22:30:00,475.87,,10.1,95.0,,
3838,2024-10-19 23:00:00,471.8,,10.0,95.0,,
3839,2024-10-19 23:30:00,501.03,,10.0,95.5,,
3840,2024-10-20 00:00:00,523.8,,10.0,96.0,,
3841,2024-10-20 00:30:00,368.45,,10.05,95.5,,
3842,2024-10-20 01:00:00,483.66,,10.1,95.0,,
3843,2024-10-20 01:30:00,479.03,,10.05,95.0,,
3844,2024-10-20 02:00:00,469.77,,10.0,95.0,,
3845,2024-10-20 02:30:00,556.83,,9.9,95.5,,
3846,2024-10-20 03:00:00,523.67,,9.8,96.0,,
3847,2024-10-20 03:30:00,526.13,,9.8,95.5,,
3848,2024-10-20 04:00:00,520.83,,9.8,95.0,,
3849,2024-10-20 04:30:00,546.33,,9.7,95.0,,
3850,2024-10-20 05:00:00,436.23,,9.6,95.0,,
3851,2024-10-20 05:30:00,532.77,,9.55,95.5,,
3852,2024-10-20 06:00:00,787.33,,9.5,96.0,,
3853,2024-10-20 06:30:00,314.67,,9.75,95.5,,
3854,2024-10-20 07:00:00,553.7,,10.0,95.0,,
3855,2024-10-20 07:30:00,651.13,,10.5,93.5,,
3856,2024-10-20 08:00:00,467.35,,11.0,92.0,,
3857,2024-10-20 08:30:00,369.7,,11.55,90.5,,
3858,2024-10-20 09:00:00,330.37,,12.1,89.0,,
3859,2024-10-20 09:30:00,548.53,,12.4,88.5,,
3860,2024-10-20 10:00:00,802.8,,12.7,88.0,,
3861,2024-10-20 10:30:00,784.62,,12.95,87.0,,
3862,2024-10-20 11:00:00,1579.74,,13.2,86.0,,
3863,2024-10-20 11:30:00,488.41,,13.3,86.0,,
3864,2024-10-20 12:00:00,369.33,,13.4,86.0,,
3865,2024-10-20 12:30:00,419.97,,13.8,84.5,,
3866,2024-10-20 13:00:00,344.73,,14.2,83.0,,
3867,2024-10-20 13:30:00,672.47,,13.95,84.5,,
3868,2024-10-20 14:00:00,689.17,,13.7,86.0,,
3869,2024-10-20 14:30:00,416.4,,13.55,87.0,,
3870,2024-10-20 15:00:00,245.53,,13.4,88.0,,
3871,2024-10-20 15:30:00,374.03,,13.1,89.5,,
3872,2024-10-20 16:00:00,1694.87,,12.8,91.0,,
3873,2024-10-20 16:30:00,472.63,,12.6,92.5,,
3874,2024-10-20 17:00:00,610.03,,12.4,94.0,,
3875,2024-10-20 17:30:00,294.4,,12.4,94.0,,
3876,2024-10-20 18:00:00,422.13,,12.4,94.0,,
3877,2024-10-20 18:30:00,382.7,,12.4,93.5,,
3878,2024-10-20 19:00:00,548.63,,12.4,93.0,,
3879,2024-10-20 19:30:00,445.03,,12.35,92.5,,
3880,2024-10-20 20:00:00,474.8,,12.3,92.0,,
3881,2024-10-20 20:30:00,505.43,,12.2,92.0,,
3882,2024-10-20 21:00:00,517.53,,12.1,92.0,,
3883,2024-10-20 21:30:00,529.43,,12.0,92.5,,
3884,2024-10-20 22:00:00,507.57,,11.9,93.0,,
3885,2024-10-20 22:30:00,489.87,,10.95,95.5,,
3886,2024-10-20 23:00:00,513.07,,10.0,98.0,,
3887,2024-10-20 23:30:00,526.57,,9.75,97.5,,
3888,2024-10-21 00:00:00,526.8,,9.5,97.0,,
3889,2024-10-21 00:30:00,560.43,,9.35,97.5,,
3890,2024-10-21 01:00:00,528.53,,9.2,98.0,,
3891,2024-10-21 01:30:00,519.87,,9.0,97.5,,
3892,2024-10-21 02:00:00,580.13,,8.8,97.0,,
3893,2024-10-21 02:30:00,595.77,,8.75,96.5,,
3894,2024-10-21 03:00:00,529.1,,8.7,96.0,,
3895,2024-10-21 03:30:00,607.35,,9.15,96.5,,
3896,2024-10-21 04:00:00,596.55,,9.6,97.0,,
3897,2024-10-21 04:30:00,646.53,,9.75,96.5,,
3898,2024-10-21 05:00:00,441.03,,9.9,96.0,,
3899,2024-10-21 05:30:00,877.2,,9.95,96.0,,
3900,2024-10-21 06:00:00,632.43,,10.0,96.0,,
3901,2024-10-21 06:30:00,636.81,,10.2,95.0,,
3902,2024-10-21 07:00:00,501.37,,10.4,94.0,,
3903,2024-10-21 07:30:00,490.03,,10.7,94.5,,
3904,2024-10-21 08:00:00,431.35,,11.0,95.0,,
3905,2024-10-21 08:30:00,872.83,,12.05,91.5,,
3906,2024-10-21 09:00:00,582.45,,13.1,88.0,,
3907,2024-10-21 09:30:00,1031.9,,13.95,83.5,,
3908,2024-10-21 10:00:00,893.97,,14.8,79.0,,
3909,2024-10-21 10:30:00,314.73,,15.4,76.0,,
3910,2024-10-21 11:00:00,280.8,,16.0,73.0,,
3911,2024-10-21 11:30:00,250.4,,16.35,70.0,,
3912,2024-10-21 12:00:00,301.73,,16.7,67.0,,
3913,2024-10-21 12:30:00,417.03,,16.6,68.0,,
3914,2024-10-21 13:00:00,365.43,,16.5,69.0,,
3915,2024-10-21 13:30:00,204.87,,16.3,71.0,,
3916,2024-10-21 14:00:00,245.83,,16.1,73.0,,
3917,2024-10-21 14:30:00,239.93,,15.5,77.0,,
3918,2024-10-21 15:00:00,220.9,,14.9,81.0,,
3919,2024-10-21 15:30:00,196.77,,14.3,84.5,,
3920,2024-10-21 16:00:00,308.07,,13.7,88.0,,
3921,2024-10-21 16:30:00,421.07,,13.0,91.0,,
3922,2024-10-21 17:00:00,612.5,,12.3,94.0,,
3923,2024-10-21 17:30:00,585.0,,11.8,95.0,,
3924,2024-10-21 18:00:00,371.03,,11.3,96.0,,
3925,2024-10-21 18:30:00,505.2,,11.05,97.0,,
3926,2024-10-21 19:00:00,373.7,,10.8,98.0,,
3927,2024-10-21 19:30:00,419.83,,10.65,98.0,,
3928,2024-10-21 20:00:00,389.7,,10.5,98.0,,
3929,2024-10-21 20:30:00,384.13,,10.25,98.0,,
3930,2024-10-21 21:00:00,404.07,,10.0,98.0,,
3931,2024-10-21 21:30:00,406.27,,9.8,98.5,,
3932,2024-10-21 22:00:00,385.3,,9.6,99.0,,
3933,2024-10-21 22:30:00,363.3,,9.45,99.0,,
3934,2024-10-21 23:00:00,346.39,,9.3,99.0,,
3935,2024-10-21 23:30:00,317.86,,9.25,98.5,,
3936,2024-10-22 00:00:00,469.6,,9.2,98.0,,
3937,2024-10-22 00:30:00,324.3,,9.15,98.0,,
3938,2024-10-22 01:00:00,485.47,,9.1,98.0,,
3939,2024-10-22 01:30:00,489.37,,9.1,97.5,,
3940,2024-10-22 02:00:00,530.7,,9.1,97.0,,
3941,2024-10-22 02:30:00,1453.13,,9.2,96.5,,
3942,2024-10-22 03:00:00,548.53,,9.3,96.0,,
3943,2024-10-22 03:30:00,568.67,,9.5,96.0,,
3944,2024-10-22 04:00:00,488.79,,9.7,96.0,,
3945,2024-10-22 04:30:00,456.63,,9.2,96.5,,
3946,2024-10-22 05:00:00,427.23,,8.7,97.0,,
3947,2024-10-22 05:30:00,506.4,,8.75,96.5,,
3948,2024-10-22 06:00:00,503.1,,8.8,96.0,,
3949,2024-10-22 06:30:00,444.1,,9.35,95.5,,
3950,2024-10-22 07:00:00,326.2,,9.9,95.0,,
3951,2024-10-22 07:30:00,463.77,,10.65,95.0,,
3952,2024-10-22 08:00:00,350.1,,11.4,95.0,,
3953,2024-10-22 08:30:00,321.87,,12.25,92.0,,
3954,2024-10-22 09:00:00,364.63,,13.1,89.0,,
3955,2024-10-22 09:30:00,791.2,,14.05,85.0,,
3956,2024-10-22 10:00:00,738.67,,15.0,81.0,,
3957,2024-10-22 10:30:00,463.6,,15.4,78.5,,
3958,2024-10-22 11:00:00,260.17,,15.8,76.0,,
3959,2024-10-22 11:30:00,913.23,,15.65,76.0,,
3960,2024-10-22 12:00:00,895.16,,15.5,76.0,,
3961,2024-10-22 12:30:00,302.07,,15.35,77.0,,
3962,2024-10-22 13:00:00,241.61,,15.2,78.0,,
3963,2024-10-22 13:30:00,240.4,,15.35,77.5,,
3964,2024-10-22 14:00:00,271.52,,15.5,77.0,,
3965,2024-10-22 14:30:00,213.48,,15.25,78.5,,
3966,2024-10-22 15:00:00,329.03,,15.0,80.0,,
3967,2024-10-22 15:30:00,267.6,,13.95,86.0,,
3968,2024-10-22 16:00:00,322.07,,12.9,92.0,,
3969,2024-10-22 16:30:00,707.8,,11.9,94.0,,
3970,2024-10-22 17:00:00,677.53,,10.9,96.0,,
3971,2024-10-22 17:30:00,275.93,,11.1,96.5,,
3972,2024-10-22 18:00:00,283.33,,11.3,97.0,,
3973,2024-10-22 18:30:00,390.83,,11.1,97.5,,
3974,2024-10-22 19:00:00,360.48,,10.9,98.0,,
3975,2024-10-22 19:30:00,353.9,,10.75,98.5,,
3976,2024-10-22 20:00:00,386.17,,10.6,99.0,,
3977,2024-10-22 20:30:00,405.77,,10.3,99.0,,
3978,2024-10-22 21:00:00,353.93,,10.0,99.0,,
3979,2024-10-22 21:30:00,370.93,,9.95,98.5,,
3980,2024-10-22 22:00:00,286.27,,9.9,98.0,,
3981,2024-10-22 22:30:00,356.87,,10.0,97.0,,
3982,2024-10-22 23:00:00,395.03,,10.1,96.0,,
3983,2024-10-22 23:30:00,344.0,,9.95,96.5,,
3984,2024-10-23 00:00:00,365.23,,9.8,97.0,,
3985,2024-10-23 00:30:00,349.07,,9.95,97.5,,
3986,2024-10-23 01:00:00,483.37,,10.1,98.0,,
3987,2024-10-23 01:30:00,313.37,,10.3,97.0,,
3988,2024-10-23 02:00:00,434.8,,10.5,96.0,,
3989,2024-10-23 02:30:00,342.37,,10.5,96.0,,
3990,2024-10-23 03:00:00,429.67,,10.5,96.0,,
3991,2024-10-23 03:30:00,494.67,,10.55,96.0,,
3992,2024-10-23 04:00:00,292.47,,10.6,96.0,,
3993,2024-10-23 04:30:00,461.37,,10.55,96.5,,
3994,2024-10-23 05:00:00,383.0,,10.5,97.0,,
3995,2024-10-23 05:30:00,389.97,,10.5,97.0,,
3996,2024-10-23 06:00:00,650.07,,10.5,97.0,,
3997,2024-10-23 06:30:00,323.73,,10.75,96.5,,
3998,2024-10-23 07:00:00,644.3,,11.0,96.0,,
3999,2024-10-23 07:30:00,365.1,,11.2,96.0,,
4000,2024-10-23 08:00:00,480.3,,11.4,96.0,,
4001,2024-10-23 08:30:00,360.27,,11.7,96.0,,
4002,2024-10-23 09:00:00,1093.47,,12.0,96.0,,
4003,2024-10-23 09:30:00,1142.43,,12.35,95.5,,
4004,2024-10-23 10:00:00,697.47,,12.7,95.0,,
4005,2024-10-23 10:30:00,442.77,,12.65,95.0,,
4006,2024-10-23 11:00:00,368.03,,12.6,95.0,,
4007,2024-10-23 11:30:00,332.55,,13.75,88.5,,
4008,2024-10-23 12:00:00,339.9,,14.9,82.0,,
4009,2024-10-23 12:30:00,336.43,,14.05,86.0,,
4010,2024-10-23 13:00:00,329.4,,13.2,90.0,,
4011,2024-10-23 13:30:00,418.07,,13.0,91.0,,
4012,2024-10-23 14:00:00,414.13,,12.8,92.0,,
4013,2024-10-23 14:30:00,357.87,,12.85,91.5,,
4014,2024-10-23 15:00:00,383.1,,12.9,91.0,,
4015,2024-10-23 15:30:00,448.23,,12.5,93.0,,
4016,2024-10-23 16:00:00,404.7,,12.1,95.0,,
4017,2024-10-23 16:30:00,723.37,,11.95,94.5,,
4018,2024-10-23 17:00:00,496.73,,11.8,94.0,,
4019,2024-10-23 17:30:00,538.26,,11.7,93.5,,
4020,2024-10-23 18:00:00,427.1,,11.6,93.0,,
4021,2024-10-23 18:30:00,378.37,,10.75,94.5,,
4022,2024-10-23 19:00:00,357.8,,9.9,96.0,,
4023,2024-10-23 19:30:00,348.67,,9.5,97.5,,
4024,2024-10-23 20:00:00,452.81,,9.1,99.0,,
4025,2024-10-23 20:30:00,342.93,,8.8,99.5,,
4026,2024-10-23 21:00:00,464.17,,8.5,100.0,,
4027,2024-10-23 21:30:00,384.07,,9.25,99.0,,
4028,2024-10-23 22:00:00,418.7,,10.0,98.0,,
4029,2024-10-23 22:30:00,253.6,,10.05,98.0,,
4030,2024-10-23 23:00:00,375.03,,10.1,98.0,,
4031,2024-10-23 23:30:00,387.33,,9.95,98.0,,
4032,2024-10-24 00:00:00,328.7,,9.8,98.0,,
4033,2024-10-24 00:30:00,396.13,,9.7,98.0,,
4034,2024-10-24 01:00:00,363.53,,9.6,98.0,,
4035,2024-10-24 01:30:00,406.97,,9.45,98.0,,
4036,2024-10-24 02:00:00,492.53,,9.3,98.0,,
4037,2024-10-24 02:30:00,1478.1,,9.65,98.0,,
4038,2024-10-24 03:00:00,554.73,,10.0,98.0,,
4039,2024-10-24 03:30:00,451.27,,10.0,98.0,,
4040,2024-10-24 04:00:00,515.93,,10.0,98.0,,
4041,2024-10-24 04:30:00,420.37,,10.0,98.5,,
4042,2024-10-24 05:00:00,387.43,,10.0,99.0,,
4043,2024-10-24 05:30:00,518.33,,10.0,99.0,,
4044,2024-10-24 06:00:00,368.63,,10.0,99.0,,
4045,2024-10-24 06:30:00,532.2,,10.2,99.0,,
4046,2024-10-24 07:00:00,517.43,,10.4,99.0,,
4047,2024-10-24 07:30:00,576.23,,11.3,95.0,,
4048,2024-10-24 08:00:00,514.83,,12.2,91.0,,
4049,2024-10-24 08:30:00,522.33,,12.75,89.0,,
4050,2024-10-24 09:00:00,491.67,,13.3,87.0,,
4051,2024-10-24 09:30:00,629.6,,13.8,84.5,,
4052,2024-10-24 10:00:00,856.37,,14.3,82.0,,
4053,2024-10-24 10:30:00,1154.37,,14.05,82.5,,
4054,2024-10-24 11:00:00,1033.6,,13.8,83.0,,
4055,2024-10-24 11:30:00,449.27,,13.65,84.0,,
4056,2024-10-24 12:00:00,407.77,,13.5,85.0,,
4057,2024-10-24 12:30:00,355.6,,13.35,86.0,,
4058,2024-10-24 13:00:00,402.97,,13.2,87.0,,
4059,2024-10-24 13:30:00,338.47,,13.35,86.5,,
4060,2024-10-24 14:00:00,341.5,,13.5,86.0,,
4061,2024-10-24 14:30:00,429.5,,13.2,87.0,,
4062,2024-10-24 15:00:00,355.13,,12.9,88.0,,
4063,2024-10-24 15:30:00,399.9,,12.65,90.5,,
4064,2024-10-24 16:00:00,445.43,,12.4,93.0,,
4065,2024-10-24 16:30:00,468.07,,12.1,91.5,,
4066,2024-10-24 17:00:00,905.57,,11.8,90.0,,
4067,2024-10-24 17:30:00,566.97,,11.8,89.5,,
4068,2024-10-24 18:00:00,531.4,,11.8,89.0,,
4069,2024-10-24 18:30:00,546.4,,11.65,89.5,,
4070,2024-10-24 19:00:00,483.59,,11.5,90.0,,
4071,2024-10-24 19:30:00,568.37,,11.25,91.0,,
4072,2024-10-24 20:00:00,548.4,,11.0,92.0,,
4073,2024-10-24 20:30:00,513.2,,9.8,95.5,,
4074,2024-10-24 21:00:00,559.17,,8.6,99.0,,
4075,2024-10-24 21:30:00,518.17,,8.899999999999999,98.5,,
4076,2024-10-24 22:00:00,419.13,,9.2,98.0,,
4077,2024-10-24 22:30:00,399.27,,8.7,99.0,,
4078,2024-10-24 23:00:00,450.23,,8.2,100.0,,
4079,2024-10-24 23:30:00,440.23,,7.8,99.5,,
4080,2024-10-25 00:00:00,476.6,,7.4,99.0,,
4081,2024-10-25 00:30:00,454.1,,7.550000000000001,98.5,,
4082,2024-10-25 01:00:00,441.21,,7.7,98.0,,
4083,2024-10-25 01:30:00,552.67,,7.75,98.5,,
4084,2024-10-25 02:00:00,417.43,,7.8,99.0,,
4085,2024-10-25 02:30:00,600.57,,7.9,98.5,,
4086,2024-10-25 03:00:00,812.9,,8.0,98.0,,
4087,2024-10-25 03:30:00,612.0,,7.7,97.5,,
4088,2024-10-25 04:00:00,551.0,,7.4,97.0,,
4089,2024-10-25 04:30:00,580.47,,7.85,96.5,,
4090,2024-10-25 05:00:00,527.8,,8.3,96.0,,
4091,2024-10-25 05:30:00,582.97,,8.350000000000001,97.5,,
4092,2024-10-25 06:00:00,352.17,,8.4,99.0,,
4093,2024-10-25 06:30:00,820.53,,8.600000000000001,98.0,,
4094,2024-10-25 07:00:00,237.87,,8.8,97.0,,
4095,2024-10-25 07:30:00,492.13,,9.65,96.5,,
4096,2024-10-25 08:00:00,490.47,,10.5,96.0,,
4097,2024-10-25 08:30:00,950.07,,10.9,95.0,,
4098,2024-10-25 09:00:00,971.63,,11.3,94.0,,
4099,2024-10-25 09:30:00,414.17,,11.65,93.0,,
4100,2024-10-25 10:00:00,432.97,,12.0,92.0,,
4101,2024-10-25 10:30:00,372.43,,12.4,89.5,,
4102,2024-10-25 11:00:00,618.4,,12.8,87.0,,
4103,2024-10-25 11:30:00,556.63,,12.75,87.0,,
4104,2024-10-25 12:00:00,517.0,,12.7,87.0,,
4105,2024-10-25 12:30:00,459.83,,12.95,85.5,,
4106,2024-10-25 13:00:00,394.5,,13.2,84.0,,
4107,2024-10-25 13:30:00,529.63,,12.65,88.0,,
4108,2024-10-25 14:00:00,402.4,,12.1,92.0,,
4109,2024-10-25 14:30:00,282.37,,12.05,92.5,,
4110,2024-10-25 15:00:00,434.03,,12.0,93.0,,
4111,2024-10-25 15:30:00,408.8,,12.0,92.5,,
4112,2024-10-25 16:00:00,265.87,,12.0,92.0,,
4113,2024-10-25 16:30:00,502.77,,11.8,90.5,,
4114,2024-10-25 17:00:00,411.5,,11.6,89.0,,
4115,2024-10-25 17:30:00,332.67,,11.8,87.0,,
4116,2024-10-25 18:00:00,401.87,,12.0,85.0,,
4117,2024-10-25 18:30:00,448.8,,11.4,89.0,,
4118,2024-10-25 19:00:00,340.4,,10.8,93.0,,
4119,2024-10-25 19:30:00,381.23,,10.9,94.0,,
4120,2024-10-25 20:00:00,565.7,,11.0,95.0,,
4121,2024-10-25 20:30:00,369.97,,11.05,95.0,,
4122,2024-10-25 21:00:00,414.4,,11.1,95.0,,
4123,2024-10-25 21:30:00,447.6,,11.0,96.5,,
4124,2024-10-25 22:00:00,371.57,,10.9,98.0,,
4125,2024-10-25 22:30:00,380.53,,10.85,98.0,,
4126,2024-10-25 23:00:00,360.93,,10.8,98.0,,
4127,2024-10-25 23:30:00,489.17,,10.6,98.0,,
4128,2024-10-26 00:00:00,356.73,,10.4,98.0,,
4129,2024-10-26 00:30:00,354.03,,10.65,97.5,,
4130,2024-10-26 01:00:00,394.93,,10.9,97.0,,
4131,2024-10-26 01:30:00,377.57,,10.95,97.0,,
4132,2024-10-26 02:00:00,350.87,,11.0,97.0,,
4133,2024-10-26 02:30:00,444.23,,11.1,96.5,,
4134,2024-10-26 03:00:00,578.7,,11.2,96.0,,
4135,2024-10-26 03:30:00,684.3,,11.0,96.0,,
4136,2024-10-26 04:00:00,987.07,,10.8,96.0,,
4137,2024-10-26 04:30:00,812.77,,10.95,96.5,,
4138,2024-10-26 05:00:00,695.13,,11.1,97.0,,
4139,2024-10-26 05:30:00,312.7,,11.15,97.0,,
4140,2024-10-26 06:00:00,399.13,,11.2,97.0,,
4141,2024-10-26 06:30:00,352.43,,11.3,97.0,,
4142,2024-10-26 07:00:00,481.62,,11.4,97.0,,
4143,2024-10-26 07:30:00,459.27,,11.85,93.5,,
4144,2024-10-26 08:00:00,1110.47,,12.3,90.0,,
4145,2024-10-26 08:30:00,1006.13,,12.4,90.0,,
4146,2024-10-26 09:00:00,355.97,,12.5,90.0,,
4147,2024-10-26 09:30:00,489.47,,12.45,91.5,,
4148,2024-10-26 10:00:00,360.5,,12.4,93.0,,
4149,2024-10-26 10:30:00,327.6,,12.25,94.0,,
4150,2024-10-26 11:00:00,283.57,,12.1,95.0,,
4151,2024-10-26 11:30:00,415.9,,12.25,95.5,,
4152,2024-10-26 12:00:00,333.07,,12.4,96.0,,
4153,2024-10-26 12:30:00,1295.73,,12.3,95.5,,
4154,2024-10-26 13:00:00,579.17,,12.2,95.0,,
4155,2024-10-26 13:30:00,464.97,,12.05,96.0,,
4156,2024-10-26 14:00:00,377.27,,11.9,97.0,,
4157,2024-10-26 14:30:00,401.13,,12.45,94.0,,
4158,2024-10-26 15:00:00,286.87,,13.0,91.0,,
4159,2024-10-26 15:30:00,321.9,,12.25,92.5,,
4160,2024-10-26 16:00:00,362.33,,11.5,94.0,,
4161,2024-10-26 16:30:00,529.23,,11.3,92.5,,
4162,2024-10-26 17:00:00,818.37,,11.1,91.0,,
4163,2024-10-26 17:30:00,409.77,,11.2,92.5,,
4164,2024-10-26 18:00:00,552.3,,11.3,94.0,,
4165,2024-10-26 18:30:00,504.13,,11.35,93.5,,
4166,2024-10-26 19:00:00,486.5,,11.4,93.0,,
4167,2024-10-26 19:30:00,356.66,,11.4,92.0,,
4168,2024-10-26 20:00:00,515.77,,11.4,91.0,,
4169,2024-10-26 20:30:00,397.7,,11.2,92.0,,
4170,2024-10-26 21:00:00,439.67,,11.0,93.0,,
4171,2024-10-26 21:30:00,393.19,,10.85,93.0,,
4172,2024-10-26 22:00:00,500.4,,10.7,93.0,,
4173,2024-10-26 22:30:00,436.2,,10.55,93.0,,
4174,2024-10-26 23:00:00,433.17,,10.4,93.0,,
4175,2024-10-26 23:30:00,406.14,,10.4,93.0,,
4176,2024-10-27 00:00:00,505.3,,10.4,93.0,,
4177,2024-10-27 00:30:00,616.57,,10.55,93.5,,
4178,2024-10-27 01:00:00,500.37,,10.7,94.0,,
4179,2024-10-27 01:30:00,521.97,,10.5,95.5,,
4180,2024-10-27 02:00:00,496.4,,10.3,97.0,,
4181,2024-10-27 02:30:00,563.0,,10.4,96.0,,
4182,2024-10-27 03:00:00,468.8,,10.5,95.0,,
4183,2024-10-27 03:30:00,538.43,,10.85,93.0,,
4184,2024-10-27 04:00:00,541.07,,11.2,91.0,,
4185,2024-10-27 04:30:00,508.6,,10.9,91.0,,
4186,2024-10-27 05:00:00,525.03,,10.6,91.0,,
4187,2024-10-27 05:30:00,519.6,,10.5,90.0,,
4188,2024-10-27 06:00:00,575.47,,10.4,89.0,,
4189,2024-10-27 06:30:00,357.93,,11.25,86.0,,
4190,2024-10-27 07:00:00,798.2,,12.1,83.0,,
4191,2024-10-27 07:30:00,232.27,,12.5,84.0,,
4192,2024-10-27 08:00:00,347.0,,12.9,85.0,,
4193,2024-10-27 08:30:00,659.5,,13.3,84.5,,
4194,2024-10-27 09:00:00,1409.5,,13.7,84.0,,
4195,2024-10-27 09:30:00,982.5,,13.95,81.0,,
4196,2024-10-27 10:00:00,446.97,,14.2,78.0,,
4197,2024-10-27 10:30:00,448.33,,14.8,72.5,,
4198,2024-10-27 11:00:00,218.9,,15.4,67.0,,
4199,2024-10-27 11:30:00,259.5,,15.45,66.5,,
4200,2024-10-27 12:00:00,242.23,,15.5,66.0,,
4201,2024-10-27 12:30:00,251.7,,15.55,66.0,,
4202,2024-10-27 13:00:00,215.3,,15.6,66.0,,
4203,2024-10-27 13:30:00,219.17,,15.35,67.0,,
4204,2024-10-27 14:00:00,214.1,,15.1,68.0,,
4205,2024-10-27 14:30:00,257.7,,14.8,70.0,,
4206,2024-10-27 15:00:00,260.17,,14.5,72.0,,
4207,2024-10-27 15:30:00,296.0,,13.75,78.0,,
4208,2024-10-27 16:00:00,354.33,,13.0,84.0,,
4209,2024-10-27 16:30:00,422.74,,12.25,87.0,,
4210,2024-10-27 17:00:00,369.83,,11.5,90.0,,
4211,2024-10-27 17:30:00,405.67,,11.25,92.0,,
4212,2024-10-27 18:00:00,362.3,,11.0,94.0,,
4213,2024-10-27 18:30:00,360.47,,10.75,95.5,,
4214,2024-10-27 19:00:00,398.6,,10.5,97.0,,
4215,2024-10-27 19:30:00,410.03,,10.55,97.5,,
4216,2024-10-27 20:00:00,379.73,,10.6,98.0,,
4217,2024-10-27 20:30:00,352.37,,10.75,97.0,,
4218,2024-10-27 21:00:00,480.1,,10.9,96.0,,
4219,2024-10-27 21:30:00,386.1,,10.55,96.5,,
4220,2024-10-27 22:00:00,385.87,,10.2,97.0,,
4221,2024-10-27 22:30:00,383.43,,9.7,97.5,,
4222,2024-10-27 23:00:00,327.43,,9.2,98.0,,
4223,2024-10-27 23:30:00,436.0,,9.15,97.5,,
4224,2024-10-28 00:00:00,300.97,,9.1,97.0,,
4225,2024-10-28 00:30:00,436.17,,9.0,97.5,,
4226,2024-10-28 01:00:00,355.13,,8.9,98.0,,
4227,2024-10-28 01:30:00,435.73,,8.9,97.0,,
4228,2024-10-28 02:00:00,378.13,,8.9,96.0,,
4229,2024-10-28 02:30:00,486.47,,9.25,95.5,,
4230,2024-10-28 03:00:00,359.53,,9.6,95.0,,
4231,2024-10-28 03:30:00,507.73,,9.65,95.0,,
4232,2024-10-28 04:00:00,446.53,,9.7,95.0,,
4233,2024-10-28 04:30:00,473.2,,9.85,94.5,,
4234,2024-10-28 05:00:00,458.93,,10.0,94.0,,
4235,2024-10-28 05:30:00,644.13,,10.05,93.5,,
4236,2024-10-28 06:00:00,532.87,,10.1,93.0,,
4237,2024-10-28 06:30:00,493.73,,9.6,95.5,,
4238,2024-10-28 07:00:00,329.5,,9.1,98.0,,
4239,2024-10-28 07:30:00,415.33,,10.8,95.0,,
4240,2024-10-28 08:00:00,322.03,,12.5,92.0,,
4241,2024-10-28 08:30:00,318.8,,13.45,85.0,,
4242,2024-10-28 09:00:00,300.93,,14.4,78.0,,
4243,2024-10-28 09:30:00,321.1,,14.95,73.5,,
4244,2024-10-28 10:00:00,290.9,,15.5,69.0,,
4245,2024-10-28 10:30:00,296.48,,15.75,66.5,,
4246,2024-10-28 11:00:00,776.76,,16.0,64.0,,
4247,2024-10-28 11:30:00,471.67,,16.2,63.0,,
4248,2024-10-28 12:00:00,261.43,,16.4,62.0,,
4249,2024-10-28 12:30:00,338.6,,16.4,61.5,,
4250,2024-10-28 13:00:00,275.07,,16.4,61.0,,
4251,2024-10-28 13:30:00,473.53,,16.299999999999997,60.5,,
4252,2024-10-28 14:00:00,263.87,,16.2,60.0,,
4253,2024-10-28 14:30:00,246.37,,16.0,61.0,,
4254,2024-10-28 15:00:00,217.83,,15.8,62.0,,
4255,2024-10-28 15:30:00,262.33,,15.2,64.5,,
4256,2024-10-28 16:00:00,1077.7,,14.6,67.0,,
4257,2024-10-28 16:30:00,1180.63,,13.9,75.0,,
4258,2024-10-28 17:00:00,746.1,,13.2,83.0,,
4259,2024-10-28 17:30:00,595.07,,12.9,83.0,,
4260,2024-10-28 18:00:00,452.63,,12.6,83.0,,
4261,2024-10-28 18:30:00,415.9,,11.5,85.5,,
4262,2024-10-28 19:00:00,425.61,,10.4,88.0,,
4263,2024-10-28 19:30:00,449.2,,10.0,89.0,,
4264,2024-10-28 20:00:00,575.17,,9.6,90.0,,
4265,2024-10-28 20:30:00,568.93,,9.35,91.0,,
4266,2024-10-28 21:00:00,482.4,,9.1,92.0,,
4267,2024-10-28 21:30:00,509.5,,9.45,93.0,,
4268,2024-10-28 22:00:00,506.07,,9.8,94.0,,
4269,2024-10-28 22:30:00,501.19,,9.8,93.5,,
4270,2024-10-28 23:00:00,538.14,,9.8,93.0,,
4271,2024-10-28 23:30:00,501.4,,9.65,92.5,,
4272,2024-10-29 00:00:00,544.63,,9.5,92.0,,
4273,2024-10-29 00:30:00,515.74,,9.25,92.0,,
4274,2024-10-29 01:00:00,546.1,,9.0,92.0,,
4275,2024-10-29 01:30:00,523.23,,9.85,88.5,,
4276,2024-10-29 02:00:00,675.27,,10.7,85.0,,
4277,2024-10-29 02:30:00,507.16,,9.9,87.5,,
4278,2024-10-29 03:00:00,605.66,,9.1,90.0,,
4279,2024-10-29 03:30:00,582.9,,8.649999999999999,91.0,,
4280,2024-10-29 04:00:00,611.3,,8.2,92.0,,
4281,2024-10-29 04:30:00,673.8,,8.3,91.0,,
4282,2024-10-29 05:00:00,517.7,,8.4,90.0,,
4283,2024-10-29 05:30:00,479.27,,8.3,90.0,,
4284,2024-10-29 06:00:00,795.7,,8.2,90.0,,
4285,2024-10-29 06:30:00,717.37,,9.15,88.5,,
4286,2024-10-29 07:00:00,606.06,,10.1,87.0,,
4287,2024-10-29 07:30:00,508.72,,11.6,83.0,,
4288,2024-10-29 08:00:00,489.47,,13.1,79.0,,
4289,2024-10-29 08:30:00,303.37,,14.05,74.0,,
4290,2024-10-29 09:00:00,434.73,,15.0,69.0,,
4291,2024-10-29 09:30:00,391.0,,15.55,64.5,,
4292,2024-10-29 10:00:00,293.97,,16.1,60.0,,
4293,2024-10-29 10:30:00,331.39,,16.450000000000003,58.5,,
4294,2024-10-29 11:00:00,1011.17,,16.8,57.0,,
4295,2024-10-29 11:30:00,677.6,,17.0,56.5,,
4296,2024-10-29 12:00:00,380.4,,17.2,56.0,,
4297,2024-10-29 12:30:00,244.23,,17.25,56.0,,
4298,2024-10-29 13:00:00,307.1,,17.3,56.0,,
4299,2024-10-29 13:30:00,249.03,,17.1,57.0,,
4300,2024-10-29 14:00:00,360.1,,16.9,58.0,,
4301,2024-10-29 14:30:00,276.73,,16.4,61.0,,
4302,2024-10-29 15:00:00,339.4,,15.9,64.0,,
4303,2024-10-29 15:30:00,250.0,,15.25,67.0,,
4304,2024-10-29 16:00:00,415.1,,14.6,70.0,,
4305,2024-10-29 16:30:00,531.4,,13.05,77.0,,
4306,2024-10-29 17:00:00,403.4,,11.5,84.0,,
4307,2024-10-29 17:30:00,378.23,,11.25,85.5,,
4308,2024-10-29 18:00:00,489.59,,11.0,87.0,,
4309,2024-10-29 18:30:00,551.32,,10.75,89.5,,
4310,2024-10-29 19:00:00,1582.48,,10.5,92.0,,
4311,2024-10-29 19:30:00,532.53,,10.15,93.0,,
4312,2024-10-29 20:00:00,540.73,,9.8,94.0,,
4313,2024-10-29 20:30:00,1538.9,,9.55,94.0,,
4314,2024-10-29 21:00:00,495.87,,9.3,94.0,,
4315,2024-10-29 21:30:00,562.97,,9.05,94.0,,
4316,2024-10-29 22:00:00,592.1,,8.8,94.0,,
4317,2024-10-29 22:30:00,523.42,,8.2,93.5,,
4318,2024-10-29 23:00:00,516.97,,7.6,93.0,,
4319,2024-10-29 23:30:00,630.1,,7.449999999999999,91.5,,
4320,2024-10-30 00:00:00,470.45,,7.3,90.0,,
4321,2024-10-30 00:30:00,598.9,,7.35,88.0,,
4322,2024-10-30 01:00:00,600.72,,7.4,86.0,,
4323,2024-10-30 01:30:00,586.93,,7.4,85.0,,
4324,2024-10-30 02:00:00,594.1,,7.4,84.0,,
4325,2024-10-30 02:30:00,638.77,,7.300000000000001,83.5,,
4326,2024-10-30 03:00:00,618.0,,7.2,83.0,,
4327,2024-10-30 03:30:00,777.8,,7.45,84.5,,
4328,2024-10-30 04:00:00,1681.1,,7.7,86.0,,
4329,2024-10-30 04:30:00,588.87,,7.550000000000001,85.5,,
4330,2024-10-30 05:00:00,1011.23,,7.4,85.0,,
4331,2024-10-30 05:30:00,1432.47,,7.1,85.0,,
4332,2024-10-30 06:00:00,754.17,,6.8,85.0,,
4333,2024-10-30 06:30:00,557.07,,8.1,82.5,,
4334,2024-10-30 07:00:00,475.5,,9.4,80.0,,
4335,2024-10-30 07:30:00,785.03,,10.9,77.0,,
4336,2024-10-30 08:00:00,302.23,,12.4,74.0,,
4337,2024-10-30 08:30:00,524.1,,13.45,70.0,,
4338,2024-10-30 09:00:00,318.97,,14.5,66.0,,
4339,2024-10-30 09:30:00,319.52,,15.1,64.0,,
4340,2024-10-30 10:00:00,276.41,,15.7,62.0,,
4341,2024-10-30 10:30:00,320.37,,16.15,61.0,,
4342,2024-10-30 11:00:00,511.27,,16.6,60.0,,
4343,2024-10-30 11:30:00,250.2,,16.9,59.0,,
4344,2024-10-30 12:00:00,322.37,,17.2,58.0,,
4345,2024-10-30 12:30:00,319.37,,17.35,57.0,,
4346,2024-10-30 13:00:00,247.47,,17.5,56.0,,
4347,2024-10-30 13:30:00,253.27,,17.3,57.0,,
4348,2024-10-30 14:00:00,283.53,,17.1,58.0,,
4349,2024-10-30 14:30:00,264.73,,16.6,64.0,,
4350,2024-10-30 15:00:00,343.57,,16.1,70.0,,
4351,2024-10-30 15:30:00,308.3,,14.65,76.5,,
4352,2024-10-30 16:00:00,313.23,,13.2,83.0,,
4353,2024-10-30 16:30:00,1036.9,,12.35,86.5,,
4354,2024-10-30 17:00:00,812.53,,11.5,90.0,,
4355,2024-10-30 17:30:00,836.1,,10.95,92.5,,
4356,2024-10-30 18:00:00,842.73,,10.4,95.0,,
4357,2024-10-30 18:30:00,1034.23,,9.85,95.5,,
4358,2024-10-30 19:00:00,1002.8,,9.3,96.0,,
4359,2024-10-30 19:30:00,527.6,,9.0,96.0,,
4360,2024-10-30 20:00:00,509.0,,8.7,96.0,,
4361,2024-10-30 20:30:00,539.5,,8.399999999999999,95.0,,
4362,2024-10-30 21:00:00,547.73,,8.1,94.0,,
4363,2024-10-30 21:30:00,493.57,,7.949999999999999,92.5,,
4364,2024-10-30 22:00:00,590.8,,7.8,91.0,,
4365,2024-10-30 22:30:00,531.27,,7.75,89.5,,
4366,2024-10-30 23:00:00,556.23,,7.7,88.0,,
4367,2024-10-30 23:30:00,539.4,,7.65,87.0,,
4368,2024-10-31 00:00:00,552.57,,7.6,86.0,,
4369,2024-10-31 00:30:00,545.13,,7.3,84.5,,
4370,2024-10-31 01:00:00,571.13,,7.0,83.0,,
4371,2024-10-31 01:30:00,660.07,,6.95,81.5,,
4372,2024-10-31 02:00:00,546.4,,6.9,80.0,,
4373,2024-10-31 02:30:00,741.87,,6.95,78.0,,
4374,2024-10-31 03:00:00,685.9,,7.0,76.0,,
4375,2024-10-31 03:30:00,671.8,,7.0,75.5,,
4376,2024-10-31 04:00:00,656.33,,7.0,75.0,,
4377,2024-10-31 04:30:00,686.07,,6.85,74.0,,
4378,2024-10-31 05:00:00,661.23,,6.7,73.0,,
4379,2024-10-31 05:30:00,680.77,,6.6,73.5,,
4380,2024-10-31 06:00:00,685.17,,6.5,74.0,,
4381,2024-10-31 06:30:00,830.17,,7.9,71.5,,
4382,2024-10-31 07:00:00,520.43,,9.3,69.0,,
4383,2024-10-31 07:30:00,412.17,,10.8,66.5,,
4384,2024-10-31 08:00:00,595.27,,12.3,64.0,,
4385,2024-10-31 08:30:00,372.9,,13.4,62.5,,
4386,2024-10-31 09:00:00,672.87,,14.5,61.0,,
4387,2024-10-31 09:30:00,306.87,,15.15,59.0,,
4388,2024-10-31 10:00:00,288.21,,15.8,57.0,,
4389,2024-10-31 10:30:00,479.29,,16.25,56.0,,
4390,2024-10-31 11:00:00,1224.24,,16.7,55.0,,
4391,2024-10-31 11:30:00,1322.73,,16.95,55.5,,
4392,2024-10-31 12:00:00,303.1,,17.2,56.0,,
4393,2024-10-31 12:30:00,388.83,,17.2,56.0,,
4394,2024-10-31 13:00:00,256.33,,17.2,56.0,,
4395,2024-10-31 13:30:00,313.27,,17.049999999999997,57.5,,
4396,2024-10-31 14:00:00,895.17,,16.9,59.0,,
4397,2024-10-31 14:30:00,837.4,,16.299999999999997,66.0,,
4398,2024-10-31 15:00:00,272.37,,15.7,73.0,,
4399,2024-10-31 15:30:00,309.0,,14.8,76.0,,
4400,2024-10-31 16:00:00,429.77,,13.9,79.0,,
4401,2024-10-31 16:30:00,321.8,,12.35,84.5,,
4402,2024-10-31 17:00:00,616.4,,10.8,90.0,,
4403,2024-10-31 17:30:00,529.9,,10.5,91.5,,
4404,2024-10-31 18:00:00,754.83,,10.2,93.0,,
4405,2024-10-31 18:30:00,1581.5,,9.9,93.0,,
4406,2024-10-31 19:00:00,1630.06,,9.6,93.0,,
4407,2024-10-31 19:30:00,703.3,,9.4,91.5,,
4408,2024-10-31 20:00:00,509.0,,9.2,90.0,,
4409,2024-10-31 20:30:00,495.21,,8.6,89.0,,
4410,2024-10-31 21:00:00,570.13,,8.0,88.0,,
4411,2024-10-31 21:30:00,579.53,,8.5,84.0,,
4412,2024-10-31 22:00:00,485.7,,9.0,80.0,,
4413,2024-10-31 22:30:00,580.0,,9.05,77.5,,
4414,2024-10-31 23:00:00,484.83,,9.1,75.0,,
4415,2024-10-31 23:30:00,625.87,,9.2,72.0,,
4416,2024-11-01 00:00:00,538.57,,9.3,69.0,,
4417,2024-11-01 00:30:00,604.6,,9.4,69.5,,
4418,2024-11-01 01:00:00,588.47,,9.5,70.0,,
4419,2024-11-01 01:30:00,605.63,,9.35,68.5,,
4420,2024-11-01 02:00:00,604.83,,9.2,67.0,,
4421,2024-11-01 02:30:00,534.4,,9.05,66.0,,
4422,2024-11-01 03:00:00,856.07,,8.9,65.0,,
4423,2024-11-01 03:30:00,660.53,,8.9,64.5,,
4424,2024-11-01 04:00:00,778.83,,8.9,64.0,,
4425,2024-11-01 04:30:00,725.43,,8.9,63.0,,
4426,2024-11-01 05:00:00,701.4,,8.9,62.0,,
4427,2024-11-01 05:30:00,670.8,,9.3,60.0,,
4428,2024-11-01 06:00:00,727.27,,9.7,58.0,,
4429,2024-11-01 06:30:00,746.94,,9.6,61.0,,
4430,2024-11-01 07:00:00,666.0,,9.5,64.0,,
4431,2024-11-01 07:30:00,749.97,,10.9,63.5,,
4432,2024-11-01 08:00:00,688.42,,12.3,63.0,,
4433,2024-11-01 08:30:00,478.48,,13.25,63.0,,
4434,2024-11-01 09:00:00,630.07,,14.2,63.0,,
4435,2024-11-01 09:30:00,542.33,,14.7,60.5,,
4436,2024-11-01 10:00:00,433.3,,15.2,58.0,,
4437,2024-11-01 10:30:00,336.9,,15.6,55.0,,
4438,2024-11-01 11:00:00,278.2,,16.0,52.0,,
4439,2024-11-01 11:30:00,1300.57,,16.0,51.5,,
4440,2024-11-01 12:00:00,500.0,,16.0,51.0,,
4441,2024-11-01 12:30:00,633.8,,15.8,53.0,,
4442,2024-11-01 13:00:00,1216.4,,15.6,55.0,,
4443,2024-11-01 13:30:00,364.73,,15.25,57.5,,
4444,2024-11-01 14:00:00,169.5,,14.9,60.0,,
4445,2024-11-01 14:30:00,292.57,,14.3,64.0,,
4446,2024-11-01 15:00:00,294.73,,13.7,68.0,,
4447,2024-11-01 15:30:00,291.5,,12.1,75.5,,
4448,2024-11-01 16:00:00,510.87,,10.5,83.0,,
4449,2024-11-01 16:30:00,419.53,,10.9,79.0,,
4450,2024-11-01 17:00:00,469.7,,11.3,75.0,,
4451,2024-11-01 17:30:00,494.3,,11.1,73.5,,
4452,2024-11-01 18:00:00,487.57,,10.9,72.0,,
4453,2024-11-01 18:30:00,458.2,,10.7,70.5,,
4454,2024-11-01 19:00:00,565.0,,10.5,69.0,,
4455,2024-11-01 19:30:00,560.73,,10.85,65.0,,
4456,2024-11-01 20:00:00,553.03,,11.2,61.0,,
4457,2024-11-01 20:30:00,544.37,,11.55,58.0,,
4458,2024-11-01 21:00:00,539.9,,11.9,55.0,,
4459,2024-11-01 21:30:00,622.6,,12.1,53.0,,
4460,2024-11-01 22:00:00,554.29,,12.3,51.0,,
4461,2024-11-01 22:30:00,584.21,,12.3,50.5,,
4462,2024-11-01 23:00:00,575.5,,12.3,50.0,,
4463,2024-11-01 23:30:00,529.1,,12.05,49.5,,
4464,2024-11-02 00:00:00,582.23,,11.8,49.0,,
4465,2024-11-02 00:30:00,480.7,,11.6,49.0,,
4466,2024-11-02 01:00:00,570.67,,11.4,49.0,,
4467,2024-11-02 01:30:00,605.83,,11.55,48.5,,
4468,2024-11-02 02:00:00,667.67,,11.7,48.0,,
4469,2024-11-02 02:30:00,572.3,,11.6,47.5,,
4470,2024-11-02 03:00:00,709.7,,11.5,47.0,,
4471,2024-11-02 03:30:00,612.37,,11.45,47.5,,
4472,2024-11-02 04:00:00,567.63,,11.4,48.0,,
4473,2024-11-02 04:30:00,836.53,,11.3,48.5,,
4474,2024-11-02 05:00:00,652.23,,11.2,49.0,,
4475,2024-11-02 05:30:00,841.55,,11.15,50.0,,
4476,2024-11-02 06:00:00,642.6,,11.1,51.0,,
4477,2024-11-02 06:30:00,859.03,,11.3,53.0,,
4478,2024-11-02 07:00:00,833.37,,11.5,55.0,,
4479,2024-11-02 07:30:00,594.13,,11.8,58.5,,
4480,2024-11-02 08:00:00,585.57,,12.1,62.0,,
4481,2024-11-02 08:30:00,431.73,,12.75,61.5,,
4482,2024-11-02 09:00:00,644.57,,13.4,61.0,,
4483,2024-11-02 09:30:00,401.47,,14.0,59.5,,
4484,2024-11-02 10:00:00,708.83,,14.6,58.0,,
4485,2024-11-02 10:30:00,1624.33,,15.0,57.0,,
4486,2024-11-02 11:00:00,475.83,,15.4,56.0,,
4487,2024-11-02 11:30:00,355.07,,15.65,56.0,,
4488,2024-11-02 12:00:00,330.37,,15.9,56.0,,
4489,2024-11-02 12:30:00,277.43,,16.0,56.5,,
4490,2024-11-02 13:00:00,356.97,,16.1,57.0,,
4491,2024-11-02 13:30:00,391.13,,15.95,57.5,,
4492,2024-11-02 14:00:00,1134.1,,15.8,58.0,,
4493,2024-11-02 14:30:00,561.53,,15.2,66.0,,
4494,2024-11-02 15:00:00,398.03,,14.6,74.0,,
4495,2024-11-02 15:30:00,303.43,,13.95,72.0,,
4496,2024-11-02 16:00:00,498.27,,13.3,70.0,,
4497,2024-11-02 16:30:00,462.37,,11.25,78.5,,
4498,2024-11-02 17:00:00,567.63,,9.2,87.0,,
4499,2024-11-02 17:30:00,519.9,,9.1,86.0,,
4500,2024-11-02 18:00:00,773.0,,9.0,85.0,,
4501,2024-11-02 18:30:00,599.57,,8.6,85.5,,
4502,2024-11-02 19:00:00,547.83,,8.2,86.0,,
4503,2024-11-02 19:30:00,586.93,,8.1,85.5,,
4504,2024-11-02 20:00:00,606.2,,8.0,85.0,,
4505,2024-11-02 20:30:00,623.37,,8.1,83.5,,
4506,2024-11-02 21:00:00,615.2,,8.2,82.0,,
4507,2024-11-02 21:30:00,698.53,,7.949999999999999,79.0,,
4508,2024-11-02 22:00:00,709.57,,7.7,76.0,,
4509,2024-11-02 22:30:00,1311.5,,7.050000000000001,77.0,,
4510,2024-11-02 23:00:00,941.61,,6.4,78.0,,
4511,2024-11-02 23:30:00,625.93,,6.2,78.0,,
4512,2024-11-03 00:00:00,711.4,,6.0,78.0,,
4513,2024-11-03 00:30:00,705.7,,5.85,77.5,,
4514,2024-11-03 01:00:00,755.28,,5.7,77.0,,
4515,2024-11-03 01:30:00,752.83,,5.65,77.5,,
4516,2024-11-03 02:00:00,702.8,,5.6,78.0,,
4517,2024-11-03 02:30:00,635.97,,5.35,82.5,,
4518,2024-11-03 03:00:00,736.47,,5.1,87.0,,
4519,2024-11-03 03:30:00,874.3,,4.949999999999999,88.5,,
4520,2024-11-03 04:00:00,798.87,,4.8,90.0,,
4521,2024-11-03 04:30:00,784.03,,4.85,91.5,,
4522,2024-11-03 05:00:00,725.43,,4.9,93.0,,
4523,2024-11-03 05:30:00,893.8,,4.9,94.5,,
4524,2024-11-03 06:00:00,743.57,,4.9,96.0,,
4525,2024-11-03 06:30:00,701.37,,5.35,97.0,,
4526,2024-11-03 07:00:00,877.8,,5.8,98.0,,
4527,2024-11-03 07:30:00,709.03,,6.85,96.0,,
4528,2024-11-03 08:00:00,725.63,,7.9,94.0,,
4529,2024-11-03 08:30:00,447.77,,8.600000000000001,91.5,,
4530,2024-11-03 09:00:00,517.47,,9.3,89.0,,
4531,2024-11-03 09:30:00,444.97,,10.3,84.0,,
4532,2024-11-03 10:00:00,1146.07,,11.3,79.0,,
4533,2024-11-03 10:30:00,977.8,,12.15,75.5,,
4534,2024-11-03 11:00:00,433.8,,13.0,72.0,,
4535,2024-11-03 11:30:00,834.0,,13.3,70.5,,
4536,2024-11-03 12:00:00,1347.7,,13.6,69.0,,
4537,2024-11-03 12:30:00,1226.27,,13.75,68.5,,
4538,2024-11-03 13:00:00,1160.03,,13.9,68.0,,
4539,2024-11-03 13:30:00,378.6,,13.65,69.0,,
4540,2024-11-03 14:00:00,374.2,,13.4,70.0,,
4541,2024-11-03 14:30:00,1236.77,,12.8,72.5,,
4542,2024-11-03 15:00:00,775.2,,12.2,75.0,,
4543,2024-11-03 15:30:00,507.53,,10.9,81.0,,
4544,2024-11-03 16:00:00,710.3,,9.6,87.0,,
4545,2024-11-03 16:30:00,671.4,,8.7,91.0,,
4546,2024-11-03 17:00:00,592.45,,7.8,95.0,,
4547,2024-11-03 17:30:00,613.28,,7.1,96.0,,
4548,2024-11-03 18:00:00,964.6,,6.4,97.0,,
4549,2024-11-03 18:30:00,635.0,,6.2,97.0,,
4550,2024-11-03 19:00:00,627.27,,6.0,97.0,,
4551,2024-11-03 19:30:00,714.1,,5.65,97.5,,
4552,2024-11-03 20:00:00,706.8,,5.3,98.0,,
4553,2024-11-03 20:30:00,819.67,,5.15,97.5,,
4554,2024-11-03 21:00:00,778.97,,5.0,97.0,,
4555,2024-11-03 21:30:00,746.07,,5.15,95.0,,
4556,2024-11-03 22:00:00,798.27,,5.3,93.0,,
4557,2024-11-03 22:30:00,884.73,,5.25,92.0,,
4558,2024-11-03 23:00:00,788.47,,5.2,91.0,,
4559,2024-11-03 23:30:00,837.0,,5.25,90.5,,
4560,2024-11-04 00:00:00,887.43,,5.3,90.0,,
4561,2024-11-04 00:30:00,848.1,,5.3,89.0,,
4562,2024-11-04 01:00:00,791.27,,5.3,88.0,,
4563,2024-11-04 01:30:00,957.97,,5.25,87.0,,
4564,2024-11-04 02:00:00,855.53,,5.2,86.0,,
4565,2024-11-04 02:30:00,829.07,,5.050000000000001,85.5,,
4566,2024-11-04 03:00:00,1003.03,,4.9,85.0,,
4567,2024-11-04 03:30:00,926.9,,4.800000000000001,86.0,,
4568,2024-11-04 04:00:00,922.93,,4.7,87.0,,
4569,2024-11-04 04:30:00,998.1,,4.65,86.5,,
4570,2024-11-04 05:00:00,954.2,,4.6,86.0,,
4571,2024-11-04 05:30:00,1006.1,,4.6,85.0,,
4572,2024-11-04 06:00:00,857.07,,4.6,84.0,,
4573,2024-11-04 06:30:00,996.3,,5.35,81.0,,
4574,2024-11-04 07:00:00,796.73,,6.1,78.0,,
4575,2024-11-04 07:30:00,852.0,,7.5,76.5,,
4576,2024-11-04 08:00:00,748.5,,8.9,75.0,,
4577,2024-11-04 08:30:00,781.87,,10.2,73.5,,
4578,2024-11-04 09:00:00,1157.87,,11.5,72.0,,
4579,2024-11-04 09:30:00,582.3,,12.4,68.0,,
4580,2024-11-04 10:00:00,505.2,,13.3,64.0,,
4581,2024-11-04 10:30:00,568.6,,13.85,61.5,,
4582,2024-11-04 11:00:00,613.53,,14.4,59.0,,
4583,2024-11-04 11:30:00,391.5,,14.65,57.5,,
4584,2024-11-04 12:00:00,309.23,,14.9,56.0,,
4585,2024-11-04 12:30:00,284.47,,15.0,55.5,,
4586,2024-11-04 13:00:00,281.4,,15.1,55.0,,
4587,2024-11-04 13:30:00,296.0,,15.0,57.0,,
4588,2024-11-04 14:00:00,276.62,,14.9,59.0,,
4589,2024-11-04 14:30:00,347.63,,14.2,66.0,,
4590,2024-11-04 15:00:00,601.23,,13.5,73.0,,
4591,2024-11-04 15:30:00,433.0,,12.2,75.5,,
4592,2024-11-04 16:00:00,596.9,,10.9,78.0,,
4593,2024-11-04 16:30:00,568.0,,9.75,83.5,,
4594,2024-11-04 17:00:00,1375.97,,8.6,89.0,,
4595,2024-11-04 17:30:00,1290.57,,8.25,91.0,,
4596,2024-11-04 18:00:00,718.0,,7.9,93.0,,
4597,2024-11-04 18:30:00,630.93,,7.35,93.5,,
4598,2024-11-04 19:00:00,679.8,,6.8,94.0,,
4599,2024-11-04 19:30:00,772.62,,6.8,94.0,,
4600,2024-11-04 20:00:00,868.33,,6.8,94.0,,
4601,2024-11-04 20:30:00,765.3,,7.05,93.0,,
4602,2024-11-04 21:00:00,848.97,,7.3,92.0,,
4603,2024-11-04 21:30:00,858.83,,6.65,92.5,,
4604,2024-11-04 22:00:00,877.53,,6.0,93.0,,
4605,2024-11-04 22:30:00,759.17,,5.95,93.0,,
4606,2024-11-04 23:00:00,850.33,,5.9,93.0,,
4607,2024-11-04 23:30:00,873.1,,5.85,93.5,,
4608,2024-11-05 00:00:00,872.0,,5.8,94.0,,
4609,2024-11-05 00:30:00,818.17,,5.65,94.5,,
4610,2024-11-05 01:00:00,856.87,,5.5,95.0,,
4611,2024-11-05 01:30:00,935.53,,5.15,96.0,,
4612,2024-11-05 02:00:00,992.9,,4.8,97.0,,
4613,2024-11-05 02:30:00,957.47,,4.5,97.0,,
4614,2024-11-05 03:00:00,987.6,,4.2,97.0,,
4615,2024-11-05 03:30:00,967.83,,4.05,96.5,,
4616,2024-11-05 04:00:00,997.7,,3.9,96.0,,
4617,2024-11-05 04:30:00,921.93,,4.45,93.5,,
4618,2024-11-05 05:00:00,1086.43,,5.0,91.0,,
4619,2024-11-05 05:30:00,1079.53,,4.6,91.5,,
4620,2024-11-05 06:00:00,1039.27,,4.2,92.0,,
4621,2024-11-05 06:30:00,1072.37,,4.7,90.5,,
4622,2024-11-05 07:00:00,1476.67,,5.2,89.0,,
4623,2024-11-05 07:30:00,1572.67,,6.550000000000001,85.0,,
4624,2024-11-05 08:00:00,954.43,,7.9,81.0,,
4625,2024-11-05 08:30:00,499.17,,9.2,78.5,,
4626,2024-11-05 09:00:00,695.23,,10.5,76.0,,
4627,2024-11-05 09:30:00,854.37,,11.35,72.0,,
4628,2024-11-05 10:00:00,485.83,,12.2,68.0,,
4629,2024-11-05 10:30:00,557.8,,12.5,66.5,,
4630,2024-11-05 11:00:00,765.67,,12.8,65.0,,
4631,2024-11-05 11:30:00,470.77,,13.15,64.5,,
4632,2024-11-05 12:00:00,615.33,,13.5,64.0,,
4633,2024-11-05 12:30:00,288.87,,13.5,64.5,,
4634,2024-11-05 13:00:00,549.67,,13.5,65.0,,
4635,2024-11-05 13:30:00,421.3,,13.3,67.0,,
4636,2024-11-05 14:00:00,273.43,,13.1,69.0,,
4637,2024-11-05 14:30:00,366.53,,12.55,71.5,,
4638,2024-11-05 15:00:00,448.43,,12.0,74.0,,
4639,2024-11-05 15:30:00,665.17,,10.5,80.0,,
4640,2024-11-05 16:00:00,624.9,,9.0,86.0,,
4641,2024-11-05 16:30:00,861.73,,8.25,88.0,,
4642,2024-11-05 17:00:00,1107.0,,7.5,90.0,,
4643,2024-11-05 17:30:00,787.8,,7.05,92.0,,
4644,2024-11-05 18:00:00,1129.07,,6.6,94.0,,
4645,2024-11-05 18:30:00,1425.77,,6.5,94.0,,
4646,2024-11-05 19:00:00,1308.77,,6.4,94.0,,
4647,2024-11-05 19:30:00,871.27,,6.5,94.5,,
4648,2024-11-05 20:00:00,858.67,,6.6,95.0,,
4649,2024-11-05 20:30:00,927.71,,5.8,96.0,,
4650,2024-11-05 21:00:00,768.86,,5.0,97.0,,
4651,2024-11-05 21:30:00,953.33,,4.8,97.0,,
4652,2024-11-05 22:00:00,670.6,,4.6,97.0,,
4653,2024-11-05 22:30:00,463.57,,4.85,97.0,,
4654,2024-11-05 23:00:00,269.33,,5.1,97.0,,
4655,2024-11-05 23:30:00,413.4,,5.15,96.5,,
4656,2024-11-06 00:00:00,408.39,,5.2,96.0,,
4657,2024-11-06 00:30:00,553.38,,5.25,96.5,,
4658,2024-11-06 01:00:00,441.68,,5.3,97.0,,
4659,2024-11-06 01:30:00,552.3,,5.199999999999999,96.0,,
4660,2024-11-06 02:00:00,670.14,,5.1,95.0,,
4661,2024-11-06 02:30:00,502.8,,5.15,94.5,,
4662,2024-11-06 03:00:00,487.1,,5.2,94.0,,
4663,2024-11-06 03:30:00,589.43,,5.050000000000001,93.0,,
4664,2024-11-06 04:00:00,572.63,,4.9,92.0,,
4665,2024-11-06 04:30:00,626.6,,4.7,91.5,,
4666,2024-11-06 05:00:00,815.68,,4.5,91.0,,
4667,2024-11-06 05:30:00,739.34,,4.65,89.5,,
4668,2024-11-06 06:00:00,746.23,,4.8,88.0,,
4669,2024-11-06 06:30:00,667.53,,5.05,86.0,,
4670,2024-11-06 07:00:00,557.93,,5.3,84.0,,
4671,2024-11-06 07:30:00,507.0,,6.35,81.5,,
4672,2024-11-06 08:00:00,551.33,,7.4,79.0,,
4673,2024-11-06 08:30:00,457.8,,8.2,77.0,,
4674,2024-11-06 09:00:00,557.73,,9.0,75.0,,
4675,2024-11-06 09:30:00,463.43,,9.9,70.5,,
4676,2024-11-06 10:00:00,423.17,,10.8,66.0,,
4677,2024-11-06 10:30:00,505.3,,11.3,63.5,,
4678,2024-11-06 11:00:00,386.5,,11.8,61.0,,
4679,2024-11-06 11:30:00,459.4,,12.0,60.5,,
4680,2024-11-06 12:00:00,421.1,,12.2,60.0,,
4681,2024-11-06 12:30:00,397.33,,12.2,60.5,,
4682,2024-11-06 13:00:00,351.53,,12.2,61.0,,
4683,2024-11-06 13:30:00,412.77,,11.85,63.0,,
4684,2024-11-06 14:00:00,340.57,,11.5,65.0,,
4685,2024-11-06 14:30:00,411.57,,10.85,69.0,,
4686,2024-11-06 15:00:00,402.3,,10.2,73.0,,
4687,2024-11-06 15:30:00,394.4,,8.95,79.0,,
4688,2024-11-06 16:00:00,435.07,,7.7,85.0,,
4689,2024-11-06 16:30:00,466.47,,7.0,87.5,,
4690,2024-11-06 17:00:00,438.43,,6.3,90.0,,
4691,2024-11-06 17:30:00,445.1,,6.0,90.5,,
4692,2024-11-06 18:00:00,499.1,,5.7,91.0,,
4693,2024-11-06 18:30:00,506.59,,5.2,91.0,,
4694,2024-11-06 19:00:00,555.8,,4.7,91.0,,
4695,2024-11-06 19:30:00,596.3,,4.5,90.5,,
4696,2024-11-06 20:00:00,504.83,,4.3,90.0,,
4697,2024-11-06 20:30:00,747.47,,4.1,89.5,,
4698,2024-11-06 21:00:00,541.03,,3.9,89.0,,
4699,2024-11-06 21:30:00,644.3,,3.75,88.0,,
4700,2024-11-06 22:00:00,543.7,,3.6,87.0,,
4701,2024-11-06 22:30:00,464.83,,3.5,85.5,,
4702,2024-11-06 23:00:00,492.94,,3.4,84.0,,
4703,2024-11-06 23:30:00,545.23,,3.25,82.0,,
4704,2024-11-07 00:00:00,529.17,,3.1,80.0,,
4705,2024-11-07 00:30:00,614.23,,3.05,78.0,,
4706,2024-11-07 01:00:00,556.55,,3.0,76.0,,
4707,2024-11-07 01:30:00,584.07,,3.0,76.0,,
4708,2024-11-07 02:00:00,638.77,,3.0,76.0,,
4709,2024-11-07 02:30:00,665.27,,2.95,75.5,,
4710,2024-11-07 03:00:00,708.07,,2.9,75.0,,
4711,2024-11-07 03:30:00,658.27,,2.75,75.0,,
4712,2024-11-07 04:00:00,687.87,,2.6,75.0,,
4713,2024-11-07 04:30:00,548.57,,2.8,74.5,,
4714,2024-11-07 05:00:00,713.07,,3.0,74.0,,
4715,2024-11-07 05:30:00,621.23,,3.05,74.5,,
4716,2024-11-07 06:00:00,618.5,,3.1,75.0,,
4717,2024-11-07 06:30:00,1179.6,,3.45,75.0,,
4718,2024-11-07 07:00:00,1142.73,,3.8,75.0,,
4719,2024-11-07 07:30:00,1074.33,,5.05,72.5,,
4720,2024-11-07 08:00:00,1043.43,,6.3,70.0,,
4721,2024-11-07 08:30:00,495.2,,7.550000000000001,67.5,,
4722,2024-11-07 09:00:00,498.17,,8.8,65.0,,
4723,2024-11-07 09:30:00,631.57,,9.6,62.5,,
4724,2024-11-07 10:00:00,854.1,,10.4,60.0,,
4725,2024-11-07 10:30:00,597.79,,10.8,59.0,,
4726,2024-11-07 11:00:00,1130.3,,11.2,58.0,,
4727,2024-11-07 11:30:00,545.27,,11.4,58.0,,
4728,2024-11-07 12:00:00,603.17,,11.6,58.0,,
4729,2024-11-07 12:30:00,378.67,,11.55,59.0,,
4730,2024-11-07 13:00:00,897.7,,11.5,60.0,,
4731,2024-11-07 13:30:00,976.03,,11.2,62.5,,
4732,2024-11-07 14:00:00,388.77,,10.9,65.0,,
4733,2024-11-07 14:30:00,492.27,,10.3,69.5,,
4734,2024-11-07 15:00:00,348.9,,9.7,74.0,,
4735,2024-11-07 15:30:00,511.43,,8.399999999999999,79.5,,
4736,2024-11-07 16:00:00,509.67,,7.1,85.0,,
4737,2024-11-07 16:30:00,564.93,,6.3,88.0,,
4738,2024-11-07 17:00:00,600.9,,5.5,91.0,,
4739,2024-11-07 17:30:00,573.67,,5.3,92.0,,
4740,2024-11-07 18:00:00,695.07,,5.1,93.0,,
4741,2024-11-07 18:30:00,581.57,,4.75,94.0,,
4742,2024-11-07 19:00:00,399.58,,4.4,95.0,,
4743,2024-11-07 19:30:00,571.57,,4.15,95.0,,
4744,2024-11-07 20:00:00,575.67,,3.9,95.0,,
4745,2024-11-07 20:30:00,607.79,,3.75,95.0,,
4746,2024-11-07 21:00:00,634.27,,3.6,95.0,,
4747,2024-11-07 21:30:00,566.3,,3.25,94.0,,
4748,2024-11-07 22:00:00,593.47,,2.9,93.0,,
4749,2024-11-07 22:30:00,560.4,,2.7,93.0,,
4750,2024-11-07 23:00:00,615.23,,2.5,93.0,,
4751,2024-11-07 23:30:00,541.6,,2.55,93.0,,
4752,2024-11-08 00:00:00,632.0,,2.6,93.0,,
4753,2024-11-08 00:30:00,471.6,,2.7,93.0,,
4754,2024-11-08 01:00:00,517.4,,2.8,93.0,,
4755,2024-11-08 01:30:00,543.4,,2.9,92.5,,
4756,2024-11-08 02:00:00,522.17,,3.0,92.0,,
4757,2024-11-08 02:30:00,841.1,,3.1,92.5,,
4758,2024-11-08 03:00:00,533.87,,3.2,93.0,,
4759,2024-11-08 03:30:00,628.97,,3.2,93.0,,
4760,2024-11-08 04:00:00,672.5,,3.2,93.0,,
4761,2024-11-08 04:30:00,818.37,,3.0,92.5,,
4762,2024-11-08 05:00:00,644.87,,2.8,92.0,,
4763,2024-11-08 05:30:00,848.1,,3.0,92.0,,
4764,2024-11-08 06:00:00,628.2,,3.2,92.0,,
4765,2024-11-08 06:30:00,983.97,,3.65,91.0,,
4766,2024-11-08 07:00:00,1504.23,,4.1,90.0,,
4767,2024-11-08 07:30:00,594.57,,5.1,87.0,,
4768,2024-11-08 08:00:00,650.47,,6.1,84.0,,
4769,2024-11-08 08:30:00,1817.8,,6.949999999999999,82.5,,
4770,2024-11-08 09:00:00,897.73,,7.8,81.0,,
4771,2024-11-08 09:30:00,896.3,,8.3,79.5,,
4772,2024-11-08 10:00:00,645.5,,8.8,78.0,,
4773,2024-11-08 10:30:00,628.43,,9.45,75.5,,
4774,2024-11-08 11:00:00,929.6,,10.1,73.0,,
4775,2024-11-08 11:30:00,640.57,,10.5,71.0,,
4776,2024-11-08 12:00:00,372.83,,10.9,69.0,,
4777,2024-11-08 12:30:00,598.27,,10.45,71.5,,
4778,2024-11-08 13:00:00,371.93,,10.0,74.0,,
4779,2024-11-08 13:30:00,368.23,,9.75,75.0,,
4780,2024-11-08 14:00:00,375.97,,9.5,76.0,,
4781,2024-11-08 14:30:00,381.0,,8.85,79.0,,
4782,2024-11-08 15:00:00,352.7,,8.2,82.0,,
4783,2024-11-08 15:30:00,413.6,,7.25,85.5,,
4784,2024-11-08 16:00:00,366.97,,6.3,89.0,,
4785,2024-11-08 16:30:00,529.0,,5.9,90.5,,
4786,2024-11-08 17:00:00,554.3,,5.5,92.0,,
4787,2024-11-08 17:30:00,1503.9,,5.25,93.0,,
4788,2024-11-08 18:00:00,934.3,,5.0,94.0,,
4789,2024-11-08 18:30:00,515.3,,4.85,95.0,,
4790,2024-11-08 19:00:00,599.93,,4.7,96.0,,
4791,2024-11-08 19:30:00,531.07,,4.6,96.0,,
4792,2024-11-08 20:00:00,482.4,,4.5,96.0,,
4793,2024-11-08 20:30:00,652.26,,4.35,96.0,,
4794,2024-11-08 21:00:00,660.97,,4.2,96.0,,
4795,2024-11-08 21:30:00,606.86,,4.1,96.5,,
4796,2024-11-08 22:00:00,481.65,,4.0,97.0,,
4797,2024-11-08 22:30:00,596.86,,3.85,97.5,,
4798,2024-11-08 23:00:00,581.84,,3.7,98.0,,
4799,2024-11-08 23:30:00,428.5,,3.7,97.5,,
4800,2024-11-09 00:00:00,504.0,,3.7,97.0,,
4801,2024-11-09 00:30:00,503.87,,3.5,97.5,,
4802,2024-11-09 01:00:00,509.07,,3.3,98.0,,
4803,2024-11-09 01:30:00,527.1,,3.25,98.0,,
4804,2024-11-09 02:00:00,481.43,,3.2,98.0,,
4805,2024-11-09 02:30:00,555.3,,3.2,97.5,,
4806,2024-11-09 03:00:00,624.13,,3.2,97.0,,
4807,2024-11-09 03:30:00,683.33,,3.25,98.0,,
4808,2024-11-09 04:00:00,540.53,,3.3,99.0,,
4809,2024-11-09 04:30:00,553.23,,3.35,99.0,,
4810,2024-11-09 05:00:00,784.27,,3.4,99.0,,
4811,2024-11-09 05:30:00,511.13,,3.45,99.0,,
4812,2024-11-09 06:00:00,698.5,,3.5,99.0,,
4813,2024-11-09 06:30:00,488.8,,3.8,98.5,,
4814,2024-11-09 07:00:00,693.2,,4.1,98.0,,
4815,2024-11-09 07:30:00,587.03,,4.699999999999999,96.0,,
4816,2024-11-09 08:00:00,546.27,,5.3,94.0,,
4817,2024-11-09 08:30:00,478.4,,5.9,92.0,,
4818,2024-11-09 09:00:00,598.4,,6.5,90.0,,
4819,2024-11-09 09:30:00,486.6,,7.4,87.0,,
4820,2024-11-09 10:00:00,579.43,,8.3,84.0,,
4821,2024-11-09 10:30:00,760.83,,8.8,81.5,,
4822,2024-11-09 11:00:00,2015.6,,9.3,79.0,,
4823,2024-11-09 11:30:00,650.43,,9.8,77.5,,
4824,2024-11-09 12:00:00,968.9,,10.3,76.0,,
4825,2024-11-09 12:30:00,507.77,,10.35,75.5,,
4826,2024-11-09 13:00:00,457.07,,10.4,75.0,,
4827,2024-11-09 13:30:00,421.93,,9.85,78.0,,
4828,2024-11-09 14:00:00,1633.0,,9.3,81.0,,
4829,2024-11-09 14:30:00,445.03,,8.850000000000001,83.5,,
4830,2024-11-09 15:00:00,1098.73,,8.4,86.0,,
4831,2024-11-09 15:30:00,556.37,,7.6,88.5,,
4832,2024-11-09 16:00:00,1536.2,,6.8,91.0,,
4833,2024-11-09 16:30:00,1468.0,,6.35,92.0,,
4834,2024-11-09 17:00:00,498.33,,5.9,93.0,,
4835,2024-11-09 17:30:00,676.43,,5.65,94.0,,
4836,2024-11-09 18:00:00,1114.63,,5.4,95.0,,
4837,2024-11-09 18:30:00,707.43,,5.050000000000001,96.5,,
4838,2024-11-09 19:00:00,561.33,,4.7,98.0,,
4839,2024-11-09 19:30:00,630.33,,4.65,98.0,,
4840,2024-11-09 20:00:00,587.27,,4.6,98.0,,
4841,2024-11-09 20:30:00,653.8,,4.55,97.5,,
4842,2024-11-09 21:00:00,574.27,,4.5,97.0,,
4843,2024-11-09 21:30:00,621.3,,4.4,96.0,,
4844,2024-11-09 22:00:00,695.3,,4.3,95.0,,
4845,2024-11-09 22:30:00,609.5,,4.199999999999999,95.0,,
4846,2024-11-09 23:00:00,641.57,,4.1,95.0,,
4847,2024-11-09 23:30:00,630.37,,3.95,95.0,,
4848,2024-11-10 00:00:00,637.0,,3.8,95.0,,
4849,2024-11-10 00:30:00,661.4,,3.75,94.5,,
4850,2024-11-10 01:00:00,670.93,,3.7,94.0,,
4851,2024-11-10 01:30:00,691.67,,3.6,93.5,,
4852,2024-11-10 02:00:00,956.3,,3.5,93.0,,
4853,2024-11-10 02:30:00,554.4,,3.55,91.5,,
4854,2024-11-10 03:00:00,631.87,,3.6,90.0,,
4855,2024-11-10 03:30:00,629.97,,3.5,90.0,,
4856,2024-11-10 04:00:00,638.07,,3.4,90.0,,
4857,2024-11-10 04:30:00,723.13,,3.3,89.5,,
4858,2024-11-10 05:00:00,809.6,,3.2,89.0,,
4859,2024-11-10 05:30:00,810.2,,3.2,88.0,,
4860,2024-11-10 06:00:00,705.07,,3.2,87.0,,
4861,2024-11-10 06:30:00,765.47,,3.7,85.0,,
4862,2024-11-10 07:00:00,598.43,,4.2,83.0,,
4863,2024-11-10 07:30:00,1071.6,,5.5,80.0,,
4864,2024-11-10 08:00:00,1399.3,,6.8,77.0,,
4865,2024-11-10 08:30:00,865.42,,7.85,74.5,,
4866,2024-11-10 09:00:00,879.3,,8.9,72.0,,
4867,2024-11-10 09:30:00,737.7,,9.5,68.0,,
4868,2024-11-10 10:00:00,720.17,,10.1,64.0,,
4869,2024-11-10 10:30:00,700.73,,10.6,61.0,,
4870,2024-11-10 11:00:00,1769.13,,11.1,58.0,,
4871,2024-11-10 11:30:00,532.13,,11.25,56.0,,
4872,2024-11-10 12:00:00,552.8,,11.4,54.0,,
4873,2024-11-10 12:30:00,539.8,,11.3,53.5,,
4874,2024-11-10 13:00:00,559.2,,11.2,53.0,,
4875,2024-11-10 13:30:00,1647.0,,10.95,54.5,,
4876,2024-11-10 14:00:00,521.17,,10.7,56.0,,
4877,2024-11-10 14:30:00,473.17,,10.1,58.5,,
4878,2024-11-10 15:00:00,887.87,,9.5,61.0,,
4879,2024-11-10 15:30:00,964.5,,8.15,67.5,,
4880,2024-11-10 16:00:00,630.33,,6.8,74.0,,
4881,2024-11-10 16:30:00,843.3,,6.05,78.0,,
4882,2024-11-10 17:00:00,782.6,,5.3,82.0,,
4883,2024-11-10 17:30:00,948.6,,5.05,81.5,,
4884,2024-11-10 18:00:00,1039.37,,4.8,81.0,,
4885,2024-11-10 18:30:00,939.7,,4.55,79.0,,
4886,2024-11-10 19:00:00,447.27,,4.3,77.0,,
4887,2024-11-10 19:30:00,604.13,,4.1,72.5,,
4888,2024-11-10 20:00:00,491.9,,3.9,68.0,,
4889,2024-11-10 20:30:00,546.07,,3.85,66.5,,
4890,2024-11-10 21:00:00,636.5,,3.8,65.0,,
4891,2024-11-10 21:30:00,505.2,,3.7,64.5,,
4892,2024-11-10 22:00:00,592.17,,3.6,64.0,,
4893,2024-11-10 22:30:00,661.97,,3.5,63.5,,
4894,2024-11-10 23:00:00,557.73,,3.4,63.0,,
4895,2024-11-10 23:30:00,600.37,,3.25,64.0,,
4896,2024-11-11 00:00:00,630.0,,3.1,65.0,,
4897,2024-11-11 00:30:00,679.21,,3.0,65.5,,
4898,2024-11-11 01:00:00,686.53,,2.9,66.0,,
4899,2024-11-11 01:30:00,657.53,,2.7,69.0,,
4900,2024-11-11 02:00:00,669.29,,2.5,72.0,,
4901,2024-11-11 02:30:00,738.21,,2.35,71.5,,
4902,2024-11-11 03:00:00,639.47,,2.2,71.0,,
4903,2024-11-11 03:30:00,705.0,,2.1500000000000004,71.0,,
4904,2024-11-11 04:00:00,688.77,,2.1,71.0,,
4905,2024-11-11 04:30:00,729.3,,2.0,70.0,,
4906,2024-11-11 05:00:00,779.27,,1.9,69.0,,
4907,2024-11-11 05:30:00,758.7,,1.7999999999999998,67.5,,
4908,2024-11-11 06:00:00,691.65,,1.7,66.0,,
4909,2024-11-11 06:30:00,695.34,,2.15,65.0,,
4910,2024-11-11 07:00:00,702.2,,2.6,64.0,,
4911,2024-11-11 07:30:00,568.37,,4.05,61.5,,
4912,2024-11-11 08:00:00,690.3,,5.5,59.0,,
4913,2024-11-11 08:30:00,521.8,,6.7,58.0,,
4914,2024-11-11 09:00:00,700.2,,7.9,57.0,,
4915,2024-11-11 09:30:00,632.87,,8.55,56.0,,
4916,2024-11-11 10:00:00,680.4,,9.2,55.0,,
4917,2024-11-11 10:30:00,562.2,,9.6,53.0,,
4918,2024-11-11 11:00:00,803.63,,10.0,51.0,,
4919,2024-11-11 11:30:00,506.8,,10.1,48.5,,
4920,2024-11-11 12:00:00,405.03,,10.2,46.0,,
4921,2024-11-11 12:30:00,424.33,,10.05,46.0,,
4922,2024-11-11 13:00:00,391.13,,9.9,46.0,,
4923,2024-11-11 13:30:00,382.77,,9.45,48.0,,
4924,2024-11-11 14:00:00,430.93,,9.0,50.0,,
4925,2024-11-11 14:30:00,1232.67,,8.3,56.0,,
4926,2024-11-11 15:00:00,1331.83,,7.6,62.0,,
4927,2024-11-11 15:30:00,952.47,,6.25,69.5,,
4928,2024-11-11 16:00:00,723.6,,4.9,77.0,,
4929,2024-11-11 16:30:00,597.0,,4.15,79.0,,
4930,2024-11-11 17:00:00,969.77,,3.4,81.0,,
4931,2024-11-11 17:30:00,914.4,,3.0,82.5,,
4932,2024-11-11 18:00:00,901.37,,2.6,84.0,,
4933,2024-11-11 18:30:00,597.0,,2.2,83.0,,
4934,2024-11-11 19:00:00,628.93,,1.8,82.0,,
4935,2024-11-11 19:30:00,644.23,,1.55,81.0,,
4936,2024-11-11 20:00:00,722.8,,1.3,80.0,,
4937,2024-11-11 20:30:00,515.57,,1.1,80.0,,
4938,2024-11-11 21:00:00,804.87,,0.9,80.0,,
4939,2024-11-11 21:30:00,679.27,,0.7,75.5,,
4940,2024-11-11 22:00:00,694.7,,0.5,71.0,,
4941,2024-11-11 22:30:00,681.03,,0.25,71.0,,
4942,2024-11-11 23:00:00,583.06,,0.0,71.0,,
4943,2024-11-11 23:30:00,675.9,,-0.25,70.5,,
4944,2024-11-12 00:00:00,680.19,,-0.5,70.0,,
4945,2024-11-12 00:30:00,779.52,,-0.5,69.5,,
4946,2024-11-12 01:00:00,805.55,,-0.5,69.0,,
4947,2024-11-12 01:30:00,697.77,,-0.35,70.0,,
4948,2024-11-12 02:00:00,734.07,,-0.2,71.0,,
4949,2024-11-12 02:30:00,747.3,,-0.15,77.0,,
4950,2024-11-12 03:00:00,846.93,,-0.1,83.0,,
4951,2024-11-12 03:30:00,693.83,,-0.15,85.5,,
4952,2024-11-12 04:00:00,871.6,,-0.2,88.0,,
4953,2024-11-12 04:30:00,823.1,,-0.2,88.5,,
4954,2024-11-12 05:00:00,678.47,,-0.2,89.0,,
4955,2024-11-12 05:30:00,935.83,,-0.1,88.5,,
4956,2024-11-12 06:00:00,728.47,,0.0,88.0,,
4957,2024-11-12 06:30:00,713.63,,0.35,87.0,,
4958,2024-11-12 07:00:00,604.13,,0.7,86.0,,
4959,2024-11-12 07:30:00,1020.07,,1.85,85.0,,
4960,2024-11-12 08:00:00,1035.77,,3.0,84.0,,
4961,2024-11-12 08:30:00,987.5,,3.9,77.0,,
4962,2024-11-12 09:00:00,1043.73,,4.8,70.0,,
4963,2024-11-12 09:30:00,807.67,,5.199999999999999,72.0,,
4964,2024-11-12 10:00:00,646.73,,5.6,74.0,,
4965,2024-11-12 10:30:00,688.7,,5.65,75.5,,
4966,2024-11-12 11:00:00,615.7,,5.7,77.0,,
4967,2024-11-12 11:30:00,1141.57,,5.4,79.0,,
4968,2024-11-12 12:00:00,813.43,,5.1,81.0,,
4969,2024-11-12 12:30:00,1319.8,,5.15,80.0,,
4970,2024-11-12 13:00:00,505.03,,5.2,79.0,,
4971,2024-11-12 13:30:00,501.13,,5.1,78.5,,
4972,2024-11-12 14:00:00,424.67,,5.0,78.0,,
4973,2024-11-12 14:30:00,628.13,,4.9,78.0,,
4974,2024-11-12 15:00:00,493.6,,4.8,78.0,,
4975,2024-11-12 15:30:00,728.63,,4.4,80.0,,
4976,2024-11-12 16:00:00,521.47,,4.0,82.0,,
4977,2024-11-12 16:30:00,778.37,,3.4,86.5,,
4978,2024-11-12 17:00:00,695.6,,2.8,91.0,,
4979,2024-11-12 17:30:00,636.43,,2.8,92.0,,
4980,2024-11-12 18:00:00,887.23,,2.8,93.0,,
4981,2024-11-12 18:30:00,1238.9,,2.8,93.5,,
4982,2024-11-12 19:00:00,1211.43,,2.8,94.0,,
4983,2024-11-12 19:30:00,640.4,,2.75,95.0,,
4984,2024-11-12 20:00:00,831.47,,2.7,96.0,,
4985,2024-11-12 20:30:00,926.16,,2.6,94.5,,
4986,2024-11-12 21:00:00,820.34,,2.5,93.0,,
4987,2024-11-12 21:30:00,777.6,,2.1,94.0,,
4988,2024-11-12 22:00:00,783.43,,1.7,95.0,,
4989,2024-11-12 22:30:00,844.43,,1.65,95.5,,
4990,2024-11-12 23:00:00,779.13,,1.6,96.0,,
4991,2024-11-12 23:30:00,792.47,,1.4500000000000002,96.0,,
4992,2024-11-13 00:00:00,651.5,,1.3,96.0,,
4993,2024-11-13 00:30:00,849.97,,1.1,95.5,,
4994,2024-11-13 01:00:00,640.43,,0.9,95.0,,
4995,2024-11-13 01:30:00,944.93,,0.7,95.0,,
4996,2024-11-13 02:00:00,735.83,,0.5,95.0,,
4997,2024-11-13 02:30:00,827.37,,0.3,95.0,,
4998,2024-11-13 03:00:00,906.83,,0.1,95.0,,
4999,2024-11-13 03:30:00,916.67,,0.05,94.5,,
5000,2024-11-13 04:00:00,937.17,,0.0,94.0,,
5001,2024-11-13 04:30:00,959.83,,-0.1,93.0,,
5002,2024-11-13 05:00:00,977.3,,-0.2,92.0,,
5003,2024-11-13 05:30:00,761.93,,-0.25,90.5,,
5004,2024-11-13 06:00:00,980.47,,-0.3,89.0,,
5005,2024-11-13 06:30:00,789.27,,0.1,85.5,,
5006,2024-11-13 07:00:00,946.23,,0.5,82.0,,
5007,2024-11-13 07:30:00,434.17,,1.75,79.0,,
5008,2024-11-13 08:00:00,580.7,,3.0,76.0,,
5009,2024-11-13 08:30:00,532.77,,4.15,72.0,,
5010,2024-11-13 09:00:00,613.6,,5.3,68.0,,
5011,2024-11-13 15:00:00,103.0,,6.7,58.0,,
5012,2024-11-13 15:30:00,542.83,,5.2,64.5,,
5013,2024-11-13 16:00:00,615.53,,3.7,71.0,,
5014,2024-11-13 16:30:00,520.47,,2.95,73.0,,
5015,2024-11-13 17:00:00,991.77,,2.2,75.0,,
5016,2024-11-13 17:30:00,677.23,,1.9,75.5,,
5017,2024-11-13 18:00:00,570.03,,1.6,76.0,,
5018,2024-11-13 18:30:00,1132.13,,1.75,76.0,,
5019,2024-11-13 19:00:00,666.27,,1.9,76.0,,
5020,2024-11-13 19:30:00,463.5,,1.7,74.5,,
5021,2024-11-13 20:00:00,496.53,,1.5,73.0,,
5022,2024-11-13 20:30:00,551.1,,1.85,71.0,,
5023,2024-11-13 21:00:00,480.5,,2.2,69.0,,
5024,2024-11-13 21:30:00,545.7,,1.9,68.5,,
5025,2024-11-13 22:00:00,487.5,,1.6,68.0,,
5026,2024-11-13 22:30:00,505.77,,1.7000000000000002,68.0,,
5027,2024-11-13 23:00:00,504.7,,1.8,68.0,,
5028,2024-11-13 23:30:00,449.87,,1.65,69.0,,
5029,2024-11-14 00:00:00,464.33,,1.5,70.0,,
5030,2024-11-14 00:30:00,470.93,,1.3,71.5,,
5031,2024-11-14 01:00:00,484.8,,1.1,73.0,,
5032,2024-11-14 01:30:00,628.53,,0.95,75.0,,
5033,2024-11-14 02:00:00,597.43,,0.8,77.0,,
5034,2024-11-14 02:30:00,585.07,,0.7,79.0,,
5035,2024-11-14 03:00:00,510.1,,0.6,81.0,,
5036,2024-11-14 03:30:00,680.1,,0.75,83.0,,
5037,2024-11-14 04:00:00,482.73,,0.9,85.0,,
5038,2024-11-14 04:30:00,640.2,,0.8,88.0,,
5039,2024-11-14 05:00:00,608.8,,0.7,91.0,,
5040,2024-11-14 05:30:00,572.83,,0.6,92.0,,
5041,2024-11-14 06:00:00,550.63,,0.5,93.0,,
5042,2024-11-14 06:30:00,716.77,,0.35,93.0,,
5043,2024-11-14 07:00:00,1038.93,,0.2,93.0,,
5044,2024-11-14 07:30:00,1112.03,,0.8,88.5,,
5045,2024-11-14 08:00:00,983.7,,1.4,84.0,,
5046,2024-11-14 08:30:00,289.9,,2.3,79.5,,
5047,2024-11-14 09:00:00,679.63,,3.2,75.0,,
5048,2024-11-14 09:30:00,467.26,,3.9,70.0,,
5049,2024-11-14 10:00:00,548.27,,4.6,65.0,,
5050,2024-11-14 10:30:00,531.67,,5.0,62.0,,
5051,2024-11-14 11:00:00,982.52,,5.4,59.0,,
5052,2024-11-14 11:30:00,564.33,,5.4,59.0,,
5053,2024-11-14 12:00:00,1106.5,,5.4,59.0,,
5054,2024-11-14 12:30:00,1380.0,,5.300000000000001,59.5,,
5055,2024-11-14 13:00:00,434.73,,5.2,60.0,,
5056,2024-11-14 13:30:00,524.67,,5.0,61.0,,
5057,2024-11-14 14:00:00,508.9,,4.8,62.0,,
5058,2024-11-14 14:30:00,475.63,,4.3,65.5,,
5059,2024-11-14 15:00:00,755.8,,3.8,69.0,,
5060,2024-11-14 15:30:00,408.4,,2.8,74.5,,
5061,2024-11-14 16:00:00,576.13,,1.8,80.0,,
5062,2024-11-14 16:30:00,471.6,,1.2,83.5,,
5063,2024-11-14 17:00:00,551.83,,0.6,87.0,,
5064,2024-11-14 17:30:00,560.4,,0.4,87.0,,
5065,2024-11-14 18:00:00,833.5,,0.2,87.0,,
5066,2024-11-14 18:30:00,532.7,,0.0499999999999999,87.0,,
5067,2024-11-14 19:00:00,521.13,,-0.1,87.0,,
5068,2024-11-14 19:30:00,510.67,,-0.15,85.5,,
5069,2024-11-14 20:00:00,535.4,,-0.2,84.0,,
5070,2024-11-14 20:30:00,484.9,,-0.3,82.5,,
5071,2024-11-14 21:00:00,618.13,,-0.4,81.0,,
5072,2024-11-14 21:30:00,565.43,,-0.5,79.5,,
5073,2024-11-14 22:00:00,598.53,,-0.6,78.0,,
5074,2024-11-14 22:30:00,497.43,,-0.6,76.5,,
5075,2024-11-14 23:00:00,511.97,,-0.6,75.0,,
5076,2024-11-14 23:30:00,463.47,,-0.55,73.5,,
5077,2024-11-15 00:00:00,505.93,,-0.5,72.0,,
5078,2024-11-15 00:30:00,475.27,,-0.3,73.0,,
5079,2024-11-15 01:00:00,591.63,,-0.1,74.0,,
5080,2024-11-15 01:30:00,468.1,,-0.05,74.0,,
5081,2024-11-15 02:00:00,553.57,,0.0,74.0,,
5082,2024-11-15 02:30:00,613.67,,0.15,73.0,,
5083,2024-11-15 03:00:00,560.43,,0.3,72.0,,
5084,2024-11-15 03:30:00,608.1,,0.4499999999999999,71.5,,
5085,2024-11-15 04:00:00,868.8,,0.6,71.0,,
5086,2024-11-15 04:30:00,539.63,,0.8,69.5,,
5087,2024-11-15 05:00:00,560.57,,1.0,68.0,,
5088,2024-11-15 05:30:00,587.87,,1.15,67.0,,
5089,2024-11-15 06:00:00,585.97,,1.3,66.0,,
5090,2024-11-15 06:30:00,645.97,,1.6,65.0,,
5091,2024-11-15 07:00:00,597.47,,1.9,64.0,,
5092,2024-11-15 07:30:00,591.45,,3.0,64.0,,
5093,2024-11-15 08:00:00,847.86,,4.1,64.0,,
5094,2024-11-15 08:30:00,1627.57,,5.3,58.5,,
5095,2024-11-15 09:00:00,738.37,,6.5,53.0,,
5096,2024-11-15 09:30:00,1844.0,,7.25,50.5,,
5097,2024-11-15 10:00:00,561.1,,8.0,48.0,,
5098,2024-11-15 10:30:00,686.6,,8.6,46.0,,
5099,2024-11-15 11:00:00,769.3,,9.2,44.0,,
5100,2024-11-15 11:30:00,1224.73,,9.45,44.0,,
5101,2024-11-15 12:00:00,559.63,,9.7,44.0,,
5102,2024-11-15 12:30:00,579.07,,9.9,44.0,,
5103,2024-11-15 13:00:00,537.87,,10.1,44.0,,
5104,2024-11-15 13:30:00,487.53,,9.95,45.5,,
5105,2024-11-15 14:00:00,464.83,,9.8,47.0,,
5106,2024-11-15 14:30:00,513.3,,8.95,56.0,,
5107,2024-11-15 15:00:00,585.67,,8.1,65.0,,
5108,2024-11-15 15:30:00,658.27,,6.75,65.5,,
5109,2024-11-15 16:00:00,641.23,,5.4,66.0,,
5110,2024-11-15 16:30:00,814.67,,4.75,66.5,,
5111,2024-11-15 17:00:00,674.83,,4.1,67.0,,
5112,2024-11-15 17:30:00,759.17,,3.55,68.5,,
5113,2024-11-15 18:00:00,1149.23,,3.0,70.0,,
5114,2024-11-15 18:30:00,573.53,,2.6,70.5,,
5115,2024-11-15 19:00:00,771.63,,2.2,71.0,,
5116,2024-11-15 19:30:00,446.73,,2.05,70.0,,
5117,2024-11-15 20:00:00,1191.13,,1.9,69.0,,
5118,2024-11-15 20:30:00,927.19,,1.9,67.5,,
5119,2024-11-15 21:00:00,474.83,,1.9,66.0,,
5120,2024-11-15 21:30:00,494.86,,2.25,62.5,,
5121,2024-11-15 22:00:00,445.1,,2.6,59.0,,
5122,2024-11-15 22:30:00,468.13,,2.7,58.0,,
5123,2024-11-15 23:00:00,460.73,,2.8,57.0,,
5124,2024-11-15 23:30:00,448.03,,2.7,56.5,,
5125,2024-11-16 00:00:00,432.8,,2.6,56.0,,
5126,2024-11-16 00:30:00,628.0,,2.55,56.0,,
5127,2024-11-16 01:00:00,521.97,,2.5,56.0,,
5128,2024-11-16 01:30:00,481.97,,2.5,56.0,,
5129,2024-11-16 02:00:00,563.2,,2.5,56.0,,
5130,2024-11-16 02:30:00,641.43,,2.05,55.0,,
5131,2024-11-16 03:00:00,582.43,,1.6,54.0,,
5132,2024-11-16 03:30:00,632.1,,1.35,54.5,,
5133,2024-11-16 04:00:00,609.43,,1.1,55.0,,
5134,2024-11-16 04:30:00,610.37,,0.9,55.0,,
5135,2024-11-16 05:00:00,720.73,,0.7,55.0,,
5136,2024-11-16 05:30:00,1049.07,,0.75,54.0,,
5137,2024-11-16 06:00:00,1099.4,,0.8,53.0,,
5138,2024-11-16 06:30:00,847.23,,1.35,53.0,,
5139,2024-11-16 07:00:00,498.1,,1.9,53.0,,
5140,2024-11-16 07:30:00,675.2,,3.25,54.0,,
5141,2024-11-16 08:00:00,556.43,,4.6,55.0,,
5142,2024-11-16 08:30:00,539.83,,6.25,51.0,,
5143,2024-11-16 09:00:00,537.07,,7.9,47.0,,
5144,2024-11-16 09:30:00,619.53,,8.7,44.5,,
5145,2024-11-16 10:00:00,696.6,,9.5,42.0,,
5146,2024-11-16 10:30:00,614.63,,9.9,41.5,,
5147,2024-11-16 11:00:00,680.3,,10.3,41.0,,
5148,2024-11-16 11:30:00,631.87,,10.35,42.0,,
5149,2024-11-16 12:00:00,640.53,,10.4,43.0,,
5150,2024-11-16 12:30:00,456.8,,10.3,46.0,,
5151,2024-11-16 13:00:00,542.57,,10.2,49.0,,
5152,2024-11-16 13:30:00,609.43,,9.65,52.5,,
5153,2024-11-16 14:00:00,538.87,,9.1,56.0,,
5154,2024-11-16 14:30:00,551.03,,8.2,61.0,,
5155,2024-11-16 15:00:00,521.37,,7.3,66.0,,
5156,2024-11-16 15:30:00,573.23,,5.8,70.5,,
5157,2024-11-16 16:00:00,552.6,,4.3,75.0,,
5158,2024-11-16 16:30:00,536.77,,3.8,76.5,,
5159,2024-11-16 17:00:00,561.57,,3.3,78.0,,
5160,2024-11-16 17:30:00,781.97,,3.4,79.0,,
5161,2024-11-16 18:00:00,695.5,,3.5,80.0,,
5162,2024-11-16 18:30:00,579.3,,3.9,82.0,,
5163,2024-11-16 19:00:00,1486.07,,4.3,84.0,,
5164,2024-11-16 19:30:00,567.4,,3.95,87.5,,
5165,2024-11-16 20:00:00,376.83,,3.6,91.0,,
5166,2024-11-16 20:30:00,631.37,,3.35,92.0,,
5167,2024-11-16 21:00:00,454.97,,3.1,93.0,,
5168,2024-11-16 21:30:00,484.0,,3.25,94.0,,
5169,2024-11-16 22:00:00,548.57,,3.4,95.0,,
5170,2024-11-16 22:30:00,584.77,,4.3,94.5,,
5171,2024-11-16 23:00:00,465.9,,5.2,94.0,,
5172,2024-11-16 23:30:00,492.57,,5.2,95.0,,
5173,2024-11-17 00:00:00,506.2,,5.2,96.0,,
5174,2024-11-17 00:30:00,567.37,,5.35,95.5,,
5175,2024-11-17 01:00:00,514.19,,5.5,95.0,,
5176,2024-11-17 01:30:00,628.8,,5.55,95.0,,
5177,2024-11-17 02:00:00,525.34,,5.6,95.0,,
5178,2024-11-17 02:30:00,725.73,,5.6,96.0,,
5179,2024-11-17 03:00:00,996.33,,5.6,97.0,,
5180,2024-11-17 03:30:00,687.57,,5.65,97.5,,
5181,2024-11-17 04:00:00,582.77,,5.7,98.0,,
5182,2024-11-17 04:30:00,589.87,,5.75,98.5,,
5183,2024-11-17 05:00:00,651.1,,5.8,99.0,,
5184,2024-11-17 05:30:00,642.23,,5.9,99.0,,
5185,2024-11-17 06:00:00,575.27,,6.0,99.0,,
5186,2024-11-17 06:30:00,552.03,,6.2,99.0,,
5187,2024-11-17 07:00:00,817.19,,6.4,99.0,,
5188,2024-11-17 07:30:00,617.24,,6.6,99.0,,
5189,2024-11-17 08:00:00,1083.9,,6.8,99.0,,
5190,2024-11-17 08:30:00,714.4,,7.1,99.5,,
5191,2024-11-17 09:00:00,1022.87,,7.4,100.0,,
5192,2024-11-17 09:30:00,727.07,,7.7,99.0,,
5193,2024-11-17 10:00:00,812.73,,8.0,98.0,,
5194,2024-11-17 10:30:00,771.4,,8.25,96.0,,
5195,2024-11-17 11:00:00,1430.67,,8.5,94.0,,
5196,2024-11-17 11:30:00,613.73,,8.5,95.0,,
5197,2024-11-17 12:00:00,612.77,,8.5,96.0,,
5198,2024-11-17 12:30:00,601.67,,8.5,96.0,,
5199,2024-11-17 13:00:00,1739.59,,8.5,96.0,,
5200,2024-11-17 13:30:00,745.17,,8.4,96.5,,
5201,2024-11-17 14:00:00,522.8,,8.3,97.0,,
5202,2024-11-17 14:30:00,492.67,,8.25,97.5,,
5203,2024-11-17 15:00:00,1099.0,,8.2,98.0,,
5204,2024-11-17 15:30:00,1166.6,,7.899999999999999,98.5,,
5205,2024-11-17 16:00:00,539.23,,7.6,99.0,,
5206,2024-11-17 16:30:00,569.53,,7.25,99.0,,
5207,2024-11-17 17:00:00,577.47,,6.9,99.0,,
5208,2024-11-17 17:30:00,560.33,,6.75,99.0,,
5209,2024-11-17 18:00:00,611.0,,6.6,99.0,,
5210,2024-11-17 18:30:00,694.93,,6.8,99.0,,
5211,2024-11-17 19:00:00,564.07,,7.0,99.0,,
5212,2024-11-17 19:30:00,524.27,,6.9,99.0,,
5213,2024-11-17 20:00:00,595.73,,6.8,99.0,,
5214,2024-11-17 20:30:00,593.4,,7.0,99.0,,
5215,2024-11-17 21:00:00,534.07,,7.2,99.0,,
5216,2024-11-17 21:30:00,589.87,,7.300000000000001,99.0,,
5217,2024-11-17 22:00:00,558.77,,7.4,99.0,,
5218,2024-11-17 22:30:00,471.53,,7.4,99.0,,
5219,2024-11-17 23:00:00,507.27,,7.4,99.0,,
5220,2024-11-17 23:30:00,543.1,,7.4,99.0,,
5221,2024-11-18 00:00:00,524.57,,7.4,99.0,,
5222,2024-11-18 00:30:00,496.13,,7.5,99.0,,
5223,2024-11-18 01:00:00,522.63,,7.6,99.0,,
5224,2024-11-18 01:30:00,491.9,,7.6,98.5,,
5225,2024-11-18 02:00:00,617.5,,7.6,98.0,,
5226,2024-11-18 02:30:00,628.03,,7.65,97.5,,
5227,2024-11-18 03:00:00,698.52,,7.7,97.0,,
5228,2024-11-18 03:30:00,589.0,,7.45,97.0,,
5229,2024-11-18 04:00:00,599.73,,7.2,97.0,,
5230,2024-11-18 04:30:00,655.9,,7.4,97.0,,
5231,2024-11-18 05:00:00,610.67,,7.6,97.0,,
5232,2024-11-18 05:30:00,574.13,,7.4,97.0,,
5233,2024-11-18 06:00:00,1378.17,,7.2,97.0,,
5234,2024-11-18 06:30:00,2105.97,,7.15,97.5,,
5235,2024-11-18 07:00:00,958.87,,7.1,98.0,,
5236,2024-11-18 07:30:00,786.17,,7.55,97.0,,
5237,2024-11-18 08:00:00,1431.23,,8.0,96.0,,
5238,2024-11-18 08:30:00,923.9,,8.2,94.5,,
5239,2024-11-18 09:00:00,1118.87,,8.4,93.0,,
5240,2024-11-18 09:30:00,689.7,,9.5,84.5,,
5241,2024-11-18 10:00:00,505.57,,10.6,76.0,,
5242,2024-11-18 10:30:00,591.67,,11.05,71.5,,
5243,2024-11-18 11:00:00,607.39,,11.5,67.0,,
5244,2024-11-18 11:30:00,599.24,,11.85,63.5,,
5245,2024-11-18 12:00:00,492.32,,12.2,60.0,,
5246,2024-11-18 12:30:00,545.47,,12.05,60.5,,
5247,2024-11-18 13:00:00,458.07,,11.9,61.0,,
5248,2024-11-18 13:30:00,473.6,,11.55,63.5,,
5249,2024-11-18 14:00:00,520.2,,11.2,66.0,,
5250,2024-11-18 14:30:00,487.13,,10.6,73.5,,
5251,2024-11-18 15:00:00,531.83,,10.0,81.0,,
5252,2024-11-18 15:30:00,500.5,,9.0,87.0,,
5253,2024-11-18 16:00:00,594.87,,8.0,93.0,,
5254,2024-11-18 16:30:00,571.3,,7.55,94.5,,
5255,2024-11-18 17:00:00,572.45,,7.1,96.0,,
5256,2024-11-18 17:30:00,530.24,,7.3,96.5,,
5257,2024-11-18 18:00:00,493.29,,7.5,97.0,,
5258,2024-11-18 18:30:00,731.93,,7.2,98.0,,
5259,2024-11-18 19:00:00,1074.79,,6.9,99.0,,
5260,2024-11-18 19:30:00,1069.7,,6.6,97.0,,
5261,2024-11-18 20:00:00,526.63,,6.3,95.0,,
5262,2024-11-18 20:30:00,507.87,,6.199999999999999,93.0,,
5263,2024-11-18 21:00:00,470.47,,6.1,91.0,,
5264,2024-11-18 21:30:00,472.9,,5.8,89.5,,
5265,2024-11-18 22:00:00,477.8,,5.5,88.0,,
5266,2024-11-18 22:30:00,508.8,,5.5,88.0,,
5267,2024-11-18 23:00:00,489.23,,5.5,88.0,,
5268,2024-11-18 23:30:00,506.17,,5.5,89.0,,
5269,2024-11-19 00:00:00,501.55,,5.5,90.0,,
5270,2024-11-19 00:30:00,535.45,,5.35,89.5,,
5271,2024-11-19 01:00:00,579.94,,5.2,89.0,,
5272,2024-11-19 01:30:00,810.17,,5.35,89.0,,
5273,2024-11-19 02:00:00,438.5,,5.5,89.0,,
5274,2024-11-19 02:30:00,569.83,,5.5,89.5,,
5275,2024-11-19 03:00:00,571.77,,5.5,90.0,,
5276,2024-11-19 03:30:00,545.7,,5.45,91.5,,
5277,2024-11-19 04:00:00,579.2,,5.4,93.0,,
5278,2024-11-19 04:30:00,552.33,,5.85,93.5,,
5279,2024-11-19 05:00:00,556.53,,6.3,94.0,,
5280,2024-11-19 05:30:00,666.5,,6.199999999999999,94.5,,
5281,2024-11-19 06:00:00,545.47,,6.1,95.0,,
5282,2024-11-19 06:30:00,562.67,,6.25,95.5,,
5283,2024-11-19 07:00:00,808.73,,6.4,96.0,,
5284,2024-11-19 07:30:00,1106.27,,6.45,97.5,,
5285,2024-11-19 08:00:00,1056.63,,6.5,99.0,,
5286,2024-11-19 08:30:00,1096.17,,6.6,99.5,,
5287,2024-11-19 09:00:00,1059.26,,6.7,100.0,,
5288,2024-11-19 09:30:00,1066.72,,6.9,99.5,,
5289,2024-11-19 10:00:00,764.17,,7.1,99.0,,
5290,2024-11-19 10:30:00,899.33,,7.15,99.0,,
5291,2024-11-19 11:00:00,974.73,,7.2,99.0,,
5292,2024-11-19 11:30:00,544.77,,7.5,98.5,,
5293,2024-11-19 12:00:00,531.2,,7.8,98.0,,
5294,2024-11-19 12:30:00,790.43,,7.65,98.0,,
5295,2024-11-19 13:00:00,425.67,,7.5,98.0,,
5296,2024-11-19 13:30:00,606.83,,7.35,98.5,,
5297,2024-11-19 14:00:00,567.3,,7.2,99.0,,
5298,2024-11-19 14:30:00,587.33,,7.25,97.5,,
5299,2024-11-19 15:00:00,570.83,,7.3,96.0,,
5300,2024-11-19 15:30:00,616.63,,6.949999999999999,97.5,,
5301,2024-11-19 16:00:00,564.8,,6.6,99.0,,
5302,2024-11-19 16:30:00,498.39,,6.449999999999999,99.5,,
5303,2024-11-19 17:00:00,554.9,,6.3,100.0,,
5304,2024-11-19 17:30:00,558.81,,6.35,99.5,,
5305,2024-11-19 18:00:00,601.07,,6.4,99.0,,
5306,2024-11-19 18:30:00,592.45,,6.45,99.5,,
5307,2024-11-19 19:00:00,514.87,,6.5,100.0,,
5308,2024-11-19 19:30:00,401.43,,6.5,100.0,,
5309,2024-11-19 20:00:00,604.0,,6.5,100.0,,
5310,2024-11-19 20:30:00,441.23,,6.5,100.0,,
5311,2024-11-19 21:00:00,555.1,,6.5,100.0,,
5312,2024-11-19 21:30:00,482.07,,6.65,100.0,,
5313,2024-11-19 22:00:00,633.17,,6.8,100.0,,
5314,2024-11-19 22:30:00,445.57,,6.85,100.0,,
5315,2024-11-19 23:00:00,516.23,,6.9,100.0,,
5316,2024-11-19 23:30:00,474.6,,6.85,100.0,,
5317,2024-11-20 00:00:00,503.8,,6.8,100.0,,
5318,2024-11-20 00:30:00,482.8,,6.75,100.0,,
5319,2024-11-20 01:00:00,551.73,,6.7,100.0,,
5320,2024-11-20 01:30:00,556.57,,6.85,99.5,,
5321,2024-11-20 02:00:00,1253.57,,7.0,99.0,,
5322,2024-11-20 02:30:00,1044.5,,7.2,99.0,,
5323,2024-11-20 03:00:00,596.47,,7.4,99.0,,
5324,2024-11-20 03:30:00,577.73,,7.45,99.0,,
5325,2024-11-20 04:00:00,545.27,,7.5,99.0,,
5326,2024-11-20 04:30:00,489.33,,7.7,99.0,,
5327,2024-11-20 05:00:00,572.8,,7.9,99.0,,
5328,2024-11-20 05:30:00,977.77,,7.800000000000001,99.5,,
5329,2024-11-20 06:00:00,1409.57,,7.7,100.0,,
5330,2024-11-20 06:30:00,1494.73,,7.65,100.0,,
5331,2024-11-20 07:00:00,1032.03,,7.6,100.0,,
5332,2024-11-20 07:30:00,534.7,,7.8,99.0,,
5333,2024-11-20 08:00:00,491.7,,8.0,98.0,,
5334,2024-11-20 08:30:00,487.37,,8.15,97.5,,
5335,2024-11-20 09:00:00,547.2,,8.3,97.0,,
5336,2024-11-20 09:30:00,515.83,,8.75,90.0,,
5337,2024-11-20 10:00:00,821.03,,9.2,83.0,,
5338,2024-11-20 10:30:00,533.4,,9.4,63.5,,
5339,2024-11-20 11:00:00,881.97,,9.6,44.0,,
5340,2024-11-20 11:30:00,1133.37,,9.0,38.0,,
5341,2024-11-20 12:00:00,1321.37,,8.4,32.0,,
5342,2024-11-20 12:30:00,648.07,,7.9,30.0,,
5343,2024-11-20 13:00:00,674.87,,7.4,28.0,,
5344,2024-11-20 13:30:00,486.77,,6.9,30.0,,
5345,2024-11-20 14:00:00,621.47,,6.4,32.0,,
5346,2024-11-20 14:30:00,585.38,,5.75,31.0,,
5347,2024-11-20 15:00:00,699.73,,5.1,30.0,,
5348,2024-11-20 15:30:00,710.17,,4.199999999999999,31.0,,
5349,2024-11-20 16:00:00,819.53,,3.3,32.0,,
5350,2024-11-20 16:30:00,774.4,,3.0,33.0,,
5351,2024-11-20 17:00:00,654.93,,2.7,34.0,,
5352,2024-11-20 17:30:00,1074.1,,2.3,37.5,,
5353,2024-11-20 18:00:00,1024.97,,1.9,41.0,,
5354,2024-11-20 18:30:00,860.73,,1.6,42.0,,
5355,2024-11-20 19:00:00,518.19,,1.3,43.0,,
5356,2024-11-20 19:30:00,596.33,,1.05,43.0,,
5357,2024-11-20 20:00:00,528.53,,0.8,43.0,,
5358,2024-11-20 20:30:00,542.5,,0.6000000000000001,43.0,,
5359,2024-11-20 21:00:00,633.7,,0.4,43.0,,
5360,2024-11-20 21:30:00,469.37,,0.2,43.0,,
5361,2024-11-20 22:00:00,536.67,,0.0,43.0,,
5362,2024-11-20 22:30:00,490.13,,-0.05,41.5,,
5363,2024-11-20 23:00:00,548.83,,-0.1,40.0,,
5364,2024-11-20 23:30:00,500.27,,-0.3,40.0,,
5365,2024-11-21 00:00:00,517.73,,-0.5,40.0,,
5366,2024-11-21 00:30:00,615.7,,-0.55,39.0,,
5367,2024-11-21 01:00:00,497.9,,-0.6,38.0,,
5368,2024-11-21 01:30:00,568.37,,-0.4499999999999999,36.5,,
5369,2024-11-21 02:00:00,573.53,,-0.3,35.0,,
5370,2024-11-21 02:30:00,599.23,,-0.35,35.0,,
5371,2024-11-21 03:00:00,738.67,,-0.4,35.0,,
5372,2024-11-21 03:30:00,677.8,,0.25,33.5,,
5373,2024-11-21 04:00:00,554.13,,0.9,32.0,,
5374,2024-11-21 04:30:00,577.07,,0.95,33.0,,
5375,2024-11-21 05:00:00,1837.8,,1.0,34.0,,
5376,2024-11-21 05:30:00,551.63,,0.85,35.0,,
5377,2024-11-21 06:00:00,690.97,,0.7,36.0,,
5378,2024-11-21 06:30:00,532.4,,0.9,37.0,,
5379,2024-11-21 07:00:00,617.76,,1.1,38.0,,
5380,2024-11-21 07:30:00,843.97,,2.1,40.0,,
5381,2024-11-21 08:00:00,1106.35,,3.1,42.0,,
5382,2024-11-21 08:30:00,1055.38,,3.55,34.5,,
5383,2024-11-21 09:00:00,1092.7,,4.0,27.0,,
5384,2024-11-21 09:30:00,587.2,,4.1,28.5,,
5385,2024-11-21 10:00:00,766.7,,4.2,30.0,,
5386,2024-11-21 10:30:00,525.8,,4.5,30.5,,
5387,2024-11-21 11:00:00,690.3,,4.8,31.0,,
5388,2024-11-21 11:30:00,952.1,,4.6,37.5,,
5389,2024-11-21 12:00:00,696.67,,4.4,44.0,,
5390,2024-11-21 12:30:00,829.55,,4.2,52.0,,
5391,2024-11-21 13:00:00,655.13,,4.0,60.0,,
5392,2024-11-21 13:30:00,584.17,,3.7,72.0,,
5393,2024-11-21 14:00:00,637.87,,3.4,84.0,,
5394,2024-11-21 14:30:00,511.8,,3.4,85.5,,
5395,2024-11-21 15:00:00,716.93,,3.4,87.0,,
5396,2024-11-21 15:30:00,519.6,,3.1,93.0,,
5397,2024-11-21 16:00:00,1213.77,,2.8,99.0,,
5398,2024-11-21 16:30:00,1557.67,,3.15,99.5,,
5399,2024-11-21 17:00:00,578.17,,3.5,100.0,,
5400,2024-11-21 17:30:00,600.97,,3.85,99.5,,
5401,2024-11-21 18:00:00,1147.21,,4.2,99.0,,
5402,2024-11-21 18:30:00,710.0,,4.15,99.5,,
5403,2024-11-21 19:00:00,544.73,,4.1,100.0,,
5404,2024-11-21 19:30:00,687.13,,4.75,100.0,,
5405,2024-11-21 20:00:00,619.8,,5.4,100.0,,
5406,2024-11-21 20:30:00,590.03,,5.800000000000001,100.0,,
5407,2024-11-21 21:00:00,622.35,,6.2,100.0,,
5408,2024-11-21 21:30:00,684.79,,6.5,100.0,,
5409,2024-11-21 22:00:00,598.83,,6.8,100.0,,
5410,2024-11-21 22:30:00,628.83,,6.85,100.0,,
5411,2024-11-21 23:00:00,594.16,,6.9,100.0,,
5412,2024-11-21 23:30:00,578.83,,6.65,100.0,,
5413,2024-11-22 00:00:00,609.86,,6.4,100.0,,
5414,2024-11-22 00:30:00,658.53,,6.45,100.0,,
5415,2024-11-22 01:00:00,629.9,,6.5,100.0,,
5416,2024-11-22 01:30:00,643.43,,6.2,100.0,,
5417,2024-11-22 02:00:00,516.63,,5.9,100.0,,
5418,2024-11-22 02:30:00,829.83,,5.5,100.0,,
5419,2024-11-22 03:00:00,659.5,,5.1,100.0,,
5420,2024-11-22 03:30:00,645.27,,4.75,100.0,,
5421,2024-11-22 04:00:00,661.9,,4.4,100.0,,
5422,2024-11-22 04:30:00,1814.73,,4.4,99.0,,
5423,2024-11-22 05:00:00,803.8,,4.4,98.0,,
5424,2024-11-22 05:30:00,620.23,,3.95,95.0,,
5425,2024-11-22 06:00:00,676.1,,3.5,92.0,,
5426,2024-11-22 06:30:00,572.87,,2.7,73.5,,
5427,2024-11-22 07:00:00,1075.37,,1.9,55.0,,
5428,2024-11-22 07:30:00,849.67,,2.5,47.0,,
5429,2024-11-22 08:00:00,706.97,,3.1,39.0,,
5430,2024-11-22 08:30:00,674.13,,3.3,36.5,,
5431,2024-11-22 09:00:00,742.0,,3.5,34.0,,
5432,2024-11-22 09:30:00,657.67,,3.35,34.5,,
5433,2024-11-22 10:00:00,675.33,,3.2,35.0,,
5434,2024-11-22 10:30:00,578.57,,3.35,31.5,,
5435,2024-11-22 11:00:00,578.77,,3.5,28.0,,
5436,2024-11-22 11:30:00,602.73,,3.5,27.5,,
5437,2024-11-22 12:00:00,595.8,,3.5,27.0,,
5438,2024-11-22 12:30:00,570.93,,3.3,27.0,,
5439,2024-11-22 13:00:00,631.67,,3.1,27.0,,
5440,2024-11-22 13:30:00,599.53,,2.8,28.0,,
5441,2024-11-22 14:00:00,521.67,,2.5,29.0,,
5442,2024-11-22 14:30:00,652.3,,2.1,31.5,,
5443,2024-11-22 15:00:00,610.7,,1.7,34.0,,
5444,2024-11-22 15:30:00,660.33,,0.85,37.0,,
5445,2024-11-22 16:00:00,647.6,,0.0,40.0,,
5446,2024-11-22 16:30:00,654.9,,-0.25,40.0,,
5447,2024-11-22 17:00:00,602.0,,-0.5,40.0,,
5448,2024-11-22 17:30:00,988.93,,-0.55,39.0,,
5449,2024-11-22 18:00:00,778.57,,-0.6,38.0,,
5450,2024-11-22 18:30:00,578.93,,-0.7,38.0,,
5451,2024-11-22 19:00:00,657.87,,-0.8,38.0,,
5452,2024-11-22 19:30:00,651.87,,-1.1,38.0,,
5453,2024-11-22 20:00:00,676.24,,-1.4,38.0,,
5454,2024-11-22 20:30:00,628.13,,-1.45,38.5,,
5455,2024-11-22 21:00:00,640.1,,-1.5,39.0,,
5456,2024-11-22 21:30:00,626.57,,-1.45,39.0,,
5457,2024-11-22 22:00:00,564.47,,-1.4,39.0,,
5458,2024-11-22 22:30:00,683.17,,-1.4,39.5,,
5459,2024-11-22 23:00:00,575.7,,-1.4,40.0,,
5460,2024-11-22 23:30:00,613.84,,-1.65,41.5,,
5461,2024-11-23 00:00:00,565.41,,-1.9,43.0,,
5462,2024-11-23 00:30:00,564.03,,-1.85,44.0,,
5463,2024-11-23 01:00:00,646.76,,-1.8,45.0,,
5464,2024-11-23 01:30:00,707.3,,-1.75,44.0,,
5465,2024-11-23 02:00:00,588.47,,-1.7,43.0,,
5466,2024-11-23 02:30:00,719.13,,-1.5499999999999998,42.5,,
5467,2024-11-23 03:00:00,789.43,,-1.4,42.0,,
5468,2024-11-23 03:30:00,583.63,,-1.2,41.0,,
5469,2024-11-23 04:00:00,763.53,,-1.0,40.0,,
5470,2024-11-23 04:30:00,630.7,,-0.7,38.0,,
5471,2024-11-23 05:00:00,677.17,,-0.4,36.0,,
5472,2024-11-23 05:30:00,669.77,,-0.0999999999999999,34.5,,
5473,2024-11-23 06:00:00,694.63,,0.2,33.0,,
5474,2024-11-23 06:30:00,759.33,,0.55,33.5,,
5475,2024-11-23 07:00:00,1435.43,,0.9,34.0,,
5476,2024-11-23 07:30:00,655.07,,2.0,38.0,,
5477,2024-11-23 08:00:00,712.83,,3.1,42.0,,
5478,2024-11-23 08:30:00,1017.23,,3.6,34.5,,
5479,2024-11-23 09:00:00,1069.67,,4.1,27.0,,
5480,2024-11-23 09:30:00,754.67,,4.25,27.0,,
5481,2024-11-23 10:00:00,637.87,,4.4,27.0,,
5482,2024-11-23 10:30:00,1463.8,,4.800000000000001,25.5,,
5483,2024-11-23 11:00:00,1604.65,,5.2,24.0,,
5484,2024-11-23 11:30:00,666.97,,5.050000000000001,25.0,,
5485,2024-11-23 12:00:00,565.73,,4.9,26.0,,
5486,2024-11-23 12:30:00,752.3,,4.800000000000001,30.5,,
5487,2024-11-23 13:00:00,599.0,,4.7,35.0,,
5488,2024-11-23 13:30:00,689.03,,4.45,39.5,,
5489,2024-11-23 14:00:00,596.87,,4.2,44.0,,
5490,2024-11-23 14:30:00,726.93,,3.7,47.5,,
5491,2024-11-23 15:00:00,1176.67,,3.2,51.0,,
5492,2024-11-23 15:30:00,1313.93,,2.1500000000000004,54.5,,
5493,2024-11-23 16:00:00,663.43,,1.1,58.0,,
5494,2024-11-23 16:30:00,741.7,,0.95,57.0,,
5495,2024-11-23 17:00:00,621.63,,0.8,56.0,,
5496,2024-11-23 17:30:00,1001.4,,0.8500000000000001,56.5,,
5497,2024-11-23 18:00:00,855.03,,0.9,57.0,,
5498,2024-11-23 18:30:00,1011.27,,1.2,59.0,,
5499,2024-11-23 19:00:00,1269.83,,1.5,61.0,,
5500,2024-11-23 19:30:00,681.13,,1.9,62.0,,
5501,2024-11-23 20:00:00,617.4,,2.3,63.0,,
5502,2024-11-23 20:30:00,589.03,,2.6,64.0,,
5503,2024-11-23 21:00:00,520.43,,2.9,65.0,,
5504,2024-11-23 21:30:00,594.9,,2.8,63.5,,
5505,2024-11-23 22:00:00,601.93,,2.7,62.0,,
5506,2024-11-23 22:30:00,620.38,,2.45,64.5,,
5507,2024-11-23 23:00:00,504.33,,2.2,67.0,,
5508,2024-11-23 23:30:00,661.27,,2.1,69.5,,
5509,2024-11-24 00:00:00,564.5,,2.0,72.0,,
5510,2024-11-24 00:30:00,660.0,,2.3,74.0,,
5511,2024-11-24 01:00:00,608.07,,2.6,76.0,,
5512,2024-11-24 01:30:00,649.13,,2.7,79.0,,
5513,2024-11-24 02:00:00,569.7,,2.8,82.0,,
5514,2024-11-24 02:30:00,615.63,,2.8,83.5,,
5515,2024-11-24 03:00:00,744.33,,2.8,85.0,,
5516,2024-11-24 03:30:00,609.33,,2.55,91.0,,
5517,2024-11-24 04:00:00,947.4,,2.3,97.0,,
5518,2024-11-24 04:30:00,661.8,,2.5,97.0,,
5519,2024-11-24 05:00:00,695.93,,2.7,97.0,,
5520,2024-11-24 05:30:00,615.93,,2.8,97.5,,
5521,2024-11-24 06:00:00,792.83,,2.9,98.0,,
5522,2024-11-24 06:30:00,611.87,,3.1,98.5,,
5523,2024-11-24 07:00:00,681.9,,3.3,99.0,,
5524,2024-11-24 07:30:00,650.13,,3.4,99.0,,
5525,2024-11-24 08:00:00,1071.17,,3.5,99.0,,
5526,2024-11-24 08:30:00,1110.5,,3.7,98.5,,
5527,2024-11-24 09:00:00,1060.42,,3.9,98.0,,
5528,2024-11-24 09:30:00,1114.69,,4.0,96.0,,
5529,2024-11-24 10:00:00,1073.68,,4.1,94.0,,
5530,2024-11-24 10:30:00,1090.7,,4.199999999999999,94.0,,
5531,2024-11-24 11:00:00,1096.1,,4.3,94.0,,
5532,2024-11-24 11:30:00,717.47,,4.25,94.5,,
5533,2024-11-24 12:00:00,744.23,,4.2,95.0,,
5534,2024-11-24 12:30:00,1906.97,,4.35,95.0,,
5535,2024-11-24 13:00:00,602.1,,4.5,95.0,,
5536,2024-11-24 13:30:00,614.8,,4.5,95.0,,
5537,2024-11-24 14:00:00,647.97,,4.5,95.0,,
5538,2024-11-24 14:30:00,1924.93,,4.6,95.5,,
5539,2024-11-24 15:00:00,588.0,,4.7,96.0,,
5540,2024-11-24 15:30:00,776.13,,4.550000000000001,96.0,,
5541,2024-11-24 16:00:00,632.23,,4.4,96.0,,
5542,2024-11-24 16:30:00,695.67,,4.5,96.0,,
5543,2024-11-24 17:00:00,795.03,,4.6,96.0,,
5544,2024-11-24 17:30:00,1228.2,,4.6,93.5,,
5545,2024-11-24 18:00:00,1357.83,,4.6,91.0,,
5546,2024-11-24 18:30:00,1265.77,,4.8,91.0,,
5547,2024-11-24 19:00:00,606.7,,5.0,91.0,,
5548,2024-11-24 19:30:00,661.97,,4.8,94.0,,
5549,2024-11-24 20:00:00,553.87,,4.6,97.0,,
5550,2024-11-24 20:30:00,647.43,,4.75,92.5,,
5551,2024-11-24 21:00:00,658.5,,4.9,88.0,,
5552,2024-11-24 21:30:00,639.13,,4.800000000000001,87.0,,
5553,2024-11-24 22:00:00,819.43,,4.7,86.0,,
5554,2024-11-24 22:30:00,577.17,,4.5,85.5,,
5555,2024-11-24 23:00:00,624.3,,4.3,85.0,,
5556,2024-11-24 23:30:00,589.2,,4.5,84.0,,
5557,2024-11-25 00:00:00,628.83,,4.7,83.0,,
5558,2024-11-25 00:30:00,659.93,,4.800000000000001,83.5,,
5559,2024-11-25 01:00:00,659.63,,4.9,84.0,,
5560,2024-11-25 01:30:00,618.6,,4.9,86.0,,
5561,2024-11-25 02:00:00,565.6,,4.9,88.0,,
5562,2024-11-25 02:30:00,626.57,,4.65,92.0,,
5563,2024-11-25 03:00:00,593.87,,4.4,96.0,,
5564,2024-11-25 03:30:00,633.23,,4.6,95.0,,
5565,2024-11-25 04:00:00,694.43,,4.8,94.0,,
5566,2024-11-25 04:30:00,900.42,,4.6,95.5,,
5567,2024-11-25 05:00:00,882.41,,4.4,97.0,,
5568,2024-11-25 05:30:00,564.58,,4.45,97.5,,
5569,2024-11-25 06:00:00,634.34,,4.5,98.0,,
5570,2024-11-25 06:30:00,642.5,,4.55,98.0,,
5571,2024-11-25 07:00:00,621.2,,4.6,98.0,,
5572,2024-11-25 07:30:00,713.3,,4.8,98.5,,
5573,2024-11-25 08:00:00,597.27,,5.0,99.0,,
5574,2024-11-25 08:30:00,690.57,,5.15,97.5,,
5575,2024-11-25 09:00:00,746.53,,5.3,96.0,,
5576,2024-11-25 09:30:00,625.6,,5.3,96.5,,
5577,2024-11-25 10:00:00,626.17,,5.3,97.0,,
5578,2024-11-25 10:30:00,679.1,,5.5,96.5,,
5579,2024-11-25 11:00:00,1129.5,,5.7,96.0,,
5580,2024-11-25 11:30:00,1335.27,,5.75,96.5,,
5581,2024-11-25 12:00:00,1142.7,,5.8,97.0,,
5582,2024-11-25 12:30:00,1519.5,,5.9,98.0,,
5583,2024-11-25 13:00:00,556.2,,6.0,99.0,,
5584,2024-11-25 13:30:00,632.93,,5.8,99.0,,
5585,2024-11-25 14:00:00,541.5,,5.6,99.0,,
5586,2024-11-25 14:30:00,672.97,,5.65,99.5,,
5587,2024-11-25 15:00:00,543.07,,5.7,100.0,,
5588,2024-11-25 15:30:00,528.43,,5.65,100.0,,
5589,2024-11-25 16:00:00,663.73,,5.6,100.0,,
5590,2024-11-25 16:30:00,617.5,,5.65,99.5,,
5591,2024-11-25 17:00:00,816.33,,5.7,99.0,,
5592,2024-11-25 17:30:00,799.8,,5.75,99.0,,
5593,2024-11-25 18:00:00,657.13,,5.8,99.0,,
5594,2024-11-25 18:30:00,723.3,,5.9,99.5,,
5595,2024-11-25 19:00:00,552.03,,6.0,100.0,,
5596,2024-11-25 19:30:00,640.7,,6.05,100.0,,
5597,2024-11-25 20:00:00,624.2,,6.1,100.0,,
5598,2024-11-25 20:30:00,629.17,,6.15,100.0,,
5599,2024-11-25 21:00:00,556.03,,6.2,100.0,,
5600,2024-11-25 21:30:00,640.5,,6.25,100.0,,
5601,2024-11-25 22:00:00,658.73,,6.3,100.0,,
5602,2024-11-25 22:30:00,528.4,,6.35,100.0,,
5603,2024-11-25 23:00:00,567.2,,6.4,100.0,,
5604,2024-11-25 23:30:00,505.27,,6.4,100.0,,
5605,2024-11-26 00:00:00,616.03,,6.4,100.0,,
5606,2024-11-26 00:30:00,537.7,,6.5,99.5,,
5607,2024-11-26 01:00:00,600.87,,6.6,99.0,,
5608,2024-11-26 01:30:00,611.17,,6.65,99.0,,
5609,2024-11-26 02:00:00,622.4,,6.7,99.0,,
5610,2024-11-26 02:30:00,644.07,,6.75,99.5,,
5611,2024-11-26 03:00:00,902.5,,6.8,100.0,,
5612,2024-11-26 03:30:00,592.77,,6.949999999999999,100.0,,
5613,2024-11-26 04:00:00,675.8,,7.1,100.0,,
5614,2024-11-26 04:30:00,698.2,,6.949999999999999,100.0,,
5615,2024-11-26 05:00:00,633.93,,6.8,100.0,,
5616,2024-11-26 05:30:00,665.23,,6.85,100.0,,
5617,2024-11-26 06:00:00,621.7,,6.9,100.0,,
5618,2024-11-26 06:30:00,563.13,,6.95,100.0,,
5619,2024-11-26 07:00:00,580.2,,7.0,100.0,,
5620,2024-11-26 07:30:00,732.4,,7.1,100.0,,
5621,2024-11-26 08:00:00,652.0,,7.2,100.0,,
5622,2024-11-26 08:30:00,489.7,,7.300000000000001,100.0,,
5623,2024-11-26 09:00:00,630.8,,7.4,100.0,,
5624,2024-11-26 09:30:00,533.73,,7.550000000000001,100.0,,
5625,2024-11-26 10:00:00,597.47,,7.7,100.0,,
5626,2024-11-26 10:30:00,866.07,,7.949999999999999,99.5,,
5627,2024-11-26 11:00:00,1051.5,,8.2,99.0,,
5628,2024-11-26 11:30:00,700.17,,8.2,99.5,,
5629,2024-11-26 12:00:00,1758.53,,8.2,100.0,,
5630,2024-11-26 12:30:00,1227.13,,8.25,100.0,,
5631,2024-11-26 13:00:00,570.6,,8.3,100.0,,
5632,2024-11-26 13:30:00,586.3,,8.45,100.0,,
5633,2024-11-26 14:00:00,451.27,,8.6,100.0,,
5634,2024-11-26 14:30:00,684.53,,8.55,100.0,,
5635,2024-11-26 15:00:00,518.73,,8.5,100.0,,
5636,2024-11-26 15:30:00,567.73,,8.4,100.0,,
5637,2024-11-26 16:00:00,699.97,,8.3,100.0,,
5638,2024-11-26 16:30:00,640.63,,8.2,100.0,,
5639,2024-11-26 17:00:00,590.47,,8.1,100.0,,
5640,2024-11-26 17:30:00,804.73,,8.0,100.0,,
5641,2024-11-26 18:00:00,546.13,,7.9,100.0,,
5642,2024-11-26 18:30:00,567.87,,7.85,100.0,,
5643,2024-11-26 19:00:00,527.77,,7.8,100.0,,
5644,2024-11-26 19:30:00,526.3,,7.65,100.0,,
5645,2024-11-26 20:00:00,649.83,,7.5,100.0,,
5646,2024-11-26 20:30:00,492.4,,7.55,99.5,,
5647,2024-11-26 21:00:00,553.7,,7.6,99.0,,
5648,2024-11-26 21:30:00,506.97,,7.55,99.0,,
5649,2024-11-26 22:00:00,626.17,,7.5,99.0,,
5650,2024-11-26 22:30:00,491.83,,7.5,99.5,,
5651,2024-11-26 23:00:00,549.17,,7.5,100.0,,
5652,2024-11-26 23:30:00,471.0,,7.45,100.0,,
5653,2024-11-27 00:00:00,550.4,,7.4,100.0,,
5654,2024-11-27 00:30:00,487.1,,7.300000000000001,100.0,,
5655,2024-11-27 01:00:00,610.55,,7.2,100.0,,
5656,2024-11-27 01:30:00,485.5,,7.050000000000001,100.0,,
5657,2024-11-27 02:00:00,520.33,,6.9,100.0,,
5658,2024-11-27 02:30:00,585.73,,6.9,100.0,,
5659,2024-11-27 03:00:00,567.47,,6.9,100.0,,
5660,2024-11-27 03:30:00,1757.68,,6.6,100.0,,
5661,2024-11-27 04:00:00,584.76,,6.3,100.0,,
5662,2024-11-27 04:30:00,637.73,,6.35,99.5,,
5663,2024-11-27 05:00:00,611.77,,6.4,99.0,,
5664,2024-11-27 05:30:00,670.37,,6.2,99.0,,
5665,2024-11-27 06:00:00,447.73,,6.0,99.0,,
5666,2024-11-27 06:30:00,557.2,,5.9,98.5,,
5667,2024-11-27 07:00:00,516.97,,5.8,98.0,,
5668,2024-11-27 07:30:00,619.2,,6.35,98.0,,
5669,2024-11-27 08:00:00,401.0,,6.9,98.0,,
5670,2024-11-27 08:30:00,1053.55,,7.2,97.0,,
5671,2024-11-27 09:00:00,551.33,,7.5,96.0,,
5672,2024-11-27 09:30:00,578.93,,8.15,91.5,,
5673,2024-11-27 10:00:00,729.8,,8.8,87.0,,
5674,2024-11-27 10:30:00,799.97,,9.45,82.5,,
5675,2024-11-27 11:00:00,677.47,,10.1,78.0,,
5676,2024-11-27 11:30:00,770.23,,10.25,76.5,,
5677,2024-11-27 12:00:00,572.87,,10.4,75.0,,
5678,2024-11-27 12:30:00,595.4,,10.45,74.0,,
5679,2024-11-27 13:00:00,528.53,,10.5,73.0,,
5680,2024-11-27 13:30:00,498.13,,10.35,73.5,,
5681,2024-11-27 14:00:00,554.4,,10.2,74.0,,
5682,2024-11-27 14:30:00,531.9,,9.5,79.0,,
5683,2024-11-27 15:00:00,535.77,,8.8,84.0,,
5684,2024-11-27 15:30:00,608.8,,7.9,87.0,,
5685,2024-11-27 16:00:00,533.6,,7.0,90.0,,
5686,2024-11-27 16:30:00,541.27,,6.25,91.5,,
5687,2024-11-27 17:00:00,513.9,,5.5,93.0,,
5688,2024-11-27 17:30:00,508.33,,5.3,93.5,,
5689,2024-11-27 18:00:00,795.67,,5.1,94.0,,
5690,2024-11-27 18:30:00,567.13,,4.75,94.5,,
5691,2024-11-27 19:00:00,492.03,,4.4,95.0,,
5692,2024-11-27 19:30:00,532.17,,4.2,95.5,,
5693,2024-11-27 20:00:00,448.27,,4.0,96.0,,
5694,2024-11-27 20:30:00,528.4,,3.6,97.0,,
5695,2024-11-27 21:00:00,563.97,,3.2,98.0,,
5696,2024-11-27 21:30:00,479.63,,3.05,96.0,,
5697,2024-11-27 22:00:00,504.7,,2.9,94.0,,
5698,2024-11-27 22:30:00,447.17,,2.95,92.0,,
5699,2024-11-27 23:00:00,501.6,,3.0,90.0,,
5700,2024-11-27 23:30:00,506.13,,3.0,87.5,,
5701,2024-11-28 00:00:00,465.73,,3.0,85.0,,
5702,2024-11-28 00:30:00,517.27,,3.1,84.0,,
5703,2024-11-28 01:00:00,508.45,,3.2,83.0,,
5704,2024-11-28 01:30:00,559.03,,3.1500000000000004,84.0,,
5705,2024-11-28 02:00:00,1562.6,,3.1,85.0,,
5706,2024-11-28 02:30:00,859.97,,3.1500000000000004,86.0,,
5707,2024-11-28 03:00:00,578.2,,3.2,87.0,,
5708,2024-11-28 03:30:00,535.65,,3.35,88.0,,
5709,2024-11-28 04:00:00,596.13,,3.5,89.0,,
5710,2024-11-28 04:30:00,603.9,,3.65,89.5,,
5711,2024-11-28 05:00:00,518.8,,3.8,90.0,,
5712,2024-11-28 05:30:00,591.45,,4.35,90.5,,
5713,2024-11-28 06:00:00,560.79,,4.9,91.0,,
5714,2024-11-28 06:30:00,652.67,,5.15,92.5,,
5715,2024-11-28 07:00:00,1117.27,,5.4,94.0,,
5716,2024-11-28 07:30:00,323.17,,5.5,93.5,,
5717,2024-11-28 08:00:00,603.03,,5.6,93.0,,
5718,2024-11-28 08:30:00,497.93,,5.65,94.0,,
5719,2024-11-28 09:00:00,546.6,,5.7,95.0,,
5720,2024-11-28 09:30:00,481.73,,5.75,95.5,,
5721,2024-11-28 10:00:00,575.13,,5.8,96.0,,
5722,2024-11-28 10:30:00,491.67,,5.949999999999999,97.0,,
5723,2024-11-28 11:00:00,560.6,,6.1,98.0,,
5724,2024-11-28 11:30:00,757.83,,6.3,97.5,,
5725,2024-11-28 12:00:00,551.0,,6.5,97.0,,
5726,2024-11-28 12:30:00,569.7,,6.55,97.5,,
5727,2024-11-28 13:00:00,549.33,,6.6,98.0,,
5728,2024-11-28 13:30:00,644.17,,6.65,98.0,,
5729,2024-11-28 14:00:00,553.37,,6.7,98.0,,
5730,2024-11-28 14:30:00,597.5,,6.65,98.0,,
5731,2024-11-28 15:00:00,638.97,,6.6,98.0,,
5732,2024-11-28 15:30:00,581.07,,6.449999999999999,98.5,,
5733,2024-11-28 16:00:00,600.5,,6.3,99.0,,
5734,2024-11-28 16:30:00,551.37,,6.199999999999999,99.0,,
5735,2024-11-28 17:00:00,628.17,,6.1,99.0,,
5736,2024-11-28 17:30:00,564.6,,6.05,99.5,,
5737,2024-11-28 18:00:00,490.23,,6.0,100.0,,
5738,2024-11-28 18:30:00,564.07,,5.9,99.5,,
5739,2024-11-28 19:00:00,537.43,,5.8,99.0,,
5740,2024-11-28 19:30:00,490.97,,5.949999999999999,98.5,,
5741,2024-11-28 20:00:00,636.2,,6.1,98.0,,
5742,2024-11-28 20:30:00,551.63,,6.1,98.0,,
5743,2024-11-28 21:00:00,567.77,,6.1,98.0,,
5744,2024-11-28 21:30:00,553.13,,6.199999999999999,98.0,,
5745,2024-11-28 22:00:00,616.47,,6.3,98.0,,
5746,2024-11-28 22:30:00,458.77,,6.5,97.5,,
5747,2024-11-28 23:00:00,643.93,,6.7,97.0,,
5748,2024-11-28 23:30:00,436.23,,6.7,96.5,,
5749,2024-11-29 00:00:00,503.07,,6.7,96.0,,
5750,2024-11-29 00:30:00,551.73,,6.6,96.5,,
5751,2024-11-29 01:00:00,642.77,,6.5,97.0,,
5752,2024-11-29 01:30:00,700.53,,6.3,98.0,,
5753,2024-11-29 02:00:00,426.13,,6.1,99.0,,
5754,2024-11-29 02:30:00,660.1,,5.949999999999999,99.0,,
5755,2024-11-29 03:00:00,518.7,,5.8,99.0,,
5756,2024-11-29 03:30:00,628.13,,5.9,98.0,,
5757,2024-11-29 04:00:00,524.53,,6.0,97.0,,
5758,2024-11-29 04:30:00,610.63,,5.7,97.0,,
5759,2024-11-29 05:00:00,1164.87,,5.4,97.0,,
5760,2024-11-29 05:30:00,885.93,,5.45,97.0,,
5761,2024-11-29 06:00:00,651.23,,5.5,97.0,,
5762,2024-11-29 06:30:00,568.83,,5.5,96.5,,
5763,2024-11-29 07:00:00,561.1,,5.5,96.0,,
5764,2024-11-29 07:30:00,501.53,,5.6,95.5,,
5765,2024-11-29 08:00:00,496.93,,5.7,95.0,,
5766,2024-11-29 08:30:00,536.86,,5.6,93.5,,
5767,2024-11-29 09:00:00,520.13,,5.5,92.0,,
5768,2024-11-29 09:30:00,671.59,,5.75,89.0,,
5769,2024-11-29 10:00:00,539.61,,6.0,86.0,,
5770,2024-11-29 10:30:00,1975.63,,6.2,84.0,,
5771,2024-11-29 11:00:00,881.17,,6.4,82.0,,
5772,2024-11-29 11:30:00,594.83,,6.800000000000001,78.0,,
5773,2024-11-29 12:00:00,452.73,,7.2,74.0,,
5774,2024-11-29 12:30:00,598.74,,7.35,72.0,,
5775,2024-11-29 13:00:00,512.41,,7.5,70.0,,
5776,2024-11-29 13:30:00,582.23,,7.5,67.5,,
5777,2024-11-29 14:00:00,520.8,,7.5,65.0,,
5778,2024-11-29 14:30:00,505.67,,6.7,70.5,,
5779,2024-11-29 15:00:00,497.3,,5.9,76.0,,
5780,2024-11-29 15:30:00,597.07,,4.75,83.5,,
5781,2024-11-29 16:00:00,529.7,,3.6,91.0,,
5782,2024-11-29 16:30:00,489.23,,3.1,93.5,,
5783,2024-11-29 17:00:00,567.5,,2.6,96.0,,
5784,2024-11-29 17:30:00,585.0,,2.55,96.0,,
5785,2024-11-29 18:00:00,704.1,,2.5,96.0,,
5786,2024-11-29 18:30:00,828.03,,1.75,95.5,,
5787,2024-11-29 19:00:00,1604.13,,1.0,95.0,,
5788,2024-11-29 19:30:00,591.19,,0.4499999999999999,94.5,,
5789,2024-11-29 20:00:00,540.13,,-0.1,94.0,,
5790,2024-11-29 20:30:00,541.1,,-0.3,92.5,,
5791,2024-11-29 21:00:00,569.34,,-0.5,91.0,,
5792,2024-11-29 21:30:00,483.0,,-0.75,88.5,,
5793,2024-11-29 22:00:00,513.03,,-1.0,86.0,,
5794,2024-11-29 22:30:00,458.2,,-1.25,84.5,,
5795,2024-11-29 23:00:00,462.4,,-1.5,83.0,,
5796,2024-11-29 23:30:00,494.65,,-1.6,79.5,,
5797,2024-11-30 00:00:00,542.27,,-1.7,76.0,,
5798,2024-11-30 00:30:00,586.43,,-1.7,75.0,,
5799,2024-11-30 01:00:00,649.73,,-1.7,74.0,,
5800,2024-11-30 01:30:00,547.97,,-1.9,75.5,,
5801,2024-11-30 02:00:00,542.63,,-2.1,77.0,,
5802,2024-11-30 02:30:00,501.1,,-2.3,77.5,,
5803,2024-11-30 03:00:00,787.63,,-2.5,78.0,,
5804,2024-11-30 03:30:00,980.23,,-2.6,79.0,,
5805,2024-11-30 04:00:00,576.9,,-2.7,80.0,,
5806,2024-11-30 04:30:00,552.4,,-2.75,81.0,,
5807,2024-11-30 05:00:00,653.9,,-2.8,82.0,,
5808,2024-11-30 05:30:00,501.47,,-2.8,82.0,,
5809,2024-11-30 06:00:00,616.97,,-2.8,82.0,,
5810,2024-11-30 06:30:00,535.8,,-2.65,82.0,,
5811,2024-11-30 07:00:00,1060.5,,-2.5,82.0,,
5812,2024-11-30 07:30:00,827.63,,-1.1,80.0,,
5813,2024-11-30 08:00:00,553.8,,0.3,78.0,,
5814,2024-11-30 08:30:00,463.23,,1.6,72.5,,
5815,2024-11-30 09:00:00,523.3,,2.9,67.0,,
5816,2024-11-30 09:30:00,527.23,,3.7,63.5,,
5817,2024-11-30 10:00:00,596.97,,4.5,60.0,,
5818,2024-11-30 10:30:00,578.94,,4.85,57.5,,
5819,2024-11-30 11:00:00,549.21,,5.2,55.0,,
5820,2024-11-30 11:30:00,551.4,,5.35,53.0,,
5821,2024-11-30 12:00:00,1223.55,,5.5,51.0,,
5822,2024-11-30 12:30:00,604.77,,5.4,50.5,,
5823,2024-11-30 13:00:00,547.23,,5.3,50.0,,
5824,2024-11-30 13:30:00,1277.3,,5.0,51.0,,
5825,2024-11-30 14:00:00,1119.9,,4.7,52.0,,
5826,2024-11-30 14:30:00,737.03,,4.2,57.0,,
5827,2024-11-30 15:00:00,837.3,,3.7,62.0,,
5828,2024-11-30 15:30:00,1658.57,,2.55,66.0,,
5829,2024-11-30 16:00:00,565.5,,1.4,70.0,,
5830,2024-11-30 16:30:00,846.27,,0.8999999999999999,71.0,,
5831,2024-11-30 17:00:00,619.67,,0.4,72.0,,
5832,2024-11-30 17:30:00,592.17,,0.05,72.5,,
5833,2024-11-30 18:00:00,805.03,,-0.3,73.0,,
5834,2024-11-30 18:30:00,1057.0,,-0.5,72.5,,
5835,2024-11-30 19:00:00,1109.17,,-0.7,72.0,,
5836,2024-11-30 19:30:00,569.3,,-0.9,76.0,,
5837,2024-11-30 20:00:00,552.9,,-1.1,80.0,,
5838,2024-11-30 20:30:00,531.37,,-1.1,77.0,,
5839,2024-11-30 21:00:00,644.33,,-1.1,74.0,,
5840,2024-11-30 21:30:00,552.6,,-1.15,72.0,,
5841,2024-11-30 22:00:00,496.1,21.880774402833335,-1.2,32.230391110000035,757.2166666666667,
5842,2024-11-30 22:30:00,594.63,21.313441870444464,-1.2,33.06638285316667,770.7944444444445,
5843,2024-11-30 23:00:00,480.33,20.917607699833336,-1.2,33.55724466122221,789.2111111111111,
5844,2024-11-30 23:30:00,589.86,20.545552105888902,-1.25,33.943550745333354,782.1777777777778,
5845,2024-12-01 00:00:00,495.2,20.296552404166682,-1.3,34.2379271401111,791.2166666666667,
5846,2024-12-01 00:30:00,601.83,19.99795736815643,-1.7999999999999998,34.48958483234638,782.2569832402235,
5847,2024-12-01 01:00:00,640.47,19.89727525649998,-2.3,34.84672586594445,802.3777777777777,
5848,2024-12-01 01:30:00,714.9,19.722497231055552,-2.4,35.253420914666656,821.85,
5849,2024-12-01 02:00:00,562.77,19.580496957999998,-2.5,35.089928966111124,810.1,
5850,2024-12-01 02:30:00,610.33,19.446164142222226,-2.55,34.726177893944445,813.4166666666666,
5851,2024-12-01 03:00:00,611.2,20.504219087222232,-2.6,33.52954268972222,824.4055555555556,
5852,2024-12-01 03:30:00,605.13,21.09449695988889,-2.45,32.999867015666666,829.0555555555555,
5853,2024-12-01 04:00:00,591.9,21.554941877000005,-2.3,32.527758217333314,830.6055555555556,
5854,2024-12-01 04:30:00,589.65,21.523275259055563,-2.1,32.640913624222236,829.95,
5855,2024-12-01 05:00:00,584.97,21.938941341944513,-1.9,32.118877898333345,824.0333333333333,
5856,2024-12-01 05:30:00,639.62,21.88894161705557,-1.75,32.26357977149999,829.7722222222222,
5857,2024-12-01 06:00:00,601.93,21.969260913854754,-1.6,32.157051310335184,830.6983240223464,
5858,2024-12-01 06:30:00,568.63,22.140331279055548,-1.55,31.04131231266669,802.2444444444444,
5859,2024-12-01 07:00:00,580.33,22.297831259166664,-1.5,30.729915173833323,763.5944444444444,
5860,2024-12-01 07:30:00,577.43,22.086275355166674,-0.3500000000000001,31.331937418944435,778.2388888888889,
5861,2024-12-01 08:00:00,1545.3,22.322164514444445,0.8,31.58883639472223,828.9333333333333,
5862,2024-12-01 08:30:00,1671.3,22.167275365388896,2.25,35.06684913644445,821.65,
5863,2024-12-01 09:00:00,1397.13,22.164831299388897,3.7,31.580380450166665,618.05,
5864,2024-12-01 09:30:00,592.43,21.9628308618889,4.75,31.944093407666657,568.6055555555556,
5865,2024-12-01 10:00:00,555.3,22.38238656866668,5.8,31.512874528944433,615.4444444444445,
5866,2024-12-01 10:30:00,551.4,21.71594189572222,6.55,31.653435262166667,589.0944444444444,
5867,2024-12-01 11:00:00,537.37,21.043275462444445,7.3,31.91867486133335,548.2611111111111,
5868,2024-12-01 11:30:00,602.47,20.743270477514447,7.449999999999999,32.407181116705175,527.3121387283237,
5869,2024-12-01 12:00:00,517.07,20.52433024527778,7.6,32.61495393122221,512.5111111111111,
5870,2024-12-01 12:30:00,593.3,20.236664285388905,7.5,33.07214105372224,497.3,
5871,2024-12-01 13:00:00,505.47,20.256219737055574,7.4,33.01198887288889,486.1388888888889,
5872,2024-12-01 13:30:00,543.8,20.144386175111116,7.0,33.37711876738889,478.1277777777778,
5873,2024-12-01 14:00:00,517.48,20.58405328344443,6.6,32.382646084055544,485.9277777777778,
5874,2024-12-01 14:30:00,629.07,21.29510888011112,5.699999999999999,30.64595749122221,499.80555555555554,
5875,2024-12-01 15:00:00,1061.31,22.10516332016667,4.8,31.09423255894443,636.6666666666666,
5876,2024-12-01 15:30:00,944.5,22.21071979744445,3.45,30.849613422944447,651.9611111111111,
5877,2024-12-01 16:00:00,946.63,22.57349779388888,2.1,30.832269700444435,663.8388888888888,
5878,2024-12-01 16:30:00,1099.8,22.545052772722247,1.8,31.106190628444477,650.5777777777778,
5879,2024-12-01 17:00:00,362.67,22.695525100949734,1.5,31.070938525698306,726.586592178771,
5880,2024-12-01 17:30:00,567.07,22.91527472605558,1.4,31.566874842944465,830.4444444444445,
5881,2024-12-01 18:00:00,534.8,23.143720309055578,1.3,31.716176234444458,903.1666666666666,
5882,2024-12-01 18:30:00,745.57,23.1767760068889,1.1,32.12821218672223,957.8055555555555,
5883,2024-12-01 19:00:00,529.9,23.29221931027777,0.9,32.633788278722214,1017.9888888888889,
5884,2024-12-01 19:30:00,519.3,23.034663327944436,0.8,31.591929234222203,888.5277777777778,
5885,2024-12-01 20:00:00,538.57,23.219491351899446,0.7,31.37660142720669,860.8770949720671,
5886,2024-12-01 20:30:00,493.27,23.017441770666675,0.55,31.79615116127778,852.7055555555555,
5887,2024-12-01 21:00:00,552.07,23.09649729105556,0.4,31.746332242444442,851.9944444444444,
5888,2024-12-01 21:30:00,510.53,22.73699724416668,0.45,31.301383834499994,774.9222222222222,
5889,2024-12-01 22:00:00,527.2,21.89816416644446,0.5,32.19959200822222,754.8944444444444,
5890,2024-12-01 22:30:00,480.6,21.395553355888897,0.45,32.91481969627777,762.1277777777777,
5891,2024-12-01 23:00:00,461.53,20.994997469833315,0.4,33.37862548794445,768.5666666666667,
5892,2024-12-01 23:30:00,563.57,20.614663431333337,0.4,33.82407182033333,771.7,
5893,2024-12-02 00:00:00,471.63,20.25566343727779,0.4,34.2000812741111,777.3888888888889,
5894,2024-12-02 00:30:00,490.97,19.96783003305555,0.5,34.45039732188889,772.6888888888889,
5895,2024-12-02 01:00:00,520.1,19.7949422941111,0.6,34.46752086194443,767.5666666666667,
5896,2024-12-02 01:30:00,524.87,19.59583132,0.75,34.58483013561111,761.7388888888889,
5897,2024-12-02 02:00:00,843.03,19.697831027055564,0.9,34.80024032605555,788.85,
5898,2024-12-02 02:30:00,475.79,20.702497313000002,0.9,33.5578811435,822.0222222222222,
5899,2024-12-02 03:00:00,634.6,21.313608360555566,0.9,32.81923734811111,823.0166666666667,
5900,2024-12-02 03:30:00,559.0,21.726609039777788,1.0,32.374537998166666,819.9111111111112,
5901,2024-12-02 04:00:00,595.13,21.964927982458107,1.1,32.1625082773743,827.4189944134079,
5902,2024-12-02 04:30:00,579.27,22.129441643388873,1.05,31.983776675277763,825.5777777777778,
5903,2024-12-02 05:00:00,629.37,21.96338640933337,1.0,32.2355289245,822.3944444444444,
5904,2024-12-02 05:30:00,517.17,22.048941452944437,0.95,32.06650810261109,811.9222222222222,
5905,2024-12-02 06:00:00,565.74,21.91844210100001,0.9,32.15327146322222,788.8166666666667,
5906,2024-12-02 06:30:00,532.24,22.335053157777793,0.95,30.662055905777777,731.4777777777778,
5907,2024-12-02 07:00:00,557.1,22.45649719316667,1.0,30.92195307433334,747.3388888888888,
5908,2024-12-02 07:30:00,624.38,22.364019087866666,2.0,31.1964591212,753.84,
5909,2024-12-02 14:00:00,1130.54,18.1138154,9.3,37.62473646373495,901.5060240963855,
5910,2024-12-02 14:30:00,1100.36,19.450947361959475,8.100000000000001,35.215349223445926,811.8040540540541,
5911,2024-12-02 15:00:00,1135.77,21.2012753808889,6.9,33.5284600362222,854.5055555555556,
5912,2024-12-02 15:30:00,955.03,22.238830651277766,5.75,32.49632822716669,856.1222222222223,
5913,2024-12-02 16:00:00,787.58,22.770885901666663,4.6,32.08504763722221,892.7944444444445,
5914,2024-12-02 16:30:00,859.3,22.969164127833338,4.25,32.24435642016665,952.1111111111111,
5915,2024-12-02 17:00:00,765.7,23.194052897611108,3.9,31.007964494111096,907.7944444444445,
5916,2024-12-02 17:30:00,1145.72,23.387885655833326,3.8,31.59899420205556,949.45,
5917,2024-12-02 18:00:00,694.73,23.335553053222238,3.7,33.26085715866666,1037.0,
5918,2024-12-02 18:30:00,630.3,23.16716322366667,3.55,32.10777371711113,965.5,
5919,2024-12-02 19:00:00,627.3,23.404275311333354,3.4,31.98614643961111,982.2277777777778,
5920,2024-12-02 19:30:00,707.93,23.367335817388888,3.35,32.099825636444436,984.9277777777778,
5921,2024-12-02 20:00:00,662.33,23.28633045672225,3.3,32.22645420522221,992.75,
5922,2024-12-02 20:30:00,554.8,23.180274730611103,3.2,30.80000060411111,878.4222222222222,
5923,2024-12-02 21:00:00,562.93,23.326775614111114,3.1,30.792098776499998,876.9,
5924,2024-12-02 21:30:00,588.67,23.3018310228889,2.95,31.008362653833345,902.9722222222222,
5925,2024-12-02 22:00:00,527.07,22.752107895888898,2.8,30.895609558944447,826.1222222222223,
5926,2024-12-02 22:30:00,558.53,21.894997363833337,2.75,31.78938514916667,797.5888888888888,
5927,2024-12-02 23:00:00,531.27,21.26705339227778,2.7,32.59418608327778,805.9277777777778,
5928,2024-12-02 23:30:00,596.87,20.851441945166673,2.75,33.0958548863889,811.9055555555556,
5929,2024-12-03 00:00:00,601.4,20.393831507333324,2.8,33.61855133872222,812.2611111111111,
5930,2024-12-03 00:30:00,571.6,20.079268088156443,2.75,33.95182623374302,808.5307262569833,
5931,2024-12-03 01:00:00,553.83,19.752071306611114,2.7,34.21626707716665,803.0666666666667,
5932,2024-12-03 01:30:00,545.4,19.534830835500014,2.6,34.411723052333336,794.3,
5933,2024-12-03 02:00:00,1483.4,19.349219947333342,2.5,34.880190679777776,802.4888888888889,
5934,2024-12-03 02:30:00,1194.2,19.60783088505556,2.55,34.028330739388885,777.0833333333334,
5935,2024-12-03 03:00:00,610.67,20.496330388444445,2.6,32.9288093776111,761.0166666666667,
5936,2024-12-03 03:30:00,544.87,21.12616411883336,2.6,32.38902488299999,781.4888888888889,
5937,2024-12-03 04:00:00,707.83,21.520108329222236,2.6,32.189409022666666,789.1166666666667,
5938,2024-12-03 04:30:00,621.5,22.38471898000001,3.05,31.38726946538889,789.8111111111111,
5939,2024-12-03 05:00:00,565.8,22.71260863444445,3.5,31.222514808888896,787.7888888888889,
5940,2024-12-03 05:30:00,543.9,22.819164117055546,3.35,31.294962946722215,799.8944444444444,
5941,2024-12-03 06:00:00,753.27,22.555830616388885,3.2,31.467016464222233,811.9277777777778,
5942,2024-12-03 06:30:00,621.53,22.46970452670391,3.25,31.47710040452514,836.5474860335196,
5943,2024-12-03 07:00:00,640.33,22.817088391333336,3.3,30.953350596833314,858.0166666666667,
5944,2024-12-03 07:30:00,601.97,22.794608275000005,3.3,30.93725908049999,858.15,
5945,2024-12-03 08:00:00,559.87,22.828552977000008,3.3,29.399976391,761.3166666666667,
5946,2024-12-03 08:30:00,677.9,22.774998558944453,3.25,28.91364608333333,679.3555555555556,
5947,2024-12-03 09:00:00,576.9,23.03677477350001,3.2,27.92559154266667,617.2555555555556,
5948,2024-12-03 09:30:00,602.57,23.11294154111113,3.35,27.932972971666683,586.5611111111111,
5949,2024-12-03 10:00:00,586.63,23.10466435788891,3.5,28.86808803355558,651.2888888888889,
5950,2024-12-03 10:30:00,567.1,23.5034419268889,3.65,28.56948734894445,624.2111111111111,
5951,2024-12-03 11:00:00,769.55,23.038497553888906,3.8,28.69101611255556,610.4166666666666,
5952,2024-12-03 11:30:00,644.57,21.89194185505557,4.0,30.561628246111134,656.0055555555556,
5953,2024-12-03 12:00:00,720.37,21.540720444357554,4.2,31.10372218329609,668.463687150838,
5954,2024-12-03 12:30:00,583.3,22.214275126999993,3.8,30.24837783194445,690.25,
5955,2024-12-03 13:00:00,565.0,22.603832117999993,3.4,29.836525292222223,671.85,
5956,2024-12-03 13:30:00,669.33,22.857831955111127,3.1,29.820702647888893,685.1166666666667,
5957,2024-12-03 14:00:00,440.03,22.70260974038889,2.8,30.26768892088889,691.9944444444444,
5958,2024-12-03 14:30:00,642.67,22.932887427277773,2.65,30.12507823316666,699.4055555555556,
5959,2024-12-03 15:00:00,658.97,23.259387483166655,2.5,29.894997183500006,726.9388888888889,
5960,2024-12-03 15:30:00,654.6,23.385720836166705,2.35,29.716268433444448,713.8222222222222,
5961,2024-12-03 16:00:00,617.83,23.27549437358823,10.5,29.91690333835295,696.9058823529411,91.67768194319143
5962,2024-12-03 16:30:00,567.47,23.379941410055537,10.20166647772223,30.04315186566665,713.4833333333333,81.84300655800003
5963,2024-12-03 17:00:00,550.23,23.16054220233334,10.0,30.176012113666683,706.65,97.66739035766669
5964,2024-12-03 17:30:00,579.7,23.302997356277785,9.899999619000024,29.493995889333327,681.9333333333333,157.46305185722215
5965,2024-12-03 18:00:00,571.07,23.03349709027777,9.899999619000024,29.496032269777782,656.4444444444445,182.34123552111106
5966,2024-12-03 18:30:00,517.07,23.01083122922223,9.899999619000024,29.749249956666663,653.2111111111111,157.7930436877777
5967,2024-12-03 19:00:00,514.37,22.016330782722243,9.899999619000024,30.71477160983336,617.0,143.02631607055562
5968,2024-12-03 19:30:00,513.03,21.39583050405557,9.899999619000024,31.301783975166686,586.8,129.3205180283334
5969,2024-12-03 20:00:00,626.13,20.938942178333356,9.899999619000024,31.642407894000026,564.35,116.41207822333332
5970,2024-12-03 20:30:00,555.27,20.532173465586588,9.800000190999985,31.96323377715084,543.3631284916202,105.95666819776534
5971,2024-12-03 21:00:00,604.53,20.200107754944437,9.700555366677794,32.166033426833316,524.9166666666666,96.3031260156666
5972,2024-12-03 21:30:00,482.73,19.992947038222212,9.799444633322206,32.30177610183333,511.71666666666664,86.34328943911112
5973,2024-12-03 22:00:00,845.13,20.38572026377778,9.501666667727777,31.622063149777805,549.15,176.16188057300002
5974,2024-12-03 22:30:00,496.23,21.767163499500004,9.600000380999978,30.26232945116667,581.4055555555556,132.2445475727778
5975,2024-12-03 23:00:00,649.57,22.15288635905558,9.600000380999978,29.868883175611117,585.9944444444444,142.3555047355555
5976,2024-12-03 23:30:00,575.3,21.086719269444448,9.600000380999978,30.90328229255555,562.0111111111111,157.98581449666665
5977,2024-12-04 00:00:00,616.8,20.39183020061112,9.600000380999978,31.74391401088889,590.3,138.07863086611104
5978,2024-12-04 00:30:00,548.03,19.95916387794443,9.600000380999978,32.29774414700001,602.3388888888888,122.9710150005556
5979,2024-12-04 01:00:00,605.33,19.60449710427778,9.600000380999978,32.66023957994445,603.4055555555556,110.02857924499997
5980,2024-12-04 01:30:00,568.57,19.357163408833348,9.5,32.94227773866666,606.1333333333333,97.31471625416663
5981,2024-12-04 02:00:00,637.8,19.136107963555556,9.399999619000022,33.079655499055534,603.5444444444445,87.75624228583332
5982,2024-12-04 02:30:00,642.17,18.967052364333316,9.399999619000022,33.24116488577777,607.8944444444444,79.59927118077778
5983,2024-12-04 03:00:00,644.03,18.754128141899468,9.399999619000022,33.551884656368706,614.6312849162011,72.20828008413407
5984,2024-12-04 03:30:00,861.77,18.745609315666673,9.399999619000022,33.9176327602222,634.1944444444445,127.26582120444445
5985,2024-12-04 04:00:00,573.8,20.003830517666678,9.399999619000022,32.76630632561111,673.0444444444445,125.49824032166664
5986,2024-12-04 04:30:00,672.0,21.11016386900002,9.598889265655533,31.847971015111096,696.5222222222222,101.35967547161114
5987,2024-12-04 05:00:00,577.73,21.590775214611117,9.600000380999978,31.2997566536111,704.2666666666667,101.32527987116666
5988,2024-12-04 05:30:00,586.63,21.801831022944434,9.600000380999978,30.621279122611103,657.25,141.8116360533333
5989,2024-12-04 06:00:00,596.37,21.97527515638888,9.600000380999978,30.67996522050002,662.3722222222223,118.87694405388889
5990,2024-12-04 06:30:00,620.37,22.008163685555544,9.798889080944429,30.73695249544446,664.3833333333333,99.42409761205549
5991,2024-12-04 07:00:00,503.5,22.442719025555576,9.899444066622246,30.289476330999985,669.4222222222222,83.63220164011106
5992,2024-12-04 07:30:00,775.6,22.575275537666663,10.19833314227223,30.29806436938888,681.6555555555556,72.72187071894444
5993,2024-12-04 08:00:00,1082.0,22.447441482666665,10.398888509944458,30.521971013888884,633.6055555555556,72.67292586522221
5994,2024-12-04 08:30:00,588.73,22.674302058833323,10.897221842222235,28.830616940444447,504.7388888888889,29.10872631066668
5995,2024-12-04 09:00:00,1025.03,23.098608261055578,11.198333142277786,29.404310894111116,567.1611111111112,50.79925943094443
5996,2024-12-04 09:30:00,2529.3,22.948496956611102,11.39888850994446,30.406121804888887,555.4277777777778,61.455738745833344
5997,2024-12-04 10:00:00,639.7,23.208052550277777,11.399999620000012,31.67908300799998,574.4611111111111,35.960743098500004
5998,2024-12-04 10:30:00,619.47,23.396385743777763,11.598889264666653,32.14398060894446,632.4944444444444,32.11109517444444
5999,2024-12-04 11:00:00,893.87,23.309329923111104,11.600000379999988,33.490186342,707.7055555555555,36.662933678055566
6000,2024-12-04 11:30:00,576.77,23.02166413200002,11.699444257611116,33.918143909,755.5333333333333,41.5888799031111
6001,2024-12-04 12:00:00,524.07,23.34394185850002,11.699999810000007,31.13477615777777,708.3944444444444,126.56187625372216
6002,2024-12-04 12:30:00,634.3,23.37960807022226,11.799444632333328,30.59663835099998,682.3611111111111,160.84553315905566
6003,2024-12-04 13:00:00,545.6,23.270997132611118,11.899444067611125,30.712713686666646,652.0277777777778,142.3392387405556
6004,2024-12-04 13:30:00,556.7,23.285886160666667,11.899999620000015,30.781766848944457,653.0833333333334,120.18740005777781
6005,2024-12-04 14:00:00,1271.48,23.297873086871515,11.699999810000007,30.918608905083776,661.8100558659218,102.6931142534078
6006,2024-12-04 14:30:00,1010.5,23.058150819441348,11.5,31.310632428770955,671.5418994413408,89.29145054329612
6007,2024-12-04 15:00:00,564.45,23.35433127172224,11.20166647772223,30.943473191000002,681.1555555555556,78.14530232777776
6008,2024-12-04 15:30:00,613.0,23.73044134783335,11.001111110055556,30.754017893055547,731.8611111111111,66.3927779728889
6009,2024-12-04 16:00:00,568.38,24.211052905333343,10.801111300055549,30.23848905544445,841.3111111111111,94.18464400116663
6010,2024-12-04 16:30:00,539.37,24.444496705888923,10.601111490055542,29.48311660549999,761.8166666666667,154.28932936388898
6011,2024-12-04 17:00:00,629.94,24.624052620277766,10.600000379999987,29.616223059222225,790.0055555555556,161.23360485777772
6012,2024-12-04 17:30:00,559.4,24.793163607055558,10.500555557666667,29.485895835611114,800.6277777777777,156.53540623944448
6013,2024-12-04 18:00:00,529.24,24.86160831427778,10.40055517766668,29.534103870555565,845.4388888888889,124.56681238666673
6014,2024-12-04 18:30:00,568.2,24.585608863833325,10.399999620000013,28.966071234166666,813.3888888888889,180.83517613166674
6015,2024-12-04 19:00:00,583.03,24.628719796666687,10.399999620000013,28.993361006999997,804.8277777777778,167.63456852888888
6016,2024-12-04 19:30:00,634.73,24.28917175977778,10.300555742388882,29.460600694,829.6055555555556,157.69746254666666
6017,2024-12-04 20:00:00,526.37,23.582118458388894,10.200555367666674,29.814541911833345,781.6222222222223,183.47432945888903
6018,2024-12-04 20:30:00,574.53,23.826608392777786,10.199999810000007,29.907308663111102,825.6888888888889,149.82444229055548
6019,2024-12-04 21:00:00,599.43,23.961608982222227,10.100555932388875,29.933393828166665,855.8166666666667,129.86035160388892
6020,2024-12-04 21:30:00,569.6,23.52433088133333,10.100000379999987,30.573568662333336,871.1222222222223,122.72812550777779
6021,2024-12-04 22:00:00,531.7,23.079886097833352,10.0,30.20433194905554,771.3777777777777,196.12263590277792
6022,2024-12-04 22:30:00,489.13,22.338608498111114,10.09944482233332,31.029657395611107,759.1388888888889,169.82400156555553
6023,2024-12-04 23:00:00,552.27,21.82577619605556,10.100000379999987,31.570939339999992,760.8777777777777,152.8203932022223
6024,2024-12-04 23:30:00,511.03,21.402941534444462,10.0,32.08365478505555,762.1833333333333,138.07335459222222
6025,2024-12-05 00:00:00,540.3,21.10965939843576,9.800000190999985,32.40439774011173,764.3016759776536,125.12822292793291
6026,2024-12-05 00:30:00,601.7,20.743830998777785,9.800000190999985,32.808912340666694,763.5555555555555,113.80315467000008
6027,2024-12-05 01:00:00,590.2,20.504775745999986,9.601111491055534,33.06606956033332,759.8611111111111,103.51151207750004
6028,2024-12-05 01:30:00,604.16,20.18633047727776,9.699444256622238,33.26488906055553,745.6888888888889,93.17528525477779
6029,2024-12-05 02:00:00,737.59,20.064274777333367,9.699999809000015,33.51626885722221,756.1888888888889,101.52780316588887
6030,2024-12-05 02:30:00,889.93,20.638330110055566,9.898888508944468,32.706564458166675,728.5111111111111,146.37377531055557
6031,2024-12-05 03:00:00,524.33,21.394330046000007,10.098889264661098,31.929899978722233,742.5388888888889,122.44292937388884
6032,2024-12-05 03:30:00,614.67,21.82955319105555,10.199444257611118,31.470523654166662,750.3666666666667,105.99213528116667
6033,2024-12-05 04:00:00,605.43,21.977719974166682,10.597778154611099,31.388840272722234,762.1277777777777,92.96715240444443
6034,2024-12-05 04:30:00,589.83,22.137442472388866,10.699444257611118,31.239540163333324,758.4277777777778,82.01503266233334
6035,2024-12-05 05:00:00,554.63,22.112220254777778,10.699999810000007,31.342458036055575,766.2833333333333,72.41587308255556
6036,2024-12-05 05:30:00,606.87,22.122664716277793,10.600555932388875,31.337812275388888,770.7277777777778,64.11985821183329
6037,2024-12-05 06:00:00,549.33,22.34327623600001,10.401110735333345,30.36695162444445,747.1055555555556,122.46072273299997
6038,2024-12-05 06:30:00,607.57,22.508185736277767,10.598889264666655,29.945229551833336,710.6666666666666,120.2581755338888
6039,2024-12-05 07:00:00,721.57,22.422163740888884,10.798889079944438,31.574115329166666,763.3833333333333,98.04785397966667
6040,2024-12-05 07:30:00,603.03,22.48410907372222,11.098333712277764,29.718088658833327,720.2388888888889,152.55443365233336
6041,2024-12-05 08:00:00,617.43,22.5177750592778,11.100000379999987,28.918038368500017,675.2888888888889,91.38281974827777
6042,2024-12-05 08:30:00,660.0,22.115441312166674,11.495555559777777,29.16638214300001,646.8222222222222,132.20649956511113
6043,2024-12-05 09:00:00,582.07,21.325719059833343,11.59944482233332,30.021816529277768,614.2333333333333,108.16487994827777
6044,2024-12-05 09:30:00,660.57,20.617552259555584,11.898332957555569,30.741076501166656,585.2222222222222,94.22786907599996
6045,2024-12-05 10:00:00,639.77,20.27433082844446,11.899999620000015,31.01473797661111,561.5,82.50471373672228
6046,2024-12-05 10:30:00,831.97,19.90266382455553,12.100000379999985,32.666069030611105,573.4055555555556,67.64615673505553
6047,2024-12-05 11:00:00,1291.33,20.309942680222232,12.100000379999985,33.09392776472222,649.7666666666667,60.69739131916666
6048,2024-12-05 11:30:00,563.2,21.86099779344445,12.199999810000007,34.328937636388915,762.6388888888889,53.50242822411111
6049,2024-12-05 12:00:00,606.73,22.15097205759778,12.600000379999985,32.46645714329608,742.2737430167598,44.62202176586594
6050,2024-12-05 12:30:00,1575.33,22.268164740611116,12.600000379999985,30.70159875033334,707.0,110.53904851455556
6051,2024-12-05 13:00:00,755.47,22.503775024833345,12.600000379999985,30.822034369333327,715.0722222222222,83.00328114827781
6052,2024-12-05 13:30:00,604.37,22.491275332055576,12.399999620000015,30.558360915888894,712.9444444444445,107.87040367133328
6053,2024-12-05 14:00:00,567.33,22.051608255388885,12.199999810000007,30.468022420666653,645.2388888888889,132.15629361555563
6054,2024-12-05 14:30:00,635.5,22.52577458505556,11.899999620000015,29.91638846911111,602.6388888888889,109.99638260777775
6055,2024-12-05 15:00:00,596.63,22.944719972111123,11.699999810000007,29.490376684444456,578.3888888888889,92.7610005271111
6056,2024-12-05 15:30:00,910.5,22.569553746166676,11.5,29.18701883955557,582.8888888888889,167.8588593813334
6057,2024-12-05 16:00:00,556.73,21.868163808388896,11.199999810000007,29.997970082722233,622.5055555555556,267.57434243277777
6058,2024-12-05 16:30:00,686.1,22.105441708222234,11.0,29.392723941444476,673.2833333333333,261.05514330944436
6059,2024-12-05 17:00:00,545.8,22.45591557921789,10.800000189999993,29.06525686497207,716.9664804469273,270.6304832765363
6060,2024-12-05 17:30:00,610.67,22.83775377266667,10.700555367666674,29.347108406277787,769.4333333333333,214.84887618722226
6061,2024-12-05 18:00:00,638.47,23.164078458888874,10.600000379999987,29.972931575666653,830.3944444444444,176.4326277866666
6062,2024-12-05 18:30:00,617.23,23.184497737777768,10.5,29.342755243777773,837.8611111111111,252.02319446666672
6063,2024-12-05 19:00:00,526.6,23.057330756444436,10.399999620000013,29.672880088222225,845.8555555555556,222.5276568955555
6064,2024-12-05 19:30:00,648.43,22.700608391277786,10.399999620000013,30.2870661845,877.8055555555555,196.34071528444434
6065,2024-12-05 20:00:00,531.74,22.958552710333343,10.199999810000007,28.99453918677779,847.2444444444444,215.95348578333326
6066,2024-12-05 20:30:00,702.03,22.629775280833336,10.199999810000007,29.650369389499993,862.3,180.98466398333343
6067,2024-12-05 21:00:00,517.24,22.758775096944458,10.199999810000007,29.77627310244444,891.1388888888889,158.26748428333335
6068,2024-12-05 21:30:00,630.48,22.811719587055567,10.5,29.846146785055545,904.7833333333333,139.85119726611111
6069,2024-12-05 22:00:00,529.1,22.243220107222236,10.600000379999987,29.268457953499997,802.8722222222223,209.2898340022223
6070,2024-12-05 22:30:00,577.6,21.349547370614516,10.600000379999987,30.32243855458101,784.2234636871508,181.0827521625698
6071,2024-12-05 23:00:00,489.77,20.863702806611112,10.500555557666667,31.03668710905553,793.7444444444444,162.61311560666675
6072,2024-12-05 23:30:00,604.23,20.453997781944445,10.399999620000013,31.482118892777766,798.1166666666667,147.068727625
6073,2024-12-06 00:00:00,608.74,20.140164768000005,10.399999620000013,31.79728766538889,795.05,131.62749057277773
6074,2024-12-06 00:30:00,756.66,19.78899787272222,10.399999620000013,32.58600307022221,786.3888888888889,114.838065
6075,2024-12-06 01:00:00,547.93,19.527886136333347,10.399999620000013,32.63149488244446,785.6888888888889,104.48011644072227
6076,2024-12-06 01:30:00,624.68,19.22716311438892,10.399999620000013,32.78822487727777,782.7833333333333,94.82688073094448
6077,2024-12-06 02:00:00,562.24,18.999719216722223,10.199999810000007,32.97707390261111,783.5,85.81560745205556
6078,2024-12-06 02:30:00,634.4,18.73955228577776,10.100000379999987,33.17661056533332,779.2166666666667,77.7890290577778
6079,2024-12-06 03:00:00,667.9,18.568053373111105,10.100000379999987,33.281080987833356,771.9888888888889,71.36219562938884
6080,2024-12-06 03:30:00,616.3,18.381670094245795,9.899999619000024,33.36957754664805,761.2178770949721,64.73218195357542
6081,2024-12-06 04:00:00,697.5,18.391220845388887,10.19833314227223,33.56166119033333,768.3777777777777,60.100192345722206
6082,2024-12-06 04:30:00,1190.8,19.869509241000006,10.001111110055556,32.89272020133333,819.3611111111111,93.21674662805552
6083,2024-12-06 05:00:00,1243.3,20.503651640111126,9.800000190999985,32.46846277438887,808.2111111111111,84.89082552616667
6084,2024-12-06 05:30:00,591.67,21.471497175277786,9.699999809000015,30.73923956577777,779.1055555555556,129.00854157461112
6085,2024-12-06 06:00:00,632.53,21.774052768499992,9.800000190999985,30.696042272722227,753.2777777777778,108.48515133333335
6086,2024-12-06 06:30:00,562.57,21.934442286888896,9.899999619000024,30.550534438833317,771.1,92.77198787300001
6087,2024-12-06 07:00:00,593.73,22.06066413505556,10.100000379999987,30.36855704011111,782.5055555555556,81.04612604799996
6088,2024-12-06 07:30:00,619.13,21.93944154344445,10.399999620000013,30.76791123294445,828.6222222222223,71.01303581649998
6089,2024-12-06 08:00:00,774.67,22.16671986044445,10.600000379999987,29.712685701333324,802.0111111111111,92.91480231833334
6090,2024-12-06 08:30:00,554.84,21.239324069162013,10.899999620000013,28.4581236068715,637.463687150838,95.05704289340778
6091,2024-12-06 09:00:00,586.0,20.243775209000006,11.098889264666653,28.493678177722217,535.1666666666666,61.49828944722223
6092,2024-12-06 09:30:00,577.58,19.611774508166675,11.199444257611118,28.80432301638891,481.60555555555555,45.819492509722224
6093,2024-12-06 10:00:00,995.93,19.234648100777783,10.901666287722236,29.949685022722235,511.2388888888889,59.14855029716666
6094,2024-12-06 10:30:00,744.93,19.891441674055564,10.899999620000013,29.198023721722226,512.7222222222222,150.74279602999988
6095,2024-12-06 11:00:00,543.9,21.03177501916669,10.899999620000013,29.058640671055556,633.25,107.22664849855558
6096,2024-12-06 11:30:00,622.13,21.674997054333343,11.0,28.53642290944446,624.5388888888889,89.15532578372228
6097,2024-12-06 12:00:00,625.37,21.875552442500016,10.899999620000013,28.427227952611126,586.4666666666667,75.32157524944448
6098,2024-12-06 12:30:00,677.06,22.044127927877103,10.899999620000013,28.320850766256978,551.8212290502794,64.75700011815643
6099,2024-12-06 13:00:00,576.62,22.07316350961112,10.899999620000013,28.461236010833357,553.0333333333333,54.26749820755558
6100,2024-12-06 13:30:00,511.3,22.378164079555567,10.899999620000013,28.003118547166675,605.6888888888889,115.2764471491666
6101,2024-12-06 14:00:00,821.97,22.731386312444457,10.899999620000013,27.867482237999987,658.2833333333333,118.65958540388888
6102,2024-12-06 14:30:00,1276.17,22.71221903733334,10.800555742388882,29.351250605777775,728.3277777777778,143.70095252799993
6103,2024-12-06 15:00:00,1090.2,22.49805409188892,10.601111490055542,28.58313790400002,653.8888888888889,155.43274349944437
6104,2024-12-06 15:30:00,553.17,22.782661756166682,10.401110735333345,27.96965309761111,661.3166666666667,84.94745975055564
6105,2024-12-06 16:00:00,636.57,23.226275582222225,10.399999620000013,27.566078514833322,614.8222222222222,71.26789198966665
6106,2024-12-06 16:30:00,611.43,23.094943608000015,10.399999620000013,27.768570412722212,577.5444444444445,60.569628122055576
6107,2024-12-06 17:00:00,907.77,22.703219890777767,10.300000189999993,28.168766837444437,585.7111111111111,91.31871522344443
6108,2024-12-06 17:30:00,656.93,22.736027137262578,10.199999810000007,28.690589734357545,636.0837988826815,120.63831316648046
6109,2024-12-06 18:00:00,647.23,22.544163947888894,10.100555932388875,29.804043727722217,700.7166666666667,100.33012733205562
6110,2024-12-06 18:30:00,553.79,22.315330304333337,10.100000379999987,29.591701327277775,727.6888888888889,147.90805964966668
6111,2024-12-06 19:00:00,589.83,22.50188708838889,10.100000379999987,29.000130844111112,748.2944444444445,137.78709352388884
6112,2024-12-06 19:30:00,623.43,22.5824973843889,10.100000379999987,29.005635282722213,777.9388888888889,118.90280121166664
6113,2024-12-06 20:00:00,661.71,22.467719724833334,10.100000379999987,28.36740625205556,764.7444444444444,162.49749755666667
6114,2024-12-06 20:30:00,597.9,22.266109434722217,10.100000379999987,28.64291762277777,768.7055555555555,154.09339158722227
6115,2024-12-06 21:00:00,582.27,22.312442483111116,10.000555557666667,28.485911814222213,775.6277777777777,156.75995390055556
6116,2024-12-06 21:30:00,571.06,21.52144162955556,10.100000379999987,28.547191248944454,701.15,174.903059305
6117,2024-12-06 22:00:00,559.83,20.78710911050002,9.899999619000024,29.623552513277765,717.1388888888889,151.95012258166662
6118,2024-12-06 22:30:00,568.8,20.326720036666664,9.899999619000024,30.179639307555544,726.4722222222222,135.93348049833338
6119,2024-12-06 23:00:00,601.9,19.951552137166672,10.0,30.587399175444453,732.0,121.76610027166672
6120,2024-12-06 23:30:00,609.47,19.587608253055556,10.100000379999987,30.915244981777803,731.8888888888889,108.8649129252222
6121,2024-12-07 00:00:00,621.37,19.253275352222207,10.100000379999987,31.26510224872224,729.4388888888889,97.60333379188883
6122,2024-12-07 00:30:00,655.63,18.96255262172224,10.399999620000013,31.502861319500006,731.9611111111111,87.28577562972222
6123,2024-12-07 01:00:00,716.57,18.701441765000013,10.600000379999987,31.76647683250001,732.1333333333333,78.43831867649996
6124,2024-12-07 01:30:00,855.83,18.722997453444457,10.800000189999993,32.07603955816668,768.4111111111112,114.95368548544444
6125,2024-12-07 02:00:00,1136.2,19.25327485383334,10.899999620000013,30.971530500833342,738.6,163.1338857877778
6126,2024-12-07 02:30:00,1198.83,20.014022464972065,10.899999620000013,30.30763274480447,754.4972067039106,136.43252486536304
6127,2024-12-07 03:00:00,640.37,20.717892127833338,10.899999620000013,29.650147967666676,758.6111111111111,117.17820828888897
6128,2024-12-07 03:30:00,693.9,21.096275064722214,10.899999620000013,29.350061702611114,759.4833333333333,101.74649298177772
6129,2024-12-07 04:00:00,612.06,21.36586073150839,11.600000379999988,29.123603927262558,763.195530726257,89.01995159145253
6130,2024-12-07 04:30:00,665.63,21.392385673722227,11.500555557666667,29.199450397555573,765.4333333333333,77.75187132077782
6131,2024-12-07 05:00:00,732.03,21.35488629866667,11.40055517766668,29.281946224722205,772.6166666666667,70.05320788522222
6132,2024-12-07 05:30:00,603.73,21.398220380277774,11.399999620000012,28.384478272222207,727.7277777777778,124.29408620111111
6133,2024-12-07 06:00:00,654.14,21.692053243777767,11.399999620000012,28.357638454722217,729.95,104.03026894811113
6134,2024-12-07 06:30:00,842.87,21.78560789983334,11.698333142277784,28.526487954499995,747.1055555555556,90.46551789244442
6135,2024-12-07 07:00:00,562.07,21.525942007666682,12.097778154611097,27.55647329744446,712.8111111111111,151.6979011955555
6136,2024-12-07 07:30:00,612.6,22.231497149277775,12.100000379999985,27.165906779111108,715.8666666666667,101.21963386650002
6137,2024-12-07 08:00:00,513.9,21.91037277688889,12.100000379999985,27.355004024666663,678.95,70.86620470655556
6138,2024-12-07 08:30:00,606.07,20.60803905692739,11.899999620000015,27.098428204189954,572.8100558659218,54.5283832020112
6139,2024-12-07 09:00:00,735.03,19.61783031883334,11.800555742388884,27.19355468727777,498.77222222222224,46.30735882644443
6140,2024-12-07 09:30:00,763.3,19.060942194111096,11.60111149005554,29.168914646555564,548.6555555555556,41.922142368333354
6141,2024-12-07 10:00:00,606.57,18.708496666000006,11.102778157777765,30.05163532883332,602.5222222222222,37.494424237166676
6142,2024-12-07 10:30:00,826.4,18.582052813999994,10.901110735333347,31.032852427222227,609.6,115.27739002394446
6143,2024-12-07 11:00:00,1120.5,19.82710940038889,10.800555742388882,30.301998466777793,643.0777777777778,126.20715404516666
6144,2024-12-07 11:30:00,777.5,20.936386056000003,10.601111490055542,31.733766714611097,679.8888888888889,77.52328186027778
6145,2024-12-07 12:00:00,1191.13,21.119941690111123,10.301666857722214,29.559125571499983,663.8388888888888,93.65706443905549
6146,2024-12-07 12:30:00,1153.3,20.15755265577777,10.399444067611125,30.989445983277772,595.8611111111111,82.56330290883339
6147,2024-12-07 13:00:00,1867.63,20.2931081138889,10.499444442333333,30.878686502166673,593.0888888888888,140.33252771261112
6148,2024-12-07 13:30:00,626.23,21.357942708333365,10.40055517766668,29.544043625722235,618.9222222222222,94.16458320716666
6149,2024-12-07 14:00:00,654.2,21.769357268055558,10.100000379999987,29.226819726888873,649.0,76.31015692794449
6150,2024-12-07 14:30:00,1282.7,22.175860538268175,9.899999619000024,29.49051825016762,680.586592178771,115.34036378301674
6151,2024-12-07 15:00:00,1221.37,22.388775316888882,9.701110919055571,35.41643206294446,741.5888888888888,132.14938985999996
6152,2024-12-07 15:30:00,876.2,22.341386603777792,9.600555933377754,36.667986085611126,825.25,144.8347972883333
6153,2024-12-07 16:00:00,694.37,21.942720371055557,9.500555557672222,33.878491401722236,755.0444444444445,155.28241576944453
6154,2024-12-07 16:30:00,676.4,22.287886143222256,9.400555176672244,32.124726846611146,718.4277777777778,131.29610421944443
6155,2024-12-07 17:00:00,615.1,22.312719270444425,9.201110919055571,31.67735392266666,711.1055555555556,168.25188539277778
6156,2024-12-07 17:30:00,657.47,22.293609196,9.100555933377755,31.169713613833355,710.7444444444444,166.39674182500008
6157,2024-12-07 18:00:00,569.94,22.37316394438888,8.901110734344467,30.890125761944436,708.8388888888888,137.7008149444445
6158,2024-12-07 18:30:00,626.0,22.073941241222215,8.601667043433311,30.994049019055552,670.3388888888888,118.59655164111112
6159,2024-12-07 19:00:00,542.37,22.279346721899454,8.40111694169276,30.473009546424574,640.9217877094972,104.13982105826815
6160,2024-12-07 19:30:00,653.0,22.365774854055527,8.20111091905557,30.14974435155554,616.6055555555556,91.40202445983336
6161,2024-12-07 20:00:00,506.28,22.235275406666666,8.100555933377755,30.140859847333328,593.2666666666667,81.03496314161106
6162,2024-12-07 20:30:00,671.87,22.323720200500002,7.801666858722208,29.85223995833332,570.5611111111111,72.60636113483334
6163,2024-12-07 21:00:00,559.37,22.256553702888915,7.700555366677792,29.78043800949999,553.8,64.62039091338893
6164,2024-12-07 21:30:00,713.17,22.40388641355555,7.4016667600777755,29.40739971777779,532.6222222222223,57.729290707611106
6165,2024-12-07 22:00:00,573.5,22.228220336166657,7.400000094999997,29.133783605555543,548.4888888888889,119.90095121833335
6166,2024-12-07 22:30:00,671.77,22.072497802555564,7.300555746022209,29.559690051500002,588.5111111111111,103.75815844738884
6167,2024-12-07 23:00:00,602.3,22.24455241105557,7.200555366677792,29.043637381666667,587.0111111111111,141.76987754033337
6168,2024-12-07 23:30:00,599.13,21.665386274555562,7.199999809000014,29.78192369649999,585.5,118.51747139888889
6169,2024-12-08 00:00:00,559.37,20.839720185888897,7.398888982299997,30.800000731111105,600.2944444444445,104.01890004822226
6170,2024-12-08 00:30:00,582.1,20.27444163427778,7.300555746022209,31.517231114888894,613.3277777777778,91.51285502100001
6171,2024-12-08 01:00:00,554.73,19.90809453430169,7.199999809000014,32.015481469162005,628.8547486033519,80.8574955688268
6172,2024-12-08 01:30:00,586.27,19.451108465999994,7.099999905000003,32.58127894944444,625.7777777777778,70.84295811144449
6173,2024-12-08 02:00:00,609.07,19.200441678722214,6.800000190999986,32.9313522763889,632.6611111111112,62.055418014555535
6174,2024-12-08 02:30:00,855.53,19.156163437888893,6.599999905000003,33.82218367238889,635.5333333333333,103.14838299055553
6175,2024-12-08 03:00:00,672.03,20.1306084255866,6.400000094999997,32.48655391670391,637.4692737430167,102.61260385245812
6176,2024-12-08 03:30:00,640.2,20.813329908777785,5.902777872777775,31.678308338277784,643.7111111111111,85.12116711894443
6177,2024-12-08 04:00:00,687.8,21.362386216166684,5.601666572722226,31.110855759277758,646.1166666666667,72.15243890544447
6178,2024-12-08 04:30:00,608.57,21.68566384877777,5.301666856077765,30.864076243500016,657.6444444444444,61.7456172306111
6179,2024-12-08 05:00:00,681.06,21.76177545111112,5.20055536667779,30.889914787611097,656.6944444444445,53.389427079555574
6180,2024-12-08 05:30:00,703.14,21.88149754233335,5.199999809000013,30.895374446388896,658.5722222222222,71.07939228505553
6181,2024-12-08 06:00:00,541.17,21.983362049388884,4.802222411099988,30.70350246405555,621.5722222222222,106.84430851549999
6182,2024-12-08 06:30:00,509.07,22.08327584827777,5.396666762199996,30.63509350872223,631.45,87.17967762427774
6183,2024-12-08 07:00:00,629.37,22.304966260614535,6.099999905000003,30.428731641396645,644.6927374301677,73.9204307000559
6184,2024-12-08 07:30:00,628.97,22.49210871700001,6.49777777725,30.426895692777787,678.55,60.679383892111105
6185,2024-12-08 08:00:00,1192.2,22.092830721555554,6.798333523272208,30.077037270888876,629.1,35.47734763944446
6186,2024-12-08 08:30:00,1101.93,22.405998664444443,8.0927781577222,30.131990729555547,674.0722222222222,22.67169299644446
6187,2024-12-08 09:00:00,1155.33,22.308497556611123,9.392777401011132,30.587962245999996,719.5777777777778,18.02940218177778
6188,2024-12-08 09:30:00,1950.4,22.02777576483334,10.09611148688332,29.849644894222234,609.8722222222223,57.24271561377774
6189,2024-12-08 10:00:00,1452.63,21.660220209888877,9.80166685871665,26.952798599888876,422.6611111111111,13.000003380188895
6190,2024-12-08 10:30:00,752.07,21.97033117083334,10.09833371228332,30.799552589055565,436.53333333333336,7.320380404266665
6191,2024-12-08 11:00:00,976.2,22.506163554944486,10.298889079944438,31.0528252815,559.1,7.199428648416665
6192,2024-12-08 11:30:00,714.13,22.48910846683332,10.797222412222215,32.76385845605555,663.6833333333333,6.1824734952666685
6193,2024-12-08 12:00:00,1518.6,22.271441237888904,11.100000379999987,30.752222654611113,646.3722222222223,46.484870232716666
6194,2024-12-08 12:30:00,754.2,22.135330709611125,11.199999810000007,29.560120115944446,594.9111111111112,67.21907253266666
6195,2024-12-08 13:00:00,628.2,22.250941106499983,11.199999810000007,29.704420291000005,613.1555555555556,52.25843450822223
6196,2024-12-08 13:30:00,501.5,22.259219371277794,11.199999810000007,29.823267311388896,639.0777777777778,42.79031333922224
6197,2024-12-08 14:00:00,541.3,22.547719224277788,11.300000189999993,29.538640435499985,667.3944444444444,35.65499562127778
6198,2024-12-08 14:30:00,672.13,22.544108411777792,11.0,29.556628619166677,676.1722222222222,28.66672982144444
6199,2024-12-08 15:00:00,693.23,22.468107891166678,10.600000379999987,29.661254861777792,696.3555555555556,73.01351846033332
6200,2024-12-08 15:30:00,1467.87,22.567720381500017,10.5,31.117192003333315,773.2611111111111,64.73278056216668
6201,2024-12-08 16:00:00,587.58,22.562163703000007,10.399999620000013,33.004362986166676,778.7888888888889,87.02632458983332
6202,2024-12-08 16:30:00,564.57,22.707220437999993,10.399999620000013,31.26202089505555,717.3722222222223,80.7259832173889
6203,2024-12-08 17:00:00,616.2,22.839186508611107,10.399999620000013,30.580967034333355,664.9333333333333,66.72028206733333
6204,2024-12-08 17:30:00,591.03,22.606697561229055,10.597765734636857,30.97607285486036,704.8156424581006,55.85609864396648
6205,2024-12-08 18:00:00,799.47,22.23171952600001,11.097222602222208,31.76037048744443,690.1833333333333,117.49593734766675
6206,2024-12-08 18:30:00,612.5,22.534109645166712,11.298889079944438,31.358640924666673,746.2111111111111,89.47315389855558
6207,2024-12-08 19:00:00,581.57,22.481998284722234,11.399444067611125,30.96088606511111,761.0444444444445,130.0142587884445
6208,2024-12-08 19:30:00,572.84,22.4851644728889,10.50499999788889,30.810846370888896,753.1111111111111,126.83768522222228
6209,2024-12-08 20:00:00,638.63,22.583997662944437,9.505555555555556,30.67842387100001,767.7777777777778,110.94951748088893
6210,2024-12-08 20:30:00,544.48,22.448053085000016,9.102222601105533,30.482600042166638,731.1388888888889,151.39147969944452
6211,2024-12-08 21:00:00,656.83,22.412386597777804,9.100000380999978,30.577358288111114,720.4055555555556,118.7515826327778
6212,2024-12-08 21:30:00,550.03,22.385941081722226,8.602778158777756,30.397915977611124,701.5055555555556,132.65036744233333
6213,2024-12-08 22:00:00,647.33,22.361163838722238,8.102778158777756,30.27126996777776,688.2611111111111,134.04041696722214
6214,2024-12-08 22:30:00,579.8,22.483284763966488,8.597207084910591,30.28519853156425,698.5418994413408,114.07614515307256
6215,2024-12-08 23:00:00,603.23,21.774230088666677,9.19666647884446,31.132219081777787,694.0166666666667,102.1859156316111
6216,2024-12-08 23:30:00,482.6,21.110664484166666,9.597778155599977,31.72898185522223,685.1222222222223,91.99972830883331
6217,2024-12-09 00:00:00,557.7,20.64249735999999,10.296111302172214,32.10048679805556,692.6,82.84589665761112
6218,2024-12-09 00:30:00,494.97,20.246552128499992,10.001666667722223,32.32045042266667,682.5888888888888,73.60128385766669
6219,2024-12-09 01:00:00,590.6,19.949219396277766,9.602222601105533,32.53695553683332,681.9333333333333,66.32353657594444
6220,2024-12-09 01:30:00,480.97,19.590719128222226,9.600000380999978,32.84920762383334,674.0444444444445,59.05690070244442
6221,2024-12-09 02:00:00,701.17,19.315386294999996,9.699444256622238,33.09680508499998,676.5333333333333,53.451317808555544
6222,2024-12-09 02:30:00,990.93,19.148052470222215,9.799444633322206,33.388353580388895,686.4444444444445,47.95815230488887
6223,2024-12-09 03:00:00,1922.83,19.85621889983333,9.899444066622246,34.77869728916668,735.1055555555556,92.4824859622778
6224,2024-12-09 03:30:00,829.43,20.71955251755555,9.800000190999985,34.88916729822223,695.1888888888889,120.84572435927782
6225,2024-12-09 04:00:00,704.32,21.604392035921794,9.899999619000024,32.362532898044684,655.8603351955308,134.61011014860333
6226,2024-12-09 04:30:00,583.9,22.20849789522223,9.800555743377762,31.59763438994446,667.2166666666667,109.33186090461113
6227,2024-12-09 05:00:00,605.0,22.527664544666667,9.800000190999985,31.27905635838887,679.3444444444444,91.90899904066671
6228,2024-12-09 05:30:00,593.5,22.264608542222216,9.800000190999985,31.674164718833335,699.6277777777777,79.85852309294444
6229,2024-12-09 06:00:00,573.6,21.970498943444458,9.601111491055534,31.85356698572223,702.2333333333333,70.1056021371667
6230,2024-12-09 06:30:00,557.29,22.120719443777787,9.89833295656669,31.458733431444468,717.0166666666667,62.38312449983337
6231,2024-12-09 07:00:00,496.86,22.189330599444453,10.098889264661098,31.60127465966666,739.1888888888889,52.4659104027222
6232,2024-12-09 07:30:00,858.57,22.27988724238889,10.597222602222208,31.152595869666676,721.3777777777777,94.87100868694449
6233,2024-12-09 08:00:00,1066.8,22.95855247711114,11.097222602222208,29.584656726000013,642.3777777777777,109.42775171211116
6234,2024-12-09 08:30:00,570.1,23.1604975702222,11.899999620000015,29.25842510877779,620.7277777777778,64.46272688988891
6235,2024-12-09 09:00:00,547.5,23.039609019166658,12.5,28.547014204444455,547.8444444444444,36.06334210516668
6236,2024-12-09 09:30:00,588.67,22.574800065307276,13.100000379999985,28.568993520000003,563.1117318435754,73.75926050821232
6237,2024-12-09 10:00:00,607.37,22.48391360300005,13.398332957555569,29.187335406499987,599.8222222222222,59.987634531611114
6238,2024-12-09 10:30:00,522.1,22.262164571444455,13.598889264666653,29.58841074855554,575.5111111111111,50.939732339611126
6239,2024-12-09 11:00:00,732.3,22.250997713444473,13.898332957555569,29.892898209777798,573.7888888888889,43.31045898866665
6240,2024-12-09 11:30:00,768.03,22.500053268166663,14.098889264666653,31.202285152,665.8166666666667,37.30880523227777
6241,2024-12-09 12:00:00,571.87,22.92633087388891,14.298889079944438,31.037130112333344,720.7333333333333,31.82771479288888
6242,2024-12-09 12:30:00,1152.07,22.868385918833347,14.200555367666672,31.063707574166685,739.3944444444444,71.83968238894447
6243,2024-12-09 13:00:00,1142.23,22.5746636918889,14.100555932388875,30.52704711516667,704.4944444444444,128.9667384228333
6244,2024-12-09 13:30:00,503.83,22.333052519333332,14.100000379999985,31.02204321738888,725.4277777777778,110.50015585472222
6245,2024-12-09 14:00:00,634.8,22.447443241611108,14.000555557666667,29.999682786722225,701.8888888888889,116.49844813883331
6246,2024-12-09 14:30:00,672.1,22.7325527193889,13.699999810000007,30.343790107611106,760.55,91.58677355344446
6247,2024-12-09 15:00:00,706.43,22.843366964078225,13.399999620000015,30.64313873648046,820.2290502793296,80.29423612469274
6248,2024-12-09 15:30:00,673.93,22.66460893483335,12.80333352016666,30.40732233277777,787.1888888888889,129.44575911500002
6249,2024-12-09 16:00:00,588.63,22.70305254244446,12.402221845388903,30.434128601944476,742.4444444444445,102.68732918522221
6250,2024-12-09 16:30:00,723.37,22.640719699666644,12.598889264666653,30.647516673888898,752.4055555555556,101.94335950211112
6251,2024-12-09 17:00:00,559.3,22.575664626666665,12.798889079944438,30.385703955777778,775.9222222222222,167.05031670055558
6252,2024-12-09 17:30:00,981.1,22.463331307277777,12.501666667722223,30.963261126999992,821.5222222222222,136.67170439666666
6253,2024-12-09 18:00:00,624.19,22.85066408599999,12.399999620000015,32.400253603222225,868.7611111111111,119.37033322944438
6254,2024-12-09 18:30:00,559.14,23.06333216572223,12.199999810000007,30.688365395722194,831.4388888888889,209.88284381888872
6255,2024-12-09 19:00:00,578.6,23.293441698166664,12.0,30.39263433872223,843.9055555555556,179.20828340333338
6256,2024-12-09 19:30:00,546.97,23.238997544388916,11.899999620000015,30.52579539605558,868.55,154.42052434166663
6257,2024-12-09 20:00:00,555.5,22.92821915977781,11.899999620000015,30.509775606888887,864.3555555555556,173.36770163611098
6258,2024-12-09 20:30:00,541.5,22.835849804748623,11.899999620000015,30.40753788681563,821.2067039106146,164.766168350838
6259,2024-12-09 21:00:00,632.73,22.70676129644447,11.899999620000015,30.685170576499992,818.25,141.23127983944445
6260,2024-12-09 21:30:00,521.27,22.53110918494447,11.800555742388884,30.814687220222236,806.8666666666667,138.87935935000002
6261,2024-12-09 22:00:00,500.47,22.021387047722225,11.203333145444452,30.559030490388892,724.4166666666666,180.5844527405556
6262,2024-12-09 22:30:00,504.23,21.38888583722223,11.199999810000007,31.45332452983334,733.3222222222222,154.45078082666672
6263,2024-12-09 23:00:00,491.13,20.95666455188889,11.199999810000007,31.90617267805555,741.4666666666667,137.02540401944447
6264,2024-12-09 23:30:00,464.53,20.578219053666675,11.199999810000007,32.233946227944436,738.0055555555556,120.9334232744445
6265,2024-12-10 00:00:00,530.77,20.23249723683336,10.800000189999993,32.62207953138888,745.8944444444444,107.6468282950555
6266,2024-12-10 00:30:00,570.13,19.961386278222225,10.600000379999987,32.93021994683335,750.7944444444445,96.46147973955559
6267,2024-12-10 01:00:00,547.9,19.801163588777804,10.600000379999987,33.05180473316667,750.4611111111111,86.43044696383338
6268,2024-12-10 01:30:00,585.23,19.59705230933335,10.800000189999993,33.15725760972222,748.2388888888889,77.29984054561113
6269,2024-12-10 02:00:00,609.67,19.505030893575437,11.100000379999987,33.382647167932944,746.391061452514,69.43579233720666
6270,2024-12-10 02:30:00,750.4,19.53055288555556,10.801666857722214,33.63078138572222,760.6777777777778,128.90738305116662
6271,2024-12-10 03:00:00,538.17,20.63677527144446,10.402221845388901,32.29681665622223,758.4388888888889,120.57559055277781
6272,2024-12-10 03:30:00,547.73,21.45583194099999,9.902777396783357,31.741171963888874,777.3222222222222,100.15713259533338
6273,2024-12-10 04:00:00,604.57,21.532997343500007,8.899999619000022,31.602743445888862,769.0388888888889,86.7834909231111
6274,2024-12-10 04:30:00,631.57,22.001441616833336,8.800555743377762,30.94888971111112,765.5333333333333,76.42174072238885
6275,2024-12-10 05:00:00,534.23,22.040497726555586,8.601111491055534,30.9958964876111,766.6944444444445,66.68658623116666
6276,2024-12-10 05:30:00,554.73,22.084440708611126,8.399999619000022,30.983322906388906,763.8444444444444,57.555527835555566
6277,2024-12-10 06:00:00,607.73,22.143774975777795,8.300000190999985,30.942495261166666,758.6777777777778,50.75005039650003
6278,2024-12-10 06:30:00,508.7,22.191331355166675,8.600000380999978,30.91822749250002,764.5277777777778,44.84488425788889
6279,2024-12-10 07:00:00,605.63,22.24312359284916,8.800000190999985,30.469619346145272,743.8212290502794,80.92198916324024
6280,2024-12-10 07:30:00,567.4,22.706487091061447,9.694971878173199,29.930448958212295,722.6927374301677,92.39045378698324
6281,2024-12-10 08:00:00,588.4,22.98095146788887,10.495555554494445,30.139162413111112,819.6777777777778,67.78623205822215
6282,2024-12-10 08:30:00,683.1,22.49277496327779,11.295555744499993,30.87404842377779,828.4277777777778,48.15444689877779
6283,2024-12-10 09:00:00,685.03,22.57199713388889,11.896666289833348,30.417047818500013,777.8222222222222,30.74949346138887
6284,2024-12-10 09:30:00,588.93,22.27627594261112,12.198333142277784,30.007359091222206,686.9611111111111,63.21583461883335
6285,2024-12-10 10:00:00,614.73,21.579219362500005,12.39888850994446,30.05171940099997,579.7666666666667,77.4634911855
6286,2024-12-10 10:30:00,442.5,20.979664463722234,12.797777964611106,30.71778975566666,566.2166666666667,66.85292875488891
6287,2024-12-10 11:00:00,1165.43,20.938775338111125,13.098333712277764,31.89930727233333,621.8888888888889,57.50105069472226
6288,2024-12-10 11:30:00,612.3,21.62521962083332,13.399999620000015,32.68544066755556,684.3944444444444,48.665250778388895
6289,2024-12-10 12:00:00,583.7,22.32277484522226,13.600000379999985,31.193213166277772,761.3166666666667,36.95288213066665
6290,2024-12-10 12:30:00,1738.63,22.429607931999996,13.898332957555569,30.849330584333334,746.3333333333334,80.08298763633336
6291,2024-12-10 13:00:00,519.63,22.508095278156436,13.899999620000015,30.855816963351934,766.0837988826815,76.12398520502795
6292,2024-12-10 13:30:00,588.7,22.34405298250001,13.800555742388884,30.567171594833322,684.9611111111111,141.9254009266667
6293,2024-12-10 14:00:00,492.47,22.437053521111118,13.60111149005554,30.833014732444457,697.1388888888889,107.15062455122221
6294,2024-12-10 14:30:00,541.9,21.661330742555563,12.903888513111125,31.47587244238889,645.1611111111112,95.10358339838886
6295,2024-12-10 15:00:00,427.63,21.146997590111106,12.30333352016666,32.021631918888886,615.1444444444444,85.22963468822219
6296,2024-12-10 15:30:00,778.07,21.526386388166678,11.70333314544445,30.996433459666676,603.6777777777778,137.89050996555554
6297,2024-12-10 16:00:00,521.1,22.341608767666667,11.600555932388875,30.458959940000017,636.4833333333333,105.96937857905557
6298,2024-12-10 16:30:00,649.47,22.425109418833305,11.202222035388896,30.409732521944434,603.7666666666667,91.90860739827778
6299,2024-12-10 17:00:00,491.47,22.552386559777787,10.901666287722236,30.230916606333324,581.7388888888889,80.209251912
6300,2024-12-10 17:30:00,1184.03,22.349885919388907,10.800555742388882,31.50077821955556,629.1666666666666,128.88636686555552
6301,2024-12-10 18:00:00,542.9,22.774053584777775,10.402221845388901,32.81130305394444,714.5555555555555,146.31357015277774
6302,2024-12-10 18:30:00,529.93,23.049458477932983,10.101676353407811,30.941454327821226,693.68156424581,188.59944199832412
6303,2024-12-10 19:00:00,592.1,23.188884703333336,9.901110734338912,30.537108326388907,708.8722222222223,161.86912468833336
6304,2024-12-10 19:30:00,595.97,23.050608508111104,9.600000380999978,30.744909784277773,728.7277777777778,138.7962134883334
6305,2024-12-10 20:00:00,881.1,22.906386629833353,9.399999619000022,30.867549250111107,738.6555555555556,133.24133339111117
6306,2024-12-10 20:30:00,1335.97,22.78060837877779,9.100000380999978,30.16012654849998,681.3,166.85601264555555
6307,2024-12-10 21:00:00,606.23,22.810497792555537,8.800000190999985,30.606124114833346,704.5333333333333,135.89782215055556
6308,2024-12-10 21:30:00,589.07,22.715330992888912,8.600000380999978,30.79696031122222,717.5222222222222,118.57887556388891
6309,2024-12-10 22:00:00,574.3,22.452775224277786,8.399999619000022,31.190984503333315,728.1444444444444,110.83809979755566
6310,2024-12-10 22:30:00,523.63,22.134775903833336,8.199999809000014,30.38315015377777,649.7833333333333,170.39592869944454
6311,2024-12-10 23:00:00,504.17,21.476108466555566,8.100000380999978,31.41414446344445,669.75,145.30794508000008
6312,2024-12-10 23:30:00,470.23,21.02160766444445,7.900000094999998,31.97062049444444,691.7833333333333,128.69460525722218
6313,2024-12-11 00:00:00,483.3,20.54456508368715,7.900000094999998,32.580044688100564,701.7039106145252,114.85042815083806
6314,2024-12-11 00:30:00,509.03,20.227164671555553,7.900000094999998,32.908610980222214,711.6,102.45956832327781
6315,2024-12-11 01:00:00,513.1,19.88660911994446,7.900000094999998,33.28144361694445,720.0055555555556,90.8018177032778
6316,2024-12-11 01:30:00,542.37,19.67232969138892,7.800555746022209,33.415596983166665,726.9944444444444,80.86314777838884
6317,2024-12-11 02:00:00,556.5,19.46121881305555,7.699999809000014,33.586595959166665,727.0222222222222,73.29200689522223
6318,2024-12-11 02:30:00,528.9,19.40116364144442,7.599999905000003,33.484388944888906,725.5055555555556,65.6449278302778
6319,2024-12-11 03:00:00,574.2,19.21105287366667,7.599999905000003,33.62692286183334,730.4833333333333,59.07591548500004
6320,2024-12-11 03:30:00,591.27,19.109385405611125,7.5,33.65749651572223,726.2833333333333,53.331062422777805
6321,2024-12-11 04:00:00,653.13,18.93088555922222,7.400000094999997,33.89422039449998,727.6277777777777,47.777339066333305
6322,2024-12-11 04:30:00,678.1,19.95094161577779,7.300000190999986,33.28946683666669,816.0055555555556,77.38524508938886
6323,2024-12-11 05:00:00,904.13,21.078942108444444,7.199999809000014,31.654297531833336,735.55,116.09021856361112
6324,2024-12-11 05:30:00,748.43,21.746475123519563,7.199999809000014,31.45609449675977,742.4804469273743,89.39333889050282
6325,2024-12-11 06:00:00,897.13,22.007052750388883,7.00111111005,31.48616729305554,741.9722222222222,71.94558423372222
6326,2024-12-11 06:30:00,865.6,22.184885788333307,7.397777872249997,31.36832213927778,735.8055555555555,58.120448853999996
6327,2024-12-11 07:00:00,455.47,22.03588650955556,7.79777796824443,31.60557656811111,758.4,49.42780611266667
6328,2024-12-11 07:30:00,574.57,21.74683105683334,8.79444463544443,31.95015221733333,783.65,43.846795675222225
6329,2024-12-11 08:00:00,521.9,22.071441491666665,9.694999811122237,31.474892806888906,819.15,38.97314934216668
6330,2024-12-11 08:30:00,736.63,22.12016396000001,10.595000376827764,30.80751785694445,791.1833333333333,100.97091240172219
6331,2024-12-11 09:00:00,663.23,21.496331490833338,11.29611130216666,30.808514192333355,715.1166666666667,89.23053749833332
6332,2024-12-11 09:30:00,433.77,20.665552563277775,11.896666289833348,31.742156272611126,675.8388888888888,72.30628712949998
6333,2024-12-11 10:00:00,565.77,20.252830866111143,11.800555742388884,32.14236055999997,648.3777777777777,62.32099371994446
6334,2024-12-11 10:30:00,560.73,19.937608051444446,12.199999810000007,32.34106708083333,613.3166666666667,53.666456858499956
6335,2024-12-11 11:00:00,560.97,19.687274955027895,12.600000379999985,32.56144439413408,586.2290502793296,47.405701898659224
6336,2024-12-11 11:30:00,482.83,19.57383113488889,12.899999620000015,32.720582495777776,571.1666666666666,42.9213345426111
6337,2024-12-11 12:00:00,863.4,19.517941093944447,13.399999620000015,33.28106473294445,577.9333333333333,39.25998797927779
6338,2024-12-11 12:30:00,645.57,20.529366996966306,13.399999620000015,32.57183781101124,646.1910112359551,88.18475570960675
6339,2024-12-11 13:00:00,560.87,20.285189868715097,13.399999620000015,32.79305523094972,604.3631284916202,105.00326320687137
6340,2024-12-11 13:30:00,493.77,20.00199681411114,13.201110920055562,33.387040244222234,582.9666666666667,88.60855678977775
6341,2024-12-11 14:00:00,632.1,19.8871646353889,12.901666287722236,33.67324133961113,556.5055555555556,77.82573428655553
6342,2024-12-11 14:30:00,459.28,19.790052869111133,12.30333352016666,33.50764853133334,534.6166666666667,68.26796739405557
6343,2024-12-11 15:00:00,596.4,19.65049698144444,11.70333314544445,33.531171671500005,515.5444444444445,60.41573155711112
6344,2024-12-11 15:30:00,524.73,19.494719727555555,11.003888887833334,33.739772414888876,498.80555555555554,53.15349267311113
6345,2024-12-11 16:00:00,795.8,20.010608069277783,10.600000379999987,32.975476519111105,562.6388888888889,155.8360112515556
6346,2024-12-11 16:30:00,529.23,21.148241064692733,9.899999619000024,30.80284647139665,542.1229050279329,186.14965283575418
6347,2024-12-11 17:00:00,666.6,21.853276168444445,9.399999619000022,30.562736246166654,559.9444444444445,161.76940790611118
6348,2024-12-11 17:30:00,619.8,22.07560837061111,9.100000380999978,30.4377617835,609.2,165.385292135
6349,2024-12-11 18:00:00,874.17,22.706219726444452,9.600000380999978,31.056777699833347,681.2555555555556,262.492507511111
6350,2024-12-11 18:30:00,581.6,23.009496996388883,9.100000380999978,30.570671919000002,732.0444444444445,272.25477718555544
6351,2024-12-11 19:00:00,521.17,22.74260939477779,8.600000380999978,30.48918494111109,741.8055555555555,238.63062337722226
6352,2024-12-11 19:30:00,582.07,23.193274583111133,8.300000190999985,30.050869750722228,773.6722222222222,196.59149890444436
6353,2024-12-11 20:00:00,514.37,23.31966403349999,8.100000380999978,29.934861786833334,798.7555555555556,163.6789597394445
6354,2024-12-11 20:30:00,483.67,23.227497556222215,7.900000094999998,30.121775351333348,823.6055555555556,138.03227658000006
6355,2024-12-11 21:00:00,1695.5,23.057052665277787,7.800000190999986,29.256147861888895,761.3055555555555,162.84445487166667
6356,2024-12-11 21:30:00,561.17,23.070441733666673,7.699999809000014,29.830617692888875,783.2555555555556,130.6523606622222
6357,2024-12-11 22:00:00,568.33,23.02843023553072,7.199999809000014,30.083461281787713,819.4189944134079,115.98695642290497
6358,2024-12-11 22:30:00,592.93,22.10827580588889,7.100555460022226,30.322606690388895,733.2722222222222,147.9977187244445
6359,2024-12-11 23:00:00,514.8,21.282109197444456,7.000555555027778,31.387794939833345,735.85,129.63277007777776
6360,2024-12-11 23:30:00,591.63,20.751997248611126,6.9005556500277745,32.07603273427779,742.1722222222222,115.3864124711111
6361,2024-12-12 00:00:00,510.67,20.35388678455556,6.900000094999998,32.50585714961112,748.1888888888889,103.44166619722229
6362,2024-12-12 00:30:00,579.9,19.90044434888889,6.800555746022209,33.00060344283334,747.1944444444445,91.92126897155555
6363,2024-12-12 01:00:00,585.63,19.74383168716668,6.699999809000014,33.03443321638888,752.1444444444444,82.80184461822222
6364,2024-12-12 01:30:00,616.57,19.460775513111106,6.6005554600222265,33.26463985455557,748.3055555555555,74.2890661026667
6365,2024-12-12 02:00:00,569.7,19.26355356627778,6.401111205055552,33.40222941516667,749.2,66.25355731138886
6366,2024-12-12 02:30:00,564.87,18.937330235388877,6.400000094999997,33.7037444855,745.4055555555556,60.10234213894439
6367,2024-12-12 03:00:00,848.97,19.417497084,6.400000094999997,33.031306574444464,768.5722222222222,97.18605395350004
6368,2024-12-12 03:30:00,645.03,20.501558708938557,6.400000094999997,31.653844236815647,730.4525139664804,110.85087308843576
6369,2024-12-12 04:00:00,664.13,21.343961481675993,6.599999905000003,31.216016013128485,741.659217877095,89.16405542474858
6370,2024-12-12 04:30:00,551.17,21.699442652055577,6.599999905000003,31.1395559946111,757.4722222222222,74.68737703977783
6371,2024-12-12 05:00:00,556.3,21.78016448538889,6.400000094999997,30.99229052827777,757.2611111111111,65.14619831527774
6372,2024-12-12 05:30:00,650.1,21.94938651205558,6.400000094999997,30.735828410111107,763.55,57.237143516277726
6373,2024-12-12 06:00:00,557.63,21.73849763894446,6.099999905000003,31.007265408777773,771.8,50.36825391972218
6374,2024-12-12 06:30:00,543.2,21.961276266388875,6.5,29.893089018777776,745.6555555555556,144.50551003094444
6375,2024-12-12 07:00:00,615.84,22.067831114166676,6.900000094999998,30.053934203055558,750.5666666666667,126.87176356833334
6376,2024-12-12 07:30:00,1074.13,22.236552746833347,8.0,28.954467550777792,728.7222222222222,128.13552123277776
6377,2024-12-12 08:00:00,458.83,21.385108566666677,9.0,28.188841194777776,583.9111111111112,116.07346581005558
6378,2024-12-12 08:30:00,571.9,20.255663882555567,10.199999810000007,28.484597058000002,503.3222222222222,64.3215232426111
6379,2024-12-12 09:00:00,665.03,19.57764833368716,11.100000379999987,28.575099742569826,446.30167597765364,35.90465243050279
6380,2024-12-12 09:30:00,639.1,18.915442212500007,11.800000189999993,28.768537722777804,403.65,22.144378958833325
6381,2024-12-12 10:00:00,652.0,18.595831701500003,12.100000379999985,29.082720269055542,406.1388888888889,16.447865030277782
6382,2024-12-12 10:30:00,659.17,18.253997930111108,12.399999620000015,29.97518227872223,414.10555555555555,13.408489598111114
6383,2024-12-12 11:00:00,968.07,19.396774959777794,12.600000379999985,32.000836573333316,569.9833333333333,11.73720240061111
6384,2024-12-12 11:30:00,564.47,20.68937921843577,12.699999810000007,31.685291599106147,652.1061452513967,11.453236755715086
6385,2024-12-12 12:00:00,544.07,21.197497452611117,12.699999810000007,30.753666390277765,638.1111111111111,40.36359681627778
6386,2024-12-12 12:30:00,602.57,21.63105305583334,12.600555932388875,29.651169278333327,633.1555555555556,108.65981551433326
6387,2024-12-12 13:00:00,499.97,22.145831108500012,12.401110735333347,29.498160870444444,663.2388888888889,95.80256648750003
6388,2024-12-12 13:30:00,553.87,22.444830025777772,12.101667042444431,29.36405089705556,673.3444444444444,79.67083409633337
6389,2024-12-12 14:00:00,543.93,22.566052818222257,11.702222035388894,29.409265486222225,674.8333333333334,66.56555644172225
6390,2024-12-12 14:30:00,538.93,22.41443971011109,11.003888887833334,29.5086144766111,635.4222222222222,56.82153320338892
6391,2024-12-12 15:00:00,587.47,22.42396836738888,10.399999620000013,29.49739017466667,604.9722222222222,51.72595558166665
6392,2024-12-12 15:30:00,592.37,22.36316407555557,9.899999619000024,29.320761574722237,658.2277777777778,125.2633797566667
6393,2024-12-12 16:00:00,582.06,22.59178202100558,9.600000380999978,29.640945264189956,733.9050279329609,92.02699863648047
6394,2024-12-12 16:30:00,594.17,22.622163550499998,9.301666858722207,30.460077328333337,843.7222222222222,74.08223843022225
6395,2024-12-12 17:00:00,612.55,22.729108355166684,9.101111491055534,30.771331267166676,942.2666666666667,64.23846045600003
6396,2024-12-12 17:30:00,522.6,22.784553560000024,8.901110734344467,30.965262657222198,1032.3055555555557,56.54309677544445
6397,2024-12-12 18:00:00,548.77,22.646497112388897,8.800555743377762,29.937081729111096,987.7277777777778,109.47592430300003
6398,2024-12-12 18:30:00,550.58,22.65444190772222,8.601111491055534,29.66412265572223,945.4444444444445,129.12936502944444
6399,2024-12-12 19:00:00,535.48,22.743720732277772,8.301666858722207,29.799422815333337,973.4111111111112,110.25575167205558
6400,2024-12-12 19:30:00,590.67,22.40583088149999,8.001666667727777,29.292147721055542,913.6888888888889,190.87732746722213
6401,2024-12-12 20:00:00,534.53,22.50301055905555,7.701666476727792,29.659203169444446,952.9555555555555,150.82657750611105
6402,2024-12-12 20:30:00,598.57,22.584519434525188,7.400000094999997,29.744459802290493,973.4916201117319,131.09739915027936
6403,2024-12-12 21:00:00,536.17,22.551274871666685,7.201110921700014,29.542310524055555,968.3833333333333,146.66452246999995
6404,2024-12-12 21:30:00,613.2,22.368052683444446,6.9016667600777755,29.047651057777763,875.8055555555555,179.4070490522223
6405,2024-12-12 22:00:00,557.07,21.966497654666675,7.198333143922236,29.82782986988887,871.2833333333333,147.98370369555556
6406,2024-12-12 22:30:00,514.23,21.096441957833346,6.9016667600777755,30.768547937277784,867.0388888888889,133.61371854499995
6407,2024-12-12 23:00:00,586.57,20.594997395555566,6.601666572722225,31.215288458888892,862.3666666666667,121.06966539944442
6408,2024-12-12 23:30:00,540.57,20.22571930394444,6.301666856077764,31.539618629777767,860.3444444444444,109.57976222500001
6409,2024-12-13 00:00:00,576.7,19.765831597888873,6.598333239922225,32.06350555399998,863.1222222222223,98.70906766166667
6410,2024-12-13 00:30:00,548.83,19.541774972277786,6.301666856077764,32.25509609672221,863.9277777777778,89.55106357988889
6411,2024-12-13 01:00:00,584.9,19.155496978833344,6.101111017700003,32.614892620444444,855.3111111111111,80.45646688705561
6412,2024-12-13 01:30:00,588.8,18.982788955611106,5.801666856077765,32.86138415866667,852.9388888888889,73.00328174205552
6413,2024-12-13 02:00:00,509.8,18.697006554277785,5.699999809000013,33.02808594172222,842.7333333333333,65.3288704978333
6414,2024-12-13 02:30:00,619.87,18.55294193722222,5.400000094999997,33.03145766772223,843.0944444444444,59.85678117549998
6415,2024-12-13 03:00:00,543.23,18.33166472144446,5.199999809000013,33.17478069744443,834.7611111111111,54.34336204549998
6416,2024-12-13 03:30:00,809.86,18.253164408222215,5.0,33.40273729933335,848.6333333333333,60.21098592616665
6417,2024-12-13 04:00:00,646.67,19.62792762072627,5.599999905000003,31.126269442178774,791.4748603351956,101.86145356340784
6418,2024-12-13 04:30:00,596.33,20.82621934722223,5.500555555027778,30.432344097444453,803.3666666666667,79.91655858338893
6419,2024-12-13 05:00:00,628.53,21.55194188222223,5.401111205055552,30.071331967833324,809.75,66.7416730247222
6420,2024-12-13 05:30:00,578.87,21.585053920888907,5.400000094999997,29.645479880777778,774.1055555555556,103.98512963061114
6421,2024-12-13 06:00:00,645.6,21.361275906055553,5.698333143922235,29.831620947222216,751.5944444444444,100.36183641188889
6422,2024-12-13 06:30:00,594.97,21.62888637111109,6.097777682244447,29.558191935444448,767.1888888888889,86.73142780733332
6423,2024-12-13 07:00:00,661.0,21.830108175944442,6.298889078299986,29.394402514666663,785.8722222222223,75.11941443533334
6424,2024-12-13 07:30:00,733.7,21.824052841555552,7.300000190999986,29.549959755055564,801.7555555555556,65.629615614
6425,2024-12-13 08:00:00,1545.67,21.939830028222232,8.199999809000014,30.41309608855556,830.8722222222223,53.23988255411112
6426,2024-12-13 08:30:00,500.73,21.537497340555568,9.0,28.836510774999983,746.1555555555556,93.02114925416669
6427,2024-12-13 09:00:00,1093.57,21.918997764888886,9.600000380999978,28.591079267111102,687.1444444444444,111.42502649072225
6428,2024-12-13 09:30:00,425.9,22.129164155944405,10.0,29.990088579444436,788.3555555555556,69.21764814572225
6429,2024-12-13 10:00:00,672.73,21.882997831055565,10.100000379999987,29.296228864055557,759.0444444444445,128.39651584633336
6430,2024-12-13 10:30:00,537.0,22.17388636266666,10.399999620000013,28.88625616505556,743.35,114.64441515833339
6431,2024-12-13 11:00:00,934.63,22.13366421561112,10.600000379999987,31.048541545833327,779.1333333333333,92.36746906744442
6432,2024-12-13 11:30:00,592.53,22.20216457600002,10.800000189999993,31.002858469277776,770.8666666666667,124.13953412272225
6433,2024-12-13 12:00:00,579.71,22.370053038055556,10.899999620000013,29.647629801277787,739.45,131.55183991500002
6434,2024-12-13 12:30:00,512.66,22.362736845586596,10.899999620000013,29.431341607988838,742.5977653631285,127.21823964446925
6435,2024-12-13 13:00:00,541.87,21.942017475810065,10.800000189999993,29.47425152860336,692.6480446927375,163.21274263631287
6436,2024-12-13 13:30:00,497.57,21.395441394722233,10.601111490055542,30.026932896500007,658.2,134.02005322777785
6437,2024-12-13 14:00:00,512.72,20.894163682499997,10.401110735333345,30.544962755833335,621.1777777777778,117.50015051499999
6438,2024-12-13 14:30:00,532.03,20.615441534555565,9.803333521161097,30.721927737888883,592.5166666666667,103.0423522949445
6439,2024-12-13 15:00:00,658.8,20.265496858222228,9.103889268833312,30.95776118194445,568.5888888888888,90.36786804188888
6440,2024-12-13 15:30:00,542.57,19.973830530500013,8.204999812177793,31.26860249822221,554.9888888888889,82.39032355394446
6441,2024-12-13 16:00:00,596.37,19.707450121896564,7.9017242312873535,31.417519700919534,538.0229885057471,74.5326327182184
6442,2024-12-13 16:30:00,493.73,19.46558086011174,7.599999905000003,31.669290809050278,530.3798882681564,67.07817098966476
6443,2024-12-13 17:00:00,589.87,19.174922476500004,7.401111205055552,32.06138623533336,532.6666666666666,59.926922543888914
6444,2024-12-13 17:30:00,596.93,19.227329476111116,7.300555746022209,32.06033326261112,566.6,52.40055717844445
6445,2024-12-13 18:00:00,807.4,20.50777495711113,7.300000190999986,31.692984347944446,658.5555555555555,46.8325881325
6446,2024-12-13 18:30:00,649.5,21.164829773611128,7.300000190999986,31.01201553316665,704.7888888888889,99.00197018566666
6447,2024-12-13 19:00:00,599.2,21.445164034388903,7.200555366677792,30.279110145888904,719.6944444444445,113.65477811938892
6448,2024-12-13 19:30:00,555.13,21.968885920111106,7.199999809000014,29.684470664055567,734.3333333333334,87.04535747111113
6449,2024-12-13 20:00:00,637.6,22.128386041277775,7.199999809000014,29.518060250222213,746.2444444444444,74.53365970177778
6450,2024-12-13 20:30:00,584.83,22.227831035388903,7.100555460022226,29.509034167333322,763.5277777777778,64.42439424722218
6451,2024-12-13 21:00:00,597.1,21.994608519222222,7.099999905000003,29.836302227611114,779.3611111111111,60.261891577055586
6452,2024-12-13 21:30:00,570.77,21.784133582666687,6.900000094999998,28.850028408777774,727.4444444444445,147.6818951907777
6453,2024-12-13 22:00:00,652.2,22.11345820743017,6.5,28.99469920145251,745.268156424581,107.50375413251393
6454,2024-12-13 22:30:00,561.07,21.94805390044445,6.4005556500277745,28.87481702172223,717.95,140.2117738062778
6455,2024-12-13 23:00:00,571.67,20.840441534444455,6.400000094999997,29.917448255833342,702.3388888888888,139.09009568555558
6456,2024-12-13 23:30:00,547.3,20.281941710833348,6.400000094999997,30.63256977927777,714.8833333333333,123.16765068499996
6457,2024-12-14 00:00:00,506.93,19.82071934850002,6.698333143922236,31.1462503646111,725.6166666666667,110.14308319055554
6458,2024-12-14 00:30:00,587.67,19.49933021355556,6.699999809000014,31.548539097777766,740.3444444444444,98.03636253988886
6459,2024-12-14 01:00:00,634.07,19.12399711566667,6.699999809000014,32.023437181777766,750.8722222222223,87.95416899783334
6460,2024-12-14 01:30:00,620.23,18.84016317827778,6.6005554600222265,32.42940406811112,745.2777777777778,78.20906757738894
6461,2024-12-14 02:00:00,545.83,18.566830465833334,6.599999905000003,32.69157019727778,745.75,70.20955793572223
6462,2024-12-14 02:30:00,1275.55,18.488108635111107,6.798889078299986,32.85406750555555,748.7222222222222,92.8272313003889
6463,2024-12-14 03:00:00,1169.6,19.679498831388898,6.99888888995,31.48709901177777,720.9111111111112,110.35506808000001
6464,2024-12-14 03:30:00,686.48,20.764552762944454,7.198888698950014,30.820658175055552,739.8166666666667,87.0563524035
6465,2024-12-14 04:00:00,586.27,21.223108058666664,7.597777682244447,30.709187147444457,745.2611111111111,73.76488193927777
6466,2024-12-14 04:30:00,646.5,21.789163526222232,7.500555555027778,30.071425670777792,740.4888888888889,93.59177506955555
6467,2024-12-14 05:00:00,606.07,22.152664195388898,7.4005556500277745,29.62077606005556,692.55,111.95517709800001
6468,2024-12-14 05:30:00,615.4,22.15294120616667,7.300000190999986,29.958308029055555,705.5111111111111,92.66198531227772
6469,2024-12-14 06:00:00,535.43,22.132386473277794,7.099999905000003,30.22533599022224,726.1055555555556,77.76488571166666
6470,2024-12-14 06:30:00,566.9,22.185052776499994,7.099999905000003,30.262357945055555,734.5666666666667,65.24943485233334
6471,2024-12-14 07:00:00,554.07,22.44633080172223,7.199999809000014,29.970431995444454,732.0333333333333,54.87077221333333
6472,2024-12-14 07:30:00,596.83,22.249108314777796,7.400000094999997,30.261924044444438,734.1166666666667,48.253382809777776
6473,2024-12-14 08:00:00,564.19,22.557942475388888,7.800000190999986,30.09929045583334,786.2222222222222,37.672590563
6474,2024-12-14 08:30:00,534.07,22.298862362000012,8.399999619000022,29.98380454372221,778.4888888888889,29.35943064172222
6475,2024-12-14 09:00:00,556.57,21.120497216444463,8.800000190999985,30.163315020666673,621.3166666666667,28.85086585116666
6476,2024-12-14 09:30:00,628.52,20.3325533235,9.199999809000015,31.152203930888895,575.0111111111111,83.97969377172221
6477,2024-12-14 10:00:00,884.41,19.84549715272223,9.199999809000015,33.28046170350001,633.5333333333333,173.68695204000005
6478,2024-12-14 10:30:00,758.57,19.532053004666686,9.399999619000022,34.241895717944445,598.6055555555556,91.27275873850002
6479,2024-12-14 11:00:00,613.3,19.345552084722225,9.600000380999978,34.69477808199999,628.4777777777778,197.68784611944446
6480,2024-12-14 11:30:00,799.23,20.38183088316666,9.800000190999985,32.89381224322223,680.1111111111111,172.66376194277777
6481,2024-12-14 12:00:00,445.83,21.03288548838888,10.300000189999993,31.51774948949999,677.5888888888888,166.04981206722223
6482,2024-12-14 12:30:00,504.2,21.91977562372222,10.5,30.54835272894447,714.7666666666667,124.96303710999993
6483,2024-12-14 13:00:00,617.93,22.091167418044694,10.600000379999987,30.46262042106146,760.8603351955308,105.88478633826819
6484,2024-12-14 13:30:00,486.23,22.179497962888902,10.600000379999987,30.403404299388892,793.2888888888889,93.32654974227778
6485,2024-12-14 14:00:00,581.07,22.2233401784916,10.500558661340783,30.510936534581006,830.6927374301677,87.87781763346369
6486,2024-12-14 14:30:00,683.1,21.920498488055557,10.40055517766668,30.588920572555544,763.0277777777778,163.79695418111112
6487,2024-12-14 15:00:00,662.86,21.806386916111116,10.199999810000007,30.92917726322222,741.3722222222223,142.31727693388888
6488,2024-12-14 15:30:00,652.33,20.943720192666667,10.199999810000007,31.77448782394445,709.2388888888889,124.17419259888888
6489,2024-12-14 16:00:00,534.93,20.399664179833337,10.399999620000013,32.27737312338887,681.0888888888888,110.73907339499998
6490,2024-12-14 16:30:00,751.07,20.069274362222217,10.399999620000013,32.58221961122224,658.4555555555555,100.17876633605557
6491,2024-12-14 17:00:00,669.27,19.713108921777767,10.399999620000013,33.01159547133334,642.35,91.29914588949998
6492,2024-12-14 17:30:00,738.47,19.511830849333343,10.399999620000013,33.283522902444446,621.5833333333334,82.68766869444441
6493,2024-12-14 18:00:00,668.03,19.220886051000004,10.100000379999987,33.756731160444446,608.4777777777778,75.5223605689444
6494,2024-12-14 18:30:00,622.23,19.107608424999995,10.199999810000007,33.86250786266668,595.2166666666667,69.15151880049999
6495,2024-12-14 19:00:00,681.8,18.818830935222252,10.300000189999993,34.29360148077777,583.1611111111112,63.766118112777754
6496,2024-12-14 19:30:00,693.63,18.840670744388888,10.399999620000013,34.19111300538887,569.2388888888889,58.645066939166675
6497,2024-12-14 20:00:00,676.07,18.62139257894444,10.399999620000013,34.47445000549999,561.2166666666667,54.313756794111136
6498,2024-12-14 20:30:00,869.19,18.8423872525,10.399999620000013,34.41162272577777,581.4611111111111,91.10468964105559
6499,2024-12-14 21:00:00,491.83,20.064719507555566,10.5,32.82406980722223,639.9611111111111,137.42728089094436
6500,2024-12-14 21:30:00,601.97,20.914108636777783,10.399999620000013,31.670320362222228,629.3277777777778,164.73645434944447
6501,2024-12-14 22:00:00,534.1,21.69816436822223,10.600000379999987,30.907284460722263,663.7555555555556,126.5925373488889
6502,2024-12-14 22:30:00,565.73,21.94999392178772,10.399999620000013,30.70805304558659,682.0279329608938,131.93560654692732
6503,2024-12-14 23:00:00,586.43,21.567719247722234,10.201110920055562,31.133927440277795,645.0277777777778,186.11455196777777
6504,2024-12-14 23:30:00,555.13,20.580497328277787,9.901666286727801,32.21537221255556,657.8388888888888,163.00343483777783
6505,2024-12-15 00:00:00,529.83,19.976108932888884,9.60166704343331,32.86171773255555,671.9388888888889,147.73333698111114
6506,2024-12-15 00:30:00,623.83,19.46855303494447,9.500555557672222,33.49485094305556,691.0277777777778,133.32659195888903
6507,2024-12-15 01:00:00,511.8,19.167663786166674,9.399999619000022,33.920231755666684,705.5277777777778,120.31299039833327
6508,2024-12-15 01:30:00,569.47,18.847163507888926,9.199999809000015,34.28768558527777,714.0,108.91234953166666
6509,2024-12-15 02:00:00,628.77,18.592219183000015,9.100000380999978,34.70899266155557,723.7388888888889,98.77809876511114
6510,2024-12-15 02:30:00,673.57,18.35899689994445,8.899999619000022,35.008092117111104,725.7166666666667,89.11802414783338
6511,2024-12-15 03:00:00,1835.27,19.122607878000007,8.800000190999985,34.575595685888885,823.9777777777778,97.52340677133328
6512,2024-12-15 03:30:00,589.73,20.290664747111105,8.699999809000015,33.01283471855557,781.05,117.60407922155551
6513,2024-12-15 04:00:00,598.0,21.296774927888897,8.399999619000022,32.17522258766666,781.8222222222222,92.30073407516672
6514,2024-12-15 04:30:00,547.73,21.978664355777774,8.199999809000014,31.66108031811112,783.3833333333333,77.77319751311114
6515,2024-12-15 05:00:00,668.7,22.184718512944443,8.100000380999978,31.70704077611112,785.5722222222222,65.46407805583333
6516,2024-12-15 05:30:00,559.87,22.205164898944442,8.0,31.794255754388878,796.7055555555555,73.86176925199996
6517,2024-12-15 06:00:00,502.9,22.038386080388882,7.900000094999998,31.597825335999996,733.6833333333333,103.39500350750001
6518,2024-12-15 06:30:00,555.1,22.290585751055545,8.300000190999985,31.62160195222222,749.1888888888889,82.85104442166666
6519,2024-12-15 07:00:00,591.33,22.279885991611113,8.600000380999978,31.835259374055564,765.0166666666667,68.8962142521111
6520,2024-12-15 07:30:00,495.03,22.5428302876667,9.300000190999985,31.636241912833334,781.2,57.760423808444415
6521,2024-12-15 08:00:00,631.97,22.76583088788889,9.899999619000024,32.36401945716666,822.6944444444445,54.97625484483332
6522,2024-12-15 08:30:00,1340.67,22.358262909273744,10.5,31.62879818089386,708.9720670391062,175.63833452011167
6523,2024-12-15 09:00:00,944.97,22.312609153500006,10.897777399888902,33.074145486333336,652.2666666666667,145.60619833388893
6524,2024-12-15 09:30:00,801.77,22.022552776277774,11.297777964611104,33.3926001652222,702.5833333333334,71.74098476738888
6525,2024-12-15 10:00:00,720.37,21.955663830000013,11.399444067611125,31.597543620944446,628.9777777777778,100.47585054950001
6526,2024-12-15 10:30:00,562.69,22.287107732222232,11.797777964611106,30.358313486555563,593.4833333333333,62.46776652866668
6527,2024-12-15 11:00:00,582.57,22.222219372333345,12.098333712277764,30.700079875666678,675.2444444444444,50.417274051055564
6528,2024-12-15 11:30:00,632.07,22.33649714855554,12.298889079944438,31.359477032777765,752.3333333333334,42.08668142905557
6529,2024-12-15 12:00:00,466.97,22.46957610569831,12.399440963966494,31.74057629122904,797.5083798882681,36.95471187139667
6530,2024-12-15 12:30:00,527.5,21.963664733166667,12.399999620000015,32.26203997933331,766.8388888888888,35.095734871722215
6531,2024-12-15 13:00:00,498.03,21.296607748833345,12.201110920055562,32.835667482944444,717.2055555555555,31.940874862499975
6532,2024-12-15 13:30:00,503.23,20.82727561555558,11.901666287722236,33.26726788416667,680.8333333333334,29.679051177055545
6533,2024-12-15 14:00:00,609.03,20.59610850077781,11.601667042444431,33.63815462344444,670.9555555555555,35.12621271305556
6534,2024-12-15 14:30:00,603.9,20.288051997500027,10.903888513111125,34.10449428538889,683.5222222222222,140.78769485
6535,2024-12-15 15:00:00,628.53,20.289108011499998,10.402777397777792,33.92142151705558,725.3055555555555,191.07399007944446
6536,2024-12-15 15:30:00,577.97,21.139496602222234,10.101667042444431,32.69362729377779,742.0555555555555,161.76179462333337
6537,2024-12-15 16:00:00,578.6,21.820830419277776,9.6027781587722,31.668995454666664,696.6944444444445,135.86817986999998
6538,2024-12-15 16:30:00,591.17,21.970219263111098,9.202222034400014,31.552366171777784,662.2111111111111,114.74140082500004
6539,2024-12-15 17:00:00,627.8,22.0838857333889,8.901666286722245,31.465483263055532,673.85,161.896423335611
6540,2024-12-15 17:30:00,573.1,22.200409745921817,8.800558847022332,31.723634932905046,748.0837988826815,155.8927446061452
6541,2024-12-15 18:00:00,705.2,22.2786917792778,8.899444066622245,32.14354569111113,801.6333333333333,132.06771833666667
6542,2024-12-15 18:30:00,848.33,22.182220607888873,8.701110919055571,32.83111313716667,832.5222222222222,116.78329967611106
6543,2024-12-15 19:00:00,567.63,22.318108526722213,8.600555933377755,32.836013030611106,860.3111111111111,98.57747637461111
6544,2024-12-15 19:30:00,1553.87,22.153552182722223,8.401110734344467,32.96288032527778,861.6888888888889,139.47784962094454
6545,2024-12-15 20:00:00,682.77,22.123163318666656,8.101667043433311,32.418819226444434,850.1277777777777,147.2121440466666
6546,2024-12-15 20:30:00,549.73,22.502663877611113,7.901111207699997,31.827226098611114,866.6944444444445,126.37039943388893
6547,2024-12-15 21:00:00,615.53,22.453997781722236,7.701110921700014,31.9876399045,898.1388888888889,110.06306173388883
6548,2024-12-15 21:30:00,586.73,22.673496733888918,7.3022224110999865,31.593711619833336,921.4222222222222,97.36901109516671
6549,2024-12-15 22:00:00,581.5,22.956274933555566,7.200555366677792,31.122957875833343,939.3722222222223,86.73607745699996
6550,2024-12-15 22:30:00,538.67,22.910719172277798,6.9016667600777755,30.861046546888872,922.6388888888889,108.74015252922216
6551,2024-12-15 23:00:00,486.57,21.840496937150842,6.701117129033533,31.349321631731872,802.0670391061452,150.15195563184352
6552,2024-12-15 23:30:00,597.7,20.877831491222228,6.6005554600222265,32.670685026222216,803.5388888888889,127.87684148000001
6553,2024-12-16 00:00:00,518.77,20.29549683472224,6.798889078299986,33.410012626666656,805.9666666666667,113.20589252055551
6554,2024-12-16 00:30:00,591.35,19.702108319888904,6.601111017700003,34.107535977000005,798.8722222222223,100.80575247966668
6555,2024-12-16 01:00:00,572.59,19.407164626611145,6.401111205055552,34.34870893677779,796.6388888888889,89.12287495938888
6556,2024-12-16 01:30:00,627.1,19.10299713411112,6.300555746022209,34.58969622688887,788.3888888888889,80.42385283572222
6557,2024-12-16 02:00:00,563.3,18.951497683000014,6.200555366677792,34.6663057966111,782.2722222222222,72.02725029011116
6558,2024-12-16 02:30:00,589.93,18.672664155166675,6.100555460022226,34.837899949722214,772.7666666666667,64.86684864883331
6559,2024-12-16 03:00:00,624.37,18.648552163444442,5.901111205055552,34.766332266111114,774.1277777777777,58.988646634333314
6560,2024-12-16 03:30:00,596.03,18.396885882833338,5.800555746022209,34.874457571055586,760.2277777777778,52.676270060722196
6561,2024-12-16 04:00:00,596.33,18.30188751216665,5.899444539977774,34.90519059494447,752.3277777777778,48.50154537644443
6562,2024-12-16 04:30:00,873.63,18.847115532905026,5.800558849681551,34.44333731776536,787.1229050279329,82.59731084240224
6563,2024-12-16 05:00:00,520.27,20.456881046333333,5.70055536667779,32.610711648166664,762.9444444444445,112.77508850000002
6564,2024-12-16 05:30:00,663.13,21.40294171466667,5.6005554600222265,32.054711893055554,778.1222222222223,91.30155838844449
6565,2024-12-16 06:00:00,514.7,21.872108449055567,5.898333427277775,31.84589243994443,786.4555555555555,84.1116825526667
6566,2024-12-16 06:30:00,589.42,22.666275278833343,6.098888794944448,31.18519148300001,812.75,70.06028185977777
6567,2024-12-16 07:00:00,603.14,22.925774691333345,6.199444253977791,31.099375905444454,822.0222222222222,57.99948077744444
6568,2024-12-16 07:30:00,541.0,23.33722047761111,6.697222031222236,30.869783030722246,837.3611111111111,48.78798552594444
6569,2024-12-16 08:00:00,565.23,23.325552336500024,7.099999905000003,31.17529052083332,841.6444444444444,42.06428233227777
6570,2024-12-16 08:30:00,1403.2,22.35710793627778,7.696666476200014,29.11845903377779,674.5166666666667,71.77974427561108
6571,2024-12-16 09:00:00,1107.27,21.08494197044445,8.100000380999978,27.576982370833342,487.96666666666664,39.053445477222226
6572,2024-12-16 09:30:00,1068.57,20.111052640555563,8.5972226032222,28.27605358777779,456.06111111111113,37.19388811305555
6573,2024-12-16 10:00:00,1102.37,19.346856623687167,9.0,29.7370478983799,469.3519553072626,37.8141432611173
6574,2024-12-16 10:30:00,927.1,19.04516451066664,9.298333523272207,32.556677437055555,575.6888888888889,36.20813422705556
6575,2024-12-16 11:00:00,826.67,18.983552922944426,9.498888889949999,35.495260980833336,618.9444444444445,37.88164039188887
6576,2024-12-16 11:30:00,874.77,19.410609160666667,9.698888698950014,33.94703608655556,610.1388888888889,91.37743227027775
6577,2024-12-16 12:00:00,500.3,20.685553752166673,10.296666854549994,31.742798794333336,612.1333333333333,68.0172445296667
6578,2024-12-16 12:30:00,665.27,21.32205305172222,10.399444067611125,30.676729636555542,597.8944444444444,99.8105654581111
6579,2024-12-16 13:00:00,622.27,21.83822040605557,10.300000189999993,30.427083471222215,629.1722222222222,143.45831595500002
6580,2024-12-16 13:30:00,471.7,22.471497228500002,10.100000379999987,30.588773928611115,694.3444444444444,116.01663415722227
6581,2024-12-16 14:00:00,667.77,23.09955298111111,9.899999619000024,30.915162711333323,841.2111111111111,93.40116081222224
6582,2024-12-16 14:30:00,624.68,23.597053072555582,9.5,31.16726836111111,970.5222222222222,77.44503008550004
6583,2024-12-16 15:00:00,613.1,23.407220247388892,9.100000380999978,32.00201004877778,1076.6833333333334,66.11177416916665
6584,2024-12-16 15:30:00,558.63,23.155171155083828,8.699999809000015,31.270451221061457,945.6536312849162,133.76089130407823
6585,2024-12-16 16:00:00,525.55,23.044064893666654,8.600555933377755,30.934893618444452,799.5555555555555,124.88693559444447
6586,2024-12-16 16:30:00,579.47,22.991664092388895,8.401110734344467,30.793983300666675,760.6722222222222,158.1908766855556
6587,2024-12-16 17:00:00,517.97,23.251052782777787,8.300555743377762,30.719140720222217,820.7555555555556,166.1327475649999
6588,2024-12-16 17:30:00,959.13,23.262276384333337,8.200555366677794,31.565833504944436,842.6277777777777,183.67759399555555
6589,2024-12-16 18:00:00,673.83,23.335997506777762,8.199999809000014,32.79950332622222,894.7722222222222,155.67734154555563
6590,2024-12-16 18:30:00,564.67,23.214719147444455,8.199999809000014,31.52473686011111,858.2666666666667,219.74994498444434
6591,2024-12-16 19:00:00,1066.43,22.937941095888903,8.199999809000014,31.72004922222222,872.3555555555556,193.4372578094445
6592,2024-12-16 19:30:00,1039.03,23.337107626222213,8.199999809000014,31.221633370777774,901.7222222222222,163.97108552666666
6593,2024-12-16 20:00:00,564.81,23.378885449,8.100000380999978,31.28116795238889,932.0444444444445,142.26869074555555
6594,2024-12-16 20:30:00,492.93,23.08510762366669,8.100000380999978,31.03829655088888,863.8833333333333,176.80176684055553
6595,2024-12-16 21:00:00,483.03,23.086351501284913,8.100000380999978,30.90323808324021,829.8659217877095,157.2726578547485
6596,2024-12-16 21:30:00,627.63,23.07821998633334,8.100000380999978,30.957937664277782,826.0611111111111,177.2606854705556
6597,2024-12-16 22:00:00,447.7,22.19260858988889,8.000555557672222,31.81952860066667,781.5388888888889,200.19641223444427
6598,2024-12-16 22:30:00,547.27,21.52444153900001,8.099444823327756,32.44933552255556,787.7666666666667,177.31154480055557
6599,2024-12-16 23:00:00,491.1,20.955330573444453,8.199999809000014,33.057331932833335,781.6777777777778,156.46541179944438
6600,2024-12-16 23:30:00,580.03,20.610108714722237,8.399999619000022,33.29707313077779,776.5722222222222,140.40112635388883
6601,2024-12-17 00:00:00,554.6,20.304663828166674,8.0,34.00531501777778,798.9666666666667,122.10413788444431
6602,2024-12-17 00:30:00,523.37,19.966219022777786,7.900000094999998,34.25342718777778,787.5333333333333,108.77362255805556
6603,2024-12-17 01:00:00,541.37,19.677330695555572,7.800000190999986,34.35574798583332,779.9888888888889,98.31379076761111
6604,2024-12-17 01:30:00,542.13,19.495608764833356,7.800000190999986,34.418899429999996,762.4222222222222,88.71012365538888
6605,2024-12-17 02:00:00,583.5,19.305330446833352,7.800000190999986,34.42798650561109,756.1722222222222,80.33748775088884
6606,2024-12-17 02:30:00,603.13,19.090016753184383,7.800000190999986,34.689609548938535,763.9441340782123,73.45821065268156
6607,2024-12-17 03:00:00,509.5,18.93930687433334,7.700555366677792,34.76635920216667,764.0722222222222,66.75154149788884
6608,2024-12-17 03:30:00,724.93,18.84838708233331,7.699999809000014,34.85368764666669,779.5888888888888,82.24428768172221
6609,2024-12-17 04:00:00,500.77,20.26294122294445,7.5,33.14539491905556,774.8222222222222,107.64098455916671
6610,2024-12-17 04:30:00,656.57,21.539385753500003,7.4005556500277745,32.17940632472222,781.3611111111111,87.5200771328889
6611,2024-12-17 05:00:00,584.8,22.371941927055573,7.300000190999986,31.562910429888884,786.5722222222222,73.25157534316662
6612,2024-12-17 05:30:00,629.2,22.04466386427779,7.199999809000014,32.08112449644443,781.2444444444444,62.35959271316666
6613,2024-12-17 06:00:00,555.5,22.330552864055566,6.5,31.559859550999988,780.9055555555556,55.24127430366666
6614,2024-12-17 06:30:00,573.42,22.50505323455557,6.798333523272208,31.271407794999995,785.0777777777778,48.981080309722216
6615,2024-12-17 07:00:00,546.79,22.639664321722233,7.199999809000014,31.13532121422223,799.5111111111111,43.3706577513889
6616,2024-12-17 07:30:00,627.27,22.417274613055557,8.100000380999978,31.78396496277779,841.0888888888888,38.26529805933332
6617,2024-12-17 08:00:00,777.47,22.413334308603353,9.0,31.09107217837991,795.3631284916202,96.71355692134078
6618,2024-12-17 08:30:00,624.77,21.132831128888903,10.093889266777765,31.198026635999987,585.8333333333334,104.27584213866673
6619,2024-12-17 09:00:00,572.67,20.394664563111107,10.79611130216666,31.57510157672221,529.5444444444445,118.7295147366667
6620,2024-12-17 09:30:00,545.27,19.790441810000004,11.396666289833348,32.4331929105,523.3388888888888,95.77445712611112
6621,2024-12-17 10:00:00,577.26,19.494664531111106,10.899999620000013,32.942439312111105,525.4611111111111,82.98606508044446
6622,2024-12-17 10:30:00,684.13,19.275275474611103,11.596111486888875,34.45323535061111,570.3833333333333,120.34073895272223
6623,2024-12-17 11:00:00,1007.0,20.118996736666666,12.097222602222208,34.34045191883332,648.3555555555556,185.38347244388882
6624,2024-12-17 11:30:00,710.13,21.109274546388885,12.600000379999985,33.483031802722216,706.3,239.1655069172222
6625,2024-12-17 12:00:00,1193.47,21.62549790272222,13.399999620000015,32.06396170700001,682.2222222222222,206.65888739499985
6626,2024-12-17 12:30:00,1518.57,22.130942503611113,13.600000379999985,31.76115482094443,692.1833333333333,168.52374962222223
6627,2024-12-17 13:00:00,675.57,22.51177544094445,13.600000379999985,33.328661452333314,762.5,194.8978318955555
6628,2024-12-17 13:30:00,523.93,22.814364332513957,13.399999620000015,31.809191560000027,782.3519553072625,178.0055617055865
6629,2024-12-17 14:00:00,607.5,22.963669141777775,13.101667042444431,31.474555280666667,824.0888888888888,152.59366734777768
6630,2024-12-17 14:30:00,495.57,23.017998007000017,12.503333335444445,31.43958018627779,868.1333333333333,133.40289607222218
6631,2024-12-17 15:00:00,606.5,23.01083087927778,11.903332955444458,31.273883025111118,887.1055555555556,137.01617851388897
6632,2024-12-17 15:30:00,856.1,22.936274751166675,11.40277739777779,32.410004414388865,877.2111111111111,158.89641155388898
6633,2024-12-17 16:00:00,1740.43,23.007775804944448,11.100000379999987,32.03082088900001,869.8555555555556,247.42756000166665
6634,2024-12-17 16:30:00,555.07,23.05760789505556,10.600000379999987,32.13970033872223,937.1555555555556,200.6731270688888
6635,2024-12-17 17:00:00,620.3,22.925997511555583,10.100000379999987,32.03759946800003,945.4888888888889,220.42055299944437
6636,2024-12-17 17:30:00,547.53,22.81722047544445,9.800000190999985,32.11249981988888,945.1111111111111,205.4543696066667
6637,2024-12-17 18:00:00,836.63,22.68610938494447,9.800000190999985,32.84867341749999,992.1611111111112,177.58379075833335
6638,2024-12-17 18:30:00,635.17,22.61099759261112,9.800000190999985,32.62947649444443,959.9444444444445,209.68996904222223
6639,2024-12-17 19:00:00,519.8,22.578989167988823,9.800000190999985,32.480865840949704,958.072625698324,194.59658915586596
6640,2024-12-17 19:30:00,632.23,22.419275718277774,9.700555366677794,32.16818224577777,934.9555555555555,217.81787168555564
6641,2024-12-17 20:00:00,502.35,22.237886567166658,9.600555933377754,31.994396728888884,860.6166666666667,208.65290967888893
6642,2024-12-17 20:30:00,595.66,22.24377538966668,9.600000380999978,32.10025737544446,863.1333333333333,182.93284987999994
6643,2024-12-17 21:00:00,536.74,22.052941418388897,9.600000380999978,32.290916591277764,861.5722222222222,160.3895366216667
6644,2024-12-17 21:30:00,510.31,22.075997130055566,9.798889080944429,32.16455720255555,864.1166666666667,143.84806272944448
6645,2024-12-17 22:00:00,592.03,22.217830860000014,9.800000190999985,31.92809005311111,860.3944444444444,127.24288206722227
6646,2024-12-17 22:30:00,542.07,22.08177494477779,9.601111491055534,31.845706124000007,838.0777777777778,155.1541707822222
6647,2024-12-17 23:00:00,517.67,21.207386917611124,9.401110734344467,32.397033203499994,782.5611111111111,185.59134970555553
6648,2024-12-17 23:30:00,602.27,20.58916412000002,9.002222220105555,33.189711952388905,791.0333333333333,163.45636469888893
6649,2024-12-18 00:00:00,550.73,20.16760839911113,8.204444254505571,33.5233231015,792.1611111111112,146.0590677944445
6650,2024-12-18 00:30:00,605.73,19.714601410446924,7.901676071055864,34.06076115865922,795.6703910614525,132.34751188324026
6651,2024-12-18 01:00:00,504.37,19.449879561777806,7.800555746022209,34.272863154999996,796.9055555555556,119.95670293055561
6652,2024-12-18 01:30:00,632.37,19.179274347333315,7.601111017700003,34.53148108588891,794.2722222222222,109.33174798777776
6653,2024-12-18 02:00:00,555.07,18.952608341611114,7.400000094999997,34.681410768222236,794.6166666666667,99.54965511005551
6654,2024-12-18 02:30:00,592.23,18.688384755777776,7.400000094999997,34.91300633738889,785.5833333333334,91.35845247883336
6655,2024-12-18 03:00:00,574.23,18.506663778222233,7.400000094999997,34.989708349499985,782.3722222222223,83.15077874955554
6656,2024-12-18 03:30:00,663.47,18.277108997333336,7.400000094999997,35.179622226611095,789.1111111111111,77.33825221611113
6657,2024-12-18 04:00:00,676.06,18.103218969222233,7.599999905000003,35.327144792388886,800.4222222222222,71.47196909588892
6658,2024-12-18 04:30:00,674.37,17.915552658444447,7.400000094999997,35.558610301944455,811.7277777777778,66.46613903055555
6659,2024-12-18 05:00:00,643.31,18.641942469333348,7.300000190999986,34.72956644711113,818.8166666666667,123.53654562738886
6660,2024-12-18 05:30:00,648.77,20.172720284055558,7.099999905000003,32.879242854611114,796.0944444444444,131.36727053222214
6661,2024-12-18 06:00:00,513.77,20.940935017653654,6.599999905000003,32.3403842435754,810.4022346368715,108.51916265027934
6662,2024-12-18 06:30:00,647.73,20.848053020722226,6.900000094999998,32.48478959416666,808.2833333333333,95.82358491788885
6663,2024-12-18 07:00:00,642.83,21.25549778455557,7.300000190999986,31.865019056222227,817.55,85.33961194383335
6664,2024-12-18 07:30:00,679.9,21.540885745722235,8.399999619000022,31.505593829888912,828.4666666666667,71.75780171316666
6665,2024-12-18 08:00:00,751.03,21.563885869555563,9.300000190999985,32.949774847833325,832.2888888888889,58.589773347999994
6666,2024-12-18 08:30:00,593.6,20.4789967433889,10.399999620000013,32.9913617878889,777.5166666666667,54.78437582644444
6667,2024-12-18 09:00:00,608.81,19.694441202611124,11.199999810000007,33.33014083416669,735.5722222222222,50.728172810611085
6668,2024-12-18 09:30:00,772.0,19.39783084694444,11.899999620000015,34.826289092000025,841.0777777777778,82.53919857783329
6669,2024-12-18 10:00:00,566.27,20.174219100055563,11.699999810000007,33.26679068666668,822.2222222222222,197.49445864777775
6670,2024-12-18 10:30:00,844.87,21.222830634833343,12.199999810000007,32.315643808500006,860.1833333333333,143.8995969116666
6671,2024-12-18 11:00:00,705.43,21.77733172372222,12.600000379999985,32.71387032377778,944.4722222222222,121.92517038833333
6672,2024-12-18 11:30:00,615.77,21.660100851899433,13.0,33.15585097,1018.4078212290502,101.97503035547484
6673,2024-12-18 12:00:00,1176.5,21.855878077888892,13.198888699944451,32.49921607966667,991.8222222222222,150.4373999266111
6674,2024-12-18 12:30:00,1152.23,21.991442203222228,13.399999620000015,32.220498000222214,967.5833333333334,167.3764199144444
6675,2024-12-18 13:00:00,726.47,22.150886748000005,13.399999620000015,32.35856035022221,987.8166666666667,152.34926046166663
6676,2024-12-18 13:30:00,564.83,22.26605263872223,13.399999620000015,32.96978365600001,1152.5944444444444,127.27624782722216
6677,2024-12-18 14:00:00,628.3,22.094330724333336,13.300000189999993,33.50043123022221,1254.5388888888888,112.37302258777777
6678,2024-12-18 14:30:00,564.33,22.27571927216667,12.899999620000015,33.550032170388874,1350.4611111111112,102.98563889411123
6679,2024-12-18 15:00:00,629.97,22.318442154222232,12.399999620000015,32.890575515111095,1142.611111111111,250.8663621688333
6680,2024-12-18 15:30:00,671.23,22.473497444777806,11.800000189999993,32.38736790505556,958.3166666666667,285.8455151005556
6681,2024-12-18 16:00:00,581.57,22.49483047127779,11.199999810000007,32.30883782733332,925.3722222222223,229.87837575277777
6682,2024-12-18 16:30:00,1354.27,22.51377574083335,10.899999620000013,32.68431691055555,896.2888888888889,242.85624737222207
6683,2024-12-18 17:00:00,1348.2,22.426403589608906,10.300000189999993,38.532588575195504,943.8547486033519,276.45173773240253
6684,2024-12-18 17:30:00,863.63,22.555385790944445,9.899999619000024,40.26758827622221,1004.7833333333333,238.3739889338889
6685,2024-12-18 18:00:00,1604.07,22.562497160333347,9.899999619000024,36.8886166891111,975.5277777777778,258.5695253133333
6686,2024-12-18 18:30:00,601.03,22.597663137444446,9.600000380999978,35.69347301072221,963.2333333333333,227.55559938499985
6687,2024-12-18 19:00:00,572.6,22.57466428522221,9.399999619000022,35.141726408722214,965.7611111111111,199.0458081561111
6688,2024-12-18 19:30:00,618.17,22.176441479166673,9.199999809000015,34.459784719722236,859.95,230.52948371277802
6689,2024-12-18 20:00:00,506.5,22.370664766444463,9.0,34.24666921833333,879.3,190.61501608888895
6690,2024-12-18 20:30:00,555.1,22.483219730277806,8.899999619000022,33.9156423145,880.6277777777777,187.8093096411111
6691,2024-12-18 21:00:00,504.07,21.93905306933334,8.800000190999985,33.979673025222226,785.2055555555555,233.41856257111127
6692,2024-12-18 21:30:00,565.37,21.289108933666665,8.600000380999978,34.72465943216668,806.5722222222222,204.33303553111108
6693,2024-12-18 22:00:00,586.47,20.780553330611127,8.199999809000014,35.37465655005556,816.0666666666667,241.90341991499983
6694,2024-12-18 22:30:00,491.3,20.38141780245809,8.199999809000014,35.7006992573743,807.9553072625698,245.92720006145254
6695,2024-12-18 23:00:00,542.67,20.018696032499992,8.199999809000014,36.068083932499995,810.2222222222222,217.58035753055563
6696,2024-12-18 23:30:00,468.53,19.844607956666664,8.199999809000014,36.116512574,817.6722222222222,197.70514009277784
6697,2024-12-19 00:00:00,557.17,19.581108528166673,8.100000380999978,36.4025914296111,823.3388888888888,179.0819572427776
6698,2024-12-19 00:30:00,524.93,19.408830823333332,8.100000380999978,36.53092187216665,823.2277777777778,161.50936347111116
6699,2024-12-19 01:00:00,467.23,19.302830727944446,8.100000380999978,36.46223008861112,821.5166666666667,147.6752386322222
6700,2024-12-19 01:30:00,615.9,19.17460930155557,7.900000094999998,36.57800195516666,815.1611111111112,136.07397800222222
6701,2024-12-19 02:00:00,535.6,19.04644232833331,7.699999809000014,36.63239222655555,813.2388888888889,123.77867690388887
6702,2024-12-19 02:30:00,804.27,19.181274668722217,7.599999905000003,37.19308367788886,881.9944444444444,112.24439248055555
6703,2024-12-19 03:00:00,530.42,19.99099756861111,7.400000094999997,36.47352769644446,917.0277777777778,98.15228975127773
6704,2024-12-19 03:30:00,564.66,21.426774926055568,7.400000094999997,34.86528820455554,933.1111111111111,84.84880307488896
6705,2024-12-19 04:00:00,568.83,22.094840055530742,7.5,34.42587742743017,939.8547486033519,86.5933977269274
6706,2024-12-19 04:30:00,565.83,22.283942381722238,7.300000190999986,33.89962897877778,855.9166666666666,158.57867991055554
6707,2024-12-19 05:00:00,550.17,22.46221993777778,7.199999809000014,33.66264150422222,860.85,135.215086955
6708,2024-12-19 05:30:00,573.43,22.297830888555563,7.199999809000014,33.883994102666676,870.6611111111112,118.03130632777778
6709,2024-12-19 06:00:00,578.63,21.9098310683889,6.800000190999986,34.360943497666675,877.6166666666667,104.96657472944442
6710,2024-12-19 06:30:00,492.5,22.24555411894442,6.800000190999986,33.79899929922223,884.3111111111111,94.3551417458333
6711,2024-12-19 07:00:00,514.67,22.475330596666666,6.900000094999998,33.44972652827776,889.45,81.38536970383336
6712,2024-12-19 07:30:00,1124.13,22.56721924677778,7.599999905000003,32.19228036666666,776.2222222222222,98.87647425677773
6713,2024-12-19 08:00:00,854.4,22.774330520944446,8.199999809000014,32.12566941555555,745.5555555555555,62.60682175950002
6714,2024-12-19 08:30:00,1114.23,23.171608055666642,9.100000380999978,33.563902113111126,1012.2777777777778,48.777658017888854
6715,2024-12-19 09:00:00,1232.87,23.39905380688888,9.899999619000024,33.494251505222216,1133.15,39.44270254777777
6716,2024-12-19 09:30:00,1343.73,23.277651696201108,10.199999810000007,32.930579073463655,953.6256983240223,105.12560442592181
6717,2024-12-19 10:00:00,603.0,23.11385183350001,9.503888887833334,31.964827113666665,725.6277777777777,158.91857324777777
6718,2024-12-19 10:30:00,995.66,23.428663847555566,9.800000190999985,32.50925614055557,710.0222222222222,182.77690959444448
6719,2024-12-19 11:00:00,758.4,23.971109041055556,10.100000379999987,34.234037081388905,786.4611111111111,150.42749820555557
6720,2024-12-19 11:30:00,617.32,23.954997073666664,10.300000189999993,34.12608176344444,794.5611111111111,140.87536091555558
6721,2024-12-19 12:00:00,548.8,23.571663814444445,10.899999620000013,32.76531626333333,724.7333333333333,166.42269617722226
6722,2024-12-19 12:30:00,482.28,23.000330352888916,11.100000379999987,32.920326657055575,703.6166666666667,193.11395322722208
6723,2024-12-19 13:00:00,522.53,22.998941856888884,11.100000379999987,32.95515200300001,734.5944444444444,161.7237453027778
6724,2024-12-19 13:30:00,508.67,22.95283167172221,11.100000379999987,33.118662812944464,770.1555555555556,140.4920096511111
6725,2024-12-19 14:00:00,453.4,22.567441824055557,11.100000379999987,33.18499753733333,682.1055555555556,170.0590243861112
6726,2024-12-19 14:30:00,458.17,22.92855318933334,10.800000189999993,32.63923471244445,641.85,130.64064068055555
6727,2024-12-19 15:00:00,517.4,23.07964129932959,10.399999620000013,32.48834439491619,646.022346368715,108.99357353681563
6728,2024-12-19 15:30:00,1120.37,22.70205337750002,9.899999619000024,32.78801053383333,646.4388888888889,110.97083697833328
6729,2024-12-19 16:00:00,1110.8,22.661164082777766,10.199999810000007,34.27584120455555,823.1388888888889,75.5569860248333
6730,2024-12-19 16:30:00,582.43,22.52238648788889,9.5,34.29107261294446,852.7166666666667,145.2241537308334
6731,2024-12-19 17:00:00,572.63,22.419498179444435,8.899999619000022,34.02590868177777,803.3222222222222,120.0674102766667
6732,2024-12-19 17:30:00,436.7,22.528330146388882,8.800000190999985,33.719566006166666,787.35,99.82862883811111
6733,2024-12-19 18:00:00,643.53,22.377220080055558,9.100000380999978,34.47512056538889,827.5833333333334,86.86387562177775
6734,2024-12-19 18:30:00,1502.8,22.17433078594445,8.899999619000022,34.62189854511109,805.95,134.86299552494452
6735,2024-12-19 19:00:00,497.9,22.19238626733333,8.800000190999985,34.645953475222235,814.4722222222222,109.41518321455553
6736,2024-12-19 19:30:00,516.42,22.31271974777778,8.600000380999978,34.68822958216666,835.7277777777778,117.15762727661115
6737,2024-12-19 20:00:00,488.2,22.30427577755557,8.399999619000022,34.34165994855556,767.4277777777778,134.1270705727778
6738,2024-12-19 20:30:00,506.21,22.38089901346366,8.199999809000014,34.290441694189965,781.9497206703911,111.3723304815643
6739,2024-12-19 21:00:00,564.2,22.36100692672222,8.100555933377755,34.384550094611086,805.9111111111112,95.55832905099999
6740,2024-12-19 21:30:00,439.4,22.401831288611124,7.900000094999998,34.2708772868889,816.4944444444444,82.66783150583335
6741,2024-12-19 22:00:00,586.87,22.37333100550002,7.5,34.290993245500026,824.45,75.32385715861109
6742,2024-12-19 22:30:00,449.23,22.11649694455555,7.400000094999997,34.32488206222222,736.0833333333334,143.46779335699992
6743,2024-12-19 23:00:00,410.03,21.468275228944453,7.300000190999986,34.893397755277796,733.7944444444445,122.45075332000005
6744,2024-12-19 23:30:00,442.0,21.004163562555554,7.400000094999997,35.37718024794445,746.0,107.54728393366669
6745,2024-12-20 00:00:00,440.67,20.61055292605557,7.199999809000014,35.75796731316665,749.1277777777777,94.34299858883337
6746,2024-12-20 00:30:00,513.97,20.320497459722237,7.300000190999986,36.05275092666669,754.1722222222222,83.01017269594442
6747,2024-12-20 01:00:00,408.97,20.03888601766668,7.300000190999986,36.360555119222234,750.0111111111111,73.76899214861108
6748,2024-12-20 01:30:00,446.07,19.934997643166657,7.300000190999986,36.37620279527778,750.7777777777778,65.83638676566669
6749,2024-12-20 02:00:00,520.17,19.642732226033534,7.300000190999986,36.698052475810066,740.0279329608938,57.59108565770952
6750,2024-12-20 02:30:00,426.67,19.524998166888906,7.200555366677792,36.80154020505556,737.9277777777778,51.73710630183336
6751,2024-12-20 03:00:00,517.53,19.29099685900002,7.00111111005,36.90513983822223,729.1277777777777,45.99324686249999
6752,2024-12-20 03:30:00,487.67,19.157553037999975,6.900000094999998,37.08968811049999,720.45,41.05973014844442
6753,2024-12-20 04:00:00,611.3,19.006886005333335,7.099999905000003,37.18062597883332,715.95,36.37690501772222
6754,2024-12-20 04:30:00,540.1,18.86122011527776,6.901111205055552,37.30822813216667,710.1777777777778,32.35827580538891
6755,2024-12-20 05:00:00,527.73,19.138719887444438,6.800000190999986,37.534058909777784,742.2055555555555,74.40659917094446
6756,2024-12-20 05:30:00,524.8,20.511164230944456,6.699999809000014,36.137953694833314,744.1388888888889,80.71716482388894
6757,2024-12-20 06:00:00,548.37,21.471608267888886,6.199999809000013,35.29080159949999,754.1333333333333,64.93292297788886
6758,2024-12-20 06:30:00,442.43,21.850886429944453,6.699999809000014,35.00037678605557,755.0611111111111,52.97996959677779
6759,2024-12-20 07:00:00,618.07,21.78305308077781,7.199999809000014,35.16427658894444,766.0833333333334,43.29918155661111
6760,2024-12-20 07:30:00,934.13,21.715553283798894,8.300000190999985,33.77963139625699,748.4022346368715,36.46270743424579
6761,2024-12-20 08:00:00,586.7,21.3964378143889,9.100000380999978,31.206149768666684,524.5666666666667,62.53235910288891
6762,2024-12-20 08:30:00,464.52,21.23766367177778,10.100000379999987,32.63235769244444,545.5166666666667,74.39686143655558
6763,2024-12-20 09:00:00,444.72,20.52783081305557,10.800000189999993,33.639126523333324,528.0444444444445,63.137608146777794
6764,2024-12-20 09:30:00,483.53,19.984719594555543,11.199999810000007,34.44135983805556,519.2888888888889,54.88223734933334
6765,2024-12-20 10:00:00,561.67,19.697220177222214,11.600000379999988,34.93297725277776,515.1555555555556,49.93145241172224
6766,2024-12-20 10:30:00,430.77,19.385108195555578,11.899999620000015,35.385898039,509.0888888888889,43.98794384016666
6767,2024-12-20 11:00:00,556.13,19.121164130444452,12.100000379999985,35.77207050294446,507.56111111111113,39.08680040577777
6768,2024-12-20 11:30:00,603.1,18.968317788659196,12.199999810000007,35.955680506256975,502.3463687150838,35.83574254581005
6769,2024-12-20 12:00:00,802.83,19.436274708888895,12.199999810000007,36.516053220944436,606.0611111111111,33.878504265388884
6770,2024-12-20 12:30:00,468.97,20.364607737333333,12.597778154611097,35.43738856838891,646.3555555555556,116.59287296838883
6771,2024-12-20 13:00:00,1193.1,20.919704702500013,12.798889079944438,34.52881751572223,642.0,146.71271235222224
6772,2024-12-20 13:30:00,1031.33,21.71627613744444,12.899999620000015,34.43520832066666,769.0944444444444,118.24695959888876
6773,2024-12-20 14:00:00,533.23,22.104929223333308,12.899999620000015,34.52592332666667,930.1277777777777,101.66429913838888
6774,2024-12-20 14:30:00,449.03,22.121887091222227,12.199999810000007,34.777494600444456,1039.9777777777779,87.18853899649999
6775,2024-12-20 15:00:00,523.67,22.10649824155555,11.600000379999988,34.374466853666675,1020.4666666666667,71.90078069894442
6776,2024-12-20 15:30:00,539.87,22.03602688569832,10.899999620000013,34.02360359916202,914.6703910614525,62.745272865419004
6777,2024-12-20 16:00:00,497.23,21.91138658600001,10.20388869783334,33.84393812844444,820.1222222222223,137.55070815688882
6778,2024-12-20 16:30:00,606.73,21.94988614266668,10.001111110055556,33.71190992955557,757.4,126.06250763277787
6779,2024-12-20 17:00:00,554.77,21.931830915388918,9.900555176672245,34.05300740133332,783.5222222222222,128.99869185333336
6780,2024-12-20 17:30:00,711.2,22.0763861973889,9.60166704343331,34.625640593555566,789.4388888888889,166.70705269666666
6781,2024-12-20 18:00:00,850.07,22.206107755166673,9.600000380999978,35.94035540677776,847.1277777777777,151.2048305072222
6782,2024-12-20 18:30:00,507.87,22.219694274888873,9.600000380999978,35.86188568527778,894.6055555555556,134.9830072194445
6783,2024-12-20 19:00:00,1589.13,22.077113639222265,9.500555557672222,35.00707641194447,839.9722222222222,176.7542766122222
6784,2024-12-20 19:30:00,466.93,22.250608539833326,9.399999619000022,34.87261409755556,862.8222222222222,140.40639199000003
6785,2024-12-20 20:00:00,530.6,22.227219084388903,9.399999619000022,34.81802955233332,885.3666666666667,123.04649933777775
6786,2024-12-20 20:30:00,445.8,22.32127530822222,9.199999809000015,34.61715441822223,907.5333333333333,108.7546713122222
6787,2024-12-20 21:00:00,492.6,22.114441765888888,8.899999619000022,34.083883582500015,849.2444444444444,155.0715188775
6788,2024-12-20 21:30:00,408.37,21.387703805027932,8.899999619000022,34.74636429513969,815.7821229050279,147.50177300223467
6789,2024-12-20 22:00:00,464.43,20.852219561000002,8.899999619000022,35.31170527149999,816.8722222222223,130.6104742677778
6790,2024-12-20 22:30:00,420.47,20.359775956333348,8.800555743377762,35.89092731449999,823.4611111111111,117.64748339666666
6791,2024-12-20 23:00:00,545.93,20.01288605888891,8.700555366677794,36.22176831566666,823.2611111111111,105.4318258506111
6792,2024-12-20 23:30:00,673.07,19.8574419555,8.799444633322206,36.727529207833335,857.8611111111111,93.29606819255561
6793,2024-12-21 00:00:00,446.13,19.53409464177777,8.899444066622245,36.93855423388888,850.3666666666667,83.49320933055552
6794,2024-12-21 00:30:00,508.2,19.251997873277784,8.899999619000022,36.96643189338889,843.4166666666666,76.4163444941111
6795,2024-12-21 01:00:00,466.57,19.076274987833326,8.899999619000022,36.9064254333889,833.5833333333334,69.50749969494444
6796,2024-12-21 01:30:00,557.83,18.897759869106142,8.399999619000022,36.90878263983239,850.6648044692737,88.46634173223461
6797,2024-12-21 02:00:00,561.83,19.45077504044445,7.90277787013333,35.42638096272223,828.3611111111111,145.0215239622222
6798,2024-12-21 02:30:00,440.2,19.865718820555564,8.098889268299978,35.281415028000005,839.2944444444445,121.21281204166662
6799,2024-12-21 03:00:00,537.67,20.70110920799999,8.398332956566689,34.12686189000002,840.8388888888888,105.38351478811114
6800,2024-12-21 03:30:00,507.1,21.07410802894445,8.797777965599986,33.82904697033336,857.0888888888888,91.8348295001111
6801,2024-12-21 04:00:00,614.3,21.16466491505555,9.79444463544443,32.52601721044446,822.6111111111111,153.26579751388886
6802,2024-12-21 04:30:00,509.5,21.503663466111114,9.302777968777763,32.40076815322221,811.7222222222222,135.42459246500005
6803,2024-12-21 05:00:00,519.6,21.655552949222262,8.603889268833312,32.40177737349998,819.3277777777778,117.75361692277782
6804,2024-12-21 05:30:00,588.0,21.573429828111124,8.401110734344467,32.610798644611116,824.1166666666667,101.96980760444444
6805,2024-12-21 06:00:00,480.6,22.299340820222223,8.300000190999985,31.97238858555555,826.4111111111112,85.31977047377774
6806,2024-12-21 06:30:00,626.3,22.696608840222215,8.100000380999978,31.755382972111093,821.1388888888889,71.37475823344447
6807,2024-12-21 07:00:00,674.37,22.883290733128486,7.900000094999998,31.810827116815663,826.5698324022346,59.478196703687175
6808,2024-12-21 07:30:00,548.6,22.625997871777805,7.900000094999998,31.642588658111098,818.5277777777778,46.633881505388864
6809,2024-12-21 08:00:00,773.9,22.077053313500024,7.800555746022209,30.52714696444446,774.0388888888889,32.55761821533335
6810,2024-12-21 08:30:00,597.53,21.71433052472221,7.800000190999986,26.305453257999993,596.8388888888888,53.079046440055535
6811,2024-12-21 09:00:00,475.77,21.731664191777803,7.800000190999986,27.546569930500016,673.6722222222222,86.26958671250004
6812,2024-12-21 09:30:00,520.23,21.85838547838889,7.800000190999986,29.789770104999995,901.0166666666667,70.62832266461113
6813,2024-12-21 10:00:00,508.13,21.872832022666667,7.203333144455569,31.00580977372223,1051.0722222222223,60.0067048181111
6814,2024-12-21 10:30:00,494.53,21.715108299444456,7.199999809000014,32.00996834433332,1189.6222222222223,54.387567180944444
6815,2024-12-21 11:00:00,823.13,22.012036874388876,7.199999809000014,31.145563570388887,1142.2555555555555,58.056824408666664
6816,2024-12-21 11:30:00,684.87,22.05988596855555,7.099999905000003,33.21866078905556,1135.5611111111111,64.90069336438887
6817,2024-12-21 12:00:00,501.3,22.091774898444434,6.800000190999986,31.294325097388896,1034.2666666666667,103.70263413299998
6818,2024-12-21 12:30:00,572.2,22.028830814833338,6.699999809000014,30.84646872388888,992.65,133.56479619227778
6819,2024-12-21 13:00:00,464.17,22.27133050477778,6.599999905000003,30.492166741499997,955.1611111111112,149.49528910277772
6820,2024-12-21 13:30:00,473.1,22.24753568458102,6.400000094999997,30.949637056201123,970.0949720670391,128.50580596871504
6821,2024-12-21 14:00:00,509.7,22.263774840444466,6.300555746022209,31.132710562777774,974.4722222222222,112.4296224372222
6822,2024-12-21 14:30:00,479.93,22.101552677111123,6.300000190999986,31.52018582066666,981.7444444444444,99.05047268433333
6823,2024-12-21 15:00:00,588.53,22.197608195333324,6.300000190999986,31.412131606500008,990.5666666666667,89.3493048356111
6824,2024-12-21 15:30:00,1575.6,22.25960937105557,6.300000190999986,30.17036994266665,908.4555555555555,156.20024482166664
6825,2024-12-21 16:00:00,565.1,22.245276515666678,6.001666667727777,31.023612944055575,926.9888888888889,129.65676638277776
6826,2024-12-21 16:30:00,531.6,22.160787159222235,5.9005556500277745,31.115553060833328,878.3888888888889,110.60414318372227
6827,2024-12-21 17:00:00,543.27,22.00494709099999,5.800000190999987,31.258068773666704,831.0,96.53062608505554
6828,2024-12-21 17:30:00,587.9,21.852553018444468,5.699999809000013,31.48769897933332,843.3333333333334,79.51180992094443
6829,2024-12-21 18:00:00,1088.43,22.231997320777776,5.699999809000013,32.543017313166665,936.9722222222222,70.6719942727778
6830,2024-12-21 18:30:00,639.47,22.311608420222242,5.599999905000003,33.88756457444443,1002.6833333333333,84.98363370000003
6831,2024-12-21 19:00:00,465.77,22.120219707166687,5.599999905000003,31.976921219499996,937.7722222222222,220.7015427483333
6832,2024-12-21 19:30:00,490.6,22.15049707458101,5.599999905000003,31.22949913497207,913.5251396648044,232.62964745419006
6833,2024-12-21 20:00:00,561.83,22.219885974500013,5.599999905000003,31.507230016833333,944.5944444444444,188.9433366572222
6834,2024-12-21 20:30:00,636.65,22.184608321777777,5.599999905000003,31.58040316905556,963.7222222222222,163.8196829083333
6835,2024-12-21 21:00:00,650.93,21.8818310636667,5.500555555027778,31.894965722722223,966.1277777777777,164.2774982055555
6836,2024-12-21 21:30:00,451.77,22.109552542555566,5.4005556500277745,31.476058504499996,953.2888888888889,142.61702897833337
6837,2024-12-21 22:00:00,617.3,22.113886557277784,5.300555746022209,31.44308798066667,949.5611111111111,124.46089405222229
6838,2024-12-21 22:30:00,549.03,22.006886005777783,5.300000190999987,30.941325759777794,918.7055555555555,147.247125835
6839,2024-12-21 23:00:00,452.03,21.333776029277786,5.300000190999987,30.31817444666666,800.9611111111111,203.81198543888883
6840,2024-12-21 23:30:00,451.17,20.720163356166672,5.199999809000013,31.35844425638889,820.0888888888888,178.26623407722215
6841,2024-12-22 00:00:00,487.8,20.190163400166664,5.199999809000013,32.053934934666664,830.5777777777778,160.63493686333325
6842,2024-12-22 00:30:00,462.0,19.779163487944455,5.099999905000003,32.54675668088887,831.3611111111111,145.30611521111118
6843,2024-12-22 01:00:00,545.77,19.357441648277785,5.0,33.03496178566666,828.65,132.4086274872223
6844,2024-12-22 01:30:00,526.65,19.08877578355556,4.900000094999998,33.23131601561111,821.8388888888888,119.90922499888892
6845,2024-12-22 02:00:00,567.38,18.73960917822222,4.900000094999998,33.474355379999984,807.8666666666667,108.1067985927778
6846,2024-12-22 02:30:00,624.77,18.815386412166674,4.900000094999998,33.43179881833334,831.8833333333333,115.75904146805556
6847,2024-12-22 03:00:00,589.2,20.04032982750001,4.900000094999998,31.596553188277777,779.5333333333333,155.7207514455555
6848,2024-12-22 03:30:00,566.8,20.505023860502803,4.900000094999998,31.89517887474862,787.5251396648044,130.11547361731846
6849,2024-12-22 04:00:00,629.47,21.158156369050296,4.800000190999988,31.21641421167599,793.0337078651686,110.21191947653642
6850,2024-12-22 04:30:00,627.3,21.317108239777767,4.800000190999988,31.018550364222225,794.4777777777778,96.7403023189444
6851,2024-12-22 05:00:00,506.33,21.31849830405556,4.800000190999988,31.018489244499992,792.8166666666667,86.54932963049998
6852,2024-12-22 05:30:00,766.53,21.442830584111118,4.70055536667779,30.88793720677777,799.9777777777778,76.9590017530555
6853,2024-12-22 06:00:00,807.17,21.368553723333335,4.6005554600222265,31.928020614777793,823.1666666666666,100.04809769266664
6854,2024-12-22 06:30:00,1623.8,22.37421962994446,4.69944425397779,30.55190058822221,765.2555555555556,114.30560616377782
6855,2024-12-22 07:00:00,618.1,22.5462194866667,4.699999809000012,30.569799031055528,776.4777777777778,92.14585609472223
6856,2024-12-22 07:30:00,454.67,21.751330418388896,5.59499990446667,30.8191367363889,753.35,71.43717492449998
6857,2024-12-22 08:00:00,556.94,20.751886569388894,6.395555649499997,30.923157384555562,671.0888888888888,55.513359196944435
6858,2024-12-22 08:30:00,581.43,20.11333119077779,7.195555366144458,30.770999696388845,605.25,41.73513796016667
6859,2024-12-22 09:00:00,571.23,19.626073635307282,7.796648233558646,30.75464834687152,602.9050279329609,28.64297245564247
6860,2024-12-22 09:30:00,548.79,19.402331172888893,8.396666288844466,31.412083689222218,710.3055555555555,21.91793382461109
6861,2024-12-22 10:00:00,603.07,19.202664025944443,8.499444442327778,31.53914042555554,733.0944444444444,93.0179801933333
6862,2024-12-22 10:30:00,1150.73,19.80727508372223,8.897777398894467,32.25456003611111,859.9555555555555,66.02130143922221
6863,2024-12-22 11:00:00,618.43,21.0121083258889,9.098889265655533,32.4575916713889,1010.3388888888888,106.99022225288891
6864,2024-12-22 11:30:00,625.67,21.494220214333332,9.298889080944429,32.16244390255556,1082.9777777777779,84.21086684316671
6865,2024-12-22 12:00:00,600.5,21.588219939222224,9.399444066622245,30.749565760277772,1010.9333333333333,131.77428198966675
6866,2024-12-22 12:30:00,491.77,21.502996921722243,9.399999619000022,29.780619334999997,859.65,184.82007158055563
6867,2024-12-22 13:00:00,563.33,21.39833040244446,9.201110919055571,29.607402462277783,770.5388888888889,187.11841066333326
6868,2024-12-22 13:30:00,432.9,21.43627465572223,9.100555933377755,30.032481045166666,788.0055555555556,158.27408353833346
6869,2024-12-22 14:00:00,541.87,21.498608494499987,8.901110734344467,30.111246511944426,792.2833333333333,136.24766413555557
6870,2024-12-22 14:30:00,478.63,21.798552025888895,8.4027773967778,29.844229920611106,794.9555555555555,116.39613567166667
6871,2024-12-22 15:00:00,1133.77,22.07091696988828,7.900000094999998,30.747645223463696,836.3519553072625,96.03766623575419
6872,2024-12-22 15:30:00,1524.83,22.10671947294445,7.402777872777775,30.58402149422222,781.5444444444445,110.17206395366668
6873,2024-12-22 16:00:00,811.07,21.793886556166683,7.300555746022209,32.296627044833336,781.5444444444445,114.33268178555552
6874,2024-12-22 16:30:00,563.53,22.032553630944452,6.703333144455569,31.68174549766668,902.6777777777778,92.23773083305558
6875,2024-12-22 17:00:00,642.3,21.74699729333334,6.20277758677779,30.6965798486111,814.1388888888889,147.95277917749996
6876,2024-12-22 17:30:00,596.73,21.885552163111132,5.802222411099987,30.484287049777777,799.2555555555556,147.69981070499995
6877,2024-12-22 18:00:00,700.8,21.89588590216672,5.6011110177000045,30.40146831933332,784.3333333333334,152.66820662055562
6878,2024-12-22 18:30:00,507.74,21.859108310388898,5.301666856077765,30.457175371500025,751.3,200.60296991277772
6879,2024-12-22 19:00:00,492.97,21.97344153833332,5.20055536667779,30.4411074213889,776.5722222222222,168.4112703105556
6880,2024-12-22 19:30:00,550.67,21.826941533111135,5.100555460022226,30.71793774505558,805.4222222222222,146.12056129999993
6881,2024-12-22 20:00:00,669.0,21.9358259022905,4.901117412374298,30.54747766899441,831.8435754189944,141.9808955301677
6882,2024-12-22 20:30:00,510.77,21.86021965872223,4.701110921700012,30.001101408999986,737.7333333333333,162.38720406166672
6883,2024-12-22 21:00:00,518.1,21.90572009666663,4.6005554600222265,30.211037519499996,763.4888888888889,131.77775662944438
6884,2024-12-22 21:30:00,547.17,21.920665073833337,4.401111205055552,30.30127116299997,776.5,114.52969279777776
6885,2024-12-22 22:00:00,547.69,21.820886400055564,4.101666572722226,30.32777173777777,758.9944444444444,123.65065358316673
6886,2024-12-22 22:30:00,532.67,21.008885945500005,4.099999905000003,30.755638726722232,699.9222222222222,141.2235903455554
6887,2024-12-22 23:00:00,449.43,20.318274837166676,4.199444253977789,31.635035493833346,722.6388888888889,123.83204684833335
6888,2024-12-22 23:30:00,537.53,19.850664796333334,4.199999809000011,32.117473337444444,738.3,110.10523868166666
6889,2024-12-23 00:00:00,473.65,19.361941591666678,3.702777824449994,32.69278884427776,743.4611111111111,98.8459655742222
6890,2024-12-23 00:30:00,561.66,19.083552688666693,3.7000000479999953,33.01458801722222,759.3333333333334,88.58343785611102
6891,2024-12-23 01:00:00,505.6,18.715831099499997,3.600555461350003,33.364922883833344,755.4666666666667,79.14081475977777
6892,2024-12-23 01:30:00,686.0,18.480173704833334,3.699444491649995,33.54831218722224,757.7111111111111,71.26090316772222
6893,2024-12-23 02:00:00,453.3,18.227383235363106,3.7000000479999953,33.73746575748602,751.2960893854748,64.13095429474862
6894,2024-12-23 02:30:00,594.67,18.11610790850001,3.799444396977783,34.00874606250002,768.3555555555556,62.59698592316667
6895,2024-12-23 03:00:00,636.53,18.86799879083334,3.799999952000004,33.155730120333345,772.9888888888889,141.35196368105554
6896,2024-12-23 03:30:00,568.93,19.858441756000015,3.799999952000004,32.4078774133889,781.1388888888889,113.68971697611111
6897,2024-12-23 04:00:00,527.33,21.176052994277768,3.799999952000004,31.20128861538891,786.5333333333333,94.14963014349998
6898,2024-12-23 04:30:00,655.63,21.67372011622223,3.700555603022216,31.150712818611105,814.6611111111112,84.18782734372226
6899,2024-12-23 05:00:00,509.3,21.443275727833342,3.501111111377777,30.8438655748889,731.7944444444445,145.21037326388893
6900,2024-12-23 05:30:00,547.87,21.341831398444473,3.6988889366222173,31.043047501888886,732.8333333333334,123.79253502055559
6901,2024-12-23 06:00:00,510.53,21.309386476055543,3.501111111377777,31.0720921517778,740.5555555555555,107.7458299863334
6902,2024-12-23 06:30:00,629.33,21.07621887011112,4.300000190999989,31.39369161383333,756.0388888888889,94.87651770016666
6903,2024-12-23 07:00:00,532.37,21.5927109452809,5.099999905000003,31.2310662325281,776.4719101123595,81.54704306101122
6904,2024-12-23 07:30:00,935.0,21.785886541999997,6.094444349444448,31.455778927333334,751.9555555555555,54.27322847572221
6905,2024-12-23 08:00:00,1049.73,20.6482753543889,6.796111300522209,30.562242444222225,613.4611111111111,111.1494812188889
6906,2024-12-23 08:30:00,693.77,20.015164290611114,6.800000190999986,31.312935998500027,651.5722222222222,107.75686518622224
6907,2024-12-23 09:00:00,1776.03,20.455996852722215,6.800000190999986,30.802171251388877,689.2388888888889,159.63597679222218
6908,2024-12-23 09:30:00,1061.67,21.09060872366667,9.186666477788904,30.990797010999994,777.5388888888889,124.70454868888886
6909,2024-12-23 10:00:00,1035.2,21.44488622888887,9.199999809000015,31.485721800055543,942.6833333333333,100.27503539111116
6910,2024-12-23 10:30:00,1076.47,21.545997175055554,10.095000376827764,31.342941654555545,998.7666666666667,99.94528859411112
6911,2024-12-23 11:00:00,1170.0,21.6214979068889,10.69666647983334,31.614640712722217,933.1555555555556,134.8545615283333
6912,2024-12-23 11:30:00,655.1,21.76233015100003,10.898888509944458,34.65904566477778,967.0277777777778,115.44897452444447
6913,2024-12-23 12:00:00,582.9,21.52688641072222,11.198333142277786,34.02789989044444,974.6333333333333,144.43848826322235
6914,2024-12-23 12:30:00,435.77,21.827869892388893,11.597778154611097,32.59485149383331,955.5333333333333,157.09252785666655
6915,2024-12-23 13:00:00,541.24,21.674609120777777,11.800000189999993,33.016612349499994,1023.3277777777778,132.347882965
6916,2024-12-23 13:30:00,471.73,21.871391520446927,11.399999620000013,32.93144261217879,1110.927374301676,114.89775209167595
6917,2024-12-23 14:00:00,1708.4,22.25344176855556,11.101667042444431,31.39929570094444,1017.0722222222222,180.346594533889
6918,2024-12-23 14:30:00,491.57,22.320108954388903,11.100000379999987,30.735465536888892,923.6,188.30002806111102
6919,2024-12-23 15:00:00,579.9,22.09399834816668,11.100000379999987,30.936743768388887,885.5333333333333,207.380495705
6920,2024-12-23 15:30:00,542.53,22.09627543499999,11.100000379999987,30.58627061811111,871.9,219.9436770122223
6921,2024-12-23 16:00:00,518.63,22.004194568670542,11.000578036878613,30.984719491618474,858.1445086705203,178.64383896069376
6922,2024-12-23 16:30:00,617.93,21.744830895111125,11.09944482233332,31.95073538888889,876.8777777777777,146.66495598777783
6923,2024-12-23 17:00:00,504.57,21.968654675388898,11.298889079944438,31.488558716055557,855.8555555555556,126.33742735222222
6924,2024-12-23 17:30:00,1536.07,22.036331303944444,11.399999620000012,32.1798936101111,874.2833333333333,110.01407623433329
6925,2024-12-23 18:00:00,1027.9,22.133774301444422,11.199999810000007,37.78217319905557,965.1,116.87750740055552
6926,2024-12-23 18:30:00,582.43,22.100665293833323,10.600000379999987,36.4139956791111,964.05,199.32364633666668
6927,2024-12-23 19:00:00,503.5,22.02499834727777,10.100000379999987,34.186307716222245,961.2777777777778,191.49877115888881
6928,2024-12-23 19:30:00,649.77,21.977830866277777,9.399999619000022,33.460925526111104,955.0555555555555,164.6840997477777
6929,2024-12-23 20:00:00,566.6,22.05766374833335,8.800000190999985,32.72051444561111,900.55,144.96043116111102
6930,2024-12-23 20:30:00,569.53,22.05894202111116,8.5,32.32649521250001,863.4277777777778,127.79888915944444
6931,2024-12-23 21:00:00,648.13,22.132117000111737,8.300000190999985,31.99619983687151,856.8100558659218,113.08193296145252
6932,2024-12-23 21:30:00,604.13,21.63388801177778,8.399444066622245,31.125642320777782,835.9888888888889,166.5348578583333
6933,2024-12-23 22:00:00,479.3,21.836830382944445,8.002222220105555,30.636274719333333,833.4333333333333,187.6423558555556
6934,2024-12-23 22:30:00,409.13,21.059219096000007,7.400000094999997,31.13067096094443,809.45,198.97924880888874
6935,2024-12-23 23:00:00,589.87,20.41244166694444,6.902777872777775,32.116579935499985,831.8722222222223,176.57307993833325
6936,2024-12-23 23:30:00,423.77,19.906442017500016,6.701110921700014,32.68271702622219,850.2833333333333,157.76344460722223
6937,2024-12-24 00:00:00,571.1,19.561664412055563,7.199999809000014,32.96023616788889,863.5,142.12607998277778
6938,2024-12-24 00:30:00,521.27,19.141608852888922,7.0,33.30284849811111,868.8222222222222,125.206811905
6939,2024-12-24 01:00:00,567.53,18.85533040288888,6.800000190999986,33.510457505000005,868.5611111111111,114.05206998333328
6940,2024-12-24 01:30:00,523.53,18.617275492333338,6.699999809000014,33.67004937083334,870.45,104.55288522405553
6941,2024-12-24 02:00:00,663.1,18.433775213666664,6.5,34.00253037327777,864.4444444444445,93.65435078955561
6942,2024-12-24 02:30:00,1989.83,18.365552658833344,6.199999809000013,34.65452338288891,920.5111111111111,85.17974196544445
6943,2024-12-24 03:00:00,508.63,19.431830724500003,6.099999905000003,33.590870942166674,943.3388888888888,75.94628406105554
6944,2024-12-24 03:30:00,665.4,20.956052738111115,6.0,31.872788747166673,931.1944444444445,64.40494155872223
6945,2024-12-24 04:00:00,537.3,21.095385615555585,6.599999905000003,31.786091274722235,919.8944444444444,56.38370306222218
6946,2024-12-24 04:30:00,646.47,21.253886064111118,6.400000094999997,31.39833569016665,910.5222222222222,50.46095740005555
6947,2024-12-24 05:00:00,541.43,21.048164654333334,6.300000190999986,31.49541948100001,902.6,45.368805015999975
6948,2024-12-24 05:30:00,716.97,21.140887383519562,5.900000094999998,30.04610075519553,856.4748603351956,113.09950337558655
6949,2024-12-24 06:00:00,496.93,21.28571943744447,5.800555746022209,29.936714437222232,826.4055555555556,100.36173206099998
6950,2024-12-24 06:30:00,525.9,21.4606628317778,5.99888888995,29.930648538999993,827.2166666666667,86.10030326855559
6951,2024-12-24 07:00:00,679.43,21.47827475922224,6.298333523272208,29.962683201166666,842.95,71.40947748827776
6952,2024-12-24 07:30:00,570.94,21.409831163611106,6.996111112172222,29.222651630166663,804.7111111111111,54.8500738356111
6953,2024-12-24 08:00:00,682.38,21.706219302333356,7.696110921172236,27.364678753388873,705.5333333333333,35.66116026783336
6954,2024-12-24 08:30:00,665.23,21.28785085761111,8.396110731166688,27.86170923433332,751.9888888888889,27.271161080166667
6955,2024-12-24 09:00:00,498.66,21.27755362211113,9.096111487877756,26.114453569666654,683.2777777777778,103.88932516188892
6956,2024-12-24 09:30:00,528.33,21.179608175888895,9.497777779894445,27.75140729516665,686.35,79.74108246644442
6957,2024-12-24 10:00:00,592.23,21.465052647666646,9.897777398894467,28.22489155666667,739.2555555555556,66.58299200277779
6958,2024-12-24 10:30:00,1154.67,21.50471951161113,9.800555743377762,28.587899621555543,765.1888888888889,104.52590232272225
6959,2024-12-24 11:00:00,755.33,21.844885698999988,9.601111491055534,29.875152015722232,837.0,107.18621779527774
6960,2024-12-24 11:30:00,550.3,21.66083044477778,9.401110734344467,30.158165921333314,852.0444444444445,88.83814158938891
6961,2024-12-24 12:00:00,508.8,21.407385996277785,9.101667043433311,30.7367179128889,886.2555555555556,97.87944378394445
6962,2024-12-24 12:30:00,517.8,21.86599679538889,9.100000380999978,28.975218370388887,821.5833333333334,142.66442570016656
6963,2024-12-24 13:00:00,562.0,22.053553241722213,9.100000380999978,29.355449803222225,851.1222222222223,101.19154404488883
6964,2024-12-24 13:30:00,2041.41,22.031996854500008,8.901110734344467,30.14917511405557,879.6277777777777,128.3015050677222
6965,2024-12-24 14:00:00,1035.9,21.81407020642458,8.601676354396625,33.27030709346371,844.8882681564246,220.44617875698327
6966,2024-12-24 14:30:00,625.37,21.470331309111106,8.199999809000014,31.369716961944455,809.0666666666667,255.71620220777788
6967,2024-12-24 15:00:00,474.03,21.02597117290505,7.800000190999986,31.55062545430168,828.31843575419,219.82162450167596
6968,2024-12-24 15:30:00,560.74,20.554552576388904,7.402222317755553,31.95868950955556,852.2166666666667,194.56837183444443
6969,2024-12-24 16:00:00,528.07,21.083330080611113,6.902777872777775,30.96171420383331,822.4666666666667,167.63590410166674
6970,2024-12-24 16:30:00,589.97,21.590385246111094,6.800555746022209,30.324501027111108,830.9611111111111,163.77665659777782
6971,2024-12-24 17:00:00,518.43,21.706330193666684,6.601111017700003,29.730466227999983,831.5833333333334,209.63039619055567
6972,2024-12-24 17:30:00,620.77,21.549385664611112,6.401111205055552,30.3373809712778,861.2666666666667,175.85528454833334
6973,2024-12-24 18:00:00,895.94,21.961108218555562,6.300555746022209,30.422262498777748,923.3666666666667,165.89980960388888
6974,2024-12-24 18:30:00,677.47,21.965829764611144,6.200555366677792,30.782740572,991.4888888888889,162.11022296111116
6975,2024-12-24 19:00:00,462.24,21.90544202544444,6.100555460022226,29.976216200055543,972.0444444444445,221.182957375
6976,2024-12-24 19:30:00,584.8,22.20889273783335,6.000555555027778,30.340697564277768,1001.6666666666666,175.17047424055554
6977,2024-12-24 20:00:00,594.83,22.6218961187778,5.9005556500277745,30.216927486055546,1012.6111111111111,148.67060928166674
6978,2024-12-24 20:30:00,575.4,22.72666443738891,5.900000094999998,30.464150291388886,1022.3888888888889,126.58435482444438
6979,2024-12-24 21:00:00,428.87,22.271052339388888,5.900000094999998,29.686974758555557,940.8166666666667,190.43657582611118
6980,2024-12-24 21:30:00,485.23,21.234218777722223,5.900000094999998,30.138307603388895,863.9222222222222,178.10988057222227
6981,2024-12-24 22:00:00,568.57,20.672830433555568,6.198333143922236,30.70041085383334,853.5611111111111,156.5382791277778
6982,2024-12-24 22:30:00,434.97,20.080719788833342,6.199999809000013,31.15878790766666,846.7388888888889,140.96517274777773
6983,2024-12-24 23:00:00,576.27,19.73505285066668,6.299444633322208,31.465051968611114,843.3333333333334,127.14899097111109
6984,2024-12-24 23:30:00,573.9,19.299497212500018,6.399444539977774,31.41611286794445,852.9444444444445,173.98897382722222
6985,2024-12-25 00:00:00,505.87,19.000719462111128,6.499444444972222,31.387043825888885,820.3777777777777,176.50204951111107
6986,2024-12-25 00:30:00,523.81,18.636053339555566,6.5,31.772377691944452,819.3722222222223,157.19934565944448
6987,2024-12-25 01:00:00,613.31,18.490943664525137,6.400000094999997,32.03250343720672,823.2011173184358,139.72752636424573
6988,2024-12-25 01:30:00,930.2,18.618553034555557,6.300555746022209,33.53127963783334,918.3388888888888,175.4998508866667
6989,2024-12-25 02:00:00,1727.17,19.43338619916667,6.200555366677792,31.641244559999997,872.7611111111111,202.1632697211112
6990,2024-12-25 02:30:00,574.3,19.87699823388891,6.199999809000013,31.364660962888856,873.7277777777778,173.94321060111108
6991,2024-12-25 03:00:00,706.4,20.54333052144445,6.00111111005,30.683974615833332,901.1444444444444,151.1451925466667
6992,2024-12-25 03:30:00,684.0,21.002663453833332,5.9005556500277745,30.356406837111113,959.3166666666667,130.8021131716666
6993,2024-12-25 04:00:00,686.23,21.286275355277784,5.800555746022209,29.849770397777785,948.3277777777778,112.98809047777769
6994,2024-12-25 04:30:00,573.87,21.885441388500002,5.800000190999987,29.48120728561109,928.9888888888889,95.27568253672221
6995,2024-12-25 05:00:00,563.7,21.810720528388895,5.70055536667779,29.99258244838888,917.9722222222222,80.91164923755547
6996,2024-12-25 05:30:00,590.5,21.849220287055548,5.79944463332221,30.060087182555563,910.6222222222223,69.64341002577777
6997,2024-12-25 06:00:00,524.03,22.393497964722215,5.800000190999987,29.478374120777765,898.6833333333333,59.057320997
6998,2024-12-25 06:30:00,693.93,22.424349488222248,5.899444539977774,29.61383980666666,882.9388888888889,50.03874183255553
6999,2024-12-25 07:00:00,382.0,22.373996703444465,6.098888794944448,29.324815866722243,860.55,58.23311540833336
7000,2024-12-25 07:30:00,855.23,22.287219217222233,6.398333427277775,29.062447621833314,812.5555555555555,76.758274884
7001,2024-12-25 08:00:00,417.5,22.746331151333376,6.598888794944448,29.06147894338888,827.9611111111111,63.69322836111111
7002,2024-12-25 08:30:00,541.23,22.54127567055557,6.99777777725,28.55549318516668,807.5,44.59253029294441
7003,2024-12-25 09:00:00,588.43,22.110441388833348,7.298333523272208,27.820272795444442,772.35,85.51727097816668
7004,2024-12-25 09:30:00,533.23,21.77694161766666,7.598333239922225,27.50359647550001,726.2944444444445,110.91420826311108
7005,2024-12-25 10:00:00,736.67,21.541830773333324,7.699444253977791,25.676685619166655,640.0555555555555,97.00381126333326
7006,2024-12-25 10:30:00,345.3,21.121719815944452,7.800000190999986,25.71996997211111,601.8111111111111,80.8531334347777
7007,2024-12-25 11:00:00,604.1,20.40177530722222,7.899444539977774,26.624714978611134,591.0388888888889,72.6990085181111
7008,2024-12-25 11:30:00,500.73,19.879274517111117,8.100000380999978,27.375364112666666,582.4222222222222,65.5963801275
7009,2024-12-25 12:00:00,541.13,19.610923959273748,8.100000380999978,27.85994939944135,572.5474860335196,59.597022541675955
7010,2024-12-25 12:30:00,517.77,19.3017203222222,8.0,28.35797850283331,564.2055555555555,54.80659626872224
7011,2024-12-25 13:00:00,468.17,19.20294146061111,7.800000190999986,28.61267744749999,550.9833333333333,50.27307584555559
7012,2024-12-25 13:30:00,476.97,19.006385718888907,7.699999809000014,29.109336948388904,544.9611111111111,46.27170971800002
7013,2024-12-25 14:00:00,752.8,19.427386157055558,7.599999905000003,29.03137532344444,596.5333333333333,67.6739044398889
7014,2024-12-25 14:30:00,580.47,20.416107919666683,7.599999905000003,28.020791255388893,653.5555555555555,111.97326100583334
7015,2024-12-25 15:00:00,613.87,21.102053208166673,7.5,27.75485248544445,787.7055555555555,120.40223727833333
7016,2024-12-25 15:30:00,616.03,21.578774346111118,7.5,27.378004423888896,805.5777777777778,125.60976147166664
7017,2024-12-25 16:00:00,508.83,21.479775047444452,7.199999809000014,28.008444712055567,857.0222222222222,109.42460195777782
7018,2024-12-25 16:30:00,687.37,21.453941546555566,7.199999809000014,27.621851105111112,843.1444444444444,144.2025245661111
7019,2024-12-25 17:00:00,507.97,21.78566357316668,7.199999809000014,27.775917922444453,903.3388888888888,122.92204038944453
7020,2024-12-25 17:30:00,495.86,21.88317451307263,7.300000190999986,28.38174273301675,969.9608938547486,107.64492141223457
7021,2024-12-25 18:00:00,796.37,22.118914053222202,7.399444539977774,28.314014805500012,1013.3111111111111,95.62606493649999
7022,2024-12-25 18:30:00,695.63,22.03399841555556,7.499444444972222,30.46621512294444,1076.1833333333334,86.00627950055558
7023,2024-12-25 19:00:00,621.03,21.651218881166667,7.599999905000003,29.875348610611105,1065.0555555555557,113.865633394
7024,2024-12-25 19:30:00,497.17,22.12138621044446,7.5,28.609464582000005,1014.3722222222223,125.81610476166667
7025,2024-12-25 20:00:00,572.73,22.007997386777767,7.400000094999997,28.876514583277775,1041.5555555555557,105.15966101816672
7026,2024-12-25 20:30:00,533.0,21.923385790500014,7.400000094999997,28.96707658777777,981.8111111111111,94.10986446777783
7027,2024-12-25 21:00:00,612.9,21.553387069999996,7.400000094999997,28.356492964277777,860.3,190.9014038931112
7028,2024-12-25 21:30:00,490.3,20.664274247555564,7.400000094999997,28.90988278933335,800.7777777777778,166.01946207444456
7029,2024-12-25 22:00:00,532.9,20.05088588955557,7.400000094999997,29.478688907833345,803.0388888888889,149.57629242111096
7030,2024-12-25 22:30:00,649.6,19.594830587388888,7.400000094999997,29.904113017499974,800.3888888888889,133.34663501333333
7031,2024-12-25 23:00:00,518.07,19.146557621955328,7.400000094999997,30.362880674525126,801.3072625698323,119.83900724245814
7032,2024-12-25 23:30:00,553.2,18.878274885666666,7.300000190999986,30.61972570394446,798.5666666666667,108.09164055499997
7033,2024-12-26 00:00:00,563.55,18.555385950444442,7.099999905000003,30.808419959055538,785.0722222222222,96.9336463065
7034,2024-12-26 00:30:00,636.63,18.35283053644448,7.0,30.976436392111115,770.1111111111111,88.06046977566668
7035,2024-12-26 01:00:00,762.17,18.127996762888888,6.900000094999998,31.894673347777754,815.95,80.25994690766665
7036,2024-12-26 01:30:00,628.97,18.596330770277785,7.0,31.74354734416666,841.2666666666667,71.91111789222222
7037,2024-12-26 02:00:00,600.97,20.532163440111106,7.0,29.57033098016669,837.45,61.201245329444454
7038,2024-12-26 02:30:00,643.77,20.831663841888897,6.900000094999998,29.49752304322222,815.7333333333333,52.58097565955555
7039,2024-12-26 03:00:00,519.03,20.763219960444438,6.900000094999998,29.357277171000003,802.3055555555555,47.30258134194447
7040,2024-12-26 03:30:00,601.3,20.982996294722234,6.900000094999998,28.90369376055555,799.3055555555555,42.44486925366665
7041,2024-12-26 04:00:00,688.1,21.158330271333355,6.800000190999986,28.60634007961112,790.1,37.7394569816111
7042,2024-12-26 04:30:00,508.93,21.259876326312863,6.900000094999998,28.432599830111723,779.5642458100559,33.78889884072625
7043,2024-12-26 05:00:00,725.57,21.282366201944445,6.900000094999998,27.741559579611117,738.2777777777778,70.44534551794446
7044,2024-12-26 05:30:00,500.83,21.745385795111112,6.900000094999998,27.332023408888897,690.6555555555556,86.36020889222227
7045,2024-12-26 06:00:00,711.97,21.781053384333337,6.800000190999986,27.623471397777767,691.8055555555555,70.71018511455554
7046,2024-12-26 06:30:00,578.07,21.456608242944444,6.800000190999986,28.00311990261113,692.4833333333333,61.793678940722174
7047,2024-12-26 07:00:00,612.32,21.570108636,6.800000190999986,27.76985400505555,707.0666666666667,53.247674496833326
7048,2024-12-26 07:30:00,546.76,21.236441824277776,7.0,28.123711606833336,715.9444444444445,47.223380046388904
7049,2024-12-26 08:00:00,580.2,21.500497542999994,7.099999905000003,26.481813430777784,679.3888888888889,119.38711621555564
7050,2024-12-26 08:30:00,624.57,21.60421934155557,7.300000190999986,25.343030081555575,565.8944444444444,81.62178459150002
7051,2024-12-26 09:00:00,588.2,21.583996963388888,7.400000094999997,25.738509453666655,540.4722222222222,68.20754578899997
7052,2024-12-26 09:30:00,526.0,21.430942260833323,7.400000094999997,26.096899286666666,530.6555555555556,60.10973688738887
7053,2024-12-26 10:00:00,599.53,21.51167710832404,7.300000190999986,26.086458142458092,538.8659217877095,52.39313609363128
7054,2024-12-26 10:30:00,818.13,21.635608578055564,7.400000094999997,26.058907095888895,587.8444444444444,79.9143433256111
7055,2024-12-26 11:00:00,701.13,21.6565532793889,7.5,27.45625543583334,652.2,99.91330511094442
7056,2024-12-26 11:30:00,1005.33,21.679886097277777,7.599999905000003,27.738127443833335,710.8222222222222,87.71257353888892
7057,2024-12-26 12:00:00,1341.1,21.48260806405556,7.800000190999986,26.82126477561111,677.6944444444445,103.73115391427778
7058,2024-12-26 12:30:00,524.7,21.940442054000012,7.699999809000014,27.081180297055557,734.2833333333333,83.81652942238894
7059,2024-12-26 13:00:00,511.1,21.934108967666674,7.699999809000014,27.56847818138889,818.3444444444444,79.18879138144442
7060,2024-12-26 13:30:00,572.27,21.64527451255561,7.800000190999986,26.70570588655554,720.6944444444445,143.47489937611118
7061,2024-12-26 14:00:00,462.37,21.716775184777752,7.800000190999986,27.30021116494445,716.7,117.04898122499995
7062,2024-12-26 14:30:00,625.07,21.724220499277816,7.800000190999986,27.60593640016665,718.4666666666667,101.57779507183335
7063,2024-12-26 15:00:00,482.13,21.713680736424593,7.599999905000003,27.75824542513968,721.9664804469273,88.53206885999998
7064,2024-12-26 15:30:00,497.6,22.021012263944442,7.401111205055552,27.527084382222196,768.1,73.0910107081111
7065,2024-12-26 16:00:00,586.43,21.922059525166677,7.300555746022209,27.505376635611114,729.7888888888889,64.8730783463333
7066,2024-12-26 16:30:00,639.67,22.162663481388854,7.300000190999986,27.124724579333325,681.6055555555556,57.34564003411112
7067,2024-12-26 17:00:00,596.33,21.93333072705558,7.300000190999986,27.49920728488889,668.3555555555556,50.57769482927777
7068,2024-12-26 17:30:00,597.6,21.871774843666653,7.199999809000014,27.502555540222204,688.85,79.74163265233334
7069,2024-12-26 18:00:00,973.97,21.609275257000004,7.0,29.119972801277765,721.5722222222222,113.27738736666662
7070,2024-12-26 18:30:00,536.03,21.941497611722223,6.900000094999998,30.029597929000012,743.3333333333334,118.35795978999991
7071,2024-12-26 19:00:00,512.6,21.982330693055566,6.900000094999998,27.888293849277773,712.2388888888889,192.6945466766667
7072,2024-12-26 19:30:00,569.33,22.06799840894445,6.800000190999986,27.86623282983334,732.9,157.00575680222227
7073,2024-12-26 20:00:00,603.3,21.948885917333307,6.800000190999986,27.95151938311111,742.0277777777778,135.80612457888887
7074,2024-12-26 20:30:00,505.27,21.66788547311111,6.800000190999986,28.183573691388883,750.6833333333333,120.60616014277767
7075,2024-12-26 21:00:00,608.67,21.883625798100564,6.800000190999986,27.79005432089387,755.1284916201117,107.2640931555308
7076,2024-12-26 21:30:00,540.97,21.826108444777784,6.800000190999986,27.23535055622222,736.6944444444445,131.32088267166677
7077,2024-12-26 22:00:00,490.4,21.02299719944445,6.99888888995,27.017338445444466,660.2111111111111,167.6982628705556
7078,2024-12-26 22:30:00,553.9,20.212164317333343,6.9005556500277745,28.097753853055565,670.0166666666667,143.93619833999998
7079,2024-12-26 23:00:00,541.87,19.76438618794446,6.800555746022209,28.585253736944455,677.6222222222223,128.84160821999998
7080,2024-12-26 23:30:00,538.3,19.307663790222215,6.800000190999986,28.97527588705555,687.5111111111111,114.4205543483334
7081,2024-12-27 00:00:00,595.2,18.943331135833347,6.800000190999986,29.193695958222214,685.3166666666667,101.78099500766668
7082,2024-12-27 00:30:00,496.4,18.66466362233333,6.699999809000014,29.42887075227776,692.2833333333333,91.26460448366664
7083,2024-12-27 01:00:00,620.17,18.32727520227778,6.599999905000003,29.698358641722223,693.0666666666667,82.58953827744443
7084,2024-12-27 01:30:00,637.93,18.18027500566668,6.400000094999997,29.77700060777775,692.7222222222222,74.32275343983333
7085,2024-12-27 02:00:00,528.2,17.851162921111104,6.199999809000013,29.954771094666675,690.0166666666667,67.4271352766111
7086,2024-12-27 02:30:00,839.67,17.821004314134083,6.099999905000003,30.4667296813408,710.6312849162011,62.07708239407824
7087,2024-12-27 03:00:00,493.97,19.769558779666664,5.900000094999998,28.766040155222225,764.65,54.62930626338888
7088,2024-12-27 03:30:00,799.9,20.75966437666668,5.699999809000013,27.95918479533333,771.3444444444444,114.91799452316667
7089,2024-12-27 04:00:00,602.47,20.792109564166662,6.099999905000003,27.841028955333343,728.5944444444444,122.75238876166661
7090,2024-12-27 04:30:00,698.73,21.02860824800001,5.900000094999998,27.581414317944436,732.55,105.75152736194448
7091,2024-12-27 05:00:00,490.53,21.10594175166669,5.800000190999987,27.54151725777778,731.9666666666667,91.91799922488883
7092,2024-12-27 05:30:00,581.87,20.734775776666687,5.599999905000003,27.888536993888884,739.9222222222222,89.09277606433334
7093,2024-12-27 06:00:00,493.07,21.040331353722223,5.599999905000003,26.729936493944447,695.7388888888889,141.40995089499998
7094,2024-12-27 06:30:00,568.93,21.21301011770949,5.699999809000014,26.88739060586593,716.3687150837989,119.12722769553066
7095,2024-12-27 07:00:00,612.37,21.554997741166684,5.79944463332221,26.631106938277778,753.9333333333333,123.0267669693333
7096,2024-12-27 07:30:00,672.9,21.239774460555566,6.595555462144447,26.88499945561112,741.2944444444445,134.1730393311111
7097,2024-12-27 08:00:00,562.67,21.53776187861111,7.296111300522209,26.857865195722216,775.0611111111111,113.91550098388896
7098,2024-12-27 08:30:00,657.32,20.916886107333344,7.900000094999998,27.584465948555557,769.0166666666667,96.36440552622221
7099,2024-12-27 09:00:00,780.4,19.913886123444442,8.399999619000022,28.31648362499999,728.0333333333333,88.32176187344444
7100,2024-12-27 09:30:00,690.34,19.327052932555567,8.699999809000015,28.72125391405557,695.2666666666667,79.01516672794442
7101,2024-12-27 10:00:00,669.23,18.847774399777787,8.899999619000022,29.102487511222215,660.7722222222222,69.47038417405552
7102,2024-12-27 10:30:00,715.77,18.61060857761111,9.100000380999978,29.31253196955554,624.3944444444444,64.04450439883331
7103,2024-12-27 11:00:00,1090.03,18.384442107111106,9.300000190999985,30.425323146944454,655.9888888888889,57.497207959166666
7104,2024-12-27 11:30:00,592.87,19.33798256122905,9.399999619000022,32.529585545139675,722.5530726256983,51.033627131955306
7105,2024-12-27 12:00:00,1387.57,20.467052799166677,9.897221841222246,29.59061661794446,707.1111111111111,118.27741495522227
7106,2024-12-27 12:30:00,908.73,20.718052122000014,9.899999619000024,29.191860369,723.0,99.18612505711114
7107,2024-12-27 13:00:00,600.5,21.26810814566668,9.800555743377762,27.983600997666656,731.9055555555556,124.45558225850002
7108,2024-12-27 13:30:00,584.27,21.40354382211112,9.501666667727777,28.01853697038887,726.65,124.89638464722228
7109,2024-12-27 14:00:00,495.97,20.515092330666675,9.199999809000015,28.94904078377778,685.7555555555556,110.78167254333336
7110,2024-12-27 14:30:00,530.32,19.96533069633334,8.899999619000022,29.286370023111104,644.65,100.99201516205554
7111,2024-12-27 15:00:00,488.93,19.55894156594445,8.5,29.523022863722222,611.4611111111111,92.22637240066669
7112,2024-12-27 15:30:00,714.33,19.18733148588889,8.199999809000014,30.037988800333327,603.7388888888889,82.23525365161109
7113,2024-12-27 16:00:00,514.17,19.791608386722224,7.900000094999998,29.037196890333316,632.9111111111112,124.19849383033332
7114,2024-12-27 16:30:00,586.83,20.66149782622225,7.800000190999986,28.376621935277782,674.3222222222222,115.99748077611112
7115,2024-12-27 17:00:00,804.37,21.339164924888884,7.599999905000003,27.966469319833344,699.3277777777778,98.79252700922223
7116,2024-12-27 17:30:00,1159.83,21.62329075994413,7.400000094999997,29.67144157385474,734.4078212290502,198.93997303016752
7117,2024-12-27 18:00:00,639.6,21.720830970611104,7.201110921700014,30.446191946000013,735.9666666666667,163.93411144444443
7118,2024-12-27 18:30:00,676.77,21.59044134344444,7.100555460022226,29.337421004111103,763.2888888888889,201.0444240133333
7119,2024-12-27 19:00:00,475.0,21.70610373844443,6.901111205055552,28.960195064944436,802.45,179.6477543311111
7120,2024-12-27 19:30:00,606.37,21.907885669055553,6.800000190999986,28.644186041055548,842.55,158.2844468866666
7121,2024-12-27 20:00:00,517.0,21.870775477000013,6.599999905000003,28.685863791555565,883.4444444444445,141.3650578005555
7122,2024-12-27 20:30:00,593.17,21.79533122433332,6.599999905000003,27.976999769888906,873.5555555555555,171.2780643088888
7123,2024-12-27 21:00:00,545.77,21.666775015,6.5,28.332952923055554,900.5555555555555,149.99871122388893
7124,2024-12-27 21:30:00,610.27,21.988997163055576,6.400000094999997,28.116958522666664,937.9888888888889,137.8191686022222
7125,2024-12-27 22:00:00,572.73,21.958541358770944,6.0,28.213029115642485,971.6536312849162,129.64167713240218
7126,2024-12-27 22:30:00,484.13,21.90383082533333,5.9005556500277745,28.29626126844444,994.2,125.01530575055548
7127,2024-12-27 23:00:00,570.63,21.925275612055565,5.900000094999998,28.07765280427778,1002.4277777777778,153.5185230655556
7128,2024-12-27 23:30:00,587.77,21.132719474500007,5.800555746022209,27.934579436055554,872.5555555555555,218.65425643833328
7129,2024-12-28 00:00:00,489.97,20.3822206285,5.6011110177000045,28.784117285444438,870.0111111111111,190.47922762111108
7130,2024-12-28 00:30:00,563.87,19.845544793833334,5.301666856077765,29.34587419311114,856.7777777777778,171.98770565500004
7131,2024-12-28 01:00:00,585.57,19.353524219499988,5.101111017700004,29.796611160888883,850.4277777777778,155.3413562327777
7132,2024-12-28 01:30:00,462.87,19.069386736722233,4.800000190999988,30.056662962055547,844.9166666666666,141.0008935744445
7133,2024-12-28 02:00:00,533.0,18.704663754,4.5,30.298359711722195,826.4777777777778,128.18058488833339
7134,2024-12-28 02:30:00,665.93,18.4455526141111,4.300000190999989,30.552481280277764,821.3611111111111,117.48219485555552
7135,2024-12-28 03:00:00,657.8,18.867368005698324,4.099999905000003,30.636452296592196,856.0614525139665,143.72915129050276
7136,2024-12-28 03:30:00,711.87,20.198830043111116,4.000555555027778,29.2011161593889,811.8166666666667,155.58655081722222
7137,2024-12-28 04:00:00,632.61,21.21871910122224,3.701666714399995,28.606736405888896,820.4,129.9547271711111
7138,2024-12-28 04:30:00,651.1,21.313220023777788,3.501111111377777,28.86647621816667,818.75,110.3626411038889
7139,2024-12-28 05:00:00,576.7,21.22205284988892,3.301111063377782,28.826721095944464,811.8055555555555,98.16240649766664
7140,2024-12-28 05:30:00,598.13,21.335052882055585,3.200555603022217,28.559599834277776,814.3722222222223,88.3421050181111
7141,2024-12-28 06:00:00,510.6,21.393576654277773,3.100555461350003,28.418111144222216,817.7777777777778,79.94241990005555
7142,2024-12-28 06:30:00,1016.87,21.45410896955558,3.4000000949999962,28.33344922577777,826.3888888888889,72.26282594472222
7143,2024-12-28 07:00:00,2006.27,21.65876529178771,3.7000000479999953,31.972241492178792,845.927374301676,66.46374492569832
7144,2024-12-28 07:30:00,605.73,22.355163828666686,4.694444254772234,31.73714200105556,854.8388888888888,58.26180822588889
7145,2024-12-28 08:00:00,517.4,22.611219776555572,5.59499990446667,29.90296799338889,864.1222222222223,50.94253781577778
7146,2024-12-28 08:30:00,545.4,22.323608790777776,6.594444349444448,28.822523615222224,823.9222222222222,109.85900408188891
7147,2024-12-28 09:00:00,1031.3,21.405108536944432,7.196666476200014,28.79736977716669,776.15,120.24089152055564
7148,2024-12-28 09:30:00,996.57,20.526219643777786,7.796666855544429,29.16451185016668,715.0166666666667,98.26478572538886
7149,2024-12-28 10:00:00,997.47,19.892664008555577,8.098333713277755,29.423959360722225,663.4722222222222,86.37559030338883
7150,2024-12-28 10:30:00,922.77,19.57288546055556,8.5972226032222,29.38841206283332,620.5888888888888,73.14696184800003
7151,2024-12-28 11:00:00,1852.0,19.37144157533333,8.898332956566689,33.60282405227778,677.2055555555555,64.78196245811112
7152,2024-12-28 11:30:00,789.23,19.423945034833324,9.198333141277793,35.162117534499984,678.7277777777778,55.06064448872227
7153,2024-12-28 12:00:00,747.37,19.303571362055564,9.5,33.30467858855555,712.2388888888889,69.01577930305552
7154,2024-12-28 12:30:00,389.4,20.258941798777794,9.600000380999978,31.468716822555564,755.8055555555555,94.71201828849999
7155,2024-12-28 13:00:00,563.67,20.930830934833356,9.600000380999978,30.308903386944444,780.7722222222222,117.17055028361109
7156,2024-12-28 13:30:00,472.61,21.501275465222218,9.399999619000022,30.71233609511111,917.9777777777778,92.20935694405556
7157,2024-12-28 14:00:00,438.31,21.261941073222232,9.199999809000015,31.356188244666665,998.4888888888889,79.75239842727777
7158,2024-12-28 14:30:00,1123.47,21.581893676089397,8.800000190999985,30.046235089944144,945.7821229050279,117.11060335849163
7159,2024-12-28 15:00:00,1110.37,22.074164867388884,8.20333314445557,29.168005995944437,885.8166666666667,150.37653372166668
7160,2024-12-28 15:30:00,558.07,22.147108618833354,7.802222411099985,29.11160892927777,850.8166666666667,150.74045164333327
7161,2024-12-28 16:00:00,529.2,22.471663921000005,7.302777968777764,28.71218107033335,797.3,127.6975726244444
7162,2024-12-28 16:30:00,539.7,22.4192193776111,6.8027779687777645,28.759437306444447,747.8444444444444,111.06894463055558
7163,2024-12-28 17:00:00,548.03,21.98977534000001,6.402222317755553,29.24298476088889,705.6222222222223,98.40037184900001
7164,2024-12-28 17:30:00,613.07,21.888997078333333,5.900000094999998,29.02779749772221,679.3666666666667,130.58078393150004
7165,2024-12-28 18:00:00,539.32,22.22033055683335,5.800000190999987,28.985702917166666,724.2277777777778,122.83513772888891
7166,2024-12-28 18:30:00,620.28,22.078219413555576,5.400000094999997,29.82328451977779,790.5666666666667,128.03077303888898
7167,2024-12-28 19:00:00,548.32,22.022996690666684,5.199999809000013,29.469869518555576,803.1222222222223,155.36179462000004
7168,2024-12-28 19:30:00,446.9,21.803886318500016,5.099999905000003,29.865597364722227,830.6388888888889,130.70122210333332
7169,2024-12-28 20:00:00,430.97,22.06188629977776,4.900000094999998,29.53734305688888,851.0277777777778,114.8922028916667
7170,2024-12-28 20:30:00,514.93,22.03466367722225,4.800000190999988,29.678894106888876,879.2722222222222,101.02911211499992
7171,2024-12-28 21:00:00,516.37,21.9411087882778,4.699999809000012,29.385156303166664,862.5666666666667,158.79899380572223
7172,2024-12-28 21:30:00,552.8,21.914275943666652,4.699999809000012,29.214745839277768,836.2444444444444,172.58355094277772
7173,2024-12-28 22:00:00,489.9,21.976163578611114,4.800000190999988,29.288783380333314,851.0111111111111,150.11446584222222
7174,2024-12-28 22:30:00,425.93,21.883203933296098,4.800000190999988,29.489067280055867,858.5698324022346,133.66083854692732
7175,2024-12-28 23:00:00,536.73,21.678484208603344,4.800000190999988,29.702768059273733,856.0782122905028,120.21765682402237
7176,2024-12-28 23:30:00,433.8,21.016275501444447,4.800000190999988,30.071323712888894,843.2111111111111,113.668056785
7177,2024-12-29 00:00:00,560.83,20.40694299261111,4.6011110177000045,30.340568182444446,831.5277777777778,104.82320984672222
7178,2024-12-29 00:30:00,450.7,20.070830748388897,4.500555555027778,30.58701059555556,830.4888888888889,97.259942966
7179,2024-12-29 01:00:00,607.87,19.695663081333347,4.301111301049989,30.969767496444426,830.8388888888888,145.92677523522215
7180,2024-12-29 01:30:00,457.43,19.990107758555563,4.200555366677789,30.76724576927778,819.5388888888889,165.12739792055552
7181,2024-12-29 02:00:00,562.17,21.167552672722234,4.00111111005,29.88975028977778,835.6111111111111,137.3036977144445
7182,2024-12-29 02:30:00,538.8,21.374608368777764,3.900555650027774,29.854068777388854,830.4833333333333,120.14653752666666
7183,2024-12-29 03:00:00,475.33,21.482553641444458,3.800555508350005,29.626791678166647,832.7611111111111,107.75446722472225
7184,2024-12-29 03:30:00,547.87,21.371886168833345,3.799999952000004,29.636584228999972,829.0555555555555,97.35956700661114
7185,2024-12-29 04:00:00,501.27,21.650312893296096,4.297206893575407,29.264324582011177,832.463687150838,88.30343564039099
7186,2024-12-29 04:30:00,611.97,21.71683085811111,4.200555366677789,29.601445823111103,860.0,79.2671880513333
7187,2024-12-29 05:00:00,452.37,21.46449713199999,4.199999809000011,28.786011505166694,769.5277777777778,132.05504841311117
7188,2024-12-29 05:30:00,580.47,21.671719424000006,4.00111111005,28.70003355894444,768.6,117.22298337833341
7189,2024-12-29 06:00:00,538.73,21.606776131777785,3.801111063377783,28.9379276381111,783.2722222222222,103.12266400450001
7190,2024-12-29 06:30:00,397.27,21.424663861722237,3.998888888622222,29.130783505222194,796.3222222222222,91.10870950483336
7191,2024-12-29 07:00:00,459.47,21.789220778333338,4.298333523272211,28.66066339305555,808.3388888888888,82.11333779261112
7192,2024-12-29 07:30:00,425.07,21.978719806722232,5.095555462144448,29.238938130000015,847.2333333333333,71.09440301299998
7193,2024-12-29 08:00:00,955.73,22.123775110944436,5.79611130052221,29.812764400888888,857.5277777777778,56.32674613533335
7194,2024-12-29 08:30:00,1558.13,21.831941700500007,6.694999811122236,29.212148020000015,876.8444444444444,79.51150811577776
7195,2024-12-29 09:00:00,1526.8,21.651442400944447,7.396111204522219,30.87935434994446,823.5277777777778,101.14465636994449
7196,2024-12-29 09:30:00,1207.37,21.853593349666674,7.897222317222219,31.653916030555553,803.6166666666667,79.74787220455556
7197,2024-12-29 10:00:00,477.57,21.95088992893852,8.399999619000022,30.483289047262573,714.0391061452514,57.05579167452513
7198,2024-12-29 10:30:00,618.63,21.855941762000022,8.797777965599986,29.405753347333313,696.4055555555556,46.097195159055524
7199,2024-12-29 11:00:00,513.8,21.891830327555553,9.098333713277755,29.765099016777793,726.5444444444445,38.997294553222225
7200,2024-12-29 11:30:00,678.74,22.017552291277784,9.398332956566689,30.034584225500005,743.2111111111111,36.90643757738891
7201,2024-12-29 12:00:00,1483.83,22.184297550833335,9.598889265655533,29.725587187833334,785.9166666666666,58.95132346811112
7202,2024-12-29 12:30:00,443.27,21.909219593722224,9.798889080944429,30.18485466638888,795.25,87.01433190316672
7203,2024-12-29 13:00:00,508.47,21.494775782333335,9.899444066622246,30.60929672433332,812.1666666666666,154.63797658222217
7204,2024-12-29 13:30:00,442.76,21.16433038677776,9.899999619000024,31.069942707222218,814.6666666666666,166.6886711122222
7205,2024-12-29 14:00:00,538.53,21.017554039500016,9.701110919055571,31.228320524666678,853.2833333333333,151.05409079555545
7206,2024-12-29 14:30:00,476.37,21.28583067822223,9.202777586777794,31.17453853855558,890.2333333333333,126.33046731055549
7207,2024-12-29 15:00:00,423.8,21.933541761731846,8.60335233311171,30.825490898491633,959.8547486033519,104.46643168776541
7208,2024-12-29 15:30:00,448.77,22.05016463650001,8.00333333545,30.488925817777773,905.8111111111111,91.50902642144449
7209,2024-12-29 16:00:00,554.23,22.090997250944458,7.701666476727792,30.377678743888872,856.45,175.60920885222217
7210,2024-12-29 16:30:00,479.83,22.227108977055572,7.103333237800003,30.207187620555544,824.8388888888888,146.70331921055558
7211,2024-12-29 17:00:00,484.8,22.226441278000017,6.602777682777781,30.282862959999992,795.3833333333333,154.97855783888895
7212,2024-12-29 17:30:00,766.2,22.426552815055565,6.102777682777781,30.430103492499985,812.5666666666667,134.89391517388896
7213,2024-12-29 18:00:00,562.57,22.420386442000023,5.702222031755568,33.27892369166666,873.1888888888889,120.07058469999998
7214,2024-12-29 18:30:00,463.8,22.29199780355555,5.4016667600777755,31.566080548611126,861.0888888888888,158.29330686055553
7215,2024-12-29 19:00:00,468.63,22.441108110555533,5.201110921700012,31.02413802666667,861.8388888888888,132.52148391000003
7216,2024-12-29 19:30:00,523.5,22.448719894111125,5.100555460022226,30.852188184277757,866.9444444444445,116.43579610055554
7217,2024-12-29 20:00:00,460.5,22.37166417488891,4.901111205055552,30.64411640172223,851.1055555555556,129.25317081561116
7218,2024-12-29 20:30:00,518.1,22.243579292166658,4.80055574602221,30.677937454666658,814.7111111111111,161.28413518333318
7219,2024-12-29 21:00:00,429.0,22.211873603351947,4.699999809000012,30.929286061899415,838.5027932960894,136.04828183463698
7220,2024-12-29 21:30:00,431.97,22.141053337499997,4.6005554600222265,30.99263034438887,852.1444444444444,121.23221274611102
7221,2024-12-29 22:00:00,493.84,22.239497428888896,4.599999905000003,30.853262848666667,855.1555555555556,108.70672700611111
7222,2024-12-29 22:30:00,475.63,22.077886094222233,4.401111205055552,30.46643790122223,818.6944444444445,163.9617816476667
7223,2024-12-29 23:00:00,427.93,21.35288642255555,4.201110921700011,30.837122122222226,780.3944444444444,169.23980975277792
7224,2024-12-29 23:30:00,390.79,20.83766437122222,4.100555460022226,31.24711182961114,792.4333333333333,150.29351544111108
7225,2024-12-30 00:00:00,443.8,20.340274079611103,3.9011112050555523,31.653532049555558,791.3944444444444,135.66195648944438
7226,2024-12-30 00:30:00,460.53,20.04610868077778,3.800555508350005,31.916459825222212,788.8833333333333,123.02592298500008
7227,2024-12-30 01:00:00,464.57,19.665775553555573,3.700555603022216,32.17942621444443,797.2,113.67239719055553
7228,2024-12-30 01:30:00,491.93,19.454553382277776,3.501111111377777,32.30735882672224,795.95,103.77084346372223
7229,2024-12-30 02:00:00,533.03,19.13025584368716,3.5,32.477803129664814,785.6256983240223,95.66824059569828
7230,2024-12-30 02:30:00,514.4,18.970996910055575,3.5,32.524888822666675,776.6555555555556,87.78481720888884
7231,2024-12-30 03:00:00,752.87,18.84033098272222,3.400555650027774,33.37837128122222,815.3722222222223,80.37888785461111
7232,2024-12-30 03:30:00,1481.57,19.77377481483334,3.300555508350005,31.860068416444427,832.4555555555555,176.45506134311114
7233,2024-12-30 04:00:00,773.1,20.52616386444445,3.498888888622222,31.201832263333337,788.1111111111111,177.2276734277777
7234,2024-12-30 04:30:00,505.33,21.820663759722233,3.5,30.06888302705554,805.0222222222222,146.01180810222223
7235,2024-12-30 05:00:00,557.13,22.292275620166667,3.400555650027774,29.89823532111111,800.6611111111112,122.5158228972222
7236,2024-12-30 05:30:00,514.28,22.349274444499994,3.4000000949999962,30.16533986216663,798.8444444444444,103.52077170572221
7237,2024-12-30 06:00:00,556.8,22.02516432916667,3.101666572722226,30.772328026666653,797.3222222222222,89.00461273205556
7238,2024-12-30 06:30:00,475.5,21.909107484055554,3.49777777725,30.907635221833324,797.7222222222222,78.15345759888892
7239,2024-12-30 07:00:00,320.77,22.29216377472223,3.798333285600005,30.800071367055555,819.3388888888888,64.2121972192222
7240,2024-12-30 07:30:00,770.57,22.032612472611124,4.794444634116655,30.71508850527777,780.2111111111111,52.31212317133331
7241,2024-12-30 08:00:00,344.07,21.915548420614506,5.800000190999987,29.866702778044676,702.6927374301677,65.14094323888267
7242,2024-12-30 08:30:00,488.87,21.624663903666693,7.09277768436667,29.34819742827778,675.8333333333334,84.20121654933331
7243,2024-12-30 09:00:00,778.0,21.80849753516668,7.994999999472222,31.319009060333332,822.1055555555556,65.16715299838889
7244,2024-12-30 09:30:00,487.8,22.333108128555562,8.696110921172238,31.062610933444457,939.5222222222222,54.14547278061116
7245,2024-12-30 10:00:00,407.77,21.752665011222234,8.799444633322206,31.51572482861111,988.2388888888889,49.66427402500002
7246,2024-12-30 10:30:00,409.13,20.92999693611112,9.396666288844466,31.463510089555545,892.5277777777778,44.01373640655553
7247,2024-12-30 11:00:00,728.17,20.428776062611114,9.897221841222246,31.808532809888913,846.2222222222222,40.44124037377779
7248,2024-12-30 11:30:00,762.38,20.37299695572222,10.39722184221668,33.959350671166646,845.4944444444444,85.69511623294444
7249,2024-12-30 12:00:00,617.03,20.165329806111117,10.598889264666655,33.3343422785,836.95,103.82598397772222
7250,2024-12-30 12:30:00,348.27,20.567774497500004,10.898332957555569,32.35660337877777,855.4222222222222,121.51582188022225
7251,2024-12-30 13:00:00,516.27,21.19707260966481,11.098883057318421,31.49047982631283,834.0111731843575,130.5437371469274
7252,2024-12-30 13:30:00,369.43,21.50533079566667,11.100000379999987,31.393428325277778,842.3777777777777,107.79179878361113
7253,2024-12-30 14:00:00,477.77,21.17310829127778,11.100000379999987,31.785118209166665,802.2277777777778,95.7152946898333
7254,2024-12-30 14:30:00,417.23,20.829163774055562,10.602778157777765,31.931323751000004,752.4111111111112,87.41858075427776
7255,2024-12-30 15:00:00,487.0,20.486163797111164,10.102778157777765,32.13466456688889,717.2277777777778,78.5951925490556
7256,2024-12-30 15:30:00,499.77,20.256496790166672,9.403888512116689,32.462347835722234,696.8777777777777,173.33553331161102
7257,2024-12-30 16:00:00,525.62,20.048051834611123,8.9027773967778,32.62972990666667,692.5611111111111,142.09455058000012
7258,2024-12-30 16:30:00,625.97,19.93360810822223,8.4027773967778,33.098204061722214,675.3833333333333,121.81254946188886
7259,2024-12-30 17:00:00,967.32,20.816663795277805,8.002222220105555,32.61381081483332,735.2444444444444,238.3330746077779
7260,2024-12-30 17:30:00,509.03,21.54599711072222,7.801111301049986,32.952052349611115,833.5166666666667,196.6683998994444
7261,2024-12-30 18:00:00,463.2,21.96388687605556,7.700555366677792,32.74000464499999,882.9111111111112,166.38767005277776
7262,2024-12-30 18:30:00,476.83,22.109736061111104,7.50111111005,31.16113404155555,799.4833333333333,173.76424704944446
7263,2024-12-30 19:00:00,465.23,22.319497400837992,7.300000190999986,30.882505534134072,804.0055865921788,140.9180262893855
7264,2024-12-30 19:30:00,480.57,21.878330750055543,7.200555366677792,31.439204427944464,827.55,123.85432908333334
7265,2024-12-30 20:00:00,478.47,22.16155278994444,7.00111111005,31.001333236388867,840.3277777777778,115.2665086955556
7266,2024-12-30 20:30:00,504.0,22.020385297666667,6.801111301049986,30.556578752833325,813.0388888888889,151.18535317666658
7267,2024-12-30 21:00:00,576.27,22.120998117555565,6.700555366677792,30.659033065444444,826.5722222222222,123.94625820722223
7268,2024-12-30 21:30:00,461.5,22.102997631222227,6.50111111005,30.690094290666686,834.2833333333333,111.43636343166665
7269,2024-12-30 22:00:00,447.77,21.959219646722232,5.903333427805553,30.114953146944444,777.3777777777777,156.48128933422217
7270,2024-12-30 22:30:00,523.77,21.123775016388894,5.800555746022209,30.659638299222237,746.3777777777777,157.68929528166657
7271,2024-12-30 23:00:00,514.27,20.581775336888896,5.6011110177000045,31.278632577166643,764.4444444444445,142.6030192916666
7272,2024-12-30 23:30:00,451.43,20.114552456055584,5.500555555027778,31.740024057944442,767.6944444444445,129.68827222333343
7273,2024-12-31 00:00:00,436.2,19.790886222222223,5.20166647672779,32.03692571827777,775.3777777777777,117.46034940388883
7274,2024-12-31 00:30:00,542.67,19.415330409833345,5.099999905000003,32.43623127427778,778.7555555555556,106.7891990665556
7275,2024-12-31 01:00:00,424.73,19.142442131111125,4.900000094999998,32.64804734127778,777.5222222222222,97.6171526175
7276,2024-12-31 01:30:00,567.23,18.875331094944453,4.900000094999998,32.77138252244446,771.9,90.68748558888893
7277,2024-12-31 02:00:00,486.47,18.68720057837989,4.800000190999988,32.84005159770948,766.6145251396648,83.85784626525141
7278,2024-12-31 02:30:00,606.63,18.421330950277788,4.800000190999988,33.113152737166665,762.6,76.90392587455554
7279,2024-12-31 03:00:00,612.63,19.08299713111112,4.800000190999988,32.73784342883333,807.3555555555556,109.16039119105555
7280,2024-12-31 03:30:00,521.97,20.424774774166668,4.800000190999988,31.24827354227777,764.4055555555556,119.50725017
7281,2024-12-31 04:00:00,569.43,21.356830946833334,4.6011110177000045,30.680241394222236,768.5,99.5107075602223
7282,2024-12-31 04:30:00,589.07,21.77705295377779,4.599999905000003,30.561543570444453,768.7111111111111,84.27408417633332
7283,2024-12-31 05:00:00,434.67,21.633108933777773,4.401111205055552,30.90012756972222,769.2833333333333,71.81613010844447
7284,2024-12-31 05:30:00,533.6,21.451975935139668,4.400000094999997,30.909640978379887,772.804469273743,63.97791100631286
7285,2024-12-31 06:00:00,476.23,21.143439187055556,4.00222222275,31.103549935833332,769.9777777777778,57.63708000183331
7286,2024-12-31 06:30:00,1047.47,21.635275332222243,4.397777872249996,30.25640898811111,769.4722222222222,85.83567491933337
7287,2024-12-31 07:00:00,532.23,22.464052677222217,4.797777968244432,30.14857437372222,728.05,109.54635408216677
7288,2024-12-31 07:30:00,498.73,22.744331306499983,5.694999811122234,29.853473355888873,733.7888888888889,86.30181791594443
7289,2024-12-31 08:00:00,834.8,22.350830237055558,6.59499990446667,30.677116214055552,784.8611111111111,62.33680180461111
7290,2024-12-31 08:30:00,1284.83,22.210996553444456,7.8927778717222195,30.626592043444443,832.6222222222223,44.863116348833316
7291,2024-12-31 09:00:00,521.13,22.28721963038889,8.993888889416667,30.813965183055558,900.2166666666667,34.58325715611111
7292,2024-12-31 09:30:00,443.17,22.011497688888884,9.397777398894467,30.304415448611103,876.3722222222223,27.319618542888893
7293,2024-12-31 10:00:00,866.63,21.575663355333347,9.002222220105555,28.723926735055553,699.8555555555556,79.86459644066667
7294,2024-12-31 10:30:00,817.33,21.652386602388898,9.399999619000022,32.15458970588888,771.9388888888889,74.66155200527774
7295,2024-12-31 11:00:00,653.5,21.86081605005588,9.598883058307239,31.71087337513964,780.2625698324023,133.45402748525146
7296,2024-12-31 11:30:00,703.03,21.93138606822222,9.89833295656669,31.84202441122222,874.0611111111111,118.71971388888892
7297,2024-12-31 12:00:00,606.73,21.990608332055558,10.29777796460555,31.99134427205554,981.55,101.96834220933336
7298,2024-12-31 12:30:00,466.43,22.05016477400001,10.498888889944444,31.994111029277782,1053.7722222222221,88.61761610227781
7299,2024-12-31 13:00:00,441.5,21.81933001366667,10.59944482233332,31.9470782065,972.0444444444445,179.63791635333342
7300,2024-12-31 13:30:00,455.63,21.392052587111124,10.600000379999987,31.989782280500002,915.3333333333334,174.79997634833336
7301,2024-12-31 14:00:00,1008.4,21.037552452444487,10.600000379999987,33.7186707815,939.4888888888889,150.79550700388884
7302,2024-12-31 14:30:00,1031.47,20.83905292155556,10.301666857722214,34.80411118411111,933.4888888888889,132.007756465
7303,2024-12-31 15:00:00,528.57,20.608607832000022,10.001666667722223,34.59007564144446,878.6277777777777,149.58808017277778
7304,2024-12-31 15:30:00,444.23,20.478496287333353,9.602222601105533,35.97012941561111,799.9055555555556,187.67027291111106
7305,2024-12-31 16:00:00,604.97,20.25116379044448,9.600000380999978,35.26811262755557,771.6888888888889,156.51348834611113
7306,2024-12-31 16:30:00,459.33,20.005834463111118,8.903888512122244,35.21171317611111,727.8222222222222,138.2880455444444
7307,2024-12-31 17:00:00,558.8,20.248078959273748,8.100000380999978,35.176719111508376,780.7821229050279,154.81425868435758
7308,2024-12-31 17:30:00,924.1,21.126718606000008,7.702222034400013,35.167019102333335,824.1055555555556,209.3198876294443
7309,2024-12-31 18:00:00,508.43,21.74294204711112,7.4016667600777755,35.18384982227778,879.3388888888888,174.46160778833334
7310,2024-12-31 18:30:00,468.1,21.98916412972225,7.201110921700014,34.03070996611112,925.1722222222222,149.28943253000008
7311,2024-12-31 19:00:00,614.87,21.885886987,7.100555460022226,33.289167965944436,914.4722222222222,144.615152358889
7312,2024-12-31 19:30:00,464.1,22.120664247222237,6.801666856077764,32.2339640515,864.5833333333334,148.5214049416667
7313,2024-12-31 20:00:00,507.37,22.06399671750001,6.601111017700003,32.52526609661112,907.7333333333333,129.3096457594444
7314,2024-12-31 20:30:00,499.17,22.114330979499986,6.301666856077764,32.43529582555555,939.8,118.1982153577778
7315,2024-12-31 21:00:00,573.03,22.091164513944445,6.200555366677792,32.48807714233333,964.9944444444444,108.46947602111108
7316,2024-12-31 21:30:00,502.33,21.978386625111117,6.00111111005,32.51883280016669,986.5833333333334,102.34327892955555
7317,2024-12-31 22:00:00,514.37,21.355191310838,5.900000094999998,32.50249476938546,922.754189944134,148.69130314608938
7318,2024-12-31 22:30:00,479.63,20.61310881516667,5.800555746022209,33.64133745844445,862.6888888888889,153.07139901444438
7319,2024-12-31 23:00:00,528.35,20.958720196388885,5.70055536667779,33.207991621055555,855.6222222222223,133.69477009722223
7320,2024-12-31 23:30:00,397.86,20.474108229833337,5.50111111005,33.049018648055544,809.2222222222222,122.97393926000007
7321,2025-01-01 00:00:00,553.1,20.06433058883334,5.102222127750004,33.10719214561111,779.5277777777778,115.77894397055556
7322,2025-01-01 00:30:00,414.03,19.59399665211112,4.901111205055552,33.34799402027778,759.8722222222223,111.01687927500005
7323,2025-01-01 01:00:00,538.7,19.349941095000013,4.80055574602221,33.395279206000005,753.8722222222223,105.72774476277779
7324,2025-01-01 01:30:00,464.43,18.999387847388892,4.6011110177000045,33.59610390161114,742.5388888888889,99.62362594494445
7325,2025-01-01 02:00:00,586.97,18.823719766000014,4.401111205055552,33.83426706522223,760.9,92.67793926677781
7326,2025-01-01 02:30:00,591.8,18.56410862633335,4.400000094999997,34.139825249,776.9222222222222,85.99659440805556
7327,2025-01-01 03:00:00,1258.17,19.11860763766667,4.400000094999997,34.077903917166665,800.8555555555556,114.18266114061105
7328,2025-01-01 03:30:00,1009.83,20.097179104134074,4.300558849681553,33.066194119106164,761.5754189944134,116.45362248882677
7329,2025-01-01 04:00:00,524.53,21.256106514555565,3.902222317755551,31.98837236811111,766.0611111111111,95.74293967227771
7330,2025-01-01 04:30:00,532.17,21.61344243049999,3.800555508350005,31.96684490794445,765.2055555555555,80.76190507666666
7331,2025-01-01 05:00:00,573.26,21.656669213888886,3.799999952000004,32.22835485677777,761.6444444444444,68.5005296068889
7332,2025-01-01 05:30:00,545.47,21.790664270611106,3.601111016372225,32.726264084722224,785.7111111111111,58.42175415888884
7333,2025-01-01 06:00:00,506.43,21.601053206444455,3.200000047999995,33.09593065072223,780.4222222222222,50.46899784933334
7334,2025-01-01 06:30:00,491.76,21.79238581155558,3.4000000949999962,32.80584509055554,788.6166666666667,44.0729037815
7335,2025-01-01 07:00:00,505.87,22.017442226555563,3.5,32.51170300355556,786.9833333333333,38.60064322166665
7336,2025-01-01 07:30:00,501.0,21.817719141888894,4.300000190999989,32.55072019372223,787.3333333333334,34.974275673777775
7337,2025-01-01 08:00:00,681.4,21.800774754777777,5.099999905000003,32.574478170833316,800.65,32.08690705844444
7338,2025-01-01 08:30:00,1086.2,21.4109417813889,6.5,31.837452909500026,605.1555555555556,95.92743610722223
7339,2025-01-01 09:00:00,1366.73,21.630702706759806,7.699999809000014,32.132518970893855,581.340782122905,75.39523897268154
7340,2025-01-01 09:30:00,529.57,21.824052959277775,8.097778155599977,31.859977531277767,651.9444444444445,57.56254397544445
7341,2025-01-01 10:00:00,484.23,21.820219590333334,7.702222034400013,32.13063974377779,761.9555555555555,50.62310899133334
7342,2025-01-01 10:30:00,443.37,21.853886774555562,8.197222031222235,31.760930824277775,767.1944444444445,68.46696381155553
7343,2025-01-01 11:00:00,452.57,21.871496921222224,8.600000380999978,31.567111990277763,743.2388888888889,91.20743793922225
7344,2025-01-01 11:30:00,744.63,22.005441422166705,9.100000380999978,31.911613887888887,790.5388888888889,78.66572235966662
7345,2025-01-01 12:00:00,454.93,21.919497596,9.699999809000015,32.86390917061108,839.55,71.45733591677777
7346,2025-01-01 12:30:00,510.87,21.86222020255555,9.899999619000024,32.77949602316667,775.95,110.27043441961106
7347,2025-01-01 13:00:00,1733.2,22.086665195222217,10.100000379999987,33.160880025500006,728.6055555555556,119.27997334722222
7348,2025-01-01 13:30:00,1020.2,21.905553383333327,10.100000379999987,36.80489978805554,700.3166666666667,150.98018374888892
7349,2025-01-01 14:00:00,503.87,21.51294236716667,10.0,34.18035547466667,638.2444444444444,136.56771719388885
7350,2025-01-01 14:30:00,551.2,21.022908365474873,9.600000380999978,34.21932593391062,642.3351955307263,118.97817392513966
7351,2025-01-01 15:00:00,507.83,20.671497239444456,9.102778158777756,34.16230915905557,632.8444444444444,103.53832685861111
7352,2025-01-01 15:30:00,538.5,20.336886151888883,8.699999809000015,34.40706310316667,641.4777777777778,91.9366355052778
7353,2025-01-01 16:00:00,615.07,20.443999142611105,9.100000380999978,34.60241004111113,644.2,79.44354048861103
7354,2025-01-01 16:30:00,1117.7,21.112108421166667,8.600000380999978,34.5616863253889,663.1277777777777,158.52834298888897
7355,2025-01-01 17:00:00,1080.8,21.719386302777746,8.100000380999978,33.17336387605555,592.2833333333333,204.6920026227777
7356,2025-01-01 17:30:00,470.3,22.098275481388907,7.5,32.79492946194444,622.8166666666667,162.9243706588888
7357,2025-01-01 18:00:00,523.67,22.333997672999985,7.199999809000014,32.558246125333326,647.3388888888888,138.8894016666666
7358,2025-01-01 18:30:00,447.97,22.06588735544445,6.800000190999986,32.400550439444466,632.4333333333333,169.53213411944444
7359,2025-01-01 19:00:00,521.33,22.086886469833342,6.599999905000003,32.30372625944445,628.7111111111111,153.65245284999997
7360,2025-01-01 19:30:00,489.23,21.795997788888887,6.300000190999986,32.80208223122221,652.8611111111111,131.5833090038889
7361,2025-01-01 20:00:00,476.53,21.96912023910616,6.099999905000003,32.435625960446956,656.7877094972067,116.08264100446931
7362,2025-01-01 20:30:00,494.7,21.95688704405556,5.900000094999998,32.19135160461111,654.95,149.1847921575556
7363,2025-01-01 21:00:00,431.4,21.49255374294445,5.699999809000013,32.34747605872222,613.3166666666667,162.11111331500004
7364,2025-01-01 21:30:00,532.93,20.761886268277788,5.400000094999997,33.05165083155557,622.8,143.42292539722217
7365,2025-01-01 22:00:00,444.07,20.30916460933332,5.0,33.357839160611114,625.1833333333333,128.84325980722224
7366,2025-01-01 22:30:00,494.67,19.89488650444446,4.900000094999998,33.69938055694445,617.65,118.15751953222217
7367,2025-01-01 23:00:00,510.33,19.67194115311112,4.800000190999988,33.759585083833336,617.75,108.90069160611108
7368,2025-01-01 23:30:00,506.33,19.315830188111093,4.800000190999988,34.05481673333334,614.4833333333333,100.92858238161116
7369,2025-01-02 00:00:00,423.03,19.16516404666667,4.800000190999988,34.07366778088888,611.5055555555556,92.6378073796111
7370,2025-01-02 00:30:00,526.77,18.913498041277784,4.699999809000012,34.21606417733334,597.5222222222222,86.5291269513333
7371,2025-01-02 01:00:00,502.24,18.79821874783334,4.5,34.27292115950003,592.4333333333333,80.29702241683336
7372,2025-01-02 01:30:00,587.93,18.562131796648075,4.300000190999989,34.45690854050281,590.463687150838,74.77080957849161
7373,2025-01-02 02:00:00,488.27,18.643344201388892,4.200555366677789,35.028197415833304,656.3444444444444,69.37278900127775
7374,2025-01-02 02:30:00,554.0,19.311609172555563,4.0,34.201572397222215,669.6277777777777,62.8881644566667
7375,2025-01-02 03:00:00,510.63,20.092941772000003,3.799999952000004,33.11778780622222,671.0111111111111,57.21612294511111
7376,2025-01-02 03:30:00,551.17,20.76827567377776,3.7000000479999953,32.30083946650001,667.1444444444444,52.25238884844446
7377,2025-01-02 04:00:00,575.37,21.333608086944455,3.799999952000004,31.704014237888867,659.6666666666666,94.18707222699996
7378,2025-01-02 04:30:00,496.53,21.944885942555548,3.599999905000003,31.19354568055557,606.55,109.11172540566673
7379,2025-01-02 05:00:00,518.5,21.649663384999997,3.5,32.030069944722236,620.5,91.39234360588891
7380,2025-01-02 05:30:00,446.17,21.79349686361114,3.299999952000004,31.740236048833346,634.3555555555556,81.11286057333335
7381,2025-01-02 06:00:00,514.03,21.648442289666683,2.799999952000004,31.901232454722226,644.9277777777778,72.32973526838889
7382,2025-01-02 06:30:00,422.47,21.7261087953889,3.0,31.68728515838887,650.4111111111112,65.31636672566668
7383,2025-01-02 07:00:00,387.67,21.577417298938578,3.299999952000004,31.86842325938547,663.4245810055866,59.641884276312865
7384,2025-01-02 07:30:00,502.4,21.37510903683334,4.393888983094441,32.24113508844446,686.8222222222222,54.101271862500035
7385,2025-01-02 08:00:00,582.4,21.613775115500015,5.493888889416667,30.934497918000012,641.8722222222223,90.55259746861108
7386,2025-01-02 08:30:00,517.03,20.775719208666676,7.190555365616681,31.176174598722223,550.1944444444445,120.41413315666667
7387,2025-01-02 09:00:00,548.97,20.07583055544445,8.492777776716666,32.05100892388888,528.25,95.35795088905559
7388,2025-01-02 09:30:00,586.9,19.716719849833325,8.997222222222222,33.16685276016666,552.8222222222222,77.26032155311113
7389,2025-01-02 10:00:00,707.0,19.445608043555566,8.403332954450022,34.02787810422221,602.1,123.25640466677774
7390,2025-01-02 10:30:00,845.0,20.263941829000014,8.598889265655533,35.983626916777766,642.9277777777778,116.01317091944449
7391,2025-01-02 11:00:00,926.33,20.815330993055557,8.898332956566689,35.9319435542222,677.8166666666667,98.5257199593889
7392,2025-01-02 11:30:00,568.87,21.679164356666682,9.198333141277793,35.7812335328889,710.2166666666667,86.7485196432778
7393,2025-01-02 12:00:00,685.3,21.77794227666668,9.199999809000015,34.269437514444455,699.5611111111111,74.63160790327781
7394,2025-01-02 12:30:00,1477.4,21.799487012737462,9.5,33.03827283642458,631.68156424581,120.63368659893858
7395,2025-01-02 13:00:00,415.43,21.89725543105555,9.600000380999978,32.90214316016667,646.9277777777778,116.48568997111116
7396,2025-01-02 13:30:00,870.77,21.968942187055575,9.699999809000015,32.93241227455555,667.75,114.52868694833323
7397,2025-01-02 14:00:00,1080.47,22.005032900111107,9.699999809000015,35.64761159688889,736.5166666666667,121.84727316944445
7398,2025-01-02 14:30:00,583.2,22.0728868483889,9.399999619000022,34.61390991199999,670.5555555555555,164.69625142444445
7399,2025-01-02 15:00:00,471.87,22.452718947444488,9.0,33.54759633827779,714.7055555555555,136.69029973611114
7400,2025-01-02 15:30:00,554.87,22.16060795255553,8.399999619000022,33.164392704166666,691.3555555555556,209.9871999944445
7401,2025-01-02 16:00:00,462.9,22.124021916184976,8.600000380999978,32.8773786734104,652.6242774566474,232.67084013872832
7402,2025-01-02 16:30:00,510.87,22.171497493222216,7.900000094999998,33.00653784038889,679.5611111111111,192.88574634277774
7403,2025-01-02 17:00:00,509.87,22.20652479027935,7.300000190999986,33.191231669776556,696.5754189944134,162.80028470223465
7404,2025-01-02 17:30:00,587.1,22.1744409571667,6.9022223177555535,33.0751377316111,668.9611111111111,140.5883937372222
7405,2025-01-02 18:00:00,779.07,22.142386309666698,7.098888794944448,34.23120242194446,698.85,123.75778418555556
7406,2025-01-02 18:30:00,1089.34,22.261552504055555,6.801666856077764,34.88186024583337,781.4222222222222,115.05429136444447
7407,2025-01-02 19:00:00,1185.57,22.196163494555517,6.601111017700003,33.39125266616668,706.2,156.19719170388882
7408,2025-01-02 19:30:00,482.43,22.176774343722236,6.401111205055552,33.388957383888865,713.5944444444444,129.87327482777778
7409,2025-01-02 20:00:00,474.84,22.155385812722223,6.300555746022209,33.29576956416667,731.3888888888889,114.03181758444445
7410,2025-01-02 20:30:00,535.21,22.2780529983889,6.200555366677792,32.96972594822222,739.9,102.32270363783334
7411,2025-01-02 21:00:00,534.07,22.12255237394445,6.100555460022226,32.73198360872221,723.8833333333333,123.87363077922224
7412,2025-01-02 21:30:00,525.0,22.244387870944447,5.900000094999998,32.330992423055555,691.3222222222222,125.99441905833329
7413,2025-01-02 22:00:00,491.53,21.53422001744444,5.303333523799988,33.00131791455555,677.2055555555555,113.24357723555548
7414,2025-01-02 22:30:00,463.4,20.999607860000012,5.199999809000013,33.41694427066667,674.9944444444444,101.38492028922226
7415,2025-01-02 23:00:00,518.63,20.498441972000002,5.099999905000003,33.57302006627778,643.7333333333333,128.54034101827781
7416,2025-01-02 23:30:00,434.4,20.12714490424582,5.099999905000003,33.6394886889944,604.7430167597765,140.22246044692744
7417,2025-01-03 00:00:00,538.57,19.778052542111116,5.398333427277774,33.946452034722206,600.1944444444445,123.5312923011111
7418,2025-01-03 00:30:00,504.67,19.620386727777785,5.201110921700012,33.96335264838889,603.7611111111111,110.53999528055556
7419,2025-01-03 01:00:00,474.67,19.285053327611113,5.100555460022226,34.298805957444465,598.2555555555556,100.51962666
7420,2025-01-03 01:30:00,491.3,19.166275311055543,4.901111205055552,34.31645183577776,600.7611111111111,91.92334675227778
7421,2025-01-03 02:00:00,481.23,18.935162979222227,4.80055574602221,34.438001632555554,594.3166666666667,84.6559016758334
7422,2025-01-03 02:30:00,457.73,18.791163900277766,4.6011110177000045,34.504048029833314,592.7944444444445,77.92827860488887
7423,2025-01-03 03:00:00,552.4,18.57099659216669,4.401111205055552,34.66418796094446,590.7444444444444,71.90417467800002
7424,2025-01-03 03:30:00,813.13,18.64027486416667,4.300555746022211,34.98554484077776,595.1611111111112,114.71839243705557
7425,2025-01-03 04:00:00,478.93,19.372944344555552,4.49888888995,34.20760699361111,600.6833333333333,112.08458993777778
7426,2025-01-03 04:30:00,544.53,20.056052006888898,4.4005556500277745,33.4175427331667,616.4055555555556,95.8556960215556
7427,2025-01-03 05:00:00,567.57,20.660330455000015,4.300555746022211,32.56077236600001,620.6722222222222,121.11306733033334
7428,2025-01-03 05:30:00,548.2,21.016052320888893,4.200555366677789,32.03912834561112,585.4833333333333,114.51948458222225
7429,2025-01-03 06:00:00,527.97,21.23233065127777,4.00111111005,31.9499176237222,598.6666666666666,98.04257698311109
7430,2025-01-03 06:30:00,606.77,21.418775123722227,4.298333523272211,31.86710578088892,614.4055555555556,84.90340186216665
7431,2025-01-03 07:00:00,397.17,21.473442755500002,4.697777588900012,31.895634926555548,627.6277777777777,74.443419435
7432,2025-01-03 07:30:00,619.43,21.65210857377779,5.694444253444457,32.64801658005554,654.1555555555556,63.5176895777222
7433,2025-01-03 08:00:00,604.7,21.4019978845,6.495555554494444,31.426032002833335,513.3277777777778,44.76366127899999
7434,2025-01-03 08:30:00,691.2,20.411354499333335,7.900000094999998,31.019196181666672,411.73333333333335,85.48481303305557
7435,2025-01-03 09:00:00,321.1,19.7366078168889,9.100000380999978,31.723746013666673,424.1777777777778,90.93443717850006
7436,2025-01-03 09:30:00,690.87,19.247719701166684,9.600000380999978,32.275333488722225,412.1222222222222,73.36430566627779
7437,2025-01-03 10:00:00,472.77,18.95449759122221,9.699999809000015,33.183045366111095,428.85,57.080515162111105
7438,2025-01-03 10:30:00,858.93,18.756108030222233,10.100000379999987,34.74532949655555,503.31111111111113,47.36117119255558
7439,2025-01-03 11:00:00,593.67,19.50860853200001,10.300000189999993,33.83266319727777,518.4277777777778,53.38751080827777
7440,2025-01-03 11:30:00,636.13,20.405941730388903,10.699999810000007,33.35084190383334,571.9055555555556,65.46952665016669
7441,2025-01-03 12:00:00,558.67,21.08244204022223,11.100000379999987,32.81919869299999,612.5166666666667,73.02868031394443
7442,2025-01-03 12:30:00,478.43,21.328219774333334,11.399999620000012,32.403277078722226,636.7555555555556,81.75381279072224
7443,2025-01-03 13:00:00,448.73,21.519830895222228,11.600000379999988,32.29924777338887,647.4666666666667,84.50558514066668
7444,2025-01-03 13:30:00,848.87,21.63960863772221,11.899999620000015,32.541124704055576,683.6888888888889,70.36378269172224
7445,2025-01-03 14:00:00,1378.57,21.27976576191012,12.100000379999985,34.2892562783146,739.7977528089888,107.92990986837079
7446,2025-01-03 14:30:00,638.13,21.890497705888887,11.602778157777767,34.43380133316669,743.3166666666667,120.53757566222225
7447,2025-01-03 15:00:00,481.77,22.152719380611106,11.102778157777765,32.55899061633333,743.2944444444445,135.04053925333332
7448,2025-01-03 15:30:00,852.1,22.301441934666656,10.304444635499992,33.6467912462778,890.4666666666667,105.4470365336667
7449,2025-01-03 16:00:00,544.03,22.19177497266667,10.300000189999993,34.086789745999994,1001.9333333333333,86.45226376800001
7450,2025-01-03 16:30:00,489.37,22.10988583072222,9.404999622172245,32.940290048444446,933.4166666666666,129.89229244822215
7451,2025-01-03 17:00:00,515.73,22.046719699555563,8.600000380999978,32.75299585138888,880.7611111111111,119.79057426627782
7452,2025-01-03 17:30:00,498.27,22.127385415000017,8.600000380999978,32.35602720044443,827.9722222222222,124.08941773777771
7453,2025-01-03 18:00:00,1156.93,22.165719455666647,8.800000190999985,33.443412717388895,875.5944444444444,104.44729974172228
7454,2025-01-03 18:30:00,509.17,22.18260818016665,8.600000380999978,33.45685000933334,875.6777777777778,119.71493500416669
7455,2025-01-03 19:00:00,443.47,22.16549642433334,8.5,32.76919087300001,858.6888888888889,117.48336757888893
7456,2025-01-03 19:30:00,430.27,22.423441271888898,8.399999619000022,32.353013462611116,876.9722222222222,102.5492705893889
7457,2025-01-03 20:00:00,473.23,22.768164200555567,8.399999619000022,31.790740351999993,885.2111111111111,89.26742312122225
7458,2025-01-03 20:30:00,494.8,22.514886549388898,8.600000380999978,32.139800400333314,907.3888888888889,92.26761504177779
7459,2025-01-03 21:00:00,437.23,22.119052463388893,8.800000190999985,31.2808167142222,782.3222222222222,127.68680631722216
7460,2025-01-03 21:30:00,556.47,21.186774625111116,8.899999619000022,32.31046926744444,760.0277777777778,109.77230779999992
7461,2025-01-03 22:00:00,463.93,20.615775097944447,8.899999619000022,32.85833488055555,750.8111111111111,96.78070856744449
7462,2025-01-03 22:30:00,564.27,20.188607639555556,9.100000380999978,33.12657775872223,735.7277777777778,85.4448657986111
7463,2025-01-03 23:00:00,370.9,19.77021863744443,9.199999809000015,33.53951570777776,730.6888888888889,76.7217074501667
7464,2025-01-03 23:30:00,548.33,19.47810644677778,9.5,33.610388522444445,714.5277777777778,69.42871331116666
7465,2025-01-04 00:00:00,456.9,19.211718697055563,9.800000190999985,33.73051302127777,707.9111111111112,63.282439973777734
7466,2025-01-04 00:30:00,533.13,18.85960760094445,9.899999619000024,33.99922994016667,700.1,57.03658023405558
7467,2025-01-04 01:00:00,748.67,18.820497030505628,10.100000379999987,34.12939588146068,707.5280898876405,67.12933838213485
7468,2025-01-04 01:30:00,1546.4,19.848830933333353,9.80166685871665,32.30202859272223,689.0666666666667,123.02018504555559
7469,2025-01-04 02:00:00,513.47,20.180608760222228,9.501666667727777,32.391208902833334,690.2333333333333,102.65898094166661
7470,2025-01-04 02:30:00,596.55,20.81744280916667,9.300000190999985,31.607274564277784,695.7111111111111,88.28281529700001
7471,2025-01-04 03:00:00,530.52,21.142163913055583,9.100000380999978,31.26962847144444,694.6333333333333,78.47359610688893
7472,2025-01-04 03:30:00,594.43,21.13444140805556,8.899999619000022,30.203304979499993,641.6888888888889,101.8437600046667
7473,2025-01-04 04:00:00,513.2,21.025356718715084,9.199999809000015,30.756008851564268,635.8100558659218,86.80279515424583
7474,2025-01-04 04:30:00,596.43,21.242830541555563,8.901666286722245,30.557616795444442,649.0777777777778,75.20615272516669
7475,2025-01-04 05:00:00,487.33,21.316163762833348,8.601667043433311,30.611181566222225,661.0722222222222,65.74346684388887
7476,2025-01-04 05:30:00,558.9,21.350663736555585,8.500555557672222,30.596706941333327,669.6666666666666,57.214560805499985
7477,2025-01-04 06:00:00,521.63,21.398108874833362,8.698888698950014,30.54224501722223,669.8333333333334,49.60194316455555
7478,2025-01-04 06:30:00,525.2,21.140671415921798,9.197206512910629,30.087329299999993,649.0558659217877,82.74215427743019
7479,2025-01-04 07:00:00,585.27,21.96940950816666,9.89611073116669,29.32809598700001,622.9555555555555,83.75830853766664
7480,2025-01-04 07:30:00,556.97,21.93188556061113,10.29777796460555,29.953132311722236,636.6222222222223,68.68539986061108
7481,2025-01-04 08:00:00,465.97,21.90766414005554,10.598333712277764,29.98558309316666,649.2777777777778,59.05594829972223
7482,2025-01-04 08:30:00,443.9,21.849831464388913,10.898332957555569,29.16846101572222,628.8944444444444,41.69869732344445
7483,2025-01-04 09:00:00,576.77,20.7217190213889,11.098889264666653,27.99966071433334,479.1333333333333,28.783041922388882
7484,2025-01-04 09:30:00,521.27,19.813996866166676,11.398332957555569,27.617615805555573,396.24444444444447,21.479909917888897
7485,2025-01-04 10:00:00,643.17,19.196275117722216,11.002222220111111,27.84419510077776,406.99444444444447,32.721939727777794
7486,2025-01-04 10:30:00,1441.73,18.90477638255558,11.198888699944451,31.351330121666656,529.1055555555556,132.70883754944444
7487,2025-01-04 11:00:00,455.8,19.040941418555565,11.39888850994446,35.43403956122221,647.7944444444445,94.67403445900004
7488,2025-01-04 11:30:00,1142.7,20.04805250161112,11.399999620000012,32.51296655894445,666.7222222222222,97.40555506850001
7489,2025-01-04 12:00:00,1019.6,20.92701889575419,11.199999810000007,30.445208224581037,659.0949720670391,101.17742868832401
7490,2025-01-04 12:30:00,476.4,20.7661081103889,11.100555932388875,30.501041582499997,645.0944444444444,79.12813983477777
7491,2025-01-04 13:00:00,540.13,19.96483195611111,11.000555557666667,31.040499835777773,598.9722222222222,71.84145812994441
7492,2025-01-04 13:30:00,493.57,19.57199706,10.602222600111098,31.305764018500007,568.7055555555555,64.47758500894446
7493,2025-01-04 14:00:00,455.03,19.361164664444438,10.301666857722214,31.41906214827778,549.9333333333333,58.42114187861111
7494,2025-01-04 14:30:00,436.17,19.192886172666654,9.902221844394468,31.52848224633334,529.4111111111112,53.24812685633333
7495,2025-01-04 15:00:00,741.77,19.163441203222227,9.502222220105555,31.062381956666655,541.8944444444444,110.96355277099998
7496,2025-01-04 15:30:00,468.26,20.197719320111116,9.102222601105533,29.125987200944433,562.5111111111111,193.04441998722223
7497,2025-01-04 16:00:00,658.1,20.95927523505557,8.602778158777756,28.74273524805555,529.6777777777778,161.07683063
7498,2025-01-04 16:30:00,574.33,21.24949708527779,8.202222034400014,29.249136214444448,626.6555555555556,129.5446920166667
7499,2025-01-04 17:00:00,801.27,21.8046075191111,8.100555933377755,29.039424653000005,693.0722222222222,112.42109226499997
7500,2025-01-04 17:30:00,608.1,21.661783070666697,7.702222034400013,29.44919983511112,756.7611111111111,149.6118085633333
7501,2025-01-04 18:00:00,510.53,21.66084987513969,7.800000190999986,28.68184005480448,746.8770949720671,147.45680045223466
7502,2025-01-04 18:30:00,552.87,21.456608941777795,7.601111017700003,29.08605090266665,766.6777777777778,123.05759628800004
7503,2025-01-04 19:00:00,599.07,21.63788610038889,7.401111205055552,28.541708140833336,765.7555555555556,155.6311197088889
7504,2025-01-04 19:30:00,512.03,21.81021997699999,7.499444444972222,28.7399402515,797.0166666666667,130.745219248889
7505,2025-01-04 20:00:00,562.7,21.793775303888918,7.5994443499722255,28.98656575977778,822.7222222222222,115.21826434555561
7506,2025-01-04 20:30:00,473.5,21.767386669888896,7.599999905000003,28.27508623344445,800.5111111111111,152.8911301927778
7507,2025-01-04 21:00:00,628.4,21.671775224388906,7.500555555027778,28.720613956277777,814.7222222222222,123.21977314555546
7508,2025-01-04 21:30:00,467.8,21.91627591466668,7.4005556500277745,28.602401585277786,830.4722222222222,108.85872751944444
7509,2025-01-04 22:00:00,561.87,21.774107933111118,7.201110921700014,28.799121963111112,841.4333333333333,98.2552646202778
7510,2025-01-04 22:30:00,558.83,20.878664176000015,7.199999809000014,29.571660582111107,818.6277777777777,89.00616103288891
7511,2025-01-04 23:00:00,525.33,20.138764077988835,7.1005585636815685,30.233132421229072,813.2793296089385,81.75569144301677
7512,2025-01-04 23:30:00,502.27,19.67288654138889,7.199444253977791,30.62832407405554,807.1777777777778,74.47526677427777
7513,2025-01-05 00:00:00,555.27,19.180718866777774,7.299444633322208,31.09196414922222,802.5222222222222,68.48964326638894
7514,2025-01-05 00:30:00,574.5,18.876496929777783,7.300000190999986,31.386490377166663,798.8722222222223,62.28091013166665
7515,2025-01-05 01:00:00,530.37,18.520441734055563,7.200555366677792,31.640565511722215,787.6333333333333,57.73272925511111
7516,2025-01-05 01:30:00,550.6,18.293108770666684,6.9016667600777755,31.756514888888876,783.2666666666667,53.15293551527775
7517,2025-01-05 02:00:00,625.5,18.063941892611112,6.701110921700014,32.32790201,812.8777777777777,48.77684277416668
7518,2025-01-05 02:30:00,529.63,18.639664003555563,6.6005554600222265,31.891124693722208,835.6444444444444,43.75853135844442
7519,2025-01-05 03:00:00,626.3,19.52033116061113,6.599999905000003,30.69840945133332,834.6777777777778,46.9081013573889
7520,2025-01-05 03:30:00,762.47,19.996220663111128,6.699444253977791,29.43784443522225,769.8611111111111,101.44008606833326
7521,2025-01-05 04:00:00,544.0,20.401664077611123,6.799444633322208,29.222751914166672,763.4333333333333,85.51774054644444
7522,2025-01-05 04:30:00,576.03,20.300068701284914,6.800000190999986,29.531222433910635,764.2625698324023,74.69629144938544
7523,2025-01-05 05:00:00,552.8,20.719166703111124,6.800000190999986,29.167806540722218,774.4222222222222,65.13434087944445
7524,2025-01-05 05:30:00,570.9,20.912720850222243,6.800000190999986,28.988635179499997,771.4166666666666,57.95189158111113
7525,2025-01-05 06:00:00,499.47,21.01999789316665,6.203333144455569,28.96857591183332,768.5055555555556,51.27284306416667
7526,2025-01-05 06:30:00,721.03,21.1007748813889,6.199999809000013,29.13000601644444,779.8,45.070451905722194
7527,2025-01-05 07:00:00,1058.7,20.983275710722207,6.199999809000013,29.449747223111117,765.4222222222222,38.26252757133334
7528,2025-01-05 07:30:00,814.13,21.215998279444452,6.699999809000014,28.676816166833326,740.3777777777777,44.74642063777779
7529,2025-01-05 08:00:00,643.52,21.26905297227779,7.099999905000003,27.999084366666658,692.7388888888889,78.55568309372224
7530,2025-01-05 08:30:00,602.45,20.489219400777777,7.5,29.021361382888912,670.3222222222222,65.73629707761113
7531,2025-01-05 09:00:00,572.07,19.71988600661112,7.800000190999986,29.616861152666676,640.2333333333333,59.42330955883333
7532,2025-01-05 09:30:00,483.86,19.14366374566667,8.199999809000014,30.152377626611116,618.2388888888889,55.0243767636111
7533,2025-01-05 10:00:00,563.2,18.75718335262572,8.699999809000015,30.537498964245824,599.3351955307263,51.48762380067042
7534,2025-01-05 10:30:00,589.7,18.47933057194445,9.097778155599977,30.966736231722223,592.5833333333334,53.10451853005557
7535,2025-01-05 11:00:00,1148.1,19.619053141277785,9.398332956566689,29.84629018577778,601.1333333333333,88.00342530105557
7536,2025-01-05 11:30:00,664.97,20.630720128333333,9.797777965599986,31.895522626499993,689.5944444444444,71.80498394405554
7537,2025-01-05 12:00:00,583.77,21.681553586611116,9.998888889949999,30.748766454111113,745.2222222222222,60.89003321300004
7538,2025-01-05 12:30:00,530.5,21.83110854933334,10.199999810000007,28.937600030000013,704.3666666666667,114.5621916487778
7539,2025-01-05 13:00:00,519.6,21.468774753666658,10.398888509944458,28.68767564572221,675.3166666666667,152.80147900111106
7540,2025-01-05 13:30:00,588.17,21.565886709666675,10.399999620000013,28.601101758611108,664.8944444444444,136.80367796166672
7541,2025-01-05 14:00:00,491.07,21.467942153611098,10.199999810000007,28.969127093611085,689.5111111111111,115.7066383333333
7542,2025-01-05 14:30:00,513.61,21.518108897722236,9.899999619000024,29.06769485494443,710.6777777777778,93.94933899783335
7543,2025-01-05 15:00:00,516.37,21.264441956666662,9.399999619000022,29.453108332111096,742.7111111111111,83.41995213822217
7544,2025-01-05 15:30:00,525.67,21.56243265698325,8.899999619000022,29.12094984642457,779.0670391061452,73.5545163289944
7545,2025-01-05 16:00:00,667.03,21.56983242027778,8.899999619000022,28.738270558000007,770.5,106.83417307588886
7546,2025-01-05 16:30:00,516.2,21.65044216622222,8.4027773967778,29.03618848611112,791.1277777777777,103.1702607916667
7547,2025-01-05 17:00:00,636.17,21.56549721827778,8.101667043433311,28.885623634888876,798.3555555555556,126.32711304838891
7548,2025-01-05 17:30:00,636.67,21.648497761722226,7.801666858722208,28.54630441666664,795.7388888888889,136.99347182777788
7549,2025-01-05 18:00:00,1993.07,21.871942149388907,7.601111017700003,30.327416070277767,842.2111111111111,109.20825627694441
7550,2025-01-05 18:30:00,542.57,21.982997025833345,7.401111205055552,28.298931322611093,768.0444444444445,182.10505277877772
7551,2025-01-05 19:00:00,483.17,22.162440840666658,7.300000190999986,28.298287476222217,780.6611111111112,152.01113917000004
7552,2025-01-05 19:30:00,498.93,21.92521916472222,7.199999809000014,28.810530514111115,804.0666666666667,135.54486134666664
7553,2025-01-05 20:00:00,584.57,21.638052962055568,7.199999809000014,27.853584829888895,755.45,163.41145248333336
7554,2025-01-05 20:30:00,516.2,21.957719930555566,7.300000190999986,28.126703092611088,783.2222222222222,133.84995617277778
7555,2025-01-05 21:00:00,560.27,21.92706169938548,7.300000190999986,28.404463635195544,803.2793296089385,117.70963619608929
7556,2025-01-05 21:30:00,622.1,22.009053633388884,7.399444539977774,28.39587858011112,811.95,105.08623928705563
7557,2025-01-05 22:00:00,523.43,21.953164651833333,7.00222222275,28.56762489699999,830.7166666666667,104.57654113816672
7558,2025-01-05 22:30:00,491.8,21.37577552816668,7.0,28.389742851555546,753.6166666666667,154.80799509888885
7559,2025-01-05 23:00:00,518.5,20.654775884833334,6.9005556500277745,29.156175814499996,748.0833333333334,135.9763083544444
7560,2025-01-05 23:30:00,470.57,20.083608934444467,7.0,29.74844322177779,744.3222222222222,121.09663310555563
7561,2025-01-06 00:00:00,487.03,19.678608989944447,7.199999809000014,30.123089695222223,736.95,110.30733074611112
7562,2025-01-06 00:30:00,570.2,19.31588746216667,7.199999809000014,30.539815245777774,726.0055555555556,99.09512074805558
7563,2025-01-06 01:00:00,440.27,18.994053512666696,7.199999809000014,30.810245482277807,716.4166666666666,90.9023358661111
7564,2025-01-06 01:30:00,594.7,18.752720017,7.199999809000014,30.95070709677779,717.0777777777778,85.54690526316668
7565,2025-01-06 02:00:00,562.07,18.561829853277768,7.099999905000003,31.013940238833346,706.1944444444445,80.46250398372217
7566,2025-01-06 02:30:00,529.33,18.37538698955308,7.099999905000003,31.137778085027943,702.9944134078212,75.07069784837987
7567,2025-01-06 03:00:00,556.57,18.138890425333333,7.099999905000003,31.283386325666676,688.7111111111111,71.53018370716667
7568,2025-01-06 03:30:00,787.7,18.071164321555536,7.099999905000003,31.99131786538892,712.1,83.36277868561112
7569,2025-01-06 04:00:00,574.7,18.9046087375,7.400000094999997,31.18158105194443,693.7333333333333,124.51369116388886
7570,2025-01-06 04:30:00,607.3,20.187608284777784,7.300000190999986,30.19072703294447,718.2777777777778,99.0486465858333
7571,2025-01-06 05:00:00,621.27,20.5454976505,7.099999905000003,29.786702315055557,722.2055555555555,87.32159440777781
7572,2025-01-06 05:30:00,558.3,20.831997394944434,6.900000094999998,29.626450761000015,745.3388888888888,84.85996598133332
7573,2025-01-06 06:00:00,556.87,20.634108977555563,6.599999905000003,29.543781323222216,681.2777777777778,112.94820344833336
7574,2025-01-06 06:30:00,893.7,21.031663736000006,6.699999809000014,29.377716975833344,707.5333333333333,103.34218114294448
7575,2025-01-06 07:00:00,670.37,21.089774799611114,6.800000190999986,28.796820078388894,636.5611111111111,93.90540945544443
7576,2025-01-06 07:30:00,541.53,21.281663619611127,7.5,28.632643562277774,651.5555555555555,125.28590337866663
7577,2025-01-06 08:00:00,654.4,21.501453090726255,8.100000380999978,30.267255378044702,813.2402234636871,105.78851109385475
7578,2025-01-06 08:30:00,507.3,21.4642751485,8.89555517878891,31.081902101055558,982.4333333333333,88.22334285288895
7579,2025-01-06 09:00:00,432.1,21.870108434611087,9.397221841222244,29.34952646877777,885.8,76.5404580007222
7580,2025-01-06 09:30:00,553.67,21.760164144888908,9.897221841222246,29.160808902111107,823.3166666666667,67.49501147772227
7581,2025-01-06 10:00:00,497.67,21.70583041550001,9.899999619000024,29.070658524777798,769.6666666666666,59.983929803611126
7582,2025-01-06 10:30:00,517.3,21.571719371555563,10.300000189999993,29.713474157055554,762.8666666666667,53.77815316544442
7583,2025-01-06 11:00:00,448.93,21.875775687722204,10.600000379999987,30.52863463316666,901.1555555555556,47.36144949600002
7584,2025-01-06 11:30:00,551.23,21.874719873333337,10.899999620000013,29.771351527722246,841.5555555555555,42.25415996983335
7585,2025-01-06 12:00:00,457.2,21.858441067111116,11.399999620000012,29.495274321277794,784.5888888888888,38.534155209888894
7586,2025-01-06 12:30:00,520.93,21.79871890866668,11.5,29.456154759833346,732.7944444444445,35.11317371805555
7587,2025-01-06 13:00:00,566.83,21.919886600277806,11.5,29.263137626555533,694.5888888888888,32.057612292333324
7588,2025-01-06 13:30:00,464.4,21.946646376871495,11.5,29.22193887407821,657.8547486033519,29.6352214811173
7589,2025-01-06 14:00:00,510.77,21.89413652477778,11.40055517766668,29.89035574583334,669.0111111111111,26.945767879388875
7590,2025-01-06 14:30:00,470.9,21.299775377888892,11.300555742388882,30.70638277233333,683.1222222222223,25.914248180388885
7591,2025-01-06 15:00:00,622.77,20.66077459144445,11.101111490055542,30.930580510000002,636.6666666666666,25.13681886461111
7592,2025-01-06 15:30:00,697.37,20.165942043111116,10.801666857722214,32.066235679833355,654.1722222222222,44.29123378333333
7593,2025-01-06 16:00:00,585.9,19.99810921327779,10.402221845388901,32.907364569777755,712.7111111111111,104.39524320088888
7594,2025-01-06 16:30:00,526.57,19.671496804499974,9.899999619000024,33.1126106048889,740.9111111111112,82.28068843388888
7595,2025-01-06 17:00:00,809.0,19.767497624333345,9.600000380999978,32.95146759872222,694.1,202.0272086251112
7596,2025-01-06 17:30:00,594.97,20.56460798088889,9.199999809000015,31.64866494077777,689.6666666666666,171.31088333055564
7597,2025-01-06 18:00:00,400.97,21.15955297700002,8.899999619000022,30.86195847155556,670.5611111111111,147.50170508222232
7598,2025-01-06 18:30:00,558.17,21.508442348777777,8.699999809000015,30.489381960000003,666.8555555555556,189.5204126144445
7599,2025-01-06 19:00:00,490.47,21.693273694525136,8.600000380999978,30.425445087653628,685.7262569832402,157.86812894413413
7600,2025-01-06 19:30:00,453.9,21.553108003500007,8.401110734344467,30.814700317555555,693.8,158.42556661111104
7601,2025-01-06 20:00:00,562.87,21.563997649888893,8.20111091905557,30.768689621611106,656.0,188.88420190277773
7602,2025-01-06 20:30:00,475.67,21.751775052944442,8.100555933377755,30.566400093777794,674.1555555555556,158.09996252888885
7603,2025-01-06 21:00:00,529.47,21.736552101055555,8.0,30.769214164055576,684.15,155.18940598999993
7604,2025-01-06 21:30:00,485.53,21.159496657277785,7.900000094999998,31.139469443833345,637.9222222222222,192.6922328544445
7605,2025-01-06 22:00:00,486.97,20.38016379716667,7.400000094999997,31.839876958777804,657.1166666666667,164.72533510111117
7606,2025-01-06 22:30:00,418.97,19.85483037138891,7.5,32.31116146505555,657.0611111111111,145.57004437111115
7607,2025-01-06 23:00:00,541.61,19.413774702277767,7.5,32.746940549333324,660.6,129.7217665322222
7608,2025-01-06 23:30:00,448.93,19.1566078718889,7.400000094999997,32.95853640188888,663.1611111111112,116.63723958333331
7609,2025-01-07 00:00:00,620.0,18.857441075277816,7.300000190999986,33.272141053777766,656.3444444444444,105.06755892316669
7610,2025-01-07 00:30:00,484.55,18.68608700631285,7.300000190999986,33.41476868776536,654.3240223463687,94.73601203776536
7611,2025-01-07 01:00:00,546.17,18.383516099555564,7.200555366677792,33.8248418808889,656.8666666666667,86.65458331611116
7612,2025-01-07 01:30:00,658.39,18.409607940444463,7.100555460022226,34.71663511049999,677.95,100.03912760422216
7613,2025-01-07 02:00:00,456.38,18.21233069077778,6.901111205055552,34.99700124538889,649.8055555555555,118.54325561222207
7614,2025-01-07 02:30:00,543.47,18.208330281833323,7.0,34.63333752916665,650.5555555555555,103.38847931699992
7615,2025-01-07 03:00:00,478.53,18.023496967222247,7.099999905000003,34.71336924216667,655.2111111111111,91.75656606900003
7616,2025-01-07 03:30:00,563.3,17.89310777444445,7.199999809000014,34.87416807805557,660.3555555555556,82.38704588122222
7617,2025-01-07 04:00:00,781.4,17.849663819277797,7.699999809000014,35.581602435722225,679.3888888888889,85.3384835562222
7618,2025-01-07 04:30:00,468.37,19.183108202777785,7.800000190999986,35.334919229944454,665.1722222222222,112.02441011838886
7619,2025-01-07 05:00:00,675.53,20.571664333499992,7.800000190999986,33.578818088111106,675.4722222222222,90.50957285600003
7620,2025-01-07 05:30:00,583.73,21.317941242111107,7.800000190999986,33.12141946138888,694.9444444444445,74.44592946350005
7621,2025-01-07 06:00:00,568.42,21.345860966368722,7.599999905000003,33.09924962106145,695.8547486033519,63.906279409553086
7622,2025-01-07 06:30:00,453.66,21.456053363666676,7.798889078299986,33.01754468288888,701.9611111111111,66.18928339338892
7623,2025-01-07 07:00:00,554.97,21.484386889111114,8.098333713277755,33.20796089177777,641.9611111111111,105.79187096833333
7624,2025-01-07 07:30:00,592.77,21.631831540166683,8.398332956566689,32.86942935533334,661.3944444444444,88.60071529772229
7625,2025-01-07 08:00:00,533.83,21.526553175555566,8.797777965599986,33.75158691422219,787.3,74.87998195238887
7626,2025-01-07 08:30:00,846.97,21.841831270388912,9.297222413222206,33.806950781,890.8166666666667,65.21985586011112
7627,2025-01-07 09:00:00,934.43,21.79660840577781,9.697777588900015,35.56061333505556,813.8777777777777,99.33406821383328
7628,2025-01-07 09:30:00,922.13,21.8527197095,9.898888508944468,36.858495288444445,766.5444444444445,69.66869458077781
7629,2025-01-07 10:00:00,1622.13,21.97799863799999,10.098889264661098,36.798566055333325,736.8944444444444,109.74851739722224
7630,2025-01-07 10:30:00,833.87,22.130385705777776,10.398332957555569,35.67555327933333,770.1611111111112,87.79618114888893
7631,2025-01-07 11:00:00,464.3,21.946386591944464,10.600000379999987,35.808039114,833.9944444444444,73.68638644766665
7632,2025-01-07 11:30:00,494.2,21.998225889497217,10.798882872625692,35.56522533480447,871.0949720670391,64.81485963536312
7633,2025-01-07 12:00:00,590.63,22.07816244683334,10.899444067611125,35.6199653205,910.5555555555555,57.58610030272223
7634,2025-01-07 12:30:00,568.0,22.10405349777779,11.600000379999988,35.49254483116667,935.5888888888888,52.77249732572223
7635,2025-01-07 13:00:00,526.13,22.04394177372225,11.899999620000015,35.58096913233334,881.7944444444445,161.25348302927773
7636,2025-01-07 13:30:00,507.27,22.08144199561115,11.600000379999988,35.25199589188888,861.0111111111111,127.18053728777781
7637,2025-01-07 14:00:00,398.5,22.015219900944466,11.199999810000007,35.10137895005557,832.3444444444444,111.00306426055552
7638,2025-01-07 14:30:00,482.57,22.04910799705557,11.199999810000007,34.73606783483333,770.0333333333333,97.99123081583329
7639,2025-01-07 15:00:00,477.1,22.030941888555542,11.199999810000007,34.62396426750001,727.1055555555556,87.12074618872222
7640,2025-01-07 15:30:00,521.65,21.948774645166672,11.100000379999987,34.94838400955553,718.5666666666667,124.36278919549999
7641,2025-01-07 16:00:00,478.48,22.055553499999984,10.899999620000013,34.520082134444436,678.0444444444445,111.55987497694449
7642,2025-01-07 16:30:00,496.67,22.005496714222218,10.600000379999987,34.69167993333336,664.55,161.9538318227778
7643,2025-01-07 17:00:00,477.97,22.256296679608933,10.399999620000013,34.53419038575419,728.7988826815642,134.71453435642456
7644,2025-01-07 17:30:00,517.1,22.404664495444457,10.100000379999987,34.32532049800001,769.0055555555556,118.42261288833332
7645,2025-01-07 18:00:00,668.23,22.105608367999995,10.100000379999987,35.31301701827778,773.0666666666667,137.42771398833327
7646,2025-01-07 18:30:00,504.37,22.231886514222236,9.899999619000024,35.243273650277786,813.8722222222223,132.59078445222227
7647,2025-01-07 19:00:00,468.67,22.11744123088893,9.699999809000015,35.01853090911113,784.6944444444445,181.30501302111108
7648,2025-01-07 19:30:00,542.2,22.198219437333304,9.699999809000015,34.840823363888866,807.3722222222223,150.16048770055556
7649,2025-01-07 20:00:00,483.37,22.127997472999994,9.799444633322206,34.88885523472221,816.8666666666667,132.20690430333332
7650,2025-01-07 20:30:00,499.8,22.22971872850001,9.699999809000015,34.755601861722205,841.1777777777778,121.45932901166667
7651,2025-01-07 21:00:00,600.93,22.097164535499978,9.600000380999978,34.65945290438887,788.4555555555555,167.20233400222216
7652,2025-01-07 21:30:00,461.27,22.158497694166662,9.600000380999978,34.627100542055544,806.5166666666667,137.03535753833333
7653,2025-01-07 22:00:00,473.13,21.989108329499995,9.800000190999985,34.674107657277766,805.2666666666667,120.7748896694445
7654,2025-01-07 22:30:00,462.0,21.23953252391062,9.699999809000015,35.39727182212289,796.9106145251396,109.75679020335198
7655,2025-01-07 23:00:00,447.1,20.748551580944447,9.600555933377754,35.776005681277766,798.8722222222223,98.2785595350556
7656,2025-01-07 23:30:00,456.7,20.28827473377778,9.800000190999985,36.19793446855556,791.8388888888888,88.72429203438887
7657,2025-01-08 00:00:00,460.33,19.968775272555547,10.100000379999987,36.465066592111114,782.3444444444444,79.28195355755558
7658,2025-01-08 00:30:00,478.7,19.669553174611114,10.0,36.72082371150001,772.7055555555555,72.22561649755556
7659,2025-01-08 01:00:00,521.23,19.616219849388905,9.800000190999985,36.59947662377778,764.8055555555555,65.92942312033337
7660,2025-01-08 01:30:00,456.63,19.265830813888893,9.5,36.96977085494445,759.85,60.2885531318333
7661,2025-01-08 02:00:00,477.3,19.166885651388895,9.199999809000015,36.98055369033335,743.8277777777778,54.91015163005555
7662,2025-01-08 02:30:00,575.33,18.96344134066667,9.100000380999978,37.622200393499995,749.8166666666667,70.385371378
7663,2025-01-08 03:00:00,775.7,19.296719148277752,8.899999619000022,37.76787253505555,735.2388888888889,138.28560943666668
7664,2025-01-08 03:30:00,417.57,20.015552541833344,8.899999619000022,36.64827183611111,759.5388888888889,113.17193642
7665,2025-01-08 04:00:00,547.67,20.83785504603353,8.800000190999985,35.622426720446946,790.9441340782123,97.28717126312851
7666,2025-01-08 04:30:00,465.73,21.368942219000033,8.800000190999985,34.947988277166665,812.9166666666666,86.6535011294444
7667,2025-01-08 05:00:00,453.07,21.43255329211114,8.800000190999985,34.967077403222234,831.6333333333333,76.78071043199999
7668,2025-01-08 05:30:00,554.73,21.561775376444423,8.800000190999985,34.797410074777765,835.0777777777778,68.69884961433334
7669,2025-01-08 06:00:00,443.0,21.674998092666684,9.0,34.75315568705555,848.25,61.70584070411106
7670,2025-01-08 06:30:00,538.23,21.812443181777795,9.199999809000015,34.62550519316667,856.6555555555556,55.1626443656111
7671,2025-01-08 07:00:00,1436.43,21.66466375994443,9.5,35.03293262027777,815.2333333333333,141.79244993266664
7672,2025-01-08 07:30:00,543.7,21.781053670611108,10.300000189999993,34.94970631072223,812.7666666666667,127.22510202277786
7673,2025-01-08 08:00:00,622.17,21.86771944950002,11.100000379999987,35.201802211444424,852.9333333333333,112.03780597933334
7674,2025-01-08 08:30:00,546.8,21.89588564750001,11.800000189999993,35.23204292727778,842.5222222222222,86.52902297927783
7675,2025-01-08 09:00:00,585.5,21.163997449333333,12.199999810000007,35.46743547633333,765.7388888888889,76.48692694772225
7676,2025-01-08 09:30:00,358.63,20.585384741787703,12.600000379999985,35.866723108379865,723.804469273743,68.35966125167594
7677,2025-01-08 10:00:00,438.83,20.218948936722224,12.798889079944438,36.19032283355555,683.8388888888888,62.1088130951111
7678,2025-01-08 10:30:00,455.0,19.79383117933332,12.899999620000015,36.64897113372223,656.15,56.61516710888889
7679,2025-01-08 11:00:00,660.47,19.632720841333313,13.100000379999985,36.87883786111109,633.4444444444445,51.825983344166666
7680,2025-01-08 11:30:00,899.81,19.600107583611095,13.300000189999993,39.87813443038892,678.4555555555555,163.17333365677771
7681,2025-01-08 12:00:00,633.69,19.489663962000012,13.399999620000015,39.62162912194445,661.6611111111112,155.34836103372223
7682,2025-01-08 12:30:00,464.0,19.390552796055562,13.600000379999985,38.91296821211111,596.0,174.0597612183333
7683,2025-01-08 13:00:00,565.33,20.45177449127779,13.600000379999985,37.79005455455556,711.6222222222223,122.47727864555553
7684,2025-01-08 13:30:00,440.33,21.293941561388884,13.300000189999993,36.83098540833335,810.2388888888889,103.6403975577778
7685,2025-01-08 14:00:00,899.13,21.25355250066667,12.899999620000015,36.3146236843889,723.4944444444444,164.81977025983335
7686,2025-01-08 14:30:00,1066.97,20.52792633385476,12.800000189999993,37.36513412715084,696.7430167597765,129.59350909720675
7687,2025-01-08 15:00:00,1053.72,20.273389360500012,12.60111149005554,38.004934226166675,762.6111111111111,106.16856672761111
7688,2025-01-08 15:30:00,1145.47,19.928552628222256,12.100000379999985,38.62604321366664,776.1833333333333,92.33944464794446
7689,2025-01-08 16:00:00,893.03,19.792608314055553,12.100000379999985,38.28162466655556,693.4222222222222,79.59408281122228
7690,2025-01-08 16:30:00,1037.93,19.801996432666666,11.699999810000007,38.23149823111114,698.0833333333334,70.96393487733333
7691,2025-01-08 17:00:00,920.97,20.762052038388905,11.399999620000012,37.679452027277776,741.1388888888889,58.86759677472221
7692,2025-01-08 17:30:00,1296.37,21.07382994800001,11.100000379999987,37.01839605977778,723.4166666666666,177.43688333422222
7693,2025-01-08 18:00:00,673.23,21.88505317888889,10.800000189999993,35.91126011722221,729.4722222222222,139.82891727111104
7694,2025-01-08 18:30:00,740.27,21.99527470288891,10.600000379999987,36.569781133722216,776.35,118.20937694722221
7695,2025-01-08 19:00:00,487.57,21.939719592277783,10.399999620000013,36.873625479777814,764.2166666666667,167.69546809555553
7696,2025-01-08 19:30:00,454.6,22.088095200726272,10.300000189999993,36.231111473240205,754.5754189944134,150.85800937988824
7697,2025-01-08 20:00:00,406.27,22.12916474783332,10.200555367666674,36.05907421094444,770.65,131.0430742883334
7698,2025-01-08 20:30:00,496.67,21.97451064811113,10.100555932388875,36.02056070961112,760.1222222222223,154.97640317444444
7699,2025-01-08 21:00:00,388.73,21.84034105866665,9.901110734338912,35.87215175605556,716.3333333333334,166.20894410666685
7700,2025-01-08 21:30:00,513.8,21.884498151666712,9.800000190999985,35.828478707166674,731.1055555555556,149.69694018611108
7701,2025-01-08 22:00:00,456.8,21.57894181172223,9.199999809000015,35.93991423766669,682.4888888888889,148.22344860055554
7702,2025-01-08 22:30:00,523.35,20.966386689166676,9.100000380999978,36.513401858,687.9277777777778,132.78285022722227
7703,2025-01-08 23:00:00,379.45,20.382719135666676,9.0,37.13115952816666,680.8388888888888,117.99214036722228
7704,2025-01-08 23:30:00,461.9,20.113553132000025,8.899999619000022,37.36256075983334,687.4222222222222,106.4410305482222
7705,2025-01-09 00:00:00,433.83,19.824997372944466,9.199999809000015,37.62327730388892,684.8111111111111,95.90832218616667
7706,2025-01-09 00:30:00,457.7,19.631441858555565,9.100000380999978,37.771182569055554,677.7888888888889,86.40788646277775
7707,2025-01-09 01:00:00,499.5,19.431664955,8.899999619000022,37.99247523416664,676.8444444444444,77.95111876633331
7708,2025-01-09 01:30:00,450.37,19.31216437005554,8.699999809000015,38.0085529541111,671.4444444444445,70.98438648672227
7709,2025-01-09 02:00:00,471.97,19.137703122681547,8.5,38.124418780502786,671.2569832402235,64.6365616443575
7710,2025-01-09 02:30:00,502.77,19.02844223416666,8.400555176672244,38.19728529177775,669.9222222222222,58.598291460888895
7711,2025-01-09 03:00:00,642.7,19.35966370955556,8.399999619000022,38.48981507622223,701.6444444444444,92.86968807772223
7712,2025-01-09 03:30:00,470.97,20.674330775055573,8.399999619000022,37.07480407288888,720.9333333333333,96.3114279860555
7713,2025-01-09 04:00:00,558.63,21.577831279388896,8.600000380999978,36.24126921733335,748.2388888888889,78.96521877705553
7714,2025-01-09 04:30:00,466.0,22.031441932500005,8.600000380999978,35.986476622722236,746.3444444444444,65.926420275
7715,2025-01-09 05:00:00,474.14,21.962830893499998,8.600000380999978,36.254764281222236,748.1555555555556,56.85135932499998
7716,2025-01-09 05:30:00,458.48,21.909886042166672,8.5,36.21219804583335,754.0611111111111,50.88891822005557
7717,2025-01-09 06:00:00,478.9,21.909386846722217,8.600000380999978,36.13672909194441,768.6555555555556,45.29180278794441
7718,2025-01-09 06:30:00,530.47,22.023331483277794,8.899999619000022,35.88769658399998,744.4666666666667,96.00101072416666
7719,2025-01-09 07:00:00,462.43,21.951774936499998,9.100000380999978,35.88991942916667,713.3166666666667,93.73081749772226
7720,2025-01-09 07:30:00,389.93,21.95801319385476,9.899999619000024,35.859059552346366,718.9050279329609,80.62574141508382
7721,2025-01-09 08:00:00,485.8,22.182991589444452,10.699999810000007,35.51444210466664,726.6277777777777,74.90330683505557
7722,2025-01-09 08:30:00,471.13,22.053163708611123,11.399999620000012,35.75227152522219,686.45,108.12378124561106
7723,2025-01-09 09:00:00,570.13,22.00483125033336,11.899999620000015,36.36905112866667,693.7111111111111,81.6336417942222
7724,2025-01-09 09:30:00,826.7,22.142498259944446,12.199999810000007,37.14222301933335,694.7722222222222,44.844240824888864
7725,2025-01-09 10:00:00,1541.67,21.840775447555558,12.5,38.959432750666664,697.9388888888889,53.99933653922223
7726,2025-01-09 10:30:00,776.27,21.220664331833348,12.899999620000015,43.555282867944435,459.7388888888889,28.205228678277784
7727,2025-01-09 11:00:00,588.33,21.021725830726282,13.300000189999993,43.02506362664803,545.5530726256983,17.58078650273743
7728,2025-01-09 11:30:00,471.03,20.72033195566667,13.399444067611125,41.94303813505557,562.3277777777778,13.595338429444459
7729,2025-01-09 12:00:00,1745.13,20.61583097300001,13.499444442333333,41.28546187111113,585.7833333333333,96.27130678883337
7730,2025-01-09 12:30:00,412.17,21.14794164266667,13.201666477722227,39.7922065097778,641.4833333333333,77.79982689750001
7731,2025-01-09 13:00:00,453.67,21.76442820283335,12.901666287722236,38.5658235973889,681.4666666666667,67.10616510166666
7732,2025-01-09 13:30:00,446.0,22.131887097444462,12.600000379999985,37.93416790466668,720.0444444444445,58.5226750902222
7733,2025-01-09 14:00:00,521.0,22.083497090111102,12.300000189999993,38.236697514888846,723.3111111111111,97.3588679843333
7734,2025-01-09 14:30:00,529.77,22.203330581055567,12.100000379999985,38.17685504533334,782.8722222222223,82.3377027301111
7735,2025-01-09 15:00:00,561.73,22.465608342444447,11.899999620000015,38.31240834094443,889.1611111111112,65.62807280177778
7736,2025-01-09 15:30:00,540.9,22.5126633332778,11.800000189999993,39.04622338622224,1042.661111111111,55.38207901816665
7737,2025-01-09 16:00:00,504.43,22.486865965977657,11.5,39.08234166810057,1127.7765363128492,47.74976894452513
7738,2025-01-09 16:30:00,504.83,22.34810885283334,11.301111300055549,38.95544011827777,1061.9,75.9108820388333
7739,2025-01-09 17:00:00,446.27,22.43233049272224,11.101111490055542,38.49933467444445,982.6555555555556,92.96654264672227
7740,2025-01-09 17:30:00,512.43,22.425608349000008,10.901110735333347,38.42317901211111,996.0944444444444,104.74986089172222
7741,2025-01-09 18:00:00,461.13,22.433497292111127,10.20388869783334,38.36452782933332,955.0388888888889,148.0599054944444
7742,2025-01-09 18:30:00,485.6,22.50165678694445,10.199999810000007,38.17060794833334,964.6611111111112,125.61551394777774
7743,2025-01-09 19:00:00,402.17,22.549055194777804,10.199999810000007,38.09765758538889,976.6111111111111,108.33473536333337
7744,2025-01-09 19:30:00,514.53,22.70227542505556,9.899999619000024,37.752896647833325,985.8277777777778,96.13722173827779
7745,2025-01-09 20:00:00,437.03,22.450275622111118,9.600000380999978,38.1403673383889,979.8777777777777,99.12158067433336
7746,2025-01-09 20:30:00,439.6,22.280386893277793,9.300000190999985,38.06681213377776,881.9333333333333,147.9897837283334
7747,2025-01-09 21:00:00,445.8,21.705021767932966,8.899999619000022,38.52147011810055,853.4525139664804,125.24062769217888
7748,2025-01-09 21:30:00,385.93,21.377885522222236,8.701110919055571,38.68176697561113,840.0277777777778,111.8052965822222
7749,2025-01-09 22:00:00,404.81,20.95927544716666,8.799444633322206,39.16486019566667,831.8944444444444,100.63975410261112
7750,2025-01-09 22:30:00,529.79,20.723385905944458,8.800000190999985,39.40818309772223,816.6333333333333,89.34044850649995
7751,2025-01-09 23:00:00,372.0,20.36627496116667,8.700555366677794,39.616799651611096,793.3388888888888,82.18081338683338
7752,2025-01-09 23:30:00,381.57,20.25355259622224,8.699999809000015,39.58748338477778,776.6611111111112,75.08999667722222
7753,2025-01-10 00:00:00,453.03,19.970926264333343,8.302222411099985,39.8684973823333,762.0388888888889,69.21700274133329
7754,2025-01-10 00:30:00,383.0,19.892998219111092,8.399999619000022,39.8297870423889,748.9166666666666,63.22316892444444
7755,2025-01-10 01:00:00,445.2,19.65494126155553,8.399999619000022,40.15593484261111,755.4444444444445,58.214477560333314
7756,2025-01-10 01:30:00,447.93,19.556810433072613,8.699999809000015,40.15063725877095,751.7653631284916,54.036995935642494
7757,2025-01-10 02:00:00,463.97,19.26060800572225,8.898888508944466,40.626970884777776,769.1555555555556,50.66490374683333
7758,2025-01-10 02:30:00,573.3,19.21910764855558,8.800555743377762,40.878620973944436,778.1722222222222,53.2257492071667
7759,2025-01-10 03:00:00,510.63,19.751997460777794,8.601111491055534,40.52881738838889,736.6555555555556,101.94913114038887
7760,2025-01-10 03:30:00,518.0,20.5644971108889,8.401110734344467,39.17260447577775,726.8611111111111,82.50146781049999
7761,2025-01-10 04:00:00,398.37,21.203164238444465,7.90277787013333,38.25165360766668,737.4555555555555,72.26880361788893
7762,2025-01-10 04:30:00,495.13,21.585607953000014,8.098889268299978,37.72990396316667,744.1666666666666,63.37000586188885
7763,2025-01-10 05:00:00,428.23,21.673052586944433,8.298889080944429,37.63853348611109,737.4333333333333,56.35077573972218
7764,2025-01-10 05:30:00,466.7,21.77957976638891,8.399444066622245,37.50824101766666,738.8055555555555,50.272428448944424
7765,2025-01-10 06:00:00,405.93,21.749973498055546,7.80333352115554,37.65748316422223,741.5055555555556,44.64578946422225
7766,2025-01-10 06:30:00,445.67,21.93217298910616,7.900000094999998,37.36415539083797,749.3240223463687,39.71583024340784
7767,2025-01-10 07:00:00,482.03,21.930774348999993,8.098889268299978,37.45639125016665,757.95,35.6253506448889
7768,2025-01-10 07:30:00,514.13,22.152886549833347,9.094444825444421,37.7608666313889,808.1444444444444,29.66367407883333
7769,2025-01-10 08:00:00,422.4,22.247552140944432,9.995000002116667,38.30257892611111,903.8055555555555,21.73494480983333
7770,2025-01-10 08:30:00,537.0,21.940442000833343,10.795555744499993,36.90246168761112,703.4833333333333,60.01728122283334
7771,2025-01-10 09:00:00,382.4,21.30227594355556,11.396666289833348,37.19706560788888,628.6722222222222,61.63982107366667
7772,2025-01-10 09:30:00,469.2,20.857219473777782,11.598889264666653,37.60691426583332,614.9111111111112,53.572669707055525
7773,2025-01-10 10:00:00,391.66,20.445830207444462,11.798889079944438,38.0116303551111,594.1666666666666,46.46866897988888
7774,2025-01-10 10:30:00,466.83,20.255163415500014,12.098333712277764,37.87119365266664,570.2611111111111,40.28449774844446
7775,2025-01-10 11:00:00,790.4,20.066815153777792,12.199444257611116,39.89767369172224,621.4611111111111,34.23217473555554
7776,2025-01-10 11:30:00,431.97,20.030885527444468,12.39888850994446,39.551371044666666,648.9,41.43756424583333
7777,2025-01-10 12:00:00,570.72,19.887997458055537,12.699999810000007,38.9545698376111,638.6111111111111,80.96390880966666
7778,2025-01-10 12:30:00,431.84,19.846164672833332,12.899999620000015,38.689674377611105,624.0611111111111,63.55904066283334
7779,2025-01-10 13:00:00,518.87,19.608541062569866,13.100000379999985,38.76590539083799,582.2122905027933,55.915437645195546
7780,2025-01-10 13:30:00,378.9,19.59299732805556,13.100000379999985,38.658519321166665,560.8,53.66840178088885
7781,2025-01-10 14:00:00,434.57,19.539606868444466,13.100000379999985,37.83291941755556,585.2166666666667,115.54381760416658
7782,2025-01-10 14:30:00,481.13,19.59988628933334,12.602778157777763,38.157017071777766,628.6,87.5194969601111
7783,2025-01-10 15:00:00,580.7,19.42716493611111,11.903888513111125,38.35406568322223,621.6555555555556,73.78821182233334
7784,2025-01-10 15:30:00,449.67,19.34455232550001,11.40277739777779,38.22432089938888,580.5333333333333,66.24042847938888
7785,2025-01-10 16:00:00,617.77,19.15071956905556,10.60444482022221,38.05212262477779,557.2277777777778,90.09809377566664
7786,2025-01-10 16:30:00,497.37,19.050557115611106,10.202222035388896,37.880464659888915,547.8611111111111,102.48894806088889
7787,2025-01-10 17:00:00,511.2,19.862627580722236,10.001111110055556,36.597652943722224,574.0111111111111,104.73025110033335
7788,2025-01-10 17:30:00,561.5,20.831108771833332,9.600000380999978,35.1704547033889,599.6277777777777,111.44638879594446
7789,2025-01-10 18:00:00,441.8,21.499665239722212,9.600000380999978,34.94779040049998,661.1,91.70183185988884
7790,2025-01-10 18:30:00,564.23,21.677664173888907,9.199999809000015,34.80969619777778,701.2333333333333,106.63747600983328
7791,2025-01-10 19:00:00,449.0,21.509379648547498,8.899999619000022,34.65677693932962,694.5139664804469,123.58784856145253
7792,2025-01-10 19:30:00,515.87,21.904219680166634,8.601667043433311,34.46520000061109,716.4055555555556,101.73338156638887
7793,2025-01-10 20:00:00,484.07,22.020331266833335,8.401110734344467,34.49313956316668,740.15,88.4291287311667
7794,2025-01-10 20:30:00,571.2,21.64766384772223,8.300555743377762,33.56946870999999,678.9111111111112,126.03318489694443
7795,2025-01-10 21:00:00,417.6,20.90205257227779,8.101111491055534,34.61306451144445,666.4888888888889,115.76792288833333
7796,2025-01-10 21:30:00,510.13,20.401441362555556,8.100000380999978,35.34890249038888,688.5333333333333,102.91341090855553
7797,2025-01-10 22:00:00,446.03,19.909484344111114,8.100000380999978,36.014186562222214,690.4166666666666,91.58719134877785
7798,2025-01-10 22:30:00,460.7,19.606942399722232,8.199999809000014,36.35813757605556,684.6555555555556,82.65409406088882
7799,2025-01-10 23:00:00,432.17,19.330663861500025,8.199999809000014,36.6589924493889,686.4277777777778,74.30010490377776
7800,2025-01-10 23:30:00,552.93,19.091167173240237,8.199999809000014,36.897237063798876,685.4972067039106,67.57059129290505
7801,2025-01-11 00:00:00,475.6,18.87321906666667,7.702777586777792,37.03356846666667,680.9666666666667,61.62428919466667
7802,2025-01-11 00:30:00,1201.17,18.697886658500014,7.799444633322207,37.40366634794444,675.5777777777778,55.84357852966669
7803,2025-01-11 01:00:00,1052.0,18.612108389444458,7.800000190999986,37.44843376999999,680.4722222222222,50.46024608622223
7804,2025-01-11 01:30:00,547.1,18.465385448000017,7.800000190999986,37.47133967077779,675.4111111111112,46.09889072816666
7805,2025-01-11 02:00:00,441.8,18.395885997166683,7.700555366677792,37.392120530888896,675.3888888888889,41.43282040522222
7806,2025-01-11 02:30:00,429.13,18.194218911666706,7.3022224110999865,37.56105842611112,677.4444444444445,37.777186096833326
7807,2025-01-11 03:00:00,518.8,18.184219096222233,7.001666667727777,37.375060653888866,680.4277777777778,34.562836032111086
7808,2025-01-11 03:30:00,681.73,18.4671767553889,7.099444349972225,37.79595351766666,725.4166666666666,31.59863592777778
7809,2025-01-11 04:00:00,519.63,20.003114594722224,7.599999905000003,36.1841507382222,753.4611111111111,27.21843717333334
7810,2025-01-11 04:30:00,618.37,20.702276918666676,7.800000190999986,34.578943761055534,709.9777777777778,69.3823688722222
7811,2025-01-11 05:00:00,526.47,21.026998213222218,7.900000094999998,34.091288863388876,678.3944444444444,66.89406763722225
7812,2025-01-11 05:30:00,545.93,21.194909740782133,8.0,34.01958991966481,690.8435754189944,57.88590517530729
7813,2025-01-11 06:00:00,523.03,21.393331401055562,7.801111301049986,33.73597414177778,695.5833333333334,49.85633280033332
7814,2025-01-11 06:30:00,484.45,21.545052528444476,8.098333713277755,33.48608402694444,700.0777777777778,43.36781510261111
7815,2025-01-11 07:00:00,551.6,21.252719275611124,8.398332956566689,33.92152095372223,709.3111111111111,38.41198910605554
7816,2025-01-11 07:30:00,514.5,21.503442001611113,8.897221841222244,33.49589434738889,717.3277777777778,33.71460685694446
7817,2025-01-11 08:00:00,793.63,21.601718913333343,9.397221841222244,33.23122094461109,718.9388888888889,28.1784165806111
7818,2025-01-11 08:30:00,1000.63,20.755386268111113,10.09611148688332,31.1934529411111,580.9722222222222,19.63801197505555
7819,2025-01-11 09:00:00,1016.47,19.760497252333344,10.597222602222208,29.45790314111113,458.77777777777777,13.289311711222215
7820,2025-01-11 09:30:00,861.87,19.046164226777787,11.199999810000007,27.982088756499994,399.8666666666667,9.489492501172224
7821,2025-01-11 10:00:00,742.7,18.430885834444464,11.600000379999988,28.208347447500007,422.8333333333333,17.86776059978889
7822,2025-01-11 10:30:00,404.33,18.315830209111116,12.199999810000007,30.141417153777766,522.4777777777778,61.19866765361113
7823,2025-01-11 11:00:00,608.77,18.195941755999975,12.600000379999985,32.07781336033333,639.4222222222222,44.8233480243889
7824,2025-01-11 11:30:00,590.1,18.038830905555557,13.100000379999985,32.55051360694444,607.9555555555555,37.93985610522221
7825,2025-01-11 12:00:00,486.5,17.852551894500014,13.300000189999993,33.03741944638888,577.3,33.22659254094443
7826,2025-01-11 12:30:00,622.7,17.825051741555544,13.399999620000015,33.28578648038889,560.3944444444444,29.85448428222223
7827,2025-01-11 13:00:00,539.43,17.801440355944454,13.399999620000015,33.47547990988889,546.7111111111111,27.781164804999996
7828,2025-01-11 13:30:00,527.9,17.84232951283334,13.399999620000015,33.48604206511112,527.1277777777777,25.345664331277774
7829,2025-01-11 14:00:00,655.53,17.940663656166684,13.199999810000007,33.29317103516668,524.8555555555556,84.5134301942222
7830,2025-01-11 14:30:00,541.87,18.907666817247215,12.600000379999985,32.45220212202249,614.0280898876405,98.22953337578643
7831,2025-01-11 15:00:00,567.13,20.104658497944452,11.903888513111125,31.58539956405556,677.4388888888889,78.51827150972224
7832,2025-01-11 15:30:00,467.6,20.923886151444467,11.40277739777779,30.90723594038889,731.2666666666667,71.00186093694445
7833,2025-01-11 16:00:00,457.8,21.265496858166667,10.902777397777792,28.95477627666666,682.0055555555556,123.67926957894441
7834,2025-01-11 16:30:00,480.83,21.40382979738889,10.601667042444431,29.534186448222222,675.5277777777778,98.16976695433331
7835,2025-01-11 17:00:00,600.0,21.220440939055557,10.401110735333345,30.252100160500003,718.2722222222222,84.41933733616669
7836,2025-01-11 17:30:00,523.4,21.662442886277784,10.201110920055562,29.124423704944448,798.7555555555556,132.28716562127786
7837,2025-01-11 18:00:00,585.03,21.726441935055565,10.100555932388875,29.566021113555546,831.4666666666667,123.02522832666669
7838,2025-01-11 18:30:00,578.17,21.69205326550001,10.000555557666667,30.030554941055588,868.9166666666666,105.61875042266668
7839,2025-01-11 19:00:00,579.43,21.680496978722225,9.900555176672245,30.2014884525,901.2444444444444,92.1986151372222
7840,2025-01-11 19:30:00,505.13,21.565774769722246,9.899999619000024,30.33739307155556,899.1277777777777,89.6527575186111
7841,2025-01-11 20:00:00,614.13,21.318693971229045,9.899999619000024,29.37045519307263,811.4748603351956,127.51072155474847
7842,2025-01-11 20:30:00,449.17,20.54505328100001,9.899999619000024,30.48488452744444,795.0222222222222,110.88190023805554
7843,2025-01-11 21:00:00,540.97,19.774830945277763,9.899999619000024,31.414151477666685,794.0388888888889,99.59170803433337
7844,2025-01-11 21:30:00,464.8,19.35616313116667,9.800555743377762,31.866194905055554,788.9111111111112,90.03742429944442
7845,2025-01-11 22:00:00,578.87,18.893497414,9.700555366677794,32.51249122600002,796.6444444444444,80.01962254838888
7846,2025-01-11 22:30:00,521.97,18.57916440988889,9.501111110050001,32.70449369222222,783.1611111111112,71.92606591088891
7847,2025-01-11 23:00:00,504.17,18.233552741888893,9.301111301049986,32.86831141583333,763.9611111111111,65.17336637727777
7848,2025-01-11 23:30:00,514.9,18.01421933827778,9.101111491055534,33.05954337611109,753.1111111111111,58.96522356688889
7849,2025-01-12 00:00:00,607.37,17.777163791722224,9.199444256622238,33.19480597183333,745.6888888888889,53.582125346277806
7850,2025-01-12 00:30:00,447.67,17.500497183111115,9.199999809000015,33.464235539388895,734.6611111111112,48.89989691855557
7851,2025-01-12 01:00:00,659.53,17.433441438055546,9.100555933377755,33.44663865850001,729.8277777777778,43.75586853022223
7852,2025-01-12 01:30:00,548.1,17.188121943833316,8.901110734344467,33.6182228936111,720.7777777777778,40.14159363655557
7853,2025-01-12 02:00:00,679.87,17.117422391340803,8.600000380999978,33.66537720648044,714.4078212290502,36.177386470893836
7854,2025-01-12 02:30:00,549.67,16.945052846722202,8.401110734344467,33.72173495777778,707.4166666666666,33.51384607944444
7855,2025-01-12 03:00:00,821.47,16.895219093333345,8.399999619000022,33.93947755999999,738.5,56.401543925333314
7856,2025-01-12 03:30:00,498.77,17.920219443055558,8.399999619000022,32.025825405333336,713.4166666666666,81.8181715643889
7857,2025-01-12 04:00:00,658.5,18.8141091878889,8.598889265655533,31.42456218922221,724.2222222222222,66.73520670983329
7858,2025-01-12 04:30:00,514.29,19.545885637444442,8.401110734344467,30.75789410272222,727.8611111111111,57.38575994738891
7859,2025-01-12 05:00:00,618.0,19.88071961983334,8.300555743377762,30.518695873444457,735.8777777777777,49.638552941166644
7860,2025-01-12 05:30:00,507.2,19.745219230888882,8.200555366677794,30.81944314105555,741.9888888888889,43.64757260194445
7861,2025-01-12 06:00:00,552.03,20.14227512133333,7.802222411099985,30.375787661166655,750.6055555555556,38.086094559555576
7862,2025-01-12 06:30:00,580.83,20.352997896777772,7.601111017700003,30.162256198722233,750.8111111111111,33.60336474316667
7863,2025-01-12 07:00:00,681.77,20.552219221777776,7.301666856077764,29.730403264444455,755.1388888888889,27.702016999777754
7864,2025-01-12 07:30:00,491.97,20.362228617318447,6.800000190999986,30.15039821201118,755.5195530726257,24.623166068212296
7865,2025-01-12 08:00:00,683.0,20.55127474500001,6.402222317755553,29.927371448777805,765.7222222222222,22.157201427666664
7866,2025-01-12 08:30:00,523.93,20.84105332722223,6.201110921700014,29.63984230872221,771.2944444444445,19.415577348055553
7867,2025-01-12 09:00:00,1325.2,21.409664652555566,6.100555460022226,30.4840666555,816.1722222222222,16.671808434
7868,2025-01-12 09:30:00,1070.13,21.566220431777783,5.801666856077765,30.9599996782778,789.3722222222223,13.378189193055558
7869,2025-01-12 10:00:00,932.23,21.091997464722237,5.501666667727777,28.278347184999983,685.9722222222222,53.290398920705556
7870,2025-01-12 10:30:00,711.1,21.2172749842778,5.301111301049987,25.625753752166656,557.8055555555555,69.20002767744445
7871,2025-01-12 11:00:00,870.63,21.459774621722218,5.20055536667779,27.025792429222218,632.6555555555556,55.641989114277756
7872,2025-01-12 11:30:00,557.57,21.711719587277774,5.199999809000013,28.509952418111116,702.5611111111111,45.05517687266666
7873,2025-01-12 12:00:00,670.93,21.66405293161111,4.70277758677779,27.183260334666663,666.6333333333333,30.691222445055548
7874,2025-01-12 12:30:00,489.63,21.25150913683333,4.6005554600222265,26.606209585277774,640.8222222222222,139.23729408938894
7875,2025-01-12 13:00:00,483.1,20.316549855530738,4.400000094999997,27.88222802011176,633.0782122905028,119.36532874189939
7876,2025-01-12 13:30:00,574.17,19.80938563877778,4.300555746022211,28.700344774444446,646.3944444444444,103.72008073377779
7877,2025-01-12 14:00:00,629.37,19.381219652611126,4.200555366677789,29.376996569833334,663.05,91.05291031694439
7878,2025-01-12 14:30:00,512.5,19.15238580783331,4.00111111005,29.70966755533332,669.0833333333334,81.15253410327779
7879,2025-01-12 15:00:00,831.53,18.842609066999998,3.801111063377783,30.11218572172221,678.9888888888889,70.65480164438888
7880,2025-01-12 15:30:00,1558.57,19.379274877000007,3.700555603022216,28.605889839611113,676.9,106.80826235727775
7881,2025-01-12 16:00:00,586.73,20.440784664104054,3.501156069641618,27.613708473872823,697.1156069364162,85.00203898849708
7882,2025-01-12 16:30:00,532.5,21.022942119722245,3.5,27.57260829055556,714.2944444444445,72.56347533344453
7883,2025-01-12 17:00:00,700.8,21.107540512000007,3.5,28.052515210000003,760.1388888888889,111.21099866411112
7884,2025-01-12 17:30:00,621.57,21.199497170111126,3.299999952000004,27.760536639055566,779.0944444444444,142.8778877694445
7885,2025-01-12 18:00:00,642.23,21.83477598833335,3.200000047999995,27.29382174855556,804.5388888888889,126.56941286777777
7886,2025-01-12 18:30:00,706.2,22.226996750555564,3.200000047999995,28.305197493444428,951.25,104.23309822188892
7887,2025-01-12 19:00:00,593.07,22.23749668361113,3.200000047999995,27.053107144833348,930.8777777777777,133.60624970605554
7888,2025-01-12 19:30:00,571.19,21.902274789000003,3.0,26.69556770311112,848.8277777777778,156.60931760999992
7889,2025-01-12 20:00:00,552.77,22.39844197133333,2.799999952000004,26.737420432388905,877.5666666666667,126.59131414555547
7890,2025-01-12 20:30:00,561.14,22.537608761555575,2.299999952000004,26.827811707555565,887.4833333333333,110.54327151216657
7891,2025-01-12 21:00:00,608.68,22.54783127055557,1.799999952000003,26.87484264355555,887.5111111111111,98.35285377483338
7892,2025-01-12 21:30:00,463.07,22.16350993094444,1.5,27.24491650255557,858.4722222222222,86.27937185494449
7893,2025-01-12 22:00:00,708.5,21.34613973743017,1.6000000239999972,28.103518459106148,842.9217877094972,78.50596128486036
7894,2025-01-12 22:30:00,483.67,20.401608350833335,1.9977777779111112,28.8568973008333,827.3777777777777,72.61173205883327
7895,2025-01-12 23:00:00,515.3,19.689164702500005,2.4972222222222222,29.511449188888882,820.5444444444445,66.5888880200555
7896,2025-01-12 23:30:00,596.47,19.230497456055563,2.798333285600004,29.878359021222195,816.7888888888889,60.45508249088887
7897,2025-01-13 00:00:00,507.1,18.750441678611104,3.197777825244439,30.298039394055554,803.9277777777778,56.00394535088889
7898,2025-01-13 00:30:00,589.57,18.479274750000002,3.299444396977782,30.47805057127777,793.0055555555556,51.22454897583332
7899,2025-01-13 01:00:00,559.2,18.146886221611133,3.399444538649996,30.71411399844444,785.0222222222222,46.970996899222214
7900,2025-01-13 01:30:00,578.77,17.88933140405556,3.499444444972222,30.839583375833328,771.3833333333333,42.9360182021667
7901,2025-01-13 02:00:00,534.13,17.624774901944452,3.5,31.02348952822222,761.1166666666667,39.44476992316667
7902,2025-01-13 02:30:00,818.43,17.631219440333343,3.4000000949999962,31.552604177222232,792.3833333333333,35.98282322372222
7903,2025-01-13 03:00:00,598.57,18.308496941666668,3.200000047999995,30.908470874388897,826.5777777777778,32.64172894155556
7904,2025-01-13 03:30:00,644.0,19.168496471111105,3.099999905000003,29.832874478222234,846.0833333333334,29.71925582894445
7905,2025-01-13 04:00:00,617.87,19.715053876555555,3.299999952000004,29.279768053611107,855.3944444444444,26.778288374833345
7906,2025-01-13 04:30:00,613.0,20.149218972333365,3.200000047999995,28.822049924944455,861.2333333333333,24.20642277405556
7907,2025-01-13 05:00:00,634.47,20.39021944533335,3.200000047999995,28.589351463611127,870.1666666666666,22.296841568499996
7908,2025-01-13 05:30:00,741.07,20.21055271377778,3.200000047999995,28.8592384971111,869.7388888888889,20.410175937944448
7909,2025-01-13 06:00:00,833.6,20.586610031722227,2.799999952000004,27.39768114088888,828.4833333333333,75.41090486255557
7910,2025-01-13 06:30:00,443.0,21.55033037427778,2.799999952000004,27.04778951022222,828.2666666666667,63.185712009722224
7911,2025-01-13 07:00:00,607.0,22.085330773000017,2.799999952000004,27.205375819833332,852.6777777777778,51.92154233705552
7912,2025-01-13 07:30:00,508.83,22.07921229525139,2.799999952000004,27.692800361731834,865.2011173184358,43.7755753499441
7913,2025-01-13 08:00:00,707.17,21.946330483666664,2.799999952000004,27.499944930666697,893.1166666666667,34.979713948444456
7914,2025-01-13 08:30:00,1316.93,21.783069844277797,2.799999952000004,24.864086701777786,775.5222222222222,89.48913955866665
7915,2025-01-13 09:00:00,644.84,21.84416342816668,2.799999952000004,24.57470777294445,712.6611111111112,66.45103992894447
7916,2025-01-13 09:30:00,882.07,21.538163694444457,2.799999952000004,24.882771248833336,705.6277777777777,96.33683037183333
7917,2025-01-13 10:00:00,464.63,21.01205253661112,2.799999952000004,25.024353874888888,694.5222222222222,132.63698904222227
7918,2025-01-13 10:30:00,1098.8,21.37277463344446,2.799999952000004,25.693489169555566,747.4666666666667,103.85018268122218
7919,2025-01-13 11:00:00,900.27,21.84399746838889,2.700555603022217,26.143961397944466,791.3111111111111,79.34652142027781
7920,2025-01-13 11:30:00,673.07,22.253386847166674,2.8988889836277743,25.991813098222227,837.4611111111111,65.9239362506111
7921,2025-01-13 12:00:00,543.73,22.072775554777785,3.098888794944448,25.969616731111117,890.2611111111111,64.18922398999997
7922,2025-01-13 12:30:00,1663.4,22.201163843333347,3.298888840627782,24.61679369572223,789.4333333333333,121.81420724755552
7923,2025-01-13 13:00:00,515.97,22.54621947622222,3.399444538649996,25.093702146777773,832.1444444444444,87.57301300894446
7924,2025-01-13 13:30:00,589.37,22.15883044172224,3.499444444972222,25.48371517399999,811.1,73.64674869061113
7925,2025-01-13 14:00:00,498.73,22.226975671061467,3.400558753687147,25.588315346089395,812.6759776536313,62.301101428882696
7926,2025-01-13 14:30:00,535.9,22.253830507833353,3.299999952000004,25.750846767444436,822.1944444444445,52.9582060072222
7927,2025-01-13 15:00:00,781.3,21.904607868277775,3.200000047999995,26.039792516555558,799.3388888888888,81.62322218033333
7928,2025-01-13 15:30:00,550.17,22.298718611222213,3.200000047999995,25.82285635227778,769.1388888888889,74.19342553905551
7929,2025-01-13 16:00:00,650.27,22.454108269999995,3.200000047999995,25.536739858277784,720.25,62.57154456272228
7930,2025-01-13 16:30:00,545.2,22.403829765499996,3.299999952000004,25.474044916333348,681.7444444444444,53.68946745094445
7931,2025-01-13 17:00:00,564.33,22.467386352055563,3.299999952000004,25.34832083366667,647.7,46.57887901738887
7932,2025-01-13 17:30:00,580.63,22.297816164748607,3.299999952000004,24.639865587597765,635.463687150838,103.6474373250838
7933,2025-01-13 18:00:00,686.03,22.27460848516667,3.299999952000004,25.357615068055544,707.5666666666667,90.1930387287223
7934,2025-01-13 18:30:00,581.03,22.21583059155557,3.299999952000004,25.6646662072778,756.2888888888889,76.25389891727781
7935,2025-01-13 19:00:00,552.14,22.447108290111107,3.200555603022217,25.962015808833318,817.6111111111111,64.14398598122222
7936,2025-01-13 19:30:00,589.73,22.520284292944467,3.200000047999995,25.770181444277764,840.5277777777778,54.57678084905557
7937,2025-01-13 20:00:00,610.53,22.426948166000003,3.200000047999995,25.230718951555556,813.2888888888889,73.09674998466666
7938,2025-01-13 20:30:00,571.2,21.798998493833327,3.299444396977782,25.538665495777778,743.2888888888889,85.66601770188888
7939,2025-01-13 21:00:00,563.43,22.022887208888896,3.299999952000004,25.610806380222222,740.7166666666667,71.46782319794443
7940,2025-01-13 21:30:00,497.63,22.097274970333338,3.299999952000004,25.71704844338889,744.0555555555555,60.99361000044449
7941,2025-01-13 22:00:00,598.67,21.780219565277786,3.200555603022217,26.07723012572221,738.0277777777778,52.72797381038888
7942,2025-01-13 22:30:00,691.23,20.594940991111113,3.200000047999995,27.06686680044444,732.0222222222222,45.872485054833305
7943,2025-01-13 23:00:00,572.07,19.9068302686111,3.100555461350003,27.6117777081111,738.7444444444444,41.0795303345
7944,2025-01-13 23:30:00,485.3,19.353163761444453,3.199444491649995,28.010028871055543,734.2388888888889,36.21457125277777
7945,2025-01-14 00:00:00,528.77,18.933886782777765,3.200000047999995,28.290850861833334,729.8666666666667,32.055668142000016
7946,2025-01-14 00:30:00,554.43,18.47594069388888,3.200000047999995,28.64300287072219,721.7388888888889,28.33769430594445
7947,2025-01-14 01:00:00,599.13,18.179720052777764,3.200000047999995,28.810841369611115,714.8333333333334,25.288037681722212
7948,2025-01-14 01:30:00,622.73,17.9249420486111,3.200000047999995,28.959985351722207,710.5277777777778,22.588111590999997
7949,2025-01-14 02:00:00,516.97,17.817386373166674,3.200000047999995,29.24557020416666,722.8388888888888,20.48539961694443
7950,2025-01-14 02:30:00,581.77,18.740552828277778,3.200000047999995,28.406835481555554,745.5111111111111,18.368866512388898
7951,2025-01-14 03:00:00,618.52,19.330441951499996,3.099999905000003,27.865995121055576,752.8277777777778,16.42809482672221
7952,2025-01-14 03:30:00,831.6,19.687703947597775,3.099999905000003,27.57641823234636,747.3854748603352,14.61654218212291
7953,2025-01-14 04:00:00,513.87,19.821442614888905,3.199444491649995,27.49448251749999,747.9666666666667,13.350000831611105
7954,2025-01-14 04:30:00,654.77,20.29260921494446,3.200000047999995,27.096825620888882,754.8944444444444,12.038727373499999
7955,2025-01-14 05:00:00,802.63,20.498664241722217,3.200000047999995,27.13861427344444,760.1444444444444,20.86551298000555
7956,2025-01-14 05:30:00,740.0,20.341831451,3.100555461350003,25.655817434555548,624.1055555555556,62.8851404825
7957,2025-01-14 06:00:00,654.67,20.215775447444454,3.199444491649995,26.594869083777777,648.7611111111111,51.596326785444425
7958,2025-01-14 06:30:00,795.43,20.605634233666667,3.200000047999995,26.47539788361111,678.1833333333333,84.46060966750002
7959,2025-01-14 07:00:00,587.37,20.92849691211111,3.299444396977782,25.583555041499995,679.0222222222222,126.34677988777774
7960,2025-01-14 07:30:00,626.03,21.133552985500007,3.498888888622222,25.611297702500018,653.7888888888889,99.02486953927779
7961,2025-01-14 08:00:00,683.48,20.90538692533333,3.798333285600005,25.94273910505556,632.6833333333333,84.42639465361117
7962,2025-01-14 08:30:00,633.13,21.187665038555547,4.098333238594448,25.596264266777776,615.0444444444445,73.73318621344447
7963,2025-01-14 09:00:00,553.0,21.36483029294446,4.199444253977789,25.442973719500003,603.5166666666667,63.6952062607778
7964,2025-01-14 09:30:00,666.9,20.684385691944453,4.398888982299996,26.174673737499997,614.9611111111111,54.95691691505557
7965,2025-01-14 10:00:00,580.9,19.537386608000016,4.499444444972222,27.135870180944455,594.3888888888889,50.615454758555565
7966,2025-01-14 10:30:00,539.6,18.90488638350001,4.301111301049989,27.644019307166676,581.0388888888889,45.17899441205555
7967,2025-01-14 11:00:00,1247.7,18.468053235388886,4.200555366677789,29.229529221777764,610.1833333333333,38.60548727205556
7968,2025-01-14 11:30:00,465.33,18.46433214672225,4.100555460022226,30.86322963483333,667.7166666666667,34.54096000466666
7969,2025-01-14 12:00:00,740.63,19.203482825418995,3.901117412374298,29.77073283698324,731.5698324022346,30.47437494145251
7970,2025-01-14 12:30:00,850.93,20.074386226000016,3.999444444972222,27.354071087111112,713.3,91.03080968927779
7971,2025-01-14 13:00:00,517.03,20.249885898722233,4.0,26.125907824,686.7333333333333,128.36199404111116
7972,2025-01-14 13:30:00,587.77,21.006774998111116,4.0,26.00327998272222,712.3944444444444,111.09836154599994
7973,2025-01-14 14:00:00,571.93,21.488442208999988,3.801111063377783,25.988792196611115,727.0555555555555,93.83204307861112
7974,2025-01-14 14:30:00,541.13,21.724107308166662,3.799999952000004,25.76707235977776,684.0055555555556,79.05136778111113
7975,2025-01-14 15:00:00,471.57,21.557830620055583,3.799999952000004,26.10756990649999,654.9222222222222,67.06687768299996
7976,2025-01-14 15:30:00,603.16,21.719219441277772,3.799999952000004,25.976523590444433,649.9,57.218727768999976
7977,2025-01-14 16:00:00,544.97,22.005886989611138,3.200000047999995,25.71395391916665,632.7833333333333,49.48820003933335
7978,2025-01-14 16:30:00,811.77,21.961330604666674,3.200000047999995,25.098193168611125,610.6444444444444,91.95709569644445
7979,2025-01-14 17:00:00,1494.77,22.015330515666662,3.0,24.996842469555556,663.0888888888888,126.12477154111112
7980,2025-01-14 17:30:00,568.83,21.921173852290504,3.0,25.807840581564275,723.8715083798883,106.51073771189948
7981,2025-01-14 18:00:00,676.83,22.325532340777762,2.701666714399995,25.915761502555572,775.4666666666667,89.78943095727774
7982,2025-01-14 18:30:00,520.9,22.363276185000018,2.600555461350003,26.484274991611123,839.5611111111111,80.80448248127782
7983,2025-01-14 19:00:00,599.93,22.243497159444452,2.500555555027778,24.841722170222226,776.7777777777778,193.26104880444444
7984,2025-01-14 19:30:00,545.83,22.023608271722235,2.5,25.92800703033333,811.7277777777778,151.4271497944444
7985,2025-01-14 20:00:00,583.84,22.368775208888902,2.5,25.747721491999993,827.6944444444445,129.15855692055553
7986,2025-01-14 20:30:00,560.5,22.500775443166674,2.5,25.77299878833333,845.8777777777777,115.50655882222217
7987,2025-01-14 21:00:00,534.1,22.077052953555565,2.5,25.094732315944444,778.2722222222222,159.05232917
7988,2025-01-14 21:30:00,570.63,21.140997092,2.5,26.425824377555536,766.55,136.44052123944448
7989,2025-01-14 22:00:00,581.7,20.23677571611112,2.7000000479999953,27.34512424483333,780.3944444444444,122.5522010372222
7990,2025-01-14 22:30:00,519.03,19.633219316500004,2.7000000479999953,28.00772871488888,779.6166666666667,109.5627941933334
7991,2025-01-14 23:00:00,572.53,19.082928194245817,2.7000000479999953,28.491326912960893,782.0167597765363,97.68649347441338
7992,2025-01-14 23:30:00,501.33,18.693720001833327,2.799999952000004,28.805203448444455,785.7444444444444,86.9457880228889
7993,2025-01-15 00:00:00,686.47,18.23888697105555,3.098333238594448,29.181851047999995,782.2777777777778,78.465746689
7994,2025-01-15 00:30:00,706.67,18.049442047555548,3.200000047999995,29.361820443666662,778.7944444444445,71.12686432777774
7995,2025-01-15 01:00:00,518.33,17.814109262333346,3.200000047999995,29.544225565833344,776.3444444444444,64.64817697694446
7996,2025-01-15 01:30:00,617.77,17.562497382277765,3.200000047999995,29.704425218111115,771.7166666666667,58.44334163644448
7997,2025-01-15 02:00:00,831.53,17.468831465500013,3.200000047999995,30.468223126500007,802.0444444444445,52.78495127383337
7998,2025-01-15 02:30:00,528.73,18.272330083055554,3.200000047999995,29.344320435055565,818.8222222222222,47.296976068222214
7999,2025-01-15 03:00:00,716.1,18.96238625855557,3.200000047999995,28.385289043777792,812.0055555555556,55.72233640777777
8000,2025-01-15 03:30:00,690.5,19.384386263999996,3.299999952000004,26.96626915350001,735.0111111111111,101.68735097388894
8001,2025-01-15 04:00:00,615.3,20.7602745798889,3.4000000949999962,26.41585077733333,743.7055555555555,80.2729712168333
8002,2025-01-15 04:30:00,572.27,20.812563955083828,3.4000000949999962,26.717645900670366,751.5921787709498,67.46613369312851
8003,2025-01-15 05:00:00,622.33,20.770188173277784,3.4000000949999962,26.774221727500006,758.5166666666667,59.08223086444444
8004,2025-01-15 05:30:00,570.37,20.479109626388897,3.5,27.104036670444454,764.0166666666667,52.51952398072222
8005,2025-01-15 06:00:00,603.23,20.66394103400002,3.4000000949999962,26.841437212277757,772.6944444444445,46.63924098588888
8006,2025-01-15 06:30:00,663.07,20.82721984616666,3.599999905000003,26.549294471833324,774.3555555555556,40.54062603822222
8007,2025-01-15 07:00:00,675.67,20.90644263205557,3.799999952000004,26.55895193922221,779.5,36.3553375665
8008,2025-01-15 07:30:00,578.2,20.88277516866668,4.199999809000011,26.578189277555563,787.4833333333333,31.405700185555556
8009,2025-01-15 08:00:00,564.73,20.905108769833333,4.597777682244448,26.397288502833348,786.2777777777778,27.947331704055543
8010,2025-01-15 08:30:00,589.67,21.481887828500003,4.900000094999998,25.092710314500007,722.0611111111111,36.141546418444435
8011,2025-01-15 09:00:00,959.97,21.039942042277783,5.199999809000013,25.800256294444445,692.8222222222222,86.21886333811109
8012,2025-01-15 09:30:00,611.17,21.219496982055563,5.400000094999997,27.180924776055562,783.0333333333333,68.26141259905555
8013,2025-01-15 10:00:00,532.13,20.908654730111735,5.5,27.354386334916207,822.1284916201117,57.98201798608935
8014,2025-01-15 10:30:00,1023.8,21.158553398944438,5.79833352327221,27.093942705944436,828.5222222222222,81.92738475783337
8015,2025-01-15 11:00:00,739.37,21.306386238500014,5.899444539977774,28.43151908422223,803.1777777777778,136.97131678222226
8016,2025-01-15 11:30:00,1279.3,21.434775087611126,6.199999809000013,27.72405087155556,843.45,135.53677732777777
8017,2025-01-15 12:00:00,1071.23,21.23472014588889,6.599999905000003,26.874636607277775,800.1888888888889,141.10589586666669
8018,2025-01-15 12:30:00,694.07,21.592330540999995,6.800000190999986,26.123714330500018,809.05,145.86085039944442
8019,2025-01-15 13:00:00,491.4,22.004275226555563,6.800000190999986,25.53602694422222,811.3777777777777,154.115573461111
8020,2025-01-15 13:30:00,494.2,21.962331518222225,6.800000190999986,26.001325596666643,825.5722222222222,128.8488627955555
8021,2025-01-15 14:00:00,524.17,21.992608557666678,6.800000190999986,26.14086812338889,824.7666666666667,109.20472806355554
8022,2025-01-15 14:30:00,494.1,21.794552527611117,6.599999905000003,26.36611313277777,828.1833333333333,112.26980442672226
8023,2025-01-15 15:00:00,496.4,21.96888550722223,6.400000094999997,25.48961554627777,790.2888888888889,159.51733228999998
8024,2025-01-15 15:30:00,585.13,22.195803711173184,6.0,25.80450830497206,818.7486033519554,128.37323859162012
8025,2025-01-15 16:00:00,544.1,21.96360844494446,5.303889078827765,26.131915071277778,801.8,102.7041748489445
8026,2025-01-15 16:30:00,541.07,20.92066422583334,4.902222317755552,26.980131827277784,757.5055555555556,93.84986597688888
8027,2025-01-15 17:00:00,566.83,20.165665128722225,4.701110921700012,27.547036732500004,719.3777777777777,84.26768629283328
8028,2025-01-15 17:30:00,494.6,19.676052676666668,4.6005554600222265,27.963253159444427,692.3277777777778,76.26135669277778
8029,2025-01-15 18:00:00,531.97,19.219164435388887,4.599999905000003,28.39050210316666,674.5055555555556,68.97463467916666
8030,2025-01-15 18:30:00,599.73,18.861164092333347,4.401111205055552,28.68695511283333,658.8777777777777,63.790140236722195
8031,2025-01-15 19:00:00,486.4,18.521940994444456,4.201110921700011,28.911837047722216,645.2944444444445,58.31514161400001
8032,2025-01-15 19:30:00,684.43,18.20983027438891,4.199999809000011,29.14210770938889,632.1333333333333,54.63093433416668
8033,2025-01-15 20:00:00,476.67,18.02794205338888,4.099999905000003,29.29358929505556,621.5111111111111,51.276781484833364
8034,2025-01-15 20:30:00,870.0,18.287386555333327,4.199999809000011,28.595666758277776,644.3944444444444,128.1489623341667
8035,2025-01-15 21:00:00,477.6,19.47650080430168,4.199999809000011,27.731897972122916,693.022346368715,108.12416072212287
8036,2025-01-15 21:30:00,599.37,19.75544181433334,4.199999809000011,27.305575413166675,685.5888888888888,140.04093280544436
8037,2025-01-15 22:00:00,479.03,18.85283062222222,4.400000094999997,28.086916552777783,673.2111111111111,144.07956237777773
8038,2025-01-15 22:30:00,512.4,18.23794132866667,4.699999809000012,28.869604099888864,692.4611111111111,125.54465666777779
8039,2025-01-15 23:00:00,645.27,17.83266398166668,4.800000190999988,29.24286359100001,702.1444444444444,111.39135610722224
8040,2025-01-15 23:30:00,498.4,17.515608576000027,4.900000094999998,29.622970708166687,702.95,98.50780800549997
8041,2025-01-16 00:00:00,581.87,17.293275547222233,5.199999809000013,29.77635344383333,704.2833333333333,89.0054110635556
8042,2025-01-16 00:30:00,633.9,17.222331184500007,5.099999905000003,29.84849702,700.6833333333333,79.05466711272221
8043,2025-01-16 01:00:00,634.13,16.988441128777787,5.0,30.070803938722232,699.8611111111111,71.2258536871111
8044,2025-01-16 01:30:00,730.73,16.873997582333338,4.900000094999998,30.16833667749998,695.4222222222222,64.39729184044447
8045,2025-01-16 02:00:00,505.37,16.734218957777767,4.900000094999998,30.346050378888883,695.4611111111111,58.717727936722206
8046,2025-01-16 02:30:00,698.2,16.548140211564238,4.800000190999988,30.550634852737424,698.8268156424581,52.82953577731845
8047,2025-01-16 03:00:00,726.13,16.593040996277768,4.800000190999988,30.88877097272221,726.4666666666667,80.5301491826667
8048,2025-01-16 03:30:00,685.27,18.199775981833337,4.800000190999988,29.096706910000005,699.7222222222222,110.3643771282778
8049,2025-01-16 04:00:00,681.43,19.062553214888897,4.599999905000003,28.91494445794446,723.6388888888889,87.41207080455557
8050,2025-01-16 04:30:00,567.77,19.875830354111123,4.699999809000012,28.194470639166678,736.9722222222222,73.2694770813889
8051,2025-01-16 05:00:00,608.3,20.151164627388873,4.800000190999988,27.93159687277778,740.1722222222222,64.01908709211112
8052,2025-01-16 05:30:00,635.37,20.341664303666672,4.800000190999988,27.73624592905557,742.5555555555555,55.99232016683334
8053,2025-01-16 06:00:00,611.2,20.48194128705557,4.400000094999997,27.605648252944448,751.1055555555556,48.39000646816669
8054,2025-01-16 06:30:00,519.1,20.292274528277797,4.599999905000003,27.857946841166658,745.6833333333333,43.17108281466668
8055,2025-01-16 07:00:00,637.53,20.594720406333327,4.800000190999988,27.522268454555554,757.1166666666667,38.25376192733333
8056,2025-01-16 07:30:00,658.6,20.770830992111108,5.199999809000013,27.498559040555545,770.0666666666667,32.98700251044447
8057,2025-01-16 08:00:00,477.87,20.980886779776522,5.699999809000014,27.37018487173184,790.5921787709498,29.007574454413415
8058,2025-01-16 08:30:00,646.6,20.945830779888908,6.396111204522219,27.376346185333336,790.4166666666666,59.442140948166646
8059,2025-01-16 09:00:00,638.53,20.06116432627779,7.0,27.66358358594444,715.4222222222222,130.8231967061111
8060,2025-01-16 09:30:00,635.83,19.09455400072224,7.400000094999997,28.424768214611124,680.55,111.63557090922221
8061,2025-01-16 10:00:00,547.3,18.626738198611125,7.800000190999986,28.748542594888885,645.6666666666666,91.71906085655556
8062,2025-01-16 10:30:00,577.87,18.195442157111117,8.100000380999978,29.514157030166647,611.9944444444444,75.28352754400004
8063,2025-01-16 11:00:00,839.27,18.14455353416667,8.199999809000014,31.061799420111125,676.9888888888889,55.933503934944454
8064,2025-01-16 11:30:00,642.2,18.03355340955556,8.399999619000022,31.952378410444464,735.8333333333334,48.657772276055525
8065,2025-01-16 12:00:00,776.97,18.397609657833346,8.399999619000022,31.485257784444435,724.9222222222222,77.20449413755556
8066,2025-01-16 12:30:00,632.2,19.790886434500006,8.600000380999978,29.696118831611116,721.0166666666667,57.76229159049996
8067,2025-01-16 13:00:00,528.19,20.67513371061454,8.600000380999978,28.413200932234627,694.9888268156425,83.4684956945251
8068,2025-01-16 13:30:00,539.67,21.037044112166683,8.600000380999978,28.24987233505557,703.0666666666667,73.20089691972223
8069,2025-01-16 14:00:00,616.27,21.704460981444463,8.600000380999978,27.665810320166678,714.6166666666667,57.854839176722244
8070,2025-01-16 14:30:00,559.52,22.169719367666666,8.399999619000022,27.073721472555558,661.4222222222222,47.81934524094446
8071,2025-01-16 15:00:00,560.03,22.431719536333333,8.100000380999978,26.818317593222197,622.9722222222222,40.691846741666645
8072,2025-01-16 15:30:00,666.83,22.532386345833345,7.400000094999997,26.26821706583333,602.0555555555555,96.94833808277781
8073,2025-01-16 16:00:00,506.43,22.848941929611104,7.099999905000003,26.069917202388897,570.1055555555556,77.72548103355558
8074,2025-01-16 16:30:00,1091.77,22.847386784055555,6.400000094999997,26.21146394927778,598.6277777777777,79.28506031011115
8075,2025-01-16 17:00:00,1281.0,22.60694187016668,5.900000094999998,29.52402450777779,610.0277777777778,118.64763086116662
8076,2025-01-16 17:30:00,1146.7,22.61716416683333,5.5,31.43485973138887,572.8777777777777,78.68017518794446
8077,2025-01-16 18:00:00,646.9,22.8602191192222,5.599999905000003,30.187532107055567,637.2333333333333,54.8750708470556
8078,2025-01-16 18:30:00,645.63,22.80435130620112,5.199999809000013,27.817259261229044,638.8715083798883,126.04793799832402
8079,2025-01-16 19:00:00,543.6,22.545517656500007,5.100555460022226,27.754701763055547,641.3611111111111,113.36308123116656
8080,2025-01-16 19:30:00,562.3,22.77960805911111,4.800000190999988,27.43175231105556,655.8277777777778,93.6611557843333
8081,2025-01-16 20:00:00,529.03,22.92605277222225,4.699999809000012,27.188657199222234,664.2333333333333,79.80529742800003
8082,2025-01-16 20:30:00,567.07,22.915386284500038,4.599999905000003,27.158341131888893,678.0555555555555,68.24296883466666
8083,2025-01-16 21:00:00,571.6,22.80310867088893,4.400000094999997,26.199521700555547,656.1,125.77095262911114
8084,2025-01-16 21:30:00,670.73,22.881053564944438,4.199999809000011,26.451940536444464,668.7277777777778,101.70419862505557
8085,2025-01-16 22:00:00,612.63,22.99599726016667,4.0,26.504441165888895,690.6888888888889,86.15535155388885
8086,2025-01-16 22:30:00,568.37,22.60010560586595,3.799999952000004,27.017340068491627,709.5586592178771,74.18879036932964
8087,2025-01-16 23:00:00,515.67,21.835386424833338,3.601111016372225,27.634173562888893,692.2833333333333,66.01043499855555
8088,2025-01-16 23:30:00,692.8,20.78294198844445,3.599999905000003,28.530306307611117,701.6777777777778,59.94905346761114
8089,2025-01-17 00:00:00,536.0,20.146164078222224,3.7988888406277823,29.130596192999988,712.4055555555556,54.505017089722244
8090,2025-01-17 00:30:00,525.77,19.524568155166666,3.799999952000004,29.754055298611124,719.2444444444444,50.01166148744445
8091,2025-01-17 01:00:00,640.87,19.17455897872224,3.799999952000004,30.055697303777773,728.6388888888889,45.31617270549998
8092,2025-01-17 01:30:00,561.87,18.703052923777793,3.799999952000004,30.437750371666663,728.8222222222222,40.94088128416667
8093,2025-01-17 02:00:00,637.77,18.429220274055545,3.799999952000004,30.630837906444444,735.85,37.39665463777777
8094,2025-01-17 02:30:00,582.73,18.14049761083334,3.5,30.799948575833337,730.85,33.89348239900001
8095,2025-01-17 03:00:00,881.17,17.869664001666685,3.200000047999995,30.94642509877777,728.9666666666667,31.061585871166663
8096,2025-01-17 03:30:00,1620.2,18.058942233833324,3.200000047999995,31.330103174555546,774.0888888888888,28.302376736500005
8097,2025-01-17 04:00:00,778.27,18.929497454166672,3.0,30.28929277011111,778.1,25.102283848611116
8098,2025-01-17 04:30:00,648.03,19.459830496277775,2.900000094999997,29.67288749488889,773.9555555555555,22.52290975788889
8099,2025-01-17 05:00:00,581.1,19.91455261483334,2.799999952000004,29.12787605905555,776.15,20.005769623611112
8100,2025-01-17 05:30:00,642.67,20.317274697722222,2.799999952000004,28.780250019333348,786.1111111111111,18.036577637666664
8101,2025-01-17 06:00:00,725.0,20.66100047044693,2.5,27.733105270782122,734.8324022346369,61.21692437469274
8102,2025-01-17 06:30:00,543.03,20.887552970833347,2.798333285600004,27.73534651866666,720.7166666666667,54.40085033849997
8103,2025-01-17 07:00:00,605.66,20.86699767733334,3.197777825244439,27.929711575166646,737.9444444444445,46.34370148966668
8104,2025-01-17 07:30:00,727.87,20.710219309222204,4.194444254772233,28.130895551388882,739.7833333333333,38.687786950166675
8105,2025-01-17 08:00:00,537.57,21.028664377277774,5.199999809000013,27.945095083277774,764.4444444444445,32.35273888894445
8106,2025-01-17 08:30:00,578.27,20.34360851711111,6.199999809000013,28.583927175888903,759.8,28.781403796166664
8107,2025-01-17 09:00:00,535.6,19.420719856888887,7.09499990446667,29.184716224611112,719.5444444444445,26.494363233888876
8108,2025-01-17 09:30:00,800.33,18.789719486111114,7.800000190999986,30.10492311044443,708.1944444444445,91.82397347533335
8109,2025-01-17 10:00:00,824.87,18.512830935555563,8.100000380999978,30.59227406216668,740.1777777777778,107.10409033155558
8110,2025-01-17 10:30:00,1045.53,19.345997927333347,8.5,31.224262089277776,821.2333333333333,87.60549049361106
8111,2025-01-17 11:00:00,783.07,20.392842873631295,8.800000190999985,29.7855525630726,784.7430167597765,244.14923103910616
8112,2025-01-17 11:30:00,731.93,21.052775316176476,9.100000380999978,28.711524884882362,790.7235294117647,155.46230154823527
8113,2025-01-17 12:00:00,1103.63,21.340737363944452,9.100000380999978,28.040352534999986,763.8611111111111,156.1446467072223
8114,2025-01-17 12:30:00,1306.07,21.349719736388888,9.100000380999978,28.09379692100002,756.9222222222222,140.8593741088889
8115,2025-01-17 13:00:00,715.03,22.238386037944437,9.100000380999978,28.757709661888903,793.6388888888889,111.20840174672222
8116,2025-01-17 13:30:00,490.66,22.190497228777783,9.100000380999978,28.506005329722207,773.5444444444445,89.95923606061115
8117,2025-01-17 14:00:00,578.9,21.17316490838889,8.899999619000022,29.25385531338889,723.8,82.13325894661111
8118,2025-01-17 14:30:00,517.9,20.631613971284917,8.600000380999978,29.2783285812849,684.0,74.93072283865922
8119,2025-01-17 15:00:00,575.8,20.160497082722227,8.301666858722207,29.45312434316667,651.4111111111112,68.42873325366666
8120,2025-01-17 15:30:00,594.1,19.735830911444438,7.8027779687777645,29.70776840811112,622.8166666666667,61.96400877672221
8121,2025-01-17 16:00:00,659.53,19.31533063283335,7.402222317755553,29.955019431277794,599.5222222222222,56.36935621905555
8122,2025-01-17 16:30:00,1046.33,19.30121985572223,7.00222222275,30.418602339166668,647.2833333333333,49.259520721222216
8123,2025-01-17 17:00:00,910.3,20.353330622888897,6.701666476727792,30.779649183277773,733.4111111111112,144.5320917554444
8124,2025-01-17 17:30:00,706.93,21.263199549213496,6.199999809000013,29.77815241235955,748.1910112359551,116.32655142022477
8125,2025-01-17 18:00:00,764.87,21.892664443722218,6.099999905000003,30.11899355794443,811.4666666666667,96.71779679194444
8126,2025-01-17 18:30:00,736.53,22.160053635166676,5.800000190999987,28.403816848111102,819.7333333333333,132.58726446716665
8127,2025-01-17 19:00:00,506.97,22.31766376550001,5.400000094999997,27.243649821888877,765.7888888888889,146.14654472777784
8128,2025-01-17 19:30:00,619.33,22.5151640252778,5.099999905000003,27.41733137772222,799.9444444444445,117.2741473311111
8129,2025-01-17 20:00:00,505.7,22.22627485100001,4.800000190999988,27.819824472888904,822.9611111111111,101.77698152577781
8130,2025-01-17 20:30:00,621.07,22.541720061888896,4.800000190999988,27.385316869555552,838.8055555555555,95.94171718977779
8131,2025-01-17 21:00:00,643.23,22.531719154111116,4.800000190999988,26.139096916944432,785.0833333333334,174.53829387777782
8132,2025-01-17 21:30:00,591.17,22.649998294499994,4.699999809000012,26.57452485822222,814.1722222222222,131.84644165222227
8133,2025-01-17 22:00:00,645.97,22.549663872666674,4.0,26.835927369888886,828.0055555555556,113.72553905444444
8134,2025-01-17 22:30:00,537.4,21.87222966703911,4.0,27.43269546329608,809.1731843575419,109.9342856810615
8135,2025-01-17 23:00:00,614.53,20.720278040777785,4.099444349972225,28.35798170305555,790.15,98.1433072845555
8136,2025-01-17 23:30:00,615.4,20.008221753888897,4.000555555027778,28.97848113388892,793.8111111111111,89.16028175333335
8137,2025-01-18 00:00:00,499.9,19.37344310605555,3.30388884115556,29.596878337722213,789.2555555555556,80.55822024822226
8138,2025-01-18 00:30:00,648.2,18.95916515966668,3.200555603022217,29.925476689222226,788.15,73.79603229088893
8139,2025-01-18 01:00:00,590.13,18.490555074833335,3.200000047999995,30.372856987888888,789.7055555555555,66.47834061505559
8140,2025-01-18 01:30:00,646.7,18.197999752777783,3.0,30.646810891833326,791.5,60.24956294144446
8141,2025-01-18 02:00:00,580.23,17.883554257333323,3.0,30.82050674233333,785.8611111111111,54.629087215111134
8142,2025-01-18 02:30:00,883.27,17.72622104199999,2.801111063377782,31.305828973833343,804.2944444444445,49.387884203666665
8143,2025-01-18 03:00:00,634.03,19.195997344000006,2.799999952000004,29.96069601916668,828.0111111111111,42.6173120076667
8144,2025-01-18 03:30:00,696.73,20.455719926444452,2.799999952000004,28.895324505555553,832.1,36.171418274888914
8145,2025-01-18 04:00:00,705.57,20.381386545333335,2.799999952000004,29.04231460377777,835.5777777777778,32.27692888055555
8146,2025-01-18 04:30:00,620.17,20.760054016000012,3.0,28.463981353333327,847.1333333333333,29.02529290500003
8147,2025-01-18 05:00:00,734.7,20.940720102555545,3.099999905000003,28.13441877333331,849.2055555555555,26.053934309333336
8148,2025-01-18 05:30:00,654.33,21.00521983055555,2.799999952000004,28.000629806833327,854.7666666666667,23.59837819205556
8149,2025-01-18 06:00:00,672.73,20.82666562383334,1.899999976000002,27.948118813833318,863.3222222222222,39.53621119472224
8150,2025-01-18 06:30:00,586.33,21.29538615561112,2.200000047999996,26.480338658166684,774.2388888888889,93.0000607819445
8151,2025-01-18 07:00:00,681.67,22.036553446777784,2.4000000949999962,26.643833796444444,804.7777777777778,73.30222511288886
8152,2025-01-18 07:30:00,678.07,22.32316462194445,3.5,26.778420586055557,819.0166666666667,58.41967434333334
8153,2025-01-18 08:00:00,926.6,22.021942319277795,4.599999905000003,28.057893848888916,844.1055555555556,59.11851829899998
8154,2025-01-18 08:30:00,441.9,21.594942781611106,5.900000094999998,26.206509886722213,681.2277777777778,121.76738734666674
8155,2025-01-18 09:00:00,854.63,21.94910893972223,6.800000190999986,25.53167346316667,633.0,81.48412422722222
8156,2025-01-18 09:30:00,511.9,21.78712697022473,7.5,24.88077680196629,641.2584269662922,152.21785461786504
8157,2025-01-18 10:00:00,687.43,22.09877562011112,7.798333523272208,26.329917706555555,764.5,108.70663037055562
8158,2025-01-18 10:30:00,600.13,22.322497866222246,8.399999619000022,27.617096868999987,974.1555555555556,85.26618410733333
8159,2025-01-18 11:00:00,581.37,21.91355354555557,8.399999619000022,27.429055955888888,1002.7333333333333,69.5062298247778
8160,2025-01-18 11:30:00,698.07,21.94738690066667,9.399999619000022,26.792424053611114,916.0555555555555,60.66553520661111
8161,2025-01-18 12:00:00,588.0,22.165386157611064,9.600000380999978,26.451809078055557,844.1444444444444,53.0331803421111
8162,2025-01-18 12:30:00,633.4,22.140330367722242,9.899999619000024,26.557307942944444,789.9111111111112,46.794180806388866
8163,2025-01-18 13:00:00,555.23,22.300664859441316,9.899999619000024,26.583938822905044,757.7877094972067,41.341439103351945
8164,2025-01-18 13:30:00,667.5,22.384719625722234,9.899999619000024,27.01426318527778,812.15,74.16807961044442
8165,2025-01-18 14:00:00,529.13,21.67927548105556,9.899999619000024,28.091309780333333,818.0833333333334,92.83649097105551
8166,2025-01-18 14:30:00,646.53,21.222274928611117,9.4027773967778,28.457487053333338,824.65,101.75096935699997
8167,2025-01-18 15:00:00,916.83,20.701978118826815,9.101676354396625,28.482395502513953,779.1396648044692,113.93484931787707
8168,2025-01-18 15:30:00,981.19,20.374608167777783,8.204999812177793,29.177707407500005,791.4166666666666,91.96590913033332
8169,2025-01-18 16:00:00,479.57,20.008108902222222,7.802222411099985,29.454165172499977,739.55,74.42636082972223
8170,2025-01-18 16:30:00,671.2,19.791886350944456,7.203333144455569,29.657615884333325,706.8444444444444,66.80052138461113
8171,2025-01-18 17:00:00,571.33,19.959997431611125,6.9016667600777755,30.319193702111104,847.2111111111111,57.89087089966668
8172,2025-01-18 17:30:00,815.73,20.791441472777784,6.601666572722225,28.690946049222212,874.3833333333333,103.67313232605555
8173,2025-01-18 18:00:00,759.4,21.54155209900001,6.599999905000003,28.735948817111108,857.4666666666667,139.61450199277778
8174,2025-01-18 18:30:00,645.43,21.921552340611125,6.20222203175557,27.716094451444445,852.8666666666667,166.666825571111
8175,2025-01-18 19:00:00,541.73,22.166996309888894,6.00111111005,27.39420314372224,858.9666666666667,152.49327197222226
8176,2025-01-18 19:30:00,579.47,22.41738678633335,5.70166647672779,27.21804467322221,878.5055555555556,130.56738505944435
8177,2025-01-18 20:00:00,721.65,22.556441995666674,5.302222411099987,27.150028334555543,896.6277777777777,114.02766545888889
8178,2025-01-18 20:30:00,539.43,22.26555261661112,5.20055536667779,27.55718125266667,912.5888888888888,100.97538553605553
8179,2025-01-18 21:00:00,549.53,22.530929128491625,5.099999905000003,27.240459229106143,926.4581005586592,88.90637062100555
8180,2025-01-18 21:30:00,672.83,22.520664162444444,5.099999905000003,26.87834743922222,912.9833333333333,137.80289776577783
8181,2025-01-18 22:00:00,538.13,22.54283102888889,4.304444633855544,26.630337121666653,867.9722222222222,142.2724440683334
8182,2025-01-18 22:30:00,566.77,22.617830382611103,4.200555366677789,26.75416339244444,854.2055555555555,121.4194957311111
8183,2025-01-18 23:00:00,1254.5,22.208385774944468,4.199999809000011,27.337559011333344,840.2555555555556,105.48418795283331
8184,2025-01-18 23:30:00,936.27,21.10955235194444,3.802222173427783,28.339754592166653,824.0777777777778,95.50104416733332
8185,2025-01-19 00:00:00,454.47,20.47416441183335,4.098333238594448,28.827152188611112,822.5944444444444,86.05248319811112
8186,2025-01-19 00:30:00,594.53,19.88499695461111,3.503333332805555,29.33747962283333,817.4944444444444,77.83905898205556
8187,2025-01-19 01:00:00,560.37,19.528941705944447,2.903333427805552,29.510576110333314,814.0888888888888,69.41700886611112
8188,2025-01-19 01:30:00,533.17,19.141552798611137,2.50222222275,29.75218928655555,799.8388888888888,63.120912784777765
8189,2025-01-19 02:00:00,614.9,18.888019572067062,2.301117270703914,30.094849133687145,803.536312849162,55.87407912346366
8190,2025-01-19 02:30:00,654.6,18.774775092277793,2.299999952000004,30.12414155527778,813.1777777777778,140.0554479801667
8191,2025-01-19 03:00:00,725.23,20.139664311000008,2.299999952000004,28.943539598277766,792.4666666666667,147.8298747622223
8192,2025-01-19 03:30:00,1290.93,20.86321995022223,2.200555603022218,29.041569698611088,820.9277777777778,121.51150482888889
8193,2025-01-19 04:00:00,1691.2,22.054887072277793,2.200000047999996,30.98212035488888,880.4333333333333,99.38271776777778
8194,2025-01-19 04:30:00,2162.67,22.513663440611136,2.3988889836277743,32.085896767388874,772.0222222222222,175.49709040166675
8195,2025-01-19 05:00:00,918.17,23.126275338611105,2.598888794944447,31.348967689833323,720.3388888888888,124.50862664277778
8196,2025-01-19 05:30:00,694.17,23.053941779944463,2.99777777725,30.89110676461111,714.35,86.29731059577777
8197,2025-01-19 06:00:00,471.57,22.862109099833333,2.502777777777777,29.71380087522223,735.7666666666667,87.4247170768333
8198,2025-01-19 06:30:00,587.37,22.775164212500005,3.096666572194448,28.35228361577778,693.45,120.78308957444442
8199,2025-01-19 07:00:00,499.5,22.790886423722238,3.696666713872217,28.343083074500015,698.9166666666666,100.55342517499997
8200,2025-01-19 07:30:00,624.43,22.72509531477779,4.594999905794448,28.34252519583333,708.8333333333334,85.8100575766111
8201,2025-01-19 08:00:00,512.5,22.810736437486028,5.199999809000013,28.19925311458101,739.268156424581,70.41312873005586
8202,2025-01-19 08:30:00,595.87,23.179886934833352,6.492777776716666,27.138575288944427,697.7388888888889,47.18291988355558
8203,2025-01-19 09:00:00,478.93,23.408663644333345,7.494444444444444,26.712321546666665,645.8611111111111,37.46208209977777
8204,2025-01-19 09:30:00,595.03,23.19310932166668,8.096667045549978,27.001894060777794,628.8722222222223,29.172455628666658
8205,2025-01-19 10:00:00,614.37,22.07010871044444,8.000555557672222,29.788530127222206,721.6888888888889,24.33217856111111
8206,2025-01-19 10:30:00,1837.63,21.301219845000016,8.894999621116689,29.69478693022223,695.8555555555556,157.23453971288882
8207,2025-01-19 11:00:00,1059.13,20.779664198500008,9.397221841222244,31.210110483944437,690.1666666666666,92.32518022188881
8208,2025-01-19 11:30:00,862.27,20.57622059655557,10.100000379999987,33.46866113866667,751.1888888888889,84.41150970477774
8209,2025-01-19 12:00:00,805.07,20.216942098666678,10.199444257611118,32.416938612222225,769.9777777777778,83.82236145994443
8210,2025-01-19 12:30:00,468.4,20.54849744366666,10.498333332277777,30.721038087111115,674.3611111111111,136.18770997277775
8211,2025-01-19 13:00:00,639.0,20.990776020333346,10.600000379999987,30.013631121500016,662.85,120.52810355166672
8212,2025-01-19 13:30:00,555.57,21.61921176195532,10.600000379999987,29.294773464134096,692.4804469273743,102.87467198050273
8213,2025-01-19 14:00:00,569.32,21.919275602333343,10.401110735333345,29.054089355722226,705.0777777777778,88.8802817451667
8214,2025-01-19 14:30:00,539.24,22.156719303277796,9.902777396783357,28.864427481722227,726.7555555555556,77.58123554594447
8215,2025-01-19 15:00:00,548.97,22.36277459449999,9.4027773967778,28.835838816222214,757.6111111111111,67.71910305044443
8216,2025-01-19 15:30:00,1060.03,22.784830983444454,8.60444482121109,29.113557052444442,817.3611111111111,57.975556479611114
8217,2025-01-19 16:00:00,1249.37,22.989997143444448,8.401110734344467,32.012205473666654,854.3666666666667,94.28926737016667
8218,2025-01-19 16:30:00,1220.4,22.97988574833334,7.80333352115554,29.951202137388872,759.0666666666667,105.63110410838898
8219,2025-01-19 17:00:00,573.73,22.80594190022222,7.501666667727777,29.57165253944445,753.7833333333333,83.03813908916666
8220,2025-01-19 17:30:00,613.93,22.846052942944446,7.201666476727792,29.49386510855558,796.6611111111112,72.35982784683334
8221,2025-01-19 18:00:00,618.87,22.80010816766667,7.100555460022226,30.1901512465,824.5555555555555,62.086031786555566
8222,2025-01-19 18:30:00,867.8,22.827005237597767,6.602793201089389,30.221000937541902,891.3575418994413,60.988136951899435
8223,2025-01-19 19:00:00,569.53,22.676992278666667,6.102777682777781,30.188348738444443,837.2611111111111,167.12424324888886
8224,2025-01-19 19:30:00,571.97,22.905497827055544,5.503333332805555,29.680383279444438,832.2333333333333,138.15473984722223
8225,2025-01-19 20:00:00,585.93,22.8264977038889,5.102222127750004,29.640136655111103,835.6666666666666,136.26893450722216
8226,2025-01-19 20:30:00,518.3,22.78277532805556,4.801666856077766,29.395441203944465,729.95,185.01145358333335
8227,2025-01-19 21:00:00,603.0,22.894831382222232,4.6011110177000045,29.253483454277784,761.4555555555555,145.06228315777776
8228,2025-01-19 21:30:00,492.6,22.868886269833347,4.500555555027778,29.255819150888883,771.8166666666667,125.79512274
8229,2025-01-19 22:00:00,449.07,22.892885918166673,4.102222127750004,29.16529933055554,783.1888888888889,114.80138274555559
8230,2025-01-19 22:30:00,674.23,22.38488633933334,3.9011112050555523,29.377970515611104,705.0666666666667,167.97286241166654
8231,2025-01-19 23:00:00,447.07,21.467551856555556,3.800555508350005,30.176537354944443,712.6611111111112,147.04559631333333
8232,2025-01-19 23:30:00,548.2,20.830052842055558,3.7000000479999953,30.71922025677777,729.6944444444445,130.75731913277775
8233,2025-01-20 00:00:00,545.03,20.32763398033521,3.5,31.311600978044694,750.1284916201117,118.30358988826819
8234,2025-01-20 00:30:00,484.6,19.922997040999977,3.400555650027774,31.588479550666676,754.6166666666667,105.08708313194451
8235,2025-01-20 01:00:00,518.27,19.611997106444452,3.300555508350005,31.82331145633334,766.4,94.45290463816669
8236,2025-01-20 01:30:00,639.7,19.32216303100003,3.299999952000004,32.034482066,765.5666666666667,85.70809389749998
8237,2025-01-20 02:00:00,535.73,19.107389365777806,3.299999952000004,32.15279334405556,760.7333333333333,78.00750562899995
8238,2025-01-20 02:30:00,553.27,18.83633082727776,3.200555603022217,32.304157956277784,749.7055555555555,70.61147727938892
8239,2025-01-20 03:00:00,590.2,18.70071968550002,3.200000047999995,32.380283419222245,751.0055555555556,64.71435510877782
8240,2025-01-20 03:30:00,679.97,18.391886457111124,3.200000047999995,32.86448518955554,739.7666666666667,58.913091956055574
8241,2025-01-20 04:00:00,585.2,18.97927516294445,3.099999905000003,33.079462771944456,768.8555555555556,92.89785586333326
8242,2025-01-20 04:30:00,663.53,20.57972016883333,3.299999952000004,31.380028767111106,755.5388888888889,86.07526821555555
8243,2025-01-20 05:00:00,569.2,21.643274063777792,3.5,30.52319893311113,770.7666666666667,71.17026076894444
8244,2025-01-20 05:30:00,623.1,21.974537139388893,3.799999952000004,30.204062398388896,748.1777777777778,102.63568424805553
8245,2025-01-20 06:00:00,534.43,21.839445157653646,3.200000047999995,30.1950299568715,708.5921787709498,122.18906603463682
8246,2025-01-20 06:30:00,588.03,22.02016415077779,3.796666619200005,29.958383506888907,723.9611111111111,102.7157154086111
8247,2025-01-20 07:00:00,454.67,22.110108311166666,4.197777587572234,29.839487149888882,731.7722222222222,88.72485008227774
8248,2025-01-20 07:30:00,595.47,22.249553829111115,4.6972220312222355,29.788756115833348,750.5222222222222,74.35291129227778
8249,2025-01-20 08:00:00,755.57,22.621836148461536,5.089743492282054,29.70539352153846,799.7948717948718,61.45293211358974
8250,2025-01-20 16:30:00,663.04,23.10084378457143,7.135000378278554,31.937940365999996,1167.9071428571428,83.23501799642857
8251,2025-01-20 17:00:00,857.37,23.19819487653632,7.800000190999986,31.59431981776536,914.4748603351956,178.04268467206705
8252,2025-01-20 17:30:00,558.87,23.58477508788891,7.402222317755553,31.278101655888886,900.6055555555556,132.12675688333343
8253,2025-01-20 18:00:00,593.37,23.844830597833322,7.79777796824443,30.826215711999996,961.9055555555556,112.81828749166661
8254,2025-01-20 18:30:00,558.23,23.736496852000013,7.700555366677792,30.791817167333356,940.7777777777778,149.19477713144445
8255,2025-01-20 19:00:00,535.83,23.658886316611113,7.6005554600222265,30.733246241388876,915.4944444444444,141.68684904444456
8256,2025-01-20 19:30:00,493.8,23.635330284388886,7.401111205055552,30.722615337277766,947.5111111111111,125.3926381883333
8257,2025-01-20 20:00:00,475.43,23.59749717722221,7.201110921700014,30.74181800416666,961.6111111111111,110.42757971444443
8258,2025-01-20 20:30:00,598.5,23.423997508444458,7.100555460022226,30.957488547166683,977.3333333333334,98.51838713955557
8259,2025-01-20 21:00:00,531.73,23.145774788833325,6.901111205055552,31.33507841994443,963.8111111111111,121.19219983338891
8260,2025-01-20 21:30:00,539.67,23.125624561944484,6.701110921700014,31.241383669055576,915.8555555555556,142.90867771833337
8261,2025-01-20 22:00:00,496.43,22.570275349222236,6.3022224110999865,31.666104369444444,911.1611111111112,132.08937831499992
8262,2025-01-20 22:30:00,567.77,21.77155307133334,6.399444539977774,32.34175987255555,895.9555555555555,119.28289748388882
8263,2025-01-20 23:00:00,434.17,21.234775193722218,6.499444444972222,32.876245795333325,895.25,107.97073961777781
8264,2025-01-20 23:30:00,532.52,20.797498152222236,6.5994443499722255,33.265659819555566,883.0,98.83403371183334
8265,2025-01-21 00:00:00,556.03,20.444941372055556,6.401111205055552,33.61060748627778,874.2722222222222,89.58905898216666
8266,2025-01-21 00:30:00,479.71,19.997885619833337,6.400000094999997,34.03262151127778,863.1333333333333,82.58333494422223
8267,2025-01-21 01:00:00,529.4,19.71127517472221,6.300000190999986,34.28034742133332,849.7555555555556,76.26462126849998
8268,2025-01-21 01:30:00,493.17,19.384406351396684,6.300000190999986,34.63887699486031,835.5418994413408,70.83455781564247
8269,2025-01-21 02:00:00,528.4,19.364330026611118,6.300000190999986,34.53356914533334,827.9444444444445,65.59912047883337
8270,2025-01-21 02:30:00,513.63,19.142219670388876,6.399444539977774,34.74747405555555,817.6166666666667,60.809883202388924
8271,2025-01-21 03:00:00,604.67,18.99133127016666,6.499444444972222,34.87617371833334,807.0444444444445,56.11994915016669
8272,2025-01-21 03:30:00,752.07,19.039940919000003,6.6988886989500145,35.39327267549997,823.8111111111111,51.37727277538886
8273,2025-01-21 04:00:00,500.4,20.35560867511112,6.6005554600222265,34.42600491811109,871.9833333333333,44.752608108611106
8274,2025-01-21 04:30:00,598.3,21.082386038833356,6.599999905000003,33.69706656133332,871.35,39.08241021872222
8275,2025-01-21 05:00:00,509.77,21.575442102888907,6.699444253977791,33.001336860722226,871.6666666666666,35.07891991955555
8276,2025-01-21 05:30:00,545.0,21.86655261827778,6.3022224110999865,32.6437622916111,865.3833333333333,31.78217474572222
8277,2025-01-21 06:00:00,575.53,21.85821918933335,5.9022223177555535,32.917349243111126,799.1166666666667,139.0808784028333
8278,2025-01-21 06:30:00,456.3,22.19033040977779,5.999444444972222,32.40935198444443,776.4944444444444,131.13945104500002
8279,2025-01-21 07:00:00,550.47,22.359386486611093,6.198888698950014,32.69550418816667,802.1888888888889,106.28778300894452
8280,2025-01-21 07:30:00,893.7,22.35933099344444,6.896111204522219,33.40271396655554,719.2666666666667,118.0553962256667
8281,2025-01-21 08:00:00,362.1,21.427775626611112,7.599999905000003,33.8619048013889,572.1277777777777,73.04700444572221
8282,2025-01-21 08:30:00,798.57,20.71145784594445,7.898333427277775,34.026684633833334,568.2111111111111,62.38398994855559
8283,2025-01-21 09:00:00,586.63,20.170053704388884,8.0,34.36504658644446,561.8277777777778,53.17637852583337
8284,2025-01-21 09:30:00,587.27,19.81710815422222,7.801111301049986,34.65335369116666,546.75,45.37304670549998
8285,2025-01-21 10:00:00,567.63,19.522552045444453,7.599999905000003,34.91501958666667,535.95,39.38397263411112
8286,2025-01-21 10:30:00,557.37,19.242941369500024,7.300000190999986,35.32369359361109,539.3444444444444,34.23497053794443
8287,2025-01-21 11:00:00,992.74,19.400608825555558,7.099999905000003,37.40180528416667,634.8444444444444,28.041147804166663
8288,2025-01-21 11:30:00,535.79,20.634941906722226,7.400000094999997,37.12175487938889,698.9611111111111,62.67907235983337
8289,2025-01-21 12:00:00,546.93,21.595830218111118,7.599999905000003,34.99744489472223,693.9055555555556,62.942010794944444
8290,2025-01-21 12:30:00,798.8,22.274608474722243,7.699999809000014,34.16768165155553,729.9277777777778,73.15299116822223
8291,2025-01-21 13:00:00,583.4,22.636386013444444,7.800000190999986,34.87347462972223,722.4722222222222,116.36433300288891
8292,2025-01-21 13:30:00,523.97,22.99266348983334,7.800000190999986,33.83998228722224,768.8888888888889,87.5840910588333
8293,2025-01-21 14:00:00,511.97,23.02610824910112,7.800000190999986,33.52992280634832,765.8876404494382,74.00278194297746
8294,2025-01-21 14:30:00,554.53,22.15449760255556,7.899444539977774,34.15735721588888,714.9333333333333,68.8966392302222
8295,2025-01-21 15:00:00,565.97,21.63316375966668,8.098889268299978,34.516379695777786,681.3277777777778,63.732742903666676
8296,2025-01-21 15:30:00,542.73,21.628442732833353,8.000555557672222,35.0417923185,746.2222222222222,55.43296474866668
8297,2025-01-21 16:00:00,473.47,22.425220256444447,7.701666476727792,34.59678067127778,874.0333333333333,46.58873269833331
8298,2025-01-21 16:30:00,560.87,22.86488602988891,7.4016667600777755,33.73431513050001,835.9777777777778,39.57706052983336
8299,2025-01-21 17:00:00,619.0,22.871274757666672,7.300000190999986,33.64356899277779,785.6777777777778,120.08089137611113
8300,2025-01-21 17:30:00,831.97,22.999942441055545,7.200555366677792,33.85009392633332,806.6777777777778,132.83637097833332
8301,2025-01-21 18:00:00,700.9,23.024942622,6.800000190999986,35.3900802401111,872.5222222222222,108.24069582466669
8302,2025-01-21 18:30:00,1597.87,22.81266477377777,6.5,35.081427891833336,798.5555555555555,182.01247088277773
8303,2025-01-21 19:00:00,378.07,23.06533143772221,6.199999809000013,34.62315951466667,815.1888888888889,134.73067826222217
8304,2025-01-21 19:30:00,495.55,23.273497072611125,5.900000094999998,34.10772287588889,840.5722222222222,110.65876571
8305,2025-01-21 20:00:00,427.83,23.04483139272226,5.800000190999987,34.197845246666674,853.1111111111111,110.81162334000004
8306,2025-01-21 20:30:00,551.17,22.963719505500006,5.699999809000013,33.5513634785,785.75,151.73688125722217
8307,2025-01-21 21:00:00,419.47,23.167608738333314,5.599999905000003,33.47286752044443,825.1222222222223,116.71293941222221
8308,2025-01-21 21:30:00,513.63,23.115274852499994,5.5,33.575807952666686,854.2777777777778,100.32687988511114
8309,2025-01-21 22:00:00,467.07,23.07383068883333,5.199999809000013,33.552843326444425,868.6444444444444,89.1174179076111
8310,2025-01-21 22:30:00,489.03,22.84238584327777,4.900000094999998,33.486079195111095,822.9,156.7179395889999
8311,2025-01-21 23:00:00,488.07,22.01899691716668,4.800000190999988,34.299202452777756,776.0777777777778,169.81129853611108
8312,2025-01-21 23:30:00,459.43,21.39221910911111,4.599999905000003,34.96185415055555,793.5666666666667,150.99556003222227
8313,2025-01-22 00:00:00,457.1,20.863386408500013,4.898333427277774,35.64422872322222,806.1055555555556,137.07498728611114
8314,2025-01-22 00:30:00,495.0,20.53677501694445,4.800000190999988,35.85269889816667,811.5611111111111,124.32865732555551
8315,2025-01-22 01:00:00,490.48,20.11594610544944,4.599999905000003,36.416028290674156,817.2528089887641,114.07979540955048
8316,2025-01-22 01:30:00,470.58,19.948108567722237,4.401111205055552,36.494867367,825.1666666666666,103.35561205616662
8317,2025-01-22 02:00:00,634.21,19.586831241444457,4.201110921700011,36.96558823038888,827.8,94.97610863700002
8318,2025-01-22 02:30:00,466.67,19.44555295244444,4.099999905000003,36.88958663955555,825.3333333333334,87.40576303272225
8319,2025-01-22 03:00:00,757.93,19.464775085777788,3.9000000949999962,37.47445218850001,836.1777777777778,124.50677129872221
8320,2025-01-22 03:30:00,486.23,20.895996719388894,3.799999952000004,35.5830382243889,821.4611111111111,134.25489510111112
8321,2025-01-22 04:00:00,1259.83,21.9746864575419,4.400000094999997,34.56154170139667,835.9608938547486,110.12715238446933
8322,2025-01-22 04:30:00,1004.43,22.567997540666667,4.698333143922234,34.173430400500024,840.3555555555556,92.2447984056111
8323,2025-01-22 05:00:00,452.4,22.486608198500008,4.79944463332221,34.3433098471111,846.7222222222222,80.4121827867222
8324,2025-01-22 05:30:00,511.97,22.25872043011113,4.6011110177000045,34.568942112055566,850.5555555555555,77.18936793055558
8325,2025-01-22 06:00:00,479.43,22.38977528705556,4.798889078299988,33.88030889350001,778.2111111111111,156.9942836344445
8326,2025-01-22 06:30:00,490.43,22.543543487444442,4.99888888995,33.65764829833332,775.5277777777778,134.0465783000001
8327,2025-01-22 07:00:00,608.87,22.57472254564247,5.199999809000013,34.22033648821229,797.7988826815642,111.99964734530725
8328,2025-01-22 07:30:00,597.47,22.699275271277806,6.09499990446667,34.72301438638887,871.8277777777778,89.40346471994445
8329,2025-01-22 08:00:00,434.53,22.647108788555588,6.895555649499997,34.90436257261111,892.6944444444445,75.43309453355558
8330,2025-01-22 08:30:00,504.3,23.186274899944465,7.695555366144458,34.86512773283332,939.9166666666666,62.92183856955556
8331,2025-01-22 09:00:00,411.93,23.643497637166657,8.29666685554443,34.23312863244445,1028.1333333333334,52.43119871355561
8332,2025-01-22 09:30:00,447.07,23.79955299211114,8.896666288844466,34.609938049333316,1125.5722222222223,44.495016013222234
8333,2025-01-22 10:00:00,426.57,23.67005323838886,9.098889265655533,34.974296802944444,1171.3722222222223,37.75971849233331
8334,2025-01-22 10:30:00,1025.63,23.18460852344447,9.5972226032222,35.89833418527777,1117.7,86.17436241738886
8335,2025-01-22 11:00:00,1244.43,22.813275602,10.0,38.84544569677778,880.1888888888889,106.23851161522222
8336,2025-01-22 11:30:00,548.33,22.94977498605555,10.397777399888902,39.437281438277765,917.9055555555556,82.06438293472227
8337,2025-01-22 12:00:00,387.87,23.26311200977653,10.399999620000013,36.74471756072628,863.0279329608938,134.02279104569834
8338,2025-01-22 12:30:00,367.4,23.35844197683332,10.698333142277786,35.625740030166654,816.5222222222222,132.50707503944457
8339,2025-01-22 13:00:00,435.57,23.205719672888872,10.799444632333326,35.577240032999995,839.5722222222222,110.13349617888893
8340,2025-01-22 13:30:00,405.03,23.233608903000007,10.800000189999993,34.73914152777778,790.6111111111111,166.4843416857222
8341,2025-01-22 14:00:00,488.97,22.39171945783334,10.601111490055542,35.289865027555514,717.6777777777778,150.67699169277773
8342,2025-01-22 14:30:00,432.9,21.861052354333335,10.301666857722214,35.80463581127778,693.8888888888889,127.38629828222226
8343,2025-01-22 15:00:00,528.13,21.386942482111117,9.902221844394468,36.359262529999995,671.8944444444444,113.0697882733333
8344,2025-01-22 15:30:00,476.4,21.298553233833335,9.4027773967778,36.3744385403889,654.4611111111111,192.66359833888896
8345,2025-01-22 16:00:00,631.53,22.015052615777808,9.002222220105555,35.306333732722216,656.0888888888888,156.86033935333327
8346,2025-01-22 16:30:00,1570.57,22.546775341055557,8.502777777777778,34.390887811111114,654.0388888888889,211.83714023166644
8347,2025-01-22 17:00:00,484.53,22.906497532000007,8.102222601105533,34.251807318944444,705.9777777777778,165.77407354111114
8348,2025-01-22 17:30:00,955.77,22.95122235655556,7.800000190999986,34.8608025023889,747.95,143.48961198444445
8349,2025-01-22 18:00:00,552.9,22.92481762351957,8.100000380999978,35.42021140810056,797.4916201117319,155.77153322067036
8350,2025-01-22 18:30:00,419.66,22.9528307492778,7.602777685422225,34.13129800166666,710.8222222222222,186.63097203444445
8351,2025-01-22 19:00:00,457.87,23.054942545166675,7.20222203175557,34.17070267994445,753.0277777777778,147.8743026738889
8352,2025-01-22 19:30:00,538.5,23.019385570888875,7.100555460022226,33.97266404866668,760.2444444444444,155.20250141999998
8353,2025-01-22 20:00:00,386.23,22.869108264055576,7.099999905000003,33.67409466627779,711.6277777777777,180.34211239444446
8354,2025-01-22 20:30:00,390.2,22.57360760400001,7.099999905000003,33.54897295616665,668.5,214.55749638777758
8355,2025-01-22 21:00:00,483.73,21.842385578277778,7.099999905000003,34.49973210222221,699.1722222222222,189.54994422166675
8356,2025-01-22 21:30:00,469.16,21.271997558111114,7.099999905000003,35.25022309622223,721.5388888888889,167.85374526944446
8357,2025-01-22 22:00:00,412.86,20.881609757944446,6.801666856077764,35.68364471855557,732.0277777777778,150.63758528055547
8358,2025-01-22 22:30:00,460.6,20.579108598666707,6.700555366677792,35.96646673411111,741.4444444444445,135.43790863833337
8359,2025-01-22 23:00:00,411.57,20.252381202402248,6.6005585636815685,36.351362771899446,744.6256983240223,120.40496182737424
8360,2025-01-22 23:30:00,591.47,20.114607577166648,6.599999905000003,36.93364753727777,779.6666666666666,107.48209427777779
8361,2025-01-23 00:00:00,390.1,19.863385857777786,5.90388898283333,37.008459790500005,773.7,96.46740489499997
8362,2025-01-23 00:30:00,446.9,19.658719063333322,5.800555746022209,37.117759323166666,769.7277777777778,87.9120190516111
8363,2025-01-23 01:00:00,421.27,19.569886059444443,5.800000190999987,37.12256141261109,765.6111111111111,79.73109427572223
8364,2025-01-23 01:30:00,475.8,19.375719557499995,5.70055536667779,37.22232155288888,758.5166666666667,73.679884635
8365,2025-01-23 02:00:00,465.67,19.246219572000008,5.50111111005,37.30628382383333,756.5722222222222,66.20717294505559
8366,2025-01-23 02:30:00,731.57,19.075497129388893,5.301111301049987,37.991276062833336,769.4333333333333,60.31430886622216
8367,2025-01-23 03:00:00,423.83,19.596108553499988,5.20055536667779,37.86027823516665,827.4833333333333,53.4876935113889
8368,2025-01-23 03:30:00,554.87,20.515162839055563,5.00111111005,36.84020866849999,851.6555555555556,45.91610334155554
8369,2025-01-23 04:00:00,402.0,21.442719311222227,4.602222127750004,35.8466976378889,853.6833333333333,40.39741976027777
8370,2025-01-23 04:30:00,479.27,22.244236702500004,4.401111205055552,34.9125953248889,847.9166666666666,34.968462445666674
8371,2025-01-23 05:00:00,469.2,22.22307295821229,4.300000190999989,34.85660275944136,842.5083798882681,30.965829614916178
8372,2025-01-23 05:30:00,486.17,22.335553180277774,4.200555366677789,34.732617483944445,852.4888888888889,39.584588347722224
8373,2025-01-23 06:00:00,561.27,22.665054459222237,4.00111111005,34.0663761987222,747.2611111111111,113.97436641944452
8374,2025-01-23 06:30:00,471.9,23.0689409151667,4.198888698950011,33.98156962916664,743.1777777777778,90.6479464213889
8375,2025-01-23 07:00:00,385.13,22.99288622550001,4.299444633322211,35.15522772483332,787.5333333333333,72.77147873755548
8376,2025-01-23 07:30:00,1122.93,22.780719163888882,5.294444635444432,35.71441686394442,767.8388888888888,123.85073691461116
8377,2025-01-23 08:00:00,556.0,22.817998239777772,6.194999811122236,35.244504419944434,770.2888888888889,65.719907316
8378,2025-01-23 08:30:00,446.7,22.179719384888894,7.293889077766653,35.331018384277755,682.6555555555556,43.978774706722206
8379,2025-01-23 09:00:00,426.55,21.487941159388892,8.194999811122237,35.47642915550001,600.4333333333333,33.97233120600001
8380,2025-01-23 09:30:00,435.03,20.93032987377777,8.600000380999978,35.85781900616664,550.7888888888889,26.522194618555552
8381,2025-01-23 10:00:00,455.52,20.631502204860347,8.699441152977668,35.99182369692738,511.39106145251395,20.662415083966483
8382,2025-01-23 10:30:00,476.4,20.257720353944446,9.097778155599977,36.466361024611096,481.8333333333333,17.13543285272222
8383,2025-01-23 11:00:00,908.43,20.292941199666675,9.298889080944429,38.017973878388865,514.35,14.603027333333335
8384,2025-01-23 11:30:00,433.13,21.3637756668889,9.598333713277755,37.21979126399997,609.2,10.547191609361109
8385,2025-01-23 12:00:00,646.9,22.034107834055575,9.600000380999978,36.447876061277796,658.3166666666667,36.283926010266654
8386,2025-01-23 12:30:00,1374.4,22.494497521888878,10.097222602227765,35.772297011222214,654.1888888888889,97.66570548949991
8387,2025-01-23 13:00:00,484.23,22.814274723833336,10.398332957555569,35.20987260566665,695.5055555555556,67.15200449616667
8388,2025-01-23 13:30:00,489.53,22.894998136833337,10.598889264666655,35.03861821449999,726.0444444444445,57.51079675877777
8389,2025-01-23 14:00:00,428.53,22.732774501611125,10.600000379999987,35.35853671983334,736.9222222222222,48.842901378055515
8390,2025-01-23 14:30:00,475.33,21.879553085055576,10.500555557666667,35.809379217277765,683.2944444444445,44.84134377383331
8391,2025-01-23 15:00:00,610.1,21.315164502555564,10.20166647772223,36.34198926294445,655.2833333333333,39.80632048733334
8392,2025-01-23 15:30:00,1117.13,21.61975329983241,9.404468893810078,38.299351292402235,696.195530726257,26.064825068715084
8393,2025-01-23 16:00:00,888.13,22.377206866388903,8.70388869683335,39.35264998555555,696.5111111111111,134.4294855116111
8394,2025-01-23 16:30:00,510.37,22.54671936072223,8.202777586777792,39.181563229111106,709.1666666666666,169.5982838943333
8395,2025-01-23 17:00:00,540.33,22.837886768333338,8.001111110050001,37.182718531,718.8611111111111,179.1922008094443
8396,2025-01-23 17:30:00,474.97,22.91605257522227,7.801111301049986,36.21372250461111,705.8666666666667,228.83607856166674
8397,2025-01-23 18:00:00,583.13,22.86710886327777,7.99888888995,36.236972703166664,751.3611111111111,199.20751546055573
8398,2025-01-23 18:30:00,523.57,22.765386474777785,7.800000190999986,36.15592134261114,752.5111111111111,244.61895582333338
8399,2025-01-23 19:00:00,415.9,22.919775412277794,7.501666667727777,35.84094943966667,797.0055555555556,207.50896047000003
8400,2025-01-23 19:30:00,488.27,23.017162959111115,7.4005556500277745,35.65321786666665,821.9722222222222,183.34909167944437
8401,2025-01-23 20:00:00,479.3,22.8727196903889,7.300555746022209,35.87051821788888,851.3722222222223,163.63332409111112
8402,2025-01-23 20:30:00,482.1,22.965274503777792,7.199999809000014,35.64395968111113,878.6666666666666,146.4941058661111
8403,2025-01-23 21:00:00,448.07,23.007579430893877,7.099999905000003,35.52519607519554,897.6368715083798,132.2602393675978
8404,2025-01-23 21:30:00,464.0,22.996108553555572,7.000555555027778,35.50482665166668,916.8888888888889,118.73913383222234
8405,2025-01-23 22:00:00,429.37,22.94316413705556,6.801111301049986,35.39902587472223,908.75,141.43700828944444
8406,2025-01-23 22:30:00,383.07,22.239775361166664,6.601111017700003,35.562450578499984,778.0777777777778,201.98376557833322
8407,2025-01-23 23:00:00,434.07,21.563441922944456,6.401111205055552,36.407090271666675,784.55,176.32719887444452
8408,2025-01-23 23:30:00,442.7,21.010107771555536,6.201110921700014,36.992361768055545,783.5777777777778,159.24153077666674
8409,2025-01-24 00:00:00,382.03,20.614107958777794,5.70277758677779,37.42161184955557,780.3666666666667,143.8887156172223
8410,2025-01-24 00:30:00,460.83,20.33438586111113,5.400000094999997,37.64944233383335,777.6944444444445,130.3603738994444
8411,2025-01-24 01:00:00,1134.13,20.15999804616667,5.199999809000013,38.37389742533332,781.3,187.86397391333338
8412,2025-01-24 01:30:00,977.83,19.728608280555576,5.199999809000013,38.81156686133334,761.8277777777778,193.21426383499997
8413,2025-01-24 02:00:00,463.47,19.64538678088889,5.099999905000003,38.65307820672221,764.8388888888888,168.50806189833338
8414,2025-01-24 02:30:00,495.6,19.38233040949722,5.099999905000003,39.01345699469275,764.8603351955308,148.7077732201117
8415,2025-01-24 03:00:00,986.9,19.625852287999983,5.099999905000003,39.588718393055565,844.9111111111112,186.5967374227779
8416,2025-01-24 03:30:00,487.33,20.710164727499993,5.099999905000003,37.72085846794442,832.4,220.27475068888884
8417,2025-01-24 04:00:00,425.2,21.993664254055574,5.599999905000003,36.093217087222214,840.1666666666666,181.24444181833346
8418,2025-01-24 04:30:00,487.8,22.666274537166675,5.599999905000003,35.42317801594444,832.1722222222222,153.2767574733333
8419,2025-01-24 05:00:00,538.13,22.917400498277807,5.599999905000003,35.32765314316669,830.0222222222222,126.17662506111105
8420,2025-01-24 05:30:00,447.03,22.930774710055555,5.699999809000013,35.92595335649999,852.7277777777778,105.06831732727787
8421,2025-01-24 06:00:00,456.3,22.883164299833343,5.800000190999987,36.054677412277776,845.3777777777777,89.85550867738888
8422,2025-01-24 06:30:00,578.3,22.872997951666655,6.0,35.88383829355557,831.4166666666666,74.06092804794446
8423,2025-01-24 07:00:00,425.33,22.57438597155557,6.199999809000013,36.12474812394444,824.2666666666667,64.11083899572225
8424,2025-01-24 07:30:00,575.37,22.740831184222213,7.099999905000003,35.6656387543889,837.2944444444445,57.244113922499984
8425,2025-01-24 08:00:00,482.2,22.790428161675987,7.800000190999986,35.12777426541899,832.2569832402235,71.56217973776533
8426,2025-01-24 08:30:00,463.3,22.20122007800002,8.5,34.59159346694445,693.3111111111111,89.62081320100003
8427,2025-01-24 09:00:00,430.93,21.55433091072223,8.997222222222222,35.20337200161111,642.9222222222222,67.94171502872221
8428,2025-01-24 09:30:00,468.73,21.05688570944446,9.300000190999985,35.59776556244445,603.3944444444444,53.51683631444444
8429,2025-01-24 10:00:00,412.1,20.757996993444447,9.399999619000022,35.73771158822224,573.5666666666667,42.13826747522225
8430,2025-01-24 10:30:00,433.53,20.404164313722212,9.399999619000022,36.17512702949999,551.8166666666667,34.612375990722214
8431,2025-01-24 11:00:00,1133.47,20.3894415011667,9.399999619000022,38.63316241411113,597.0055555555556,28.056745582611104
8432,2025-01-24 11:30:00,558.7,20.326607450055583,9.300000190999985,40.44387037494444,665.1666666666666,25.120703464222224
8433,2025-01-24 12:00:00,592.23,20.432885381666644,9.399999619000022,40.647622023944436,780.7666666666667,25.02520536844445
8434,2025-01-24 12:30:00,1129.8,20.28499680633336,9.399999619000022,40.50772389288888,806.1333333333333,89.12570230572224
8435,2025-01-24 13:00:00,970.29,20.471386814222228,9.399999619000022,39.39985961933332,798.9166666666666,93.52156783283333
8436,2025-01-24 13:30:00,511.76,21.3796259706704,9.600000380999978,37.89214847061452,831.3743016759777,101.91675124223464
8437,2025-01-24 14:00:00,462.6,22.100080087888898,9.699444256622238,36.88902272100001,825.2111111111111,127.8796497311111
8438,2025-01-24 14:30:00,475.83,22.707386282222224,9.799444633322206,35.97562495338889,877.1277777777777,104.24932920738885
8439,2025-01-24 15:00:00,467.23,23.047830920888902,9.699999809000015,35.46022362222226,904.1777777777778,91.58382326722221
8440,2025-01-24 15:30:00,474.77,22.841442871277778,9.399999619000022,35.676276990888894,895.6333333333333,128.11743320922216
8441,2025-01-24 16:00:00,580.27,22.952609200388896,9.100000380999978,35.576916736722225,870.0111111111111,141.90770001
8442,2025-01-24 16:30:00,631.57,22.970608277222222,8.600000380999978,36.24171532505556,939.0833333333334,117.598329925
8443,2025-01-24 17:00:00,545.03,23.130330044222227,8.100000380999978,37.00398375227778,1095.661111111111,100.66334062955556
8444,2025-01-24 17:30:00,580.97,23.009886879499998,7.800000190999986,37.31245106577777,1210.838888888889,86.5371883817778
8445,2025-01-24 18:00:00,556.4,23.07760878605557,7.900000094999998,36.88062356283331,1212.85,74.71563631699998
8446,2025-01-24 18:30:00,522.97,22.96733077377778,7.599999905000003,36.70733479361111,1138.0944444444444,128.19761526544443
8447,2025-01-24 19:00:00,388.0,23.03081693614527,7.199999809000014,36.38663766122905,1051.5754189944134,124.27085880782128
8448,2025-01-24 19:30:00,551.76,23.029164484166678,7.199999809000014,36.36254011777775,1051.8666666666666,109.03631278000003
8449,2025-01-24 20:00:00,368.81,23.108274639888897,7.199999809000014,36.18820290016665,1042.8722222222223,97.57075135927776
8450,2025-01-24 20:30:00,474.2,23.037607807722235,7.199999809000014,36.269436708722225,1033.661111111111,89.18294156350001
8451,2025-01-24 21:00:00,445.62,23.044885805166658,7.099999905000003,36.01439164494446,1010.7,120.09439515222222
8452,2025-01-24 21:30:00,400.13,22.651720089722218,6.801666856077764,35.56806780516668,818.0,142.17875594944434
8453,2025-01-24 22:00:00,394.83,21.927830929444443,6.203333144455569,36.55725860622225,822.7444444444444,122.41992161888889
8454,2025-01-24 22:30:00,423.73,21.55483091100001,6.199999809000013,36.91100317627777,824.1222222222223,108.68451635611108
8455,2025-01-24 23:00:00,435.2,21.09038578716666,6.199999809000013,37.452744060111115,816.7444444444444,98.74055760755562
8456,2025-01-24 23:30:00,429.65,20.870662869944457,6.199999809000013,37.708254517222215,819.2555555555556,88.43891482911107
8457,2025-01-25 00:00:00,408.41,20.480553086999997,6.099999905000003,38.20416333955554,828.5555555555555,80.08669692177779
8458,2025-01-25 00:30:00,450.37,20.433245216871505,6.099999905000003,38.07630538932959,825.195530726257,72.88561576949724
8459,2025-01-25 01:00:00,450.4,20.191678884111113,6.099999905000003,38.265433714444434,808.4666666666667,66.55208922522225
8460,2025-01-25 01:30:00,535.57,20.08205255911111,6.199444253977791,38.25727579333334,790.2666666666667,60.909807332611145
8461,2025-01-25 02:00:00,357.97,19.86655237427778,6.199999809000013,38.45999885166667,779.1444444444444,55.547765244333355
8462,2025-01-25 02:30:00,557.2,19.871774250055562,6.199999809000013,38.89084722738887,796.4444444444445,84.72830728077777
8463,2025-01-25 03:00:00,416.87,20.654885927833348,6.199999809000013,38.360045094055536,761.7666666666667,103.30105273116666
8464,2025-01-25 03:30:00,489.52,21.649608750055567,6.099999905000003,37.174732589944455,742.0555555555555,85.0791715832778
8465,2025-01-25 04:00:00,439.5,22.107719050611117,5.699999809000013,36.45968854688889,740.3833333333333,72.84331088600005
8466,2025-01-25 04:30:00,421.9,22.441886838611104,5.699999809000013,35.96755248172225,747.9777777777778,63.98608983344444
8467,2025-01-25 05:00:00,420.63,22.52444092472223,5.699999809000013,35.902800411444446,755.1055555555556,56.75821314933335
8468,2025-01-25 05:30:00,382.7,22.64094167283335,5.900000094999998,35.763754844500006,772.1166666666667,69.31985863461112
8469,2025-01-25 06:00:00,422.43,22.654909997039116,5.900000094999998,35.254690521955325,669.0335195530727,112.7635076083799
8470,2025-01-25 06:30:00,377.2,22.905663818999972,6.397222317222219,35.094717386222214,686.5611111111111,93.48522033727775
8471,2025-01-25 07:00:00,387.47,22.765832169999996,6.897222317222219,35.448738437388876,701.6888888888889,81.1462739731111
8472,2025-01-25 07:30:00,430.07,22.794330564999992,8.192777588366681,35.47460884522222,725.1555555555556,70.37701810194447
8473,2025-01-25 08:00:00,409.5,22.639386505722225,9.194444253444459,35.44181836455556,705.0222222222222,55.29923544988888
8474,2025-01-25 08:30:00,412.83,21.926609060611113,10.592222599049988,35.28862219888891,559.8055555555555,41.08097207838888
8475,2025-01-25 09:00:00,459.73,21.21444150122222,11.49500000211111,36.02163088055557,474.0388888888889,33.59843891977777
8476,2025-01-25 09:30:00,478.9,20.829552385500012,12.394999622111126,37.355150583444434,489.2388888888889,66.00695364172218
8477,2025-01-25 10:00:00,1131.1,20.62449772127778,12.399999620000015,39.31222674005554,585.5111111111111,83.02880897549997
8478,2025-01-25 10:30:00,1004.43,20.57816420688889,13.394444064444459,39.42732798244445,626.7388888888889,127.62381337777768
8479,2025-01-25 11:00:00,446.9,21.54038594588889,14.199999810000007,38.38090688916665,763.5888888888888,101.02423172222228
8480,2025-01-25 11:30:00,460.97,22.23499428122906,14.896089006536327,36.79118890631284,717.8938547486033,82.9112840365922
8481,2025-01-25 12:00:00,392.87,22.607877837500002,15.496666664555555,35.97547011938889,675.7111111111111,70.97615729483326
8482,2025-01-25 12:30:00,406.6,22.86627603138891,15.800000189999993,35.502184189444456,641.0055555555556,62.30794150027779
8483,2025-01-25 13:00:00,499.43,23.073330794666678,15.899999620000015,35.36762521527778,656.0666666666667,56.12591179722222
8484,2025-01-25 13:30:00,496.7,23.00466320311114,15.800000189999993,35.19586444455555,660.6055555555556,99.1884261646667
8485,2025-01-25 14:00:00,542.77,23.038997438500004,15.600000379999985,35.540200297166685,712.1555555555556,82.92175250572215
8486,2025-01-25 14:30:00,629.57,22.975997235833326,14.899999620000015,35.89513829555555,757.7388888888889,72.4255311328888
8487,2025-01-25 15:00:00,599.77,23.067386775999992,14.399999620000015,36.40421668166667,765.2444444444444,109.81213692538887
8488,2025-01-25 15:30:00,404.97,23.374608590999983,13.300000189999993,35.311574152,690.55,180.6920558533334
8489,2025-01-25 16:00:00,461.47,23.38338610277776,12.100000379999985,35.607667689500005,730.4111111111112,136.11139992611106
8490,2025-01-25 16:30:00,430.97,23.147052807388896,11.100000379999987,35.75536176866667,716.3722222222223,168.69908252388896
8491,2025-01-25 17:00:00,518.0,23.219594252458098,10.399999620000013,36.32899651988824,761.7094972067039,150.88667425195527
8492,2025-01-25 17:30:00,533.63,23.297496944277786,10.399999620000013,36.22291187711112,789.3888888888889,131.14469248222224
8493,2025-01-25 18:00:00,770.27,23.29877471955555,11.399999620000012,36.19657247355555,816.7333333333333,114.57477489055556
8494,2025-01-25 18:30:00,659.3,23.24083073994445,10.899999620000013,37.38650955672223,799.9333333333333,152.83050583794451
8495,2025-01-25 19:00:00,466.77,23.20666397994447,10.399999620000013,36.668205579,683.6277777777777,127.36276134722232
8496,2025-01-25 19:30:00,470.03,23.19710897938888,10.100000379999987,36.05986393849999,665.3833333333333,90.68561888833337
8497,2025-01-25 20:00:00,426.13,23.170830324555563,9.699999809000015,35.76234255927777,645.0055555555556,67.64061383144441
8498,2025-01-25 20:30:00,469.33,23.173441696444442,9.5,35.39553370972223,616.9277777777778,70.9270154961111
8499,2025-01-25 21:00:00,479.03,23.263219684444454,9.399999619000022,35.18957627605555,596.5,114.38207905822223
8500,2025-01-25 21:30:00,467.87,23.32505244111112,9.300000190999985,35.530360222166685,647.7444444444444,85.90296211272221
8501,2025-01-25 22:00:00,379.33,23.247719118888906,8.899999619000022,35.75521833616665,674.1166666666667,73.76958982677779
8502,2025-01-25 22:30:00,478.53,23.232494769888294,8.899999619000022,35.775277057877105,692.2960893854748,74.9204540578771
8503,2025-01-25 23:00:00,296.03,22.905296908000018,8.800555743377762,35.60083855494446,630.9277777777778,127.0806935666666
8504,2025-01-25 23:30:00,482.2,22.255719831277787,8.600000380999978,36.32671351972223,649.1166666666667,107.25751062877775
8505,2025-01-26 00:00:00,307.87,21.84188657366668,8.399999619000022,36.86765899694445,671.0,96.5121462075
8506,2025-01-26 00:30:00,351.6,21.491664537833373,8.199999809000014,37.310740004611084,692.1333333333333,87.14731390222218
8507,2025-01-26 01:00:00,370.6,21.21610815266667,8.0,37.638656107666655,705.5055555555556,79.11370938588887
8508,2025-01-26 01:30:00,595.4,20.95149721616667,7.900000094999998,38.218906317611115,718.8722222222223,69.08851892683333
8509,2025-01-26 02:00:00,411.2,20.712719472444455,7.800000190999986,38.560487196166655,729.2111111111111,62.68462435411114
8510,2025-01-26 02:30:00,396.2,20.46249763761113,7.800000190999986,38.74037511594445,727.3166666666667,57.27025803438885
8511,2025-01-26 03:00:00,373.5,20.333331372722213,7.800000190999986,38.78772674144444,728.0722222222222,52.492109976777726
8512,2025-01-26 03:30:00,402.57,20.14827508944445,7.800000190999986,38.85755201966668,718.3166666666667,48.043253538444425
8513,2025-01-26 04:00:00,468.43,20.077359119776546,7.900000094999998,38.92701525145254,730.0446927374302,44.58174065111732
8514,2025-01-26 04:30:00,500.6,20.10366369872224,7.800000190999986,39.124729156444424,668.3611111111111,126.91254844922223
8515,2025-01-26 05:00:00,552.43,21.00966435561113,7.800000190999986,38.06376247383333,682.8888888888889,103.5479565518889
8516,2025-01-26 05:30:00,432.6,21.21488704688891,7.699999809000014,38.018735059055565,701.8222222222222,87.70490489499996
8517,2025-01-26 06:00:00,411.67,21.369385994222213,7.599999905000003,37.91705625311112,716.1944444444445,75.39519772011113
8518,2025-01-26 06:30:00,463.93,21.556997257111128,7.900000094999998,37.620949448777786,725.9444444444445,66.50118624383335
8519,2025-01-26 07:00:00,500.33,22.345331139388943,8.199999809000014,36.449788602333335,734.2388888888889,56.4735912745
8520,2025-01-26 07:30:00,376.5,22.519108210833352,9.399999619000022,36.275704532055556,739.7833333333333,48.842347208833345
8521,2025-01-26 08:00:00,538.67,22.71427567861113,10.399999620000013,36.11351581166667,758.5888888888888,43.40989418005554
8522,2025-01-26 08:30:00,933.6,22.91644231016666,11.100000379999987,36.647734133499995,824.7611111111111,38.165718629444456
8523,2025-01-26 09:00:00,1047.77,23.062676456368727,11.600000379999988,36.85700958944135,924.0949720670391,33.31843115067037
8524,2025-01-26 09:30:00,389.6,22.927294169555555,11.898332957555569,36.67139328850002,857.4388888888889,27.391079838888896
8525,2025-01-26 10:00:00,993.8,22.950695673444457,11.899999620000015,36.636248525333315,722.8777777777777,90.17456493155555
8526,2025-01-26 10:30:00,1743.93,23.06171921644445,12.199999810000007,37.13822682711111,681.4388888888889,57.8360662673889
8527,2025-01-26 11:00:00,1019.77,23.016664007111117,12.399999620000015,38.11298522938891,616.1055555555556,77.09226555388886
8528,2025-01-26 11:30:00,543.5,23.27227496083335,12.600000379999985,41.52491582227778,742.3,49.28649446677773
8529,2025-01-26 12:00:00,530.73,23.299441581666677,12.600000379999985,39.85483226777776,787.9777777777778,33.96776400677779
8530,2025-01-26 12:30:00,356.53,23.197052669500003,12.800000189999993,38.810430293611105,688.5722222222222,77.91323285377777
8531,2025-01-26 13:00:00,329.1,22.512830639277777,12.800000189999993,38.70799026449999,659.1166666666667,88.08473608227779
8532,2025-01-26 13:30:00,319.87,22.014441660166675,12.600000379999985,39.29932753227779,705.6944444444445,80.40936953233333
8533,2025-01-26 14:00:00,354.0,21.65799699333331,12.5,39.69292494438889,741.5166666666667,74.99811481894443
8534,2025-01-26 14:30:00,328.77,21.514966794078227,12.199999810000007,39.87540533804468,779.2011173184358,71.2639543969274
8535,2025-01-26 15:00:00,439.17,21.340427885388884,11.901666287722236,40.78463064816666,832.4111111111112,64.90460798438889
8536,2025-01-26 15:30:00,1470.53,21.14822033838889,11.5,41.725504578611094,789.3111111111111,117.18610030144441
8537,2025-01-26 16:00:00,566.33,20.97922016727778,11.100000379999987,41.2279464085,746.7222222222222,114.43782204222224
8538,2025-01-26 16:30:00,466.97,20.76405308005556,10.800000189999993,41.43422330205556,698.3944444444444,149.7564097947777
8539,2025-01-26 17:00:00,426.33,21.46633105805556,10.399999620000013,40.689633984055575,727.7111111111111,154.74386503444447
8540,2025-01-26 17:30:00,558.37,22.167776033611105,9.899999619000024,39.530982060000014,773.9555555555555,131.8341555694445
8541,2025-01-26 18:00:00,648.07,22.718386724555565,9.800000190999985,41.30925504872223,859.7111111111111,115.96433804611115
8542,2025-01-26 18:30:00,430.77,22.782331709944447,9.5,40.24994068122222,845.7333333333333,141.21665094188884
8543,2025-01-26 19:00:00,460.77,22.99521938966669,9.199999809000015,38.911476432166666,816.8888888888889,143.434389413889
8544,2025-01-26 19:30:00,426.23,22.96605311505556,9.100000380999978,38.81757168244443,853.1944444444445,127.82001012444456
8545,2025-01-26 20:00:00,410.57,22.85033070283333,9.100000380999978,38.512020174777774,844.1277777777777,137.35042394055552
8546,2025-01-26 20:30:00,401.67,23.04351933418995,9.100000380999978,37.48638786,750.2346368715084,152.52903491620108
8547,2025-01-26 21:00:00,400.1,23.022961129611136,8.901110734344467,37.66607935155557,765.5333333333333,129.39000485222218
8548,2025-01-26 21:30:00,457.8,23.056385951500022,8.899999619000022,37.54803468911108,768.0222222222222,113.41107639888895
8549,2025-01-26 22:00:00,460.1,22.770663939555565,8.600000380999978,37.42029569377777,736.9277777777778,160.13834445444436
8550,2025-01-26 22:30:00,403.3,22.136330583444444,8.399999619000022,37.83269131977775,699.8,161.8832515322222
8551,2025-01-26 23:00:00,346.03,21.53677480511111,8.100000380999978,38.61051334849999,711.1722222222222,145.59845784611107
8552,2025-01-26 23:30:00,394.67,21.20033064955555,7.900000094999998,38.88990082222221,724.5944444444444,130.9355219505555
8553,2025-01-27 00:00:00,421.47,20.732385910611118,7.900000094999998,39.47110407088891,729.35,119.6724513572222
8554,2025-01-27 00:30:00,405.5,20.49488658883334,7.800000190999986,39.70235426172222,736.6722222222222,108.42762798261111
8555,2025-01-27 01:00:00,420.43,20.184831142555545,7.800000190999986,40.02776972449999,732.8388888888888,98.89163615072219
8556,2025-01-27 01:30:00,446.13,20.087107881333335,7.699999809000014,40.03451413044445,741.5333333333333,90.5665420106667
8557,2025-01-27 02:00:00,411.87,19.845063811508393,7.5,40.20729180011172,740.6256983240223,82.16172453837984
8558,2025-01-27 02:30:00,462.67,19.774996629999993,7.5,40.122764121055575,741.6055555555556,75.53998396138886
8559,2025-01-27 03:00:00,432.23,19.47427516527778,7.599999905000003,40.46289948372222,729.5666666666667,68.5390204956111
8560,2025-01-27 03:30:00,574.07,19.785497443166687,7.699999809000014,40.583291498888904,751.5888888888888,83.9186377435
8561,2025-01-27 04:00:00,537.63,20.600831000055557,8.0,39.20949649800001,705.75,96.3951781379444
8562,2025-01-27 04:30:00,396.83,21.39060831111112,8.100000380999978,38.04363483827777,716.3277777777778,80.39101863433332
8563,2025-01-27 05:00:00,466.87,21.928997357666674,8.199999809000014,37.49685569333333,745.3166666666667,69.5354254405555
8564,2025-01-27 05:30:00,459.9,22.158719327888896,8.399999619000022,37.29882759533335,749.3055555555555,59.9738110648333
8565,2025-01-27 06:00:00,420.47,22.414107948166645,8.300000190999985,36.88026195072222,754.6444444444444,52.65160948444444
8566,2025-01-27 06:30:00,348.7,22.475664361555577,8.600000380999978,36.81314103872222,760.8444444444444,46.64975539327779
8567,2025-01-27 07:00:00,418.61,22.559385956055568,8.699999809000015,36.75862596344444,774.4,41.853111245722225
8568,2025-01-27 07:30:00,399.43,22.67431182418994,9.399999619000022,36.607781756424565,785.8324022346369,37.59970199307263
8569,2025-01-27 08:00:00,536.97,22.688053682555566,9.897221841222246,37.246651861000004,792.3833333333333,38.59930730388888
8570,2025-01-27 08:30:00,1032.52,22.57977483566667,10.5,36.301530413999984,657.7444444444444,68.67469355244445
8571,2025-01-27 09:00:00,1825.55,22.92505334305558,10.897777399888902,37.09564700638891,705.3444444444444,46.56974294422222
8572,2025-01-27 09:30:00,1954.03,22.538108635166672,11.399999620000012,38.09561174194445,596.5777777777778,83.39379113472226
8573,2025-01-27 10:00:00,733.27,21.772998460222237,11.399999620000012,38.86185487066667,531.15,69.33554117394445
8574,2025-01-27 10:30:00,937.13,22.180886088555564,11.600000379999988,39.89108289088891,589.3277777777778,53.51058631477778
8575,2025-01-27 11:00:00,426.03,22.72144130055557,11.899999620000015,40.77290835933334,677.7777777777778,40.14297900772223
8576,2025-01-27 11:30:00,473.77,22.77588585761111,12.100000379999985,39.592826971000044,686.6277777777777,69.96555759788885
8577,2025-01-27 12:00:00,439.03,23.18721980022224,12.399999620000015,38.035019217333335,652.8277777777778,81.34888170022222
8578,2025-01-27 12:30:00,332.43,23.009775129888876,12.699999810000007,37.799394819777795,643.8888888888889,105.56978297855552
8579,2025-01-27 13:00:00,395.17,22.97725741463688,12.899999620000015,37.60221545240224,629.2402234636871,97.2471614796648
8580,2025-01-27 13:30:00,347.0,22.94849686061111,12.899999620000015,37.6732210375,654.2777777777778,82.5625405203889
8581,2025-01-27 14:00:00,426.17,22.952830833888896,12.899999620000015,37.67269320977777,677.7944444444445,72.09374885577775
8582,2025-01-27 14:30:00,338.57,23.00333025222221,12.701110920055562,37.591685210499996,699.9611111111111,63.52027710799996
8583,2025-01-27 15:00:00,545.1,23.062219768055567,12.399999620000015,37.71087659199999,732.3666666666667,55.95808948961108
8584,2025-01-27 15:30:00,428.23,23.054330847055542,11.699999810000007,37.85723027155556,765.5555555555555,48.99988500800002
8585,2025-01-27 16:00:00,389.4,23.044996919166678,11.699999810000007,37.793392308277774,770.1166666666667,42.841080962333365
8586,2025-01-27 16:30:00,510.87,23.095163780388894,11.199999810000007,37.79599976033334,784.6166666666667,47.052202097555565
8587,2025-01-27 17:00:00,411.6,23.145331203166652,10.800000189999993,37.77621462099999,749.3444444444444,86.63559269300005
8588,2025-01-27 17:30:00,480.5,23.057941320388913,10.100000379999987,37.753139601888904,722.7166666666667,144.98141835649997
8589,2025-01-27 18:00:00,429.9,23.091330569777806,9.600000380999978,37.662721549166676,713.3666666666667,120.65118789333327
8590,2025-01-27 18:30:00,383.23,23.062290394189922,9.300000190999985,37.68590618089386,700.6424581005587,158.14620178826826
8591,2025-01-27 19:00:00,454.77,23.073891522611145,9.100000380999978,37.56947699655555,697.5333333333333,142.52241609222224
8592,2025-01-27 19:30:00,353.53,22.985330741000006,8.899999619000022,37.49784109322222,709.3277777777778,123.51075659944446
8593,2025-01-27 20:00:00,496.43,22.366608100277784,8.800000190999985,38.19937960288888,670.9444444444445,142.02097905783333
8594,2025-01-27 20:30:00,359.4,22.01327479716667,8.600000380999978,38.439621374666665,650.0222222222222,141.96691546833333
8595,2025-01-27 21:00:00,432.63,21.522775152722218,8.399999619000022,38.95352465338887,662.5666666666667,123.17046245944442
8596,2025-01-27 21:30:00,329.57,21.18049778427777,8.199999809000014,39.30006641816667,668.0444444444445,109.93014844222225
8597,2025-01-27 22:00:00,417.5,20.845189760614534,7.699999809000014,39.69853836977654,662.6312849162011,98.92819162737432
8598,2025-01-27 22:30:00,364.8,20.67183136433335,7.6005554600222265,39.947826046666634,667.9166666666666,89.13158904172221
8599,2025-01-27 23:00:00,401.0,20.407553376611133,7.401111205055552,40.20580518472223,667.3833333333333,80.93628646011106
8600,2025-01-27 23:30:00,445.47,20.273441960944453,7.400000094999997,40.32946787938889,662.3666666666667,73.4204210071111
8601,2025-01-28 00:00:00,384.57,20.14081877588889,7.00222222275,40.45314445505554,658.2277777777778,66.54166596722227
8602,2025-01-28 00:30:00,451.63,20.110274971222225,6.900000094999998,40.74848261977777,666.0388888888889,60.10759133227781
8603,2025-01-28 01:00:00,381.7,20.02071942272224,6.800000190999986,40.944885911055536,693.7666666666667,54.4288518271111
8604,2025-01-28 01:30:00,350.1,19.869498337555566,6.800000190999986,40.978327751055545,681.9222222222222,49.75031083411107
8605,2025-01-28 02:00:00,568.1,19.751219972611114,6.699999809000014,41.08133858566665,677.5055555555556,45.57492512555559
8606,2025-01-28 02:30:00,362.86,19.62444276822224,6.699999809000014,41.21863706366666,672.65,41.76269334133333
8607,2025-01-28 03:00:00,475.47,19.53971405737432,6.599999905000003,41.34208615262571,671.1620111731844,38.65219881245809
8608,2025-01-28 03:30:00,412.17,19.391942448000023,6.500555555027778,41.60746525622224,677.3555555555556,35.65958506233333
8609,2025-01-28 04:00:00,513.87,19.351552486444454,7.59388879441667,41.813124784222204,684.1,32.806538189888904
8610,2025-01-28 04:30:00,451.73,19.890608342500002,7.699444253977791,42.360063997833315,682.9611111111111,76.14780733383333
8611,2025-01-28 05:00:00,462.47,20.838608508666677,7.699999809000014,40.72991506772221,671.3722222222223,71.37588967211111
8612,2025-01-28 05:30:00,352.67,21.466765022388895,7.799444633322207,39.72311166138889,682.0944444444444,61.63223499699997
8613,2025-01-28 06:00:00,504.65,21.648036533222243,7.300000190999986,39.60112567466665,691.6444444444444,53.94917115099998
8614,2025-01-28 06:30:00,415.97,21.911442014999995,7.900000094999998,39.647044139611126,691.0333333333333,41.08308868394445
8615,2025-01-28 07:00:00,417.33,22.17410881294444,8.399999619000022,39.22059686427776,679.4166666666666,34.746544064
8616,2025-01-28 07:30:00,434.97,22.089330545944453,9.5,39.45277567972224,698.2,30.86748063827778
8617,2025-01-28 08:00:00,401.47,22.117330222888878,10.399999620000013,39.59036589700003,719.2,27.970906702944458
8618,2025-01-28 08:30:00,777.83,22.536082805754198,11.100000379999987,39.86907603072624,734.5474860335196,20.963664582681552
8619,2025-01-28 09:00:00,860.27,22.78349668722224,11.59722260222221,39.64172424755556,609.4888888888889,13.873092291327776
8620,2025-01-28 09:30:00,362.57,22.933498086111108,12.097222602222208,40.039399782499984,595.7444444444444,8.170946002000003
8621,2025-01-28 10:00:00,431.33,22.893052132833297,12.497777779888889,39.743703545500004,502.3777777777778,5.234828980777778
8622,2025-01-28 10:30:00,522.93,22.761663786222233,12.798333522277773,40.37330686800001,482.52222222222224,38.09958916906666
8623,2025-01-28 11:00:00,1146.97,22.777722602611114,12.899444067611125,41.642333560611114,538.4222222222222,72.09496120916666
8624,2025-01-28 11:30:00,1916.4,22.86260777622224,13.100000379999985,45.59315261799999,580.9555555555555,159.2506913704445
8625,2025-01-28 12:00:00,658.0,23.00333141816668,13.0,47.20581762544443,582.2,128.24656105388885
8626,2025-01-28 12:30:00,455.07,22.774053033333338,13.100000379999985,44.57404679200001,559.8,162.02145597383324
8627,2025-01-28 13:00:00,308.03,22.4196044349162,13.100000379999985,44.028611848994444,595.0279329608938,154.00087878715078
8628,2025-01-28 13:30:00,469.93,22.466719585722227,13.100000379999985,43.57942869394444,634.5555555555555,132.93721817833344
8629,2025-01-28 14:00:00,345.93,22.603665107499978,13.000555557666667,42.898128869666685,636.8555555555556,111.20649321055556
8630,2025-01-28 14:30:00,447.3,22.640774589444465,12.701666477722227,42.15817663416667,588.4722222222222,98.08510847894438
8631,2025-01-28 15:00:00,307.67,22.52244209772225,12.401666287722236,41.7155472862778,549.0,86.02135175100003
8632,2025-01-28 15:30:00,365.6,22.58944264544444,11.80333352016666,39.87870994166667,535.5055555555556,117.16638573444442
8633,2025-01-28 16:00:00,388.0,23.00872046194447,11.30277796777777,39.21862381866667,511.9555555555556,94.28894827172218
8634,2025-01-28 16:30:00,1093.6,23.213048055999995,10.40499962316668,40.455703481111115,610.4111111111112,81.01343879700005
8635,2025-01-28 17:00:00,460.0,23.305187480111115,10.201110920055562,40.50418046377779,639.9833333333333,131.59176130983323
8636,2025-01-28 17:30:00,780.2,23.037997595555563,10.100000379999987,40.7575599458889,676.4277777777778,108.70221476994448
8637,2025-01-28 18:00:00,482.7,23.284626870335234,10.0,41.63058128620111,725.1564245810056,94.3086300205028
8638,2025-01-28 18:30:00,364.23,23.23849752222223,10.0,39.181061003111104,670.15,149.51466102850006
8639,2025-01-28 19:00:00,414.77,23.328553729944446,9.900555176672245,38.905782467055545,677.0833333333334,134.63539131888885
8640,2025-01-28 19:30:00,342.6,22.850053384388897,9.60166704343331,38.26313266761111,639.3055555555555,167.59042629666666
8641,2025-01-28 20:00:00,426.67,22.457275423000006,9.401110734344467,38.99371912250001,659.9944444444444,137.2894134522223
8642,2025-01-28 20:30:00,430.03,22.009831565944435,9.201110919055571,39.45661727066665,665.4277777777778,121.30499915611108
8643,2025-01-28 21:00:00,419.57,21.693719885333362,9.100555933377755,39.51915507855556,621.9444444444445,157.5244904850001
8644,2025-01-28 21:30:00,306.47,21.31160856988892,9.000555557672222,39.69380664811109,597.0611111111111,156.16223347999997
8645,2025-01-28 22:00:00,359.19,21.042883587222228,8.900555176672244,39.99188065038888,601.95,133.60554635833324
8646,2025-01-28 22:30:00,361.59,20.704351318715094,8.899999619000022,40.476744156424566,617.4189944134079,117.43929026927373
8647,2025-01-28 23:00:00,387.3,20.63005322366667,8.701110919055571,40.46167625849997,616.0777777777778,102.92535387488897
8648,2025-01-28 23:30:00,410.57,20.501442051500028,8.501111110050001,40.56499994066667,614.5777777777778,90.57166921849999
8649,2025-01-29 00:00:00,385.57,20.288497066777815,8.599444823327756,40.73709483677778,607.0111111111111,79.35787484877773
8650,2025-01-29 00:30:00,399.3,20.21410790594446,8.401110734344467,40.645287958777764,603.7944444444445,71.33878949494444
8651,2025-01-29 01:00:00,342.1,20.23016423116668,8.20111091905557,40.3478859796111,595.4,62.988034460111116
8652,2025-01-29 01:30:00,465.17,20.074831262888917,8.199999809000014,40.34993871061111,579.4555555555555,55.23123970033332
8653,2025-01-29 02:00:00,359.4,20.000107755000023,8.100555933377755,40.240487819722254,575.8777777777777,48.57204996750003
8654,2025-01-29 02:30:00,472.77,19.825552845111147,8.100000380999978,40.4132598668889,563.2444444444444,43.319366560999995
8655,2025-01-29 03:00:00,472.17,20.18166432950001,7.901111207699997,40.06979378605555,604.4166666666666,127.55265666394439
8656,2025-01-29 03:30:00,461.2,20.520508565277776,7.800555746022209,39.76663451733332,600.9111111111112,100.73936848094444
8657,2025-01-29 04:00:00,493.6,20.897899733888895,7.300000190999986,39.36612180055555,621.1277777777777,96.37959179444441
8658,2025-01-29 04:30:00,1534.1,21.623775154111115,7.300000190999986,37.58235479977777,589.9944444444444,130.5976438688889
8659,2025-01-29 05:00:00,418.9,21.90316375088889,7.199999809000014,37.48518055850001,596.4388888888889,103.69350628394444
8660,2025-01-29 05:30:00,415.67,21.882787151117316,7.300000190999986,37.57261928351956,607.5698324022346,85.48259837374303
8661,2025-01-29 06:00:00,408.93,21.935496892500012,7.001666667727777,37.38504706477777,606.7222222222222,71.4188092340556
8662,2025-01-29 06:30:00,504.53,22.07916360466667,7.596666572194447,37.60187424566666,634.3055555555555,60.003952110888875
8663,2025-01-29 07:00:00,1011.9,21.972163412833314,8.097222600577755,36.33618348449999,616.0222222222222,87.09259423088885
8664,2025-01-29 07:30:00,309.83,21.789831087611102,9.392777401011132,35.69304165322223,534.4222222222222,63.7028439207222
8665,2025-01-29 08:00:00,397.43,21.20083013150001,10.493888886772222,36.36349203311113,512.8833333333333,55.42400510566667
8666,2025-01-29 08:30:00,402.27,20.692886098277754,11.593889266777763,37.01957967494443,492.93888888888887,47.93366563566667
8667,2025-01-29 09:00:00,394.03,20.418164211000004,12.296111302166661,37.351023525944434,473.9111111111111,41.0162610793889
8668,2025-01-29 09:30:00,427.6,20.127052858166692,12.600000379999985,37.75939835444446,454.1222222222222,35.61921745944444
8669,2025-01-29 10:00:00,366.9,20.04210818705557,12.800000189999993,37.85476055149999,436.45,31.31919977433334
8670,2025-01-29 10:30:00,602.81,19.841497834388903,13.199999810000007,39.00155993566667,448.77222222222224,87.6683245961667
8671,2025-01-29 11:00:00,620.24,19.897663995833337,13.600000379999985,39.48805567411111,498.0388888888889,88.46882286038885
8672,2025-01-29 11:30:00,481.55,20.594719812999998,14.100000379999985,39.3905450612778,569.4055555555556,69.20250869322219
8673,2025-01-29 12:00:00,846.24,21.368607182500007,14.199999810000007,37.59234129616665,527.1222222222223,104.19953405594443
8674,2025-01-29 12:30:00,542.07,21.567998016944458,14.199999810000007,38.03120808077777,506.2055555555556,122.30357441311112
8675,2025-01-29 13:00:00,460.9,22.161941549944455,14.100000379999985,37.45226236950002,558.0611111111111,112.91788546088891
8676,2025-01-29 13:30:00,349.57,22.790996838055566,13.899999620000015,36.78542014233334,606.6444444444444,83.82759543488882
8677,2025-01-29 14:00:00,412.37,22.92055193605558,13.800000189999993,36.660541894944465,611.8111111111111,59.74780739688886
8678,2025-01-29 14:30:00,339.23,22.763090560391085,13.300000189999993,36.81208287675977,592.2011173184358,41.97464590256984
8679,2025-01-29 15:00:00,433.13,22.71932187446929,12.899999620000015,36.844907557932956,599.9944134078212,47.455055599608976
8680,2025-01-29 15:30:00,445.57,22.245330577444456,12.402777397777792,36.398747804277775,518.0,54.283928044444444
8681,2025-01-29 16:00:00,433.87,21.920330492777794,11.902777397777792,36.764976565166656,545.4222222222222,43.85808645911111
8682,2025-01-29 16:30:00,441.67,21.989608839444454,11.601667042444431,37.20005101099998,603.9111111111112,43.48705162433335
8683,2025-01-29 17:00:00,435.07,22.55944197977778,11.401110735333347,36.105861557833336,581.7277777777778,97.52010977194445
8684,2025-01-29 17:30:00,980.1,22.753220039277785,11.002222220111111,36.45732820300002,594.7777777777778,120.64689822777785
8685,2025-01-29 18:00:00,636.5,22.468941646444456,10.70166647772223,39.89109664455556,665.5222222222222,95.60581245300001
8686,2025-01-29 18:30:00,487.13,22.035330391000013,10.302222410111105,39.367633544222215,669.6,105.34671804672226
8687,2025-01-29 19:00:00,414.33,21.94460820127777,9.902221844394468,38.33655204794448,658.3388888888888,119.60000809833335
8688,2025-01-29 19:30:00,567.97,22.349997531222222,9.60166704343331,37.650126436055544,677.2555555555556,93.28673990149998
8689,2025-01-29 20:00:00,402.77,22.59288684553071,9.40111694169276,37.215813471396636,691.9050279329609,78.83800928586591
8690,2025-01-29 20:30:00,492.39,22.714052338666658,9.201110919055571,36.98211303294447,718.1833333333333,67.72393074016665
8691,2025-01-29 21:00:00,385.76,22.668053193111117,9.001111110050001,36.40388461244443,682.6611111111112,90.21388992833332
8692,2025-01-29 21:30:00,349.77,22.190775150944447,8.900555176672244,36.288470480277766,638.4666666666667,91.71273600316665
8693,2025-01-29 22:00:00,314.77,21.63705268450003,8.899999619000022,37.056348397833325,657.1277777777777,80.19196633272225
8694,2025-01-29 22:30:00,497.97,21.351886198944456,8.899999619000022,37.251988114222236,662.7444444444444,72.06872139000004
8695,2025-01-29 23:00:00,332.87,20.89016474599999,8.899999619000022,37.696922641388916,644.0277777777778,63.83214418616667
8696,2025-01-29 23:30:00,378.0,20.688386493944453,9.098889265655533,37.673125415166666,626.1611111111112,56.457769966555546
8697,2025-01-30 00:00:00,356.0,20.362774986388924,9.199444256622238,37.885628912333324,605.6555555555556,50.81283384933332
8698,2025-01-30 00:30:00,346.9,20.270052794111127,9.398888508944466,37.76487572966669,592.0277777777778,45.30917983588889
8699,2025-01-30 01:00:00,396.97,20.0595527017778,9.598889265655533,37.922569359833325,592.1833333333333,41.45907543994443
8700,2025-01-30 01:30:00,528.67,19.992441422000013,9.600000380999978,37.822296163555556,583.7111111111111,38.03044528988888
8701,2025-01-30 02:00:00,442.07,19.80065065581006,9.600000380999978,38.2578784578771,617.072625698324,47.47457034284915
8702,2025-01-30 02:30:00,447.2,20.127775478722246,9.699444256622238,37.38712067061111,600.8055555555555,105.7239227290555
8703,2025-01-30 03:00:00,456.1,20.938997999888883,9.699999809000015,36.46000552677778,607.0777777777778,82.70010108961114
8704,2025-01-30 03:30:00,435.17,21.456052631666658,9.898888508944468,35.77716700244444,608.2611111111111,68.02390361338888
8705,2025-01-30 04:00:00,495.77,21.742775006222224,9.4027773967778,34.898980607222235,588.9388888888889,103.8230775011667
8706,2025-01-30 04:30:00,452.93,21.87905306261111,9.598889265655533,34.63045325805555,574.5944444444444,100.44254468144445
8707,2025-01-30 05:00:00,400.47,21.763720524500027,9.699444256622238,34.90382455155555,583.0777777777778,81.30548663672225
8708,2025-01-30 05:30:00,426.27,21.82977461322225,9.898888508944468,34.746917958,584.7111111111111,66.05839324494444
8709,2025-01-30 06:00:00,435.9,21.850052495277808,9.4027773967778,34.66780488755555,586.7888888888889,55.4237073263889
8710,2025-01-30 06:30:00,383.43,21.98171944122222,10.09611148688332,34.43492548211111,594.8611111111111,46.540814760166654
8711,2025-01-30 07:00:00,664.33,21.83533306217877,10.696647857877101,34.84645114653633,606.4357541899441,38.14219763581005
8712,2025-01-30 07:30:00,736.07,22.340386677000005,11.396110732166681,34.53226733755555,665.1611111111112,28.550412156777778
8713,2025-01-30 08:00:00,1614.13,22.792553732222217,11.996666664555555,34.37808174550001,746.9111111111112,23.449124982555563
8714,2025-01-30 08:30:00,340.27,22.891441493611126,12.994444444444444,34.565787018444446,871.8055555555555,20.31909183916666
8715,2025-01-30 09:00:00,369.87,22.937163766111112,13.795555744499994,34.909618780333325,1008.2222222222222,18.05341644794445
8716,2025-01-30 09:30:00,465.23,22.724385410611116,14.396666289833348,36.59000740044447,1100.8111111111111,16.162448660444436
8717,2025-01-30 10:00:00,356.23,22.50433081583333,14.897221842222237,36.3760072921111,990.9,60.513236527611085
8718,2025-01-30 10:30:00,447.13,22.247274706222232,14.800555742388884,35.91324340022223,845.7555555555556,101.9886854385
8719,2025-01-30 11:00:00,725.13,22.617830732055562,14.501666667722223,35.902955627499985,818.6333333333333,99.75012012211108
8720,2025-01-30 11:30:00,358.83,22.68055202699999,14.301111300055549,37.0184425567778,856.9055555555556,84.41854086966666
8721,2025-01-30 12:00:00,952.8,22.751664861500004,14.10111149005554,35.95849429205556,801.4888888888889,107.41138127577784
8722,2025-01-30 12:30:00,1076.2,22.830011516666687,13.602778157777763,35.7964055592222,783.15,107.88050935261116
8723,2025-01-30 13:00:00,470.33,23.037288367877103,13.600000379999985,35.61541130011172,791.4245810055866,92.5507437421788
8724,2025-01-30 13:30:00,345.9,23.08588595944444,13.798889079944438,35.4223489967778,777.2166666666667,116.59140497505561
8725,2025-01-30 14:00:00,436.1,23.006275728388896,13.800000189999993,35.18974583933332,704.3611111111111,113.72949659666669
8726,2025-01-30 14:30:00,386.13,22.81060847183336,13.60111149005554,35.43027909588889,659.6777777777778,97.146472932
8727,2025-01-30 15:00:00,309.93,22.83205307883334,13.301666857722216,35.317671987833336,613.6277777777777,85.4155818093889
8728,2025-01-30 15:30:00,450.3,23.264386706666663,12.802777967777772,35.49740863416665,705.0777777777778,70.75863435549996
8729,2025-01-30 16:00:00,421.43,23.36419500144508,12.601156448265879,35.81722356554914,809.543352601156,60.371216614219655
8730,2025-01-30 16:30:00,443.33,23.24299757166663,12.301666857722216,35.16242949183332,727.8555555555556,93.39691149527779
8731,2025-01-30 17:00:00,363.53,23.18432514433334,12.10111149005554,35.190233781833356,672.9888888888889,79.32835896788893
8732,2025-01-30 17:30:00,376.53,23.235220708166683,11.899999620000015,34.93078176694444,660.0888888888888,139.73581725055558
8733,2025-01-30 18:00:00,716.73,23.4034971979445,11.899999620000015,35.22364459566666,695.5166666666667,112.09763429422219
8734,2025-01-30 18:30:00,368.83,23.53610805905557,11.800000189999993,36.95878312872222,730.8611111111111,111.61049986644441
8735,2025-01-30 19:00:00,500.77,23.57638612338889,11.600000379999988,35.273311381888895,690.8166666666667,135.53948529888896
8736,2025-01-30 19:30:00,371.43,23.333220058944452,11.399999620000012,35.488115756111085,703.5611111111111,106.02407362311112
8737,2025-01-30 20:00:00,407.2,23.238775137000008,11.300000189999993,35.44243233977775,707.2,90.70394816938882
8738,2025-01-30 20:30:00,389.03,23.31249743544449,11.100000379999987,35.26392919799999,713.0555555555555,78.03397577072225
8739,2025-01-30 21:00:00,452.27,23.31627533211112,10.899999620000013,34.72522349916667,694.5222222222222,107.67808392677776
8740,2025-01-30 21:30:00,311.27,22.768722206,10.600000379999987,34.86502956811111,646.3166666666667,109.57159745905558
8741,2025-01-30 22:00:00,354.17,22.251055659329612,9.899999619000024,35.356802423240254,649.2849162011173,94.36502377860342
8742,2025-01-30 22:30:00,307.6,21.78744127500001,9.800555743377762,35.90879048283331,653.1333333333333,83.52575442022224
8743,2025-01-30 23:00:00,410.0,21.48088598277778,9.601111491055534,36.05901196772221,652.5666666666667,73.99422535388891
8744,2025-01-30 23:30:00,343.87,21.141496785555567,9.89833295656669,36.22788145288888,648.3444444444444,67.51048240666671
8745,2025-01-31 00:00:00,445.17,20.94838599011112,9.999444442327778,36.20298771316668,643.1722222222222,61.83151785511115
8746,2025-01-31 00:30:00,409.43,20.67305304227778,10.09944482233332,36.37407921688891,647.9777777777778,57.70152869749999
8747,2025-01-31 01:00:00,476.48,20.541497813055575,10.000555557666667,36.294349352388885,641.7888888888889,54.2031126658333
8748,2025-01-31 01:30:00,344.0,20.184663243055557,10.0,36.63652343766668,643.9166666666666,51.038777923277785
8749,2025-01-31 02:00:00,509.13,20.13888565727779,10.0,36.44513132305554,631.5055555555556,48.09709637983327
8750,2025-01-31 02:30:00,414.07,19.808941534111124,9.899999619000024,36.59282245611112,613.8333333333334,45.47316366794443
8751,2025-01-31 03:00:00,420.83,19.776775773388884,9.600000380999978,36.416088040999995,606.9166666666666,42.761152754944426
8752,2025-01-31 03:30:00,571.57,19.509719477666668,9.399999619000022,37.28517489994445,618.9111111111112,43.443956672166685
8753,2025-01-31 04:00:00,521.93,20.024941105777778,8.899999619000022,36.344320975222224,633.5611111111111,86.8825372481667
8754,2025-01-31 04:30:00,441.57,21.042663299277798,8.600000380999978,34.98481508899999,624.2888888888889,69.86310869827774
8755,2025-01-31 05:00:00,456.07,21.425219483388904,8.300000190999985,34.51185745700002,626.0722222222222,58.36714327077776
8756,2025-01-31 05:30:00,449.5,21.689109750222233,8.100000380999978,34.12918811372222,625.1833333333333,50.49683909922219
8757,2025-01-31 06:00:00,492.87,21.629220358944448,8.199999809000014,33.854702525499995,608.5333333333333,82.89115840044448
8758,2025-01-31 06:30:00,418.43,21.9109416113889,8.399999619000022,33.48145788033334,603.8444444444444,72.00098554833332
8759,2025-01-31 07:00:00,367.33,21.99472038505555,8.600000380999978,33.61353282938887,614.3222222222222,59.53932579911112
8760,2025-01-31 07:30:00,448.23,21.974686990279334,9.600000380999978,33.69008732368716,630.6033519553073,48.19950188960893
8761,2025-01-31 08:00:00,364.9,21.9629413817778,10.395555179783345,33.19602646250001,570.5944444444444,58.43266773188888
8762,2025-01-31 08:30:00,528.2,21.82663026422226,11.096111486888875,33.30910074461112,573.1,90.80900675611109
8763,2025-01-31 09:00:00,521.4,21.98877615394444,11.59722260222221,33.952415593666665,655.1166666666667,82.67586012955559
8764,2025-01-31 09:30:00,446.1,22.06072024233332,11.997777779888889,34.33089546655554,763.2333333333333,67.85760347572224
8765,2025-01-31 10:00:00,518.45,22.057607883888902,11.90055517766668,34.2999495186111,778.8333333333334,51.65573234527775
8766,2025-01-31 10:30:00,590.47,22.087719483333334,12.397221842222237,34.578560023944455,735.1555555555556,95.38233557633325
8767,2025-01-31 11:00:00,444.7,22.162330405055535,12.698333142277784,34.591872194055554,748.7166666666667,82.51479894822225
8768,2025-01-31 11:30:00,439.47,22.051330757388904,13.097778154611097,34.77034914233332,726.45,126.42055871666665
8769,2025-01-31 12:00:00,400.9,22.120164108055548,13.100000379999985,34.79623120605555,754.5222222222222,103.82802819144446
8770,2025-01-31 12:30:00,425.33,22.35755306900001,13.298889079944438,34.497971810166646,741.4277777777778,117.84283460022223
8771,2025-01-31 13:00:00,480.7,22.100441509444476,13.399444067611125,35.083964984055555,743.5388888888889,104.26110471105555
8772,2025-01-31 13:30:00,465.33,22.356887117777795,13.598889264666653,34.927980444277786,801.3055555555555,90.91300218355556
8773,2025-01-31 14:00:00,432.87,22.55406818703912,13.699441153966486,35.28033044497206,880.1787709497206,99.71824193977658
8774,2025-01-31 14:30:00,429.4,22.550830597833354,13.600000379999985,34.89803216716664,768.1555555555556,139.35386636500004
8775,2025-01-31 15:00:00,369.3,22.077275753277785,13.399999620000015,35.10348682411111,707.4611111111111,116.14292067944439
8776,2025-01-31 15:30:00,430.73,21.58294095983334,12.899999620000015,35.407845179499986,644.8944444444444,103.0184054924445
8777,2025-01-31 16:00:00,380.07,21.15444197144444,12.600000379999985,35.754787105833316,592.1611111111112,90.40788743777772
8778,2025-01-31 16:30:00,394.97,20.910775195777795,12.199999810000007,35.952081934777766,546.4444444444445,80.39385104738888
8779,2025-01-31 17:00:00,437.13,20.61820629100559,11.899999620000015,36.28716853497207,522.1731843575419,73.40311772877094
8780,2025-01-31 17:30:00,433.4,20.431218709166682,11.40277739777779,36.56543846138887,494.78333333333336,67.09690579288892
8781,2025-01-31 18:00:00,486.8,20.71594131294446,11.399999620000012,37.08971907322221,574.4888888888889,61.04848948588893
8782,2025-01-31 18:30:00,432.53,21.47671905155556,11.101667042444431,36.190936978555555,624.4166666666666,120.96760728794442
8783,2025-01-31 19:00:00,486.47,22.06110875888889,10.801666857722214,35.42642127144447,649.9888888888889,117.98006248555551
8784,2025-01-31 19:30:00,495.03,22.193718794222224,10.402221845388901,35.3560892956111,678.4,98.42360996672224
8785,2025-01-31 20:00:00,442.8,22.256609132944455,10.101667042444431,35.36682804961112,672.75,83.25766097200002
8786,2025-01-31 20:30:00,516.17,22.225330904333344,9.80166685871665,35.539487754055564,649.1888888888889,102.12858276494448
8787,2025-01-31 21:00:00,449.53,22.362664710277787,9.402221844400023,35.31401180672224,615.1888888888889,101.77930704733333
8788,2025-01-31 21:30:00,595.87,22.40160779983332,9.300555743377762,35.31890989916666,628.5277777777778,83.45080269716667
8789,2025-01-31 22:00:00,433.9,22.374275567611118,9.101111491055534,35.50317859666665,638.4944444444444,71.49700783605557
8790,2025-01-31 22:30:00,347.47,22.243552600388917,9.100000380999978,35.59177167688891,585.3555555555556,135.36598625061112
8791,2025-01-31 23:00:00,448.33,22.24905339472224,8.901110734344467,35.54280189933333,568.6666666666666,111.36462720349999
8792,2025-01-31 23:30:00,354.17,22.278219053833343,8.899999619000022,35.5824210697778,573.3777777777777,92.8531116066111
8793,2025-02-01 00:00:00,394.03,22.24227516372222,8.800555743377762,35.715900993333335,576.6333333333333,78.99697240183335
8794,2025-02-01 00:30:00,470.1,22.26210816805556,8.700555366677794,35.74218718161112,584.0555555555555,67.4508312862778
8795,2025-02-01 01:00:00,407.93,22.272620739385474,8.600559037022323,35.782568542513935,588.2960893854748,58.34734953960896
8796,2025-02-01 01:30:00,475.57,22.27244185388891,8.600000380999978,35.851605245833326,586.5666666666667,50.104158782999974
8797,2025-02-01 02:00:00,346.27,22.27686676497208,8.5,35.861649348100556,587.3854748603352,43.631364662569844
8798,2025-02-01 02:30:00,1121.27,22.13377551044446,8.201666476727793,36.41780707049999,594.2833333333333,63.079882961000024
8799,2025-02-01 03:00:00,989.68,21.81160841000003,7.9016667600777755,36.65403251627779,533.9055555555556,84.62295655144445
8800,2025-02-01 03:30:00,488.38,22.333997864388923,7.601666572722225,35.94329853061113,550.8833333333333,73.61151985588889
8801,2025-02-01 04:00:00,361.7,22.269164297666663,7.20222203175557,35.97248753427779,525.9444444444445,107.936138574
8802,2025-02-01 04:30:00,445.43,22.252941735666656,6.9016667600777755,36.004422971777764,529.1666666666666,85.97464866655552
8803,2025-02-01 05:00:00,391.07,22.41288616394444,6.800555746022209,35.75380611405555,544.6833333333333,71.69514454772226
8804,2025-02-01 05:30:00,399.7,22.31488695177778,6.699999809000014,35.96124271816666,552.2888888888889,59.59945377761113
8805,2025-02-01 06:00:00,300.27,22.24627425955557,6.103333237800003,36.05130939477779,556.0166666666667,50.664373842777785
8806,2025-02-01 06:30:00,334.4,22.31876101586592,6.398324116284913,35.9126410882123,561.2346368715084,42.98365169899443
8807,2025-02-01 07:00:00,415.5,22.33936541866668,6.79777796824443,35.98749904622221,570.25,36.15339482611112
8808,2025-02-01 07:30:00,449.83,22.25271933950002,7.900000094999998,36.088824822944446,572.4222222222222,30.16621725261111
8809,2025-02-01 08:00:00,456.9,22.33860921866667,8.899999619000022,35.93088050438889,580.2666666666667,25.640092298722227
8810,2025-02-01 08:30:00,623.43,22.292331441333335,10.0,36.12607014977779,598.2222222222222,18.376616387888888
8811,2025-02-01 09:00:00,504.87,22.413996823888883,10.899999620000013,35.8674558001111,606.3722222222223,13.50232393944445
8812,2025-02-01 09:30:00,456.63,21.884107600500016,11.800000189999993,35.84501942522222,506.93333333333334,13.893894651222217
8813,2025-02-01 10:00:00,280.87,21.41988584761111,12.199999810000007,36.46353229938889,489.84444444444443,12.079329088055553
8814,2025-02-01 10:30:00,599.6,21.10210846833336,12.800000189999993,37.05183325877778,485.3222222222222,37.27283606533333
8815,2025-02-01 11:00:00,837.83,20.95222836597771,13.100000379999985,40.09659808698322,521.2234636871508,61.48368364474862
8816,2025-02-01 11:30:00,733.03,20.954552745888876,13.597222602222208,40.3324561437778,582.5333333333333,48.065798738055584
8817,2025-02-01 12:00:00,432.1,20.852370240833366,14.097222602222208,39.945121404888894,556.8666666666667,108.23804942100004
8818,2025-02-01 12:30:00,447.13,20.834108331111146,14.399999620000015,39.28769084083334,573.1555555555556,83.24951519427775
8819,2025-02-01 13:00:00,377.17,20.8434967678889,14.600000379999985,38.75782328755557,595.3666666666667,109.6409712495
8820,2025-02-01 13:30:00,353.07,21.618553384277778,14.5,37.495249069722206,620.3777777777777,91.1219096287222
8821,2025-02-01 14:00:00,410.37,21.893941497944432,14.399999620000015,37.230902438555546,640.8944444444444,77.69163352122226
8822,2025-02-01 14:30:00,344.13,22.246830791777793,14.100000379999985,36.400478998944436,643.3111111111111,101.23085182655554
8823,2025-02-01 15:00:00,406.69,22.491719213999996,13.699999810000007,35.88974891249999,631.6055555555556,99.99311264761114
8824,2025-02-01 15:30:00,418.13,22.959219752555555,13.0,35.37762093027776,654.1777777777778,84.80379176600003
8825,2025-02-01 16:00:00,403.48,22.990496307666685,13.199999810000007,35.300294431055555,630.2111111111111,73.54483269555556
8826,2025-02-01 16:30:00,421.67,22.803830454166665,12.399999620000015,35.50894836849999,583.9166666666666,66.39287427255559
8827,2025-02-01 17:00:00,394.17,22.634774653222227,11.899999620000015,35.48228285055553,588.5444444444445,102.48420405833326
8828,2025-02-01 17:30:00,385.9,22.825473209776554,11.199999810000007,35.58636770832403,645.4748603351956,79.44735543027934
8829,2025-02-01 18:00:00,755.4,22.878075694888913,10.901666287722236,36.051105541777765,715.4944444444444,67.5380665252222
8830,2025-02-01 18:30:00,522.37,22.937997352111122,10.600000379999987,36.9394689136111,783.5,58.07726037772219
8831,2025-02-01 19:00:00,1440.03,22.858274799111122,10.5,36.625478956388875,745.15,99.6458567704444
8832,2025-02-01 19:30:00,395.93,22.979163551555565,10.199999810000007,36.3032646596111,724.9944444444444,89.10898759638893
8833,2025-02-01 20:00:00,367.67,22.855386013611138,10.100000379999987,35.94139173249999,662.0833333333334,121.50857217644443
8834,2025-02-01 20:30:00,343.23,22.896441915555535,9.800000190999985,35.855838118722204,637.2777777777778,112.1384885588888
8835,2025-02-01 21:00:00,424.63,22.98155338533332,9.5,35.79377769883332,641.6388888888889,95.18958163733338
8836,2025-02-01 21:30:00,374.57,23.185664442222233,9.399999619000022,35.22959215355554,629.3333333333334,116.74171312061111
8837,2025-02-01 22:00:00,407.2,22.942552990611116,9.100000380999978,35.337243588999975,591.7444444444444,139.0728954738889
8838,2025-02-01 22:30:00,380.13,22.980385992777784,8.899999619000022,35.42235738922224,600.8944444444444,115.42368401444443
8839,2025-02-01 23:00:00,374.33,22.879309255251407,8.899999619000022,35.404955475139644,591.6703910614525,100.18091502189938
8840,2025-02-01 23:30:00,297.9,22.285886277500012,8.800000190999985,35.88318784500002,582.8888888888889,88.62618743027781
8841,2025-02-02 00:00:00,409.37,21.843330669611124,8.600000380999978,36.1732460021111,582.0555555555555,78.09126959872223
8842,2025-02-02 00:30:00,395.07,21.43894145766665,8.5,36.50862083427777,576.7833333333333,68.10423480122218
8843,2025-02-02 01:00:00,550.37,21.1517204291111,8.399999619000022,36.571335326333354,567.8333333333334,59.15827270083336
8844,2025-02-02 01:30:00,518.97,20.83794138116669,8.199999809000014,36.727723927166664,558.2611111111111,51.78162843905557
8845,2025-02-02 02:00:00,514.67,20.977553674888895,8.100000380999978,37.00289259988889,610.3166666666667,46.51337761338887
8846,2025-02-02 02:30:00,492.07,21.475886556611094,8.100000380999978,36.1804054051111,613.45,39.93581295005553
8847,2025-02-02 03:00:00,412.7,21.90327456822223,8.0,35.45329002805556,607.1388888888889,34.55384223683332
8848,2025-02-02 03:30:00,462.77,22.136164686555567,7.900000094999998,35.06172531966664,606.0944444444444,29.651270696499992
8849,2025-02-02 04:00:00,440.67,22.02922035844447,8.600000380999978,35.14886618727779,604.8666666666667,25.99568207027776
8850,2025-02-02 04:30:00,516.87,22.038799190000006,8.600000380999978,34.319961164301674,571.1564245810056,78.30608699229052
8851,2025-02-02 05:00:00,485.37,22.025940588,8.600000380999978,34.380391099722225,558.2277777777778,72.84443321216672
8852,2025-02-02 05:30:00,483.63,22.031163904388887,8.5,34.44710409327778,576.3833333333333,59.33243274705558
8853,2025-02-02 06:00:00,537.3,22.01327460672224,8.600000380999978,34.55439438316667,593.4611111111111,49.90897731811107
8854,2025-02-02 06:30:00,430.93,22.113776132722215,8.899999619000022,34.34232675750001,606.3444444444444,42.67846758061111
8855,2025-02-02 07:00:00,471.57,22.040719329222213,9.300000190999985,34.34617835144446,613.9166666666666,37.24239817711111
8856,2025-02-02 07:30:00,443.1,22.082941945388882,10.0,34.20920836144443,618.3611111111111,32.52749509833331
8857,2025-02-02 08:00:00,433.55,22.164997535777776,10.600000379999987,34.03522398211111,620.7222222222222,28.750773864222246
8858,2025-02-02 08:30:00,450.72,22.024219800000008,11.199999810000007,34.27144605855558,630.3888888888889,25.489563453999992
8859,2025-02-02 09:00:00,1062.4,21.883108827833336,11.699999810000007,33.52245905155554,577.0777777777778,20.78141657538889
8860,2025-02-02 09:30:00,871.73,21.15949661488889,12.100000379999985,33.26839135466665,460.3388888888889,15.827034876166667
8861,2025-02-02 10:00:00,504.67,20.78736848648046,12.100000379999985,33.85738031832403,448.55307262569835,63.92522186379885
8862,2025-02-02 10:30:00,454.13,20.604386520944452,12.398332957555569,34.57831719716665,474.51666666666665,51.82351281861113
8863,2025-02-02 11:00:00,478.43,20.438441054611094,12.499444442333333,34.61997907455554,466.0833333333333,79.55759501927784
8864,2025-02-02 11:30:00,263.77,20.262941456000046,12.301111300055549,35.03645523944446,458.9277777777778,62.776801851111095
8865,2025-02-02 12:00:00,378.67,20.212108983111122,12.498888889944444,35.159245999944424,439.72777777777776,55.58707269027778
8866,2025-02-02 12:30:00,466.0,20.0970528495,12.100000379999985,35.43464389388887,420.1166666666667,49.467244063444475
8867,2025-02-02 13:00:00,307.93,20.141108650388887,11.801666857722216,35.52327844849999,410.18333333333334,44.89291123266666
8868,2025-02-02 13:30:00,381.77,20.16572026094444,11.600000379999988,35.64671130683336,402.65,40.345519680666655
8869,2025-02-02 14:00:00,383.23,20.290997388555574,11.399999620000012,35.743944083611126,407.80555555555554,36.53808121144445
8870,2025-02-02 14:30:00,367.5,20.376996920666706,11.300000189999993,35.86409568788889,461.4611111111111,73.51196638766666
8871,2025-02-02 15:00:00,408.07,20.493108125166664,11.199999810000007,36.03976910905554,535.5833333333334,73.40749825377775
8872,2025-02-02 15:30:00,491.03,20.556055357150836,10.899999620000013,36.00571712318437,576.4581005586592,157.13399305474857
8873,2025-02-02 16:00:00,229.67,20.3912693768889,10.899999620000013,36.278104464277774,568.8055555555555,143.08133553611108
8874,2025-02-02 16:30:00,409.33,20.257940950111127,10.899999620000013,36.28334577344445,526.0055555555556,123.77047454166657
8875,2025-02-02 17:00:00,600.47,20.265329976055558,10.800000189999993,36.56426107627778,535.3666666666667,102.51617079999993
8876,2025-02-02 17:30:00,509.03,21.357441425500003,10.600000379999987,36.56755905144444,614.7944444444445,126.6560922818334
8877,2025-02-02 18:00:00,480.33,22.088108126444453,10.100000379999987,35.55557465033332,637.4055555555556,116.15455903055556
8878,2025-02-02 18:30:00,384.73,22.181997129333336,9.800000190999985,34.78854673177776,637.4111111111112,153.57646044
8879,2025-02-02 19:00:00,429.8,22.37088811893854,9.399999619000022,34.624642611899446,656.2625698324023,123.44617483519556
8880,2025-02-02 19:30:00,441.23,22.54177494033335,9.201110919055571,34.403233337388905,684.5111111111111,110.52275098094444
8881,2025-02-02 20:00:00,364.93,22.248163616055567,9.100555933377755,34.14793722388889,653.1666666666666,149.46315189166668
8882,2025-02-02 20:30:00,457.57,22.17271889616669,8.901110734344467,34.56014792099997,669.4222222222222,123.92215546333334
8883,2025-02-02 21:00:00,390.8,21.72593052150001,8.899999619000022,34.831759028833325,651.0055555555556,111.57327753611104
8884,2025-02-02 21:30:00,323.3,21.14133032727779,8.800000190999985,35.18469554038891,640.8611111111111,98.87546497011105
8885,2025-02-02 22:00:00,374.67,20.78860913366667,8.399999619000022,35.39079907722224,630.3222222222222,87.99126112194446
8886,2025-02-02 22:30:00,407.1,20.39038643311112,8.399999619000022,35.72311776416665,621.7,79.08507961744438
8887,2025-02-02 23:00:00,461.23,20.209997591333355,8.399999619000022,35.74497286505557,613.0444444444445,69.90566772877774
8888,2025-02-02 23:30:00,338.83,19.854997741222228,8.300000190999985,35.98506107344444,595.4611111111111,62.040846209777754
8889,2025-02-03 00:00:00,390.37,19.725637052011184,8.100000380999978,35.987760512234615,585.3351955307263,55.147497592849135
8890,2025-02-03 00:30:00,446.37,19.531663089833355,8.199444256622238,36.2980853188889,585.7722222222222,49.58147894527774
8891,2025-02-03 01:00:00,550.6,19.4387756775,8.299444633322206,35.94231452955557,563.2388888888889,43.39435766022222
8892,2025-02-03 01:30:00,342.67,19.199108028999994,8.200555366677794,35.98299651644448,551.9111111111112,38.51442815966667
8893,2025-02-03 02:00:00,455.7,19.12227541644445,8.100555933377755,35.85174878444444,541.2722222222222,34.61630092200003
8894,2025-02-03 02:30:00,514.67,18.904701688666673,8.100000380999978,36.025968509111095,544.0277777777778,31.339881081055545
8895,2025-02-03 03:00:00,309.9,18.85095139672222,8.100000380999978,35.95803919916666,546.5,28.573512236277796
8896,2025-02-03 03:30:00,487.77,18.681219291888894,7.800000190999986,36.11281494538889,550.7277777777778,26.419275707666667
8897,2025-02-03 04:00:00,485.63,18.62121873433334,8.199999809000014,35.997218980000014,546.75,24.06077945488888
8898,2025-02-03 04:30:00,510.73,18.604330455444448,8.199999809000014,36.01011659833334,557.7166666666667,46.30538113894444
8899,2025-02-03 05:00:00,456.1,19.673010021731844,8.199999809000014,34.5287445965363,549.2011173184358,52.55226821469272
8900,2025-02-03 05:30:00,508.77,20.556386269833332,8.199999809000014,33.25225327816668,545.8388888888888,80.78558949422226
8901,2025-02-03 06:00:00,389.57,21.76571971072223,8.299444633322206,32.06918401699999,544.3166666666667,78.00328920122224
8902,2025-02-03 06:30:00,1355.0,22.11027432616669,8.598333713277755,32.24550548166666,570.7277777777778,60.880326652444424
8903,2025-02-03 07:00:00,660.3,21.903386264777783,8.898332956566689,32.53255043027776,577.4888888888889,50.70089348683333
8904,2025-02-03 07:30:00,450.5,21.800663333777795,9.795000187822207,32.72327643461111,600.5777777777778,42.94421412172222
8905,2025-02-03 08:00:00,529.17,21.540757031222235,10.396666289838901,31.727590687833334,574.9666666666667,30.244608391999993
8906,2025-02-03 08:30:00,445.23,20.48427600877777,10.899999620000013,30.54412157277779,433.5111111111111,20.39301703788889
8907,2025-02-03 09:00:00,463.8,19.70865506491621,11.100000379999987,30.572068518100554,395.70949720670393,16.599275381117323
8908,2025-02-03 09:30:00,450.7,19.199331421555556,11.398332957555569,30.693315622611117,396.69444444444446,15.59857530061112
8909,2025-02-03 10:00:00,581.9,18.743886714777787,11.797777964611106,31.00462609388887,399.1333333333333,14.959502861500008
8910,2025-02-03 10:30:00,594.93,18.546109146555565,12.098333712277764,32.60599226444444,453.43888888888887,49.08965765099999
8911,2025-02-03 11:00:00,1094.93,19.199330488722214,12.199444257611116,33.467053519333334,549.3277777777778,51.40055258005556
8912,2025-02-03 11:30:00,647.03,20.50410786738889,12.39888850994446,33.79134953816667,613.2555555555556,39.12943382272221
8913,2025-02-03 12:00:00,446.83,21.25799619927781,12.897221842222237,33.44268917522222,652.7388888888889,32.74803081111111
8914,2025-02-03 12:30:00,466.2,21.471386062166694,13.098889264666653,33.267475128166666,685.5444444444445,34.811400837499995
8915,2025-02-03 13:00:00,433.67,21.740829585000007,13.100000379999985,32.32245148527778,674.6444444444444,74.7669223766111
8916,2025-02-03 13:30:00,385.03,22.0748512268889,13.100000379999985,32.23682356938886,742.3444444444444,80.10710135583336
8917,2025-02-03 14:00:00,358.61,21.76858800311111,13.000555557666667,32.76624919055557,743.1444444444444,93.42086418883339
8918,2025-02-03 14:30:00,352.9,21.933067172849167,12.899999620000015,32.7159144970391,764.4301675977654,106.85724516184365
8919,2025-02-03 15:00:00,352.16,22.370330376555593,12.800555742388884,31.407769976888893,710.8888888888889,112.7995001886667
8920,2025-02-03 15:30:00,478.48,22.564163685500002,12.302777967777772,31.237316364388885,713.1944444444445,149.61075804016664
8921,2025-02-03 16:00:00,434.81,22.59666448216668,11.603889267833322,31.545132001333336,677.7833333333333,135.51816210888882
8922,2025-02-03 16:30:00,349.72,22.40260847972223,11.102778157777765,31.999911901499985,640.0777777777778,113.3408107761111
8923,2025-02-03 17:00:00,391.13,22.22371989422222,10.801666857722214,32.288592974333305,605.6333333333333,96.82079192316665
8924,2025-02-03 17:30:00,478.77,22.31933059672223,10.601111490055542,31.936656538666693,608.6555555555556,122.79975836227779
8925,2025-02-03 18:00:00,711.37,22.49016323183333,10.102778157777765,33.155290148388886,668.7944444444445,126.31784985611121
8926,2025-02-03 18:30:00,410.13,22.424219353888898,9.901110734338912,32.81894296033332,696.4611111111111,152.96419982777772
8927,2025-02-03 19:00:00,468.5,22.391873836722244,9.701110919055571,32.51470707788887,710.4388888888889,145.7471614427778
8928,2025-02-03 19:30:00,414.3,22.68644215322223,9.600000380999978,31.995926591888878,721.7944444444445,121.78546935611111
8929,2025-02-03 20:00:00,367.93,22.50788719411114,9.399999619000022,32.22077132366666,735.3388888888888,102.19247767000003
8930,2025-02-03 20:30:00,431.8,22.353997569444456,9.399999619000022,32.25843861938886,729.6333333333333,92.97887420716658
8931,2025-02-03 21:00:00,1554.1,22.048262442011175,9.399999619000022,31.202604283184353,671.0446927374302,132.66929732849152
8932,2025-02-03 21:30:00,412.03,21.47510851794445,9.399999619000022,32.267748122444445,695.6611111111112,112.18105265444447
8933,2025-02-03 22:00:00,398.93,21.021163612222225,9.201110919055571,33.13874793572221,707.6055555555556,98.33059628933333
8934,2025-02-03 22:30:00,419.7,20.66677454883335,8.901666286722245,33.37926391994446,707.8944444444444,86.2367521495
8935,2025-02-03 23:00:00,406.4,20.313885678444464,8.502222220105555,33.67737503055558,705.9833333333333,76.74590271855553
8936,2025-02-03 23:30:00,483.17,20.083274735611134,8.201666476727793,33.79814455244442,703.4611111111111,69.00620456261107
8937,2025-02-04 00:00:00,426.0,19.790996859000014,8.199999809000014,33.953634389222195,700.2555555555556,62.34017942238889
8938,2025-02-04 00:30:00,413.73,19.648053052222224,8.001111110050001,33.93200177127779,693.8777777777777,56.06360041350004
8939,2025-02-04 01:00:00,543.87,19.334579934500002,7.800000190999986,34.28295718294443,691.4388888888889,50.3333280991667
8940,2025-02-04 01:30:00,520.63,19.248330084555555,7.800000190999986,34.3230012471111,689.2166666666667,45.57352625511111
8941,2025-02-04 02:00:00,489.87,19.010775725722244,7.800000190999986,34.44572330050001,681.6166666666667,41.1222215228889
8942,2025-02-04 02:30:00,557.37,18.941837385698328,7.800000190999986,34.38558410139665,683.9497206703911,36.94164101368717
8943,2025-02-04 03:00:00,558.77,18.743441190277775,7.800000190999986,34.51730868033333,685.7722222222222,33.68910053000001
8944,2025-02-04 03:30:00,513.13,18.684497112666676,7.700555366677792,34.42168144644446,689.2111111111111,30.65893356544445
8945,2025-02-04 04:00:00,692.9,18.51910942966666,7.699999809000014,34.91193966355557,720.1888888888889,52.90289927733333
8946,2025-02-04 04:30:00,605.73,19.825608540166677,7.50111111005,32.89757067372221,701.8055555555555,108.47772500966666
8947,2025-02-04 05:00:00,499.23,20.990052159888894,7.301111301049986,32.26482281133334,706.7333333333333,84.53326229500001
8948,2025-02-04 05:30:00,510.83,21.37183186238891,7.200555366677792,32.05100596694444,718.4111111111112,70.49577971561112
8949,2025-02-04 06:00:00,514.23,21.95126188072222,6.9016667600777755,31.585890325055537,733.7333333333333,59.485323651500046
8950,2025-02-04 06:30:00,456.0,22.02033144611113,7.0,31.78345709883333,736.2,50.195007790555536
8951,2025-02-04 07:00:00,521.1,22.041497029166656,7.099999905000003,31.521667257777786,738.8,43.68428238772225
8952,2025-02-04 07:30:00,411.0,22.117312618212292,7.300000190999986,31.287011918994416,746.3575418994413,47.85457284994413
8953,2025-02-04 08:00:00,1045.13,21.667998324055564,7.49888888995,30.732757621222213,687.9555555555555,94.76674245044448
8954,2025-02-04 08:30:00,1001.43,20.557386854500002,7.798333523272208,31.22199262022222,611.7666666666667,64.15807611683337
8955,2025-02-04 09:00:00,1045.13,19.982608626555567,7.899444539977774,31.045343727555554,550.5388888888889,42.4864224538889
8956,2025-02-04 09:30:00,959.93,20.237720542277785,8.098889268299978,30.471591037944442,577.4777777777778,125.09196116294447
8957,2025-02-04 10:00:00,420.0,21.18716429638889,7.901111207699997,30.47734584816669,617.0111111111111,76.19684208711115
8958,2025-02-04 10:30:00,516.93,21.742109331055563,8.098889268299978,29.024980407222216,635.2055555555555,88.73608983527771
8959,2025-02-04 11:00:00,773.0,22.294385740777795,8.100000380999978,30.590087392055548,703.5444444444445,69.48796804205556
8960,2025-02-04 11:30:00,633.58,22.451227866777778,8.100000380999978,29.930162874999997,729.1777777777778,88.61524442072223
8961,2025-02-04 12:00:00,412.59,22.832067192888907,8.100000380999978,29.007601271722212,720.1777777777778,106.86581001455563
8962,2025-02-04 12:30:00,689.67,22.724219513222216,8.100000380999978,28.127077854722227,660.5055555555556,126.15941586222222
8963,2025-02-04 13:00:00,343.0,23.16572020855557,8.100000380999978,29.55483477922221,761.5166666666667,102.91229926105557
8964,2025-02-04 13:30:00,481.33,23.210274051955317,8.0,30.253717465027943,864.5642458100559,95.20154081363133
8965,2025-02-04 14:00:00,447.8,22.902497937722227,7.801111301049986,30.717912133499997,859.4055555555556,91.14472579966666
8966,2025-02-04 14:30:00,411.67,22.47066522211111,7.700555366677792,30.966003990222216,802.6,85.40824398466668
8967,2025-02-04 15:00:00,472.33,22.096664142666675,7.4016667600777755,31.236018562166656,764.9833333333333,78.32475547788891
8968,2025-02-04 15:30:00,407.43,21.724997510166677,7.300555746022209,30.33763913066668,738.1222222222223,154.81423607099998
8969,2025-02-04 16:00:00,590.43,22.021942679000013,7.399444539977774,30.08836890338889,741.3944444444444,148.51825180000006
8970,2025-02-04 16:30:00,330.1,22.695941745333343,7.300555746022209,29.884119733500007,768.1111111111111,125.31805178333342
8971,2025-02-04 17:00:00,758.17,23.00583069099999,7.200555366677792,30.549444325833324,820.2666666666667,106.09083171316666
8972,2025-02-04 17:30:00,567.7,23.07388573733338,7.0,30.901290533333345,848.1666666666666,91.53064570983335
8973,2025-02-04 18:00:00,495.7,23.041442182444435,6.900000094999998,31.995925659444442,913.3277777777778,79.21346388899997
8974,2025-02-04 18:30:00,1079.37,22.968219937666667,6.699999809000014,30.260571469055545,856.7888888888889,188.17084923077778
8975,2025-02-04 19:00:00,930.73,23.0484969671667,6.400000094999997,30.542993163888887,864.0611111111111,154.43727925555564
8976,2025-02-04 19:30:00,439.73,23.07477520833333,6.199999809000013,30.736609098499983,877.0611111111111,135.37238028277775
8977,2025-02-04 20:00:00,435.33,22.729498164111106,6.099999905000003,29.80079781227779,805.9277777777778,175.40930676111103
8978,2025-02-04 20:30:00,444.83,22.799719937500015,5.900000094999998,30.232629257000006,809.4333333333333,142.38517371000003
8979,2025-02-04 21:00:00,474.77,22.84882996844446,5.800000190999987,30.402641063333324,821.5166666666667,124.00876193444441
8980,2025-02-04 21:30:00,420.33,22.73860810627779,5.699999809000013,30.543117734999996,822.6333333333333,108.33371488783325
8981,2025-02-04 22:00:00,428.77,21.971886550388884,6.0,31.15274102938888,814.95,99.24681544655557
8982,2025-02-04 22:30:00,455.47,21.382640401843602,5.900000094999998,31.6151950347486,817.6424581005587,91.25251667748601
8983,2025-02-04 23:00:00,366.4,20.91049844335195,5.800000190999987,31.93968418039105,818.5251396648044,84.50174661983237
8984,2025-02-04 23:30:00,464.03,20.55438554561113,5.70055536667779,32.19840571072223,813.0555555555555,78.01459159861109
8985,2025-02-05 00:00:00,413.27,20.233053419500003,5.6005554600222265,32.487786589666655,811.8888888888889,72.30213317855552
8986,2025-02-05 00:30:00,459.9,19.97388646905555,5.301666856077765,32.63964680594447,808.0055555555556,67.14335320750003
8987,2025-02-05 01:00:00,438.97,19.65444125094445,5.101111017700004,32.808424462055555,801.2277777777778,61.86769621099999
8988,2025-02-05 01:30:00,574.67,19.531942314611136,4.801666856077766,33.51863017622223,819.6777777777778,56.8352362951667
8989,2025-02-05 02:00:00,364.67,20.346441566166657,4.70055536667779,33.142126613166646,862.0277777777778,51.03722866966666
8990,2025-02-05 02:30:00,452.37,21.336830573666674,4.50111111005,32.110273011444455,855.0111111111111,44.09285136333332
8991,2025-02-05 03:00:00,479.27,21.76271945116668,4.301111301049989,31.404891141333337,843.65,39.692460462888896
8992,2025-02-05 03:30:00,519.1,22.05010825283333,4.001666667727777,30.91442409083335,831.2444444444444,35.885865741388905
8993,2025-02-05 04:00:00,471.97,21.783163230502797,3.303910566793301,30.908391355921793,812.340782122905,53.91036974648043
8994,2025-02-05 04:30:00,480.9,22.015886222722234,3.200555603022217,29.8071569973889,747.0333333333333,91.86598108238884
8995,2025-02-05 05:00:00,476.87,22.120998128388905,3.001111111377777,29.91003841788887,749.3333333333334,76.00594719783332
8996,2025-02-05 05:30:00,449.7,22.236775250333327,2.900555650027775,29.848372109611105,750.1111111111111,65.51461484666672
8997,2025-02-05 06:00:00,378.57,22.279664537388864,2.900000094999997,29.915480338111113,760.0111111111111,60.26134353138887
8998,2025-02-05 06:30:00,464.27,22.203219774388884,3.496666667194444,28.76083082594445,711.5111111111111,104.6835094016111
8999,2025-02-05 07:00:00,416.1,22.299552960277765,4.096666572194448,29.00637887316665,713.5833333333334,88.59614211205559
9000,2025-02-05 07:30:00,488.2,22.116275405611134,4.79611130052221,29.044689114944447,734.9055555555556,119.56480869738886
9001,2025-02-05 08:00:00,365.93,21.28588625588889,5.29722241322221,29.85164218488888,720.2611111111111,116.32827427944443
9002,2025-02-05 08:30:00,478.77,20.520831171833347,5.79722241322221,30.45757786394443,689.3,101.7782265973889
9003,2025-02-05 09:00:00,426.63,19.962553405833333,6.197777588900013,30.97865824177779,672.1611111111112,90.12023357805553
9004,2025-02-05 09:30:00,408.68,19.585430283277788,6.796666855544431,31.385769399111147,661.0333333333333,82.83985612716663
9005,2025-02-05 10:00:00,438.31,19.225682019162026,7.099999905000003,31.793462539553058,642.9608938547486,75.76476965530723
9006,2025-02-05 10:30:00,474.8,19.044720469777793,7.597222127222225,31.97958552033333,624.35,69.36376118144442
9007,2025-02-05 11:00:00,1384.93,18.98538294900001,7.798889078299986,33.7932223001667,675.5444444444445,62.13999409155554
9008,2025-02-05 11:30:00,1335.13,19.245552498333325,8.098333713277755,34.47747050400002,705.55,59.0602118386111
9009,2025-02-05 12:00:00,568.33,19.298164049944436,8.398332956566689,35.43309798755558,735.7944444444445,119.69034731183335
9010,2025-02-05 12:30:00,448.7,19.791497293944456,8.499444442327778,34.113672234888895,762.2611111111111,92.92130084722218
9011,2025-02-05 13:00:00,436.3,20.661553224111117,8.599444823327756,32.49115702311109,791.5777777777778,100.68517396838892
9012,2025-02-05 13:30:00,461.43,21.371775595611112,8.600000380999978,31.85096302022222,782.3888888888889,81.91128518850006
9013,2025-02-05 14:00:00,304.7,20.857775169500016,8.600000380999978,32.48435117922222,746.1277777777777,75.02339460588885
9014,2025-02-05 14:30:00,542.77,20.624553479222246,8.202222034400014,31.859266652166667,690.1666666666666,77.36039610844443
9015,2025-02-05 15:00:00,418.07,20.71614931480448,7.901676071055864,32.486586202905016,785.7094972067039,72.13258979821227
9016,2025-02-05 15:30:00,483.87,21.570219866111124,7.303333523799986,31.76351637305556,859.4,68.77146371244446
9017,2025-02-05 16:00:00,402.07,22.336494201888893,7.300000190999986,30.223220708611116,761.2444444444444,92.94241956144444
9018,2025-02-05 16:30:00,375.57,22.621608680944455,6.9022223177555535,30.210054673166663,722.7777777777778,71.8115867192778
9019,2025-02-05 17:00:00,1179.8,22.840552754055548,6.701110921700014,31.35907991183332,772.3777777777777,161.92175617311116
9020,2025-02-05 17:30:00,613.83,23.04677583927782,6.4016667600777755,34.52517437433331,819.9388888888889,148.27219628222215
9021,2025-02-05 18:00:00,432.67,22.861664359444458,6.79777796824443,32.3963271668889,802.2055555555555,163.3409223794445
9022,2025-02-05 18:30:00,409.17,22.949831231888897,6.601111017700003,31.260022936833334,789.7833333333333,142.41212425277777
9023,2025-02-05 19:00:00,433.0,22.970108031944424,6.301666856077764,31.146924940666658,794.8388888888888,118.98873914111105
9024,2025-02-05 19:30:00,408.63,23.00649757477779,6.101111017700003,30.938448397166667,804.7333333333333,103.20859222305558
9025,2025-02-05 20:00:00,396.9,22.99708899229051,5.801676167055853,31.200474285921775,837.9553072625698,103.80393542765363
9026,2025-02-05 20:30:00,448.19,22.748159067541902,5.302793487089373,30.370231266368716,795.4525139664804,162.08340769776535
9027,2025-02-05 21:00:00,468.3,22.9901083205,4.902222317755552,30.30918824900001,796.2055555555555,128.36770044999992
9028,2025-02-05 21:30:00,390.93,23.097999138277757,4.601666572722226,30.168765523333356,791.4,114.5716549772222
9029,2025-02-05 22:00:00,397.03,22.60582625116667,4.401111205055552,29.856639618611112,732.4277777777778,174.56723480444435
9030,2025-02-05 22:30:00,403.79,21.849997001333342,4.101666572722226,30.7022522715,733.4888888888889,152.78892517111112
9031,2025-02-05 23:00:00,411.03,21.288163991000012,3.80166661840556,31.31835468083335,746.6388888888889,136.55238516
9032,2025-02-05 23:30:00,400.83,20.799830606333337,3.5016666664000002,31.776293808166677,755.2111111111111,120.83057030555555
9033,2025-02-06 00:00:00,442.77,20.449051761666663,3.5,32.13362534833332,766.0888888888888,109.74090419388891
9034,2025-02-06 00:30:00,449.7,20.08399743022224,3.301111063377782,32.34857521050001,766.1111111111111,98.39226612533334
9035,2025-02-06 01:00:00,386.03,19.858886199333337,3.200555603022217,32.52811334388888,768.5222222222222,88.26244091477778
9036,2025-02-06 01:30:00,407.73,19.55282991238889,3.099999905000003,32.78515512694445,768.3611111111111,79.72907723327782
9037,2025-02-06 02:00:00,425.73,19.31143277432584,3.0,32.9014631764045,763.8370786516854,72.29593962764048
9038,2025-02-06 02:30:00,1279.23,19.197997336722224,3.0,32.729041894166656,764.3888888888889,98.5254533548889
9039,2025-02-06 03:00:00,893.3,20.561497550722226,3.0,30.91571413699999,712.0,108.61821848622218
9040,2025-02-06 03:30:00,478.47,21.662330680611117,2.900555650027775,30.56337442422223,728.1277777777777,86.99843020955554
9041,2025-02-06 04:00:00,494.53,22.387608857,2.999444444972222,30.15753944183335,729.7222222222222,72.13314891394444
9042,2025-02-06 04:30:00,429.0,22.58832941100002,2.801111063377782,30.273280281944444,735.3111111111111,60.18952899505553
9043,2025-02-06 05:00:00,479.7,22.35655230355556,2.700555603022217,30.401567003333337,735.1388888888889,51.810591421999966
9044,2025-02-06 05:30:00,415.0,22.441720359055566,2.501111111377777,30.11153574022222,737.85,45.832473691722235
9045,2025-02-06 06:00:00,448.93,22.175497055111116,2.599444349972225,30.278825494555555,742.1055555555556,40.30670477544442
9046,2025-02-06 06:30:00,443.63,22.447997623555583,2.99777777725,29.752277925555543,748.0611111111111,36.04580953377778
9047,2025-02-06 07:00:00,398.5,22.52166360233334,3.4972222222222222,29.647371006055565,759.9388888888889,31.706685649333313
9048,2025-02-06 07:30:00,846.97,22.48417022527778,4.792777967716654,28.556759082277786,699.2277777777778,97.5239871329444
9049,2025-02-06 08:00:00,715.33,22.316494371787705,5.800000190999987,28.993185917374312,734.3575418994413,72.11756061569834
9050,2025-02-06 08:30:00,581.87,22.3584979163889,6.794444635444431,27.701266818777793,754.15,46.310310024555584
9051,2025-02-06 09:00:00,699.2,22.483608765444444,7.297222413222208,25.6282917655,645.8222222222222,37.04564719738889
9052,2025-02-06 09:30:00,679.5,22.30233073833335,8.095555935499977,24.065722465722214,571.2166666666667,67.26089644883334
9053,2025-02-06 10:00:00,514.6,22.35444150472223,8.199444256622238,23.415837435944436,546.7777777777778,31.989625740055565
9054,2025-02-06 10:30:00,384.6,22.852941492611116,8.79666685554443,25.233999845722238,607.2944444444445,54.77877059461112
9055,2025-02-06 11:00:00,788.57,22.884720145111128,9.098333713277755,26.754548464777788,654.1444444444444,112.7790926208889
9056,2025-02-06 11:30:00,391.83,22.910609086944433,9.398332956566689,28.123483604777796,733.9944444444444,87.12894855061111
9057,2025-02-06 12:00:00,468.37,22.96433015444445,10.09611148688332,28.215304046111104,777.5888888888888,74.08579864516668
9058,2025-02-06 12:30:00,336.57,22.97060856311112,10.199444257611118,27.48669651866666,766.85,120.19434640572221
9059,2025-02-06 13:00:00,372.03,23.09751929435756,10.199999810000007,27.687968014413393,778.0,100.32184016843573
9060,2025-02-06 13:30:00,1305.27,23.20988669905556,10.199999810000007,27.60780344044444,775.3944444444444,125.6302747070555
9061,2025-02-06 14:00:00,639.93,23.26460897672222,10.100555932388875,27.80182580905556,747.7944444444445,104.60042237472217
9062,2025-02-06 14:30:00,347.55,23.310386403055553,9.901110734338912,27.786515108777774,689.4444444444445,87.4797541301111
9063,2025-02-06 15:00:00,513.79,23.419052357388903,9.703333139166682,27.663287438055537,643.6944444444445,74.08215565149999
9064,2025-02-06 15:30:00,518.35,23.478663635277787,9.103333711155534,27.550369114388893,641.7388888888889,98.22424074800001
9065,2025-02-06 16:00:00,438.1,23.65399755916669,8.403888512122244,27.62728605244444,658.4,97.3542848373889
9066,2025-02-06 16:30:00,432.17,23.522331842388926,7.604444347855559,27.974374484555565,687.9611111111111,82.8982809703889
9067,2025-02-06 17:00:00,455.24,23.33694148577778,6.90388898283333,28.001022857833334,651.0833333333334,78.20491705949999
9068,2025-02-06 17:30:00,706.0,23.366164462388912,6.402777872777775,28.310779211555538,670.6833333333333,120.47770016777773
9069,2025-02-06 18:00:00,414.87,23.443942229222237,6.400000094999997,28.952997239222224,705.0833333333334,92.23005523766666
9070,2025-02-06 18:30:00,518.4,23.259885958111106,6.300555746022209,29.46975026688889,761.8111111111111,83.60756034916663
9071,2025-02-06 19:00:00,1474.2,23.138441467555545,6.300000190999986,28.731680181444453,749.1166666666667,148.45830247555557
9072,2025-02-06 19:30:00,346.9,23.287774679833355,6.400000094999997,28.552630614944437,741.3388888888888,115.18751865000003
9073,2025-02-06 20:00:00,502.97,23.227592607318442,6.599999905000003,28.453603084078193,719.3743016759777,94.42632233977655
9074,2025-02-06 20:30:00,429.63,23.248219416944455,6.699444253977791,28.263895448,703.9444444444445,78.56505949238888
9075,2025-02-06 21:00:00,376.03,23.210775153388894,6.699999809000014,28.195263142000005,691.7333333333333,65.89685685888888
9076,2025-02-06 21:30:00,492.67,23.188886282888927,6.4016667600777755,28.13127003777778,691.3555555555556,69.53283816466663
9077,2025-02-06 22:00:00,453.1,22.953331385500015,6.300555746022209,27.214820692333333,625.2388888888889,135.30041813722224
9078,2025-02-06 22:30:00,441.37,23.129497623833323,6.101111017700003,27.344637860166678,626.0666666666667,100.35847723322227
9079,2025-02-06 23:00:00,511.27,23.250164010444447,5.801666856077765,27.208973630166668,623.8555555555556,82.81707399161107
9080,2025-02-06 23:30:00,400.27,23.015274726166677,5.70055536667779,27.40810461005556,617.0944444444444,69.10555756872225
9081,2025-02-07 00:00:00,295.83,22.356152273575418,5.699999809000014,27.73558807385476,603.5698324022346,60.746136734748646
9082,2025-02-07 00:30:00,440.77,21.673163424555554,5.6005554600222265,28.179698901833337,607.8111111111111,52.601910040055564
9083,2025-02-07 01:00:00,369.7,21.180663978055563,5.500555555027778,28.525367916999983,606.7277777777778,46.277529059500004
9084,2025-02-07 01:30:00,438.4,20.83238610166668,5.301111301049987,28.576955042611104,596.9055555555556,40.32115213605555
9085,2025-02-07 02:00:00,437.7,20.421775574166688,5.20055536667779,28.769427246555555,598.8277777777778,35.35446311044446
9086,2025-02-07 02:30:00,444.7,20.41827476316668,4.9016667600777755,29.18723144533334,625.8888888888889,31.416604275055544
9087,2025-02-07 03:00:00,473.67,21.036496851388904,4.701110921700012,28.402225155611127,626.6888888888889,26.856497871055556
9088,2025-02-07 03:30:00,356.07,21.713830884666674,4.6005554600222265,27.555627197833328,621.4222222222222,23.28002704
9089,2025-02-07 04:00:00,485.47,22.041830126722218,4.798889078299988,27.175591701777783,617.7611111111111,20.049671946777778
9090,2025-02-07 04:30:00,432.07,22.374108294222243,4.800000190999988,27.14070711161113,641.2111111111111,17.419890382722222
9091,2025-02-07 05:00:00,468.97,22.410385322833353,4.70055536667779,26.543807803333326,627.4111111111112,49.926828432055544
9092,2025-02-07 05:30:00,449.33,22.42639483094972,4.699999809000012,25.88422026223464,578.8379888268156,69.54969926117316
9093,2025-02-07 06:00:00,435.87,22.281828308222213,4.79944463332221,26.284255048666676,584.3944444444444,54.60309157877776
9094,2025-02-07 06:30:00,441.73,22.379719395222235,4.800000190999988,26.100057527722235,596.3888888888889,43.46391273066667
9095,2025-02-07 07:00:00,445.07,22.94016405733334,4.899444539977774,25.556412898277777,603.9277777777778,34.09884779172224
9096,2025-02-07 07:30:00,446.23,23.13788608994446,4.999444444972222,25.785905573055565,608.7666666666667,27.269891314999995
9097,2025-02-07 08:00:00,521.53,23.363663970777765,5.099444349972225,26.051855309888875,636.5277777777778,22.51395260505556
9098,2025-02-07 08:30:00,569.93,22.586829991055552,5.19944425397779,25.465051820444437,616.7611111111111,108.34979780905556
9099,2025-02-07 09:00:00,383.83,21.747219435611125,5.199999809000013,25.647578864611123,555.0055555555556,87.55821160211114
9100,2025-02-07 09:30:00,396.9,21.038552273833346,5.29944463332221,26.052109834833335,519.2,67.93597369766667
9101,2025-02-07 10:00:00,523.59,20.545831436555567,5.6977775889000135,26.826970704388902,503.7611111111111,58.770397800888865
9102,2025-02-07 10:30:00,647.83,20.286608707222225,5.699999809000013,28.12276501105554,567.7166666666667,111.16362724066663
9103,2025-02-07 11:00:00,925.07,20.285903664748645,5.699999809000014,29.782997355363126,635.3687150837989,90.68611413541898
9104,2025-02-07 11:30:00,487.63,20.423719724333335,5.699999809000013,29.793567922388895,650.9722222222222,132.41849882200006
9105,2025-02-07 12:00:00,469.0,21.398578082444455,5.699999809000013,27.90041453066667,641.0333333333333,125.53579677777772
9106,2025-02-07 12:30:00,408.63,22.231941201888883,5.79944463332221,27.024266995222206,650.7833333333333,106.52560887266665
9107,2025-02-07 13:00:00,398.73,22.65355340100002,5.800000190999987,26.687797959777775,659.2611111111111,90.53964606394445
9108,2025-02-07 13:30:00,484.5,22.736719873333335,6.098333239922225,25.652604070999995,634.3166666666667,116.58936292950004
9109,2025-02-07 14:00:00,378.83,22.849164825388915,6.199444253977791,26.03569797927779,634.9333333333333,95.89446051055553
9110,2025-02-07 14:30:00,389.17,22.99555257194446,6.199999809000013,26.23561644049999,644.5055555555556,92.22366116861109
9111,2025-02-07 15:00:00,435.6,22.99244120983336,6.199999809000013,26.121631908,651.7833333333333,140.63227005222222
9112,2025-02-07 15:30:00,438.77,23.472386317944448,5.900000094999998,26.00861517583334,687.1666666666666,104.21302905677781
9113,2025-02-07 16:00:00,469.8,23.234718895111108,5.400000094999997,26.169551764611096,658.3777777777777,87.7383043076667
9114,2025-02-07 16:30:00,425.77,23.338700039888877,5.0,25.97206016111111,612.2833333333333,76.44880659283334
9115,2025-02-07 17:00:00,412.59,23.072450744413423,4.699999809000012,25.579168863519552,594.2067039106146,126.19486040508386
9116,2025-02-07 17:30:00,411.47,23.10744319494442,4.302222411099989,25.52614937894445,648.4277777777778,206.2916340288889
9117,2025-02-07 18:00:00,928.17,23.16105280983334,4.200555366677789,27.82311520050002,704.3111111111111,195.43151618055546
9118,2025-02-07 18:30:00,526.3,23.215774494388885,4.00111111005,28.789195495166666,763.8222222222222,158.9109425022222
9119,2025-02-07 19:00:00,1524.2,23.130568006500003,3.801111063377783,28.187526522666673,805.1888888888889,130.37353981611113
9120,2025-02-07 19:30:00,365.5,22.948274793000028,3.700555603022216,26.544078275722242,756.4222222222222,190.47766549944447
9121,2025-02-07 20:00:00,454.27,23.143163956722255,3.501111111377777,26.497214063333356,761.1777777777778,162.2057872361112
9122,2025-02-07 20:30:00,425.03,23.277607759666676,3.5,26.432569461277758,771.3166666666667,136.07049628444443
9123,2025-02-07 21:00:00,490.43,23.188941372777755,3.599999905000003,26.635734674833323,801.4666666666667,114.8364214994445
9124,2025-02-07 21:30:00,459.03,22.9404413857222,3.799999952000004,25.998394573611108,752.1722222222222,148.12691472333324
9125,2025-02-07 22:00:00,447.73,23.087792359329598,3.799999952000004,26.108793333128492,749.8435754189944,117.49690711452507
9126,2025-02-07 22:30:00,462.33,22.982164087000022,3.799999952000004,26.318728966111117,749.0777777777778,101.18623381849996
9127,2025-02-07 23:00:00,506.4,22.751494821388903,3.799999952000004,26.558629089055568,729.5611111111111,89.11020719727779
9128,2025-02-07 23:30:00,469.6,21.939663844833337,3.799999952000004,27.069805388888884,708.4,82.03437966222222
9129,2025-02-08 00:00:00,576.87,21.362886407944444,3.700555603022216,27.56773818338887,703.1,75.47942911811111
9130,2025-02-08 00:30:00,449.63,20.85966375161113,3.7000000479999953,27.53352482055555,681.0611111111111,68.40736437911114
9131,2025-02-08 01:00:00,424.9,20.54233076294444,3.7000000479999953,27.78838455399999,671.9222222222222,62.419897969166676
9132,2025-02-08 01:30:00,562.2,20.13177503005556,3.5,27.77773531827778,660.6722222222222,57.221215820166655
9133,2025-02-08 02:00:00,402.97,19.882942571166673,3.299999952000004,27.799496809611117,646.1777777777778,52.84188270599998
9134,2025-02-08 02:30:00,548.8,19.49238549388892,3.200000047999995,28.052102364499994,637.1666666666666,49.1046873305
9135,2025-02-08 03:00:00,493.63,19.82748064670393,3.0,28.445058385865913,683.7709497206704,43.78957609938547
9136,2025-02-08 03:30:00,474.97,20.466589826145235,2.900558753687148,27.33116477050281,671.8603351955308,71.36941204581005
9137,2025-02-08 04:00:00,550.6,20.985140270666676,2.701111159372217,26.107922278444445,608.7944444444445,108.19477272211104
9138,2025-02-08 04:30:00,469.17,21.562441582333335,2.600555461350003,25.801962428222208,612.8277777777778,86.11162918966667
9139,2025-02-08 05:00:00,553.1,21.75866433261112,2.500555555027778,25.715320141944442,620.1388888888889,92.9059927193333
9140,2025-02-08 05:30:00,499.7,21.87877553305558,2.5,25.489300505111117,611.5555555555555,121.26509573388878
9141,2025-02-08 06:00:00,470.2,21.663053608277767,2.0,25.957837846388887,623.8444444444444,98.92674319016672
9142,2025-02-08 06:30:00,411.5,21.945496400500012,2.4972222222222222,25.613898892111127,626.3888888888889,83.42562289761108
9143,2025-02-08 07:00:00,510.33,22.161275302000004,2.900000094999997,25.69890369833334,655.1888888888889,69.00168579933333
9144,2025-02-08 07:30:00,504.8,22.312498082611107,3.9000000949999962,26.871158249555556,702.0611111111111,57.257834497944444
9145,2025-02-08 08:00:00,952.03,21.64360850672222,4.800000190999988,24.731797790611097,572.0888888888888,98.8560264606666
9146,2025-02-08 08:30:00,408.6,21.700664287500018,5.300000190999987,25.200229920333314,580.8777777777777,81.32119127894443
9147,2025-02-08 09:00:00,634.47,21.81243761184357,5.699999809000014,26.002558958659215,581.3351955307263,65.01309553581007
9148,2025-02-08 09:30:00,530.43,20.797497612055572,6.097777682244447,27.0146598183889,589.6,90.6696342681667
9149,2025-02-08 10:00:00,1015.33,20.2888864415,6.398333427277775,26.998082584500022,568.1444444444444,178.96720852166658
9150,2025-02-08 10:30:00,877.58,20.752442233055564,6.79777796824443,26.40120117388889,561.1777777777778,149.8151704533334
9151,2025-02-08 11:00:00,378.41,21.654885324111113,6.899444539977774,25.784823439166665,590.2222222222222,161.3230931577779
9152,2025-02-08 11:30:00,603.33,21.848441515944465,7.198333143922236,25.168609671944466,556.7055555555555,120.32051908833336
9153,2025-02-08 12:00:00,399.63,22.3773859132778,7.697222031222236,25.304062768888894,577.1555555555556,100.17257843005551
9154,2025-02-08 12:30:00,359.2,22.592441432277784,7.800000190999986,25.404494190833308,558.4611111111111,86.41390643683334
9155,2025-02-08 13:00:00,408.63,22.74416390533336,7.899444539977774,25.499597019833335,543.4,75.63302175766664
9156,2025-02-08 13:30:00,432.77,22.78738555927778,7.900000094999998,25.689349195500004,532.5,66.24981695822224
9157,2025-02-08 14:00:00,397.07,22.893331496055552,7.800000190999986,25.716558329388874,525.8888888888889,79.92319028694446
9158,2025-02-08 14:30:00,511.37,22.75815763402234,7.699999809000014,25.798444705251388,558.7709497206704,173.16898494972062
9159,2025-02-08 15:00:00,461.97,22.901623355277792,7.50111111005,27.62704860894443,736.8222222222222,126.49246902555547
9160,2025-02-08 15:30:00,429.77,22.071942340000017,7.102222127750003,27.947434362000017,689.3944444444444,111.2633337211111
9161,2025-02-08 16:00:00,499.0,21.481164084722234,6.801666856077764,27.969076177611107,645.6888888888889,99.21350830911109
9162,2025-02-08 16:30:00,496.6,21.078608618499977,6.203333144455569,29.669799773499992,770.9,85.02353740272224
9163,2025-02-08 17:00:00,515.27,20.865163400722203,5.802222411099987,28.326547431833358,681.9611111111111,214.54723875222214
9164,2025-02-08 17:30:00,422.83,21.63760753200001,5.302777968777765,27.938598812777755,740.9333333333333,235.38982900000002
9165,2025-02-08 18:00:00,495.67,22.401441192666656,5.199999809000013,27.422567303944444,792.2722222222222,186.13723111166664
9166,2025-02-08 18:30:00,494.2,22.681497733,5.099999905000003,27.157983356611123,789.8611111111111,237.70805816444448
9167,2025-02-08 19:00:00,419.5,22.76766377611112,4.901111205055552,27.360462389833327,822.0833333333334,201.88112869166665
9168,2025-02-08 19:30:00,526.73,22.694107680722244,4.800000190999988,27.30723662905557,867.1555555555556,182.27910546333334
9169,2025-02-08 20:00:00,467.5,22.990385578324048,4.800000190999988,26.761858892234645,826.4245810055866,182.85942921229054
9170,2025-02-08 20:30:00,522.1,22.97371897172227,4.70055536667779,27.11075787016667,871.9611111111111,157.02194680111117
9171,2025-02-08 21:00:00,407.63,22.951275825666663,4.6005554600222265,27.221512868333345,888.0055555555556,139.09759902944438
9172,2025-02-08 21:30:00,393.83,22.984385702666675,4.500555555027778,27.277750047277774,897.3611111111111,129.6404997483333
9173,2025-02-08 22:00:00,401.9,22.49644206383333,4.201666476727789,27.29118528355554,779.4666666666667,189.92267583277783
9174,2025-02-08 22:30:00,431.03,21.66522035644445,4.00111111005,28.109228462444438,772.45,161.47022323222228
9175,2025-02-08 23:00:00,373.33,21.123496808055556,3.900555650027774,28.66476413972223,779.9222222222222,143.3694641111112
9176,2025-02-08 23:30:00,368.73,20.627331108555534,3.800555508350005,29.200380706666667,783.95,127.83017141833328
9177,2025-02-09 00:00:00,442.6,20.245719570999988,3.601111016372225,29.483437749944454,778.9277777777778,114.974688088889
9178,2025-02-09 00:30:00,482.63,19.98421960466668,3.500555555027778,29.73093097477779,777.5166666666667,103.99352323577779
9179,2025-02-09 01:00:00,476.1,19.686886236388872,3.5,29.889985307166672,772.6277777777777,95.14376742016665
9180,2025-02-09 01:30:00,510.1,19.562566544525176,3.5,30.23859940435755,774.4748603351956,90.23923944234635
9181,2025-02-09 02:00:00,510.27,19.786338265777793,3.400555650027774,30.205848979833338,744.0444444444445,127.27553825166669
9182,2025-02-09 02:30:00,461.83,20.662941731777778,3.4000000949999962,29.340187485888894,763.6444444444444,106.88364876188898
9183,2025-02-09 03:00:00,479.77,21.227663941055578,3.299999952000004,28.83789428044444,774.3111111111111,93.81038335166664
9184,2025-02-09 03:30:00,447.03,21.821052731277778,3.299999952000004,28.274417834944447,773.55,82.62091471344442
9185,2025-02-09 04:00:00,524.23,22.038829210611134,3.299999952000004,28.240414047166677,778.6944444444445,72.73219307822224
9186,2025-02-09 04:30:00,399.07,22.35655304527777,3.299999952000004,28.038401497611112,777.75,64.43727601361114
9187,2025-02-09 05:00:00,497.5,22.504553413666667,3.200000047999995,28.372884846333328,794.5722222222222,55.260990142777764
9188,2025-02-09 05:30:00,405.97,22.584108300166694,3.200000047999995,29.781005033055553,880.0722222222222,41.52856377499999
9189,2025-02-09 06:00:00,656.57,22.55183105505555,3.0,30.58053600527775,928.8111111111111,57.572058636222216
9190,2025-02-09 06:30:00,517.2,22.02305349800001,3.299999952000004,30.519422690277764,555.2777777777778,78.06907755544445
9191,2025-02-09 07:00:00,468.0,22.50612779977652,3.7000000479999953,29.726523649888257,595.1229050279329,72.9775475444693
9192,2025-02-09 07:30:00,502.87,22.66521955161111,4.396111205849996,29.459668265444428,641.4944444444444,57.79004139355553
9193,2025-02-09 08:00:00,451.13,22.94471914583334,5.099999905000003,29.89221941644447,751.8722222222223,50.61703446705557
9194,2025-02-09 08:30:00,1209.13,22.69799746455556,5.400000094999997,30.904853778666684,608.9888888888889,81.52598527183339
9195,2025-02-09 09:00:00,588.23,22.357775115888884,5.599999905000003,32.722217708500004,484.89444444444445,21.87823280716667
9196,2025-02-09 09:30:00,603.13,22.43077543127778,5.900000094999998,32.08326445666667,463.64444444444445,14.074764823833323
9197,2025-02-09 10:00:00,499.07,22.463554054000003,6.300000190999986,32.35001957138889,460.55555555555554,41.422558292111106
9198,2025-02-09 10:30:00,407.13,22.850274976055562,6.5,32.41911324366669,531.8944444444444,102.32464644150001
9199,2025-02-09 11:00:00,745.4,22.97099764116667,6.5,33.75063510455557,642.3388888888888,102.06954337238892
9200,2025-02-09 11:30:00,427.53,23.004608578500008,6.699999809000014,33.08761401716667,712.7944444444445,85.75792520294448
9201,2025-02-09 12:00:00,1215.77,22.694163163000006,6.699999809000014,32.866804123000016,691.2055555555555,128.10480452511112
9202,2025-02-09 12:30:00,726.3,22.830489526536322,6.800000190999986,32.207010023631284,695.6983240223464,106.36446900173179
9203,2025-02-09 13:00:00,381.83,22.919032393833326,6.899444539977774,31.880799674888895,709.1777777777778,91.18420918811113
9204,2025-02-09 13:30:00,421.53,22.991330241999993,6.999444444972222,31.789644951055557,736.3833333333333,79.10558238572224
9205,2025-02-09 14:00:00,364.1,22.91566448194447,7.0,32.229406441999984,777.25,92.8374248503889
9206,2025-02-09 14:30:00,457.16,23.10572014961111,6.900000094999998,32.39886629277779,809.0,99.69497417850006
9207,2025-02-09 15:00:00,492.48,23.231552886666634,6.800000190999986,32.444951948,927.1833333333333,84.67577908827779
9208,2025-02-09 15:30:00,433.37,23.443942186888894,6.599999905000003,32.30678501144443,1029.1277777777777,73.58621012333339
9209,2025-02-09 16:00:00,504.3,23.75090068745666,5.900000094999998,31.970258966416196,1101.0404624277458,65.40798438641616
9210,2025-02-09 16:30:00,450.17,23.884220209277782,5.699999809000013,31.766402074777762,1128.0777777777778,55.87356253733333
9211,2025-02-09 17:00:00,474.43,23.510817661396654,5.400000094999997,31.811971024916218,1024.3351955307262,51.13345326256984
9212,2025-02-09 17:30:00,376.17,23.3293873363889,5.101666572722226,31.964064640500006,951.6944444444445,43.891666751277775
9213,2025-02-09 18:00:00,628.03,23.377386305333328,4.801666856077766,32.81056401983335,918.2611111111111,122.95649197694452
9214,2025-02-09 18:30:00,409.77,23.15477477205558,4.70055536667779,33.162357097666664,779.2055555555555,172.50235163388885
9215,2025-02-09 19:00:00,561.6,23.24438688516668,4.50111111005,32.77091339955555,815.9222222222222,132.27628945111124
9216,2025-02-09 19:30:00,357.8,23.344274869777756,4.301111301049989,32.506363402666665,815.4388888888889,114.57856131666668
9217,2025-02-09 20:00:00,431.13,23.263719039777794,4.200555366677789,32.51943745072222,820.7833333333333,100.17804230527781
9218,2025-02-09 20:30:00,327.5,22.959329669166678,4.100555460022226,32.984175894166675,747.1388888888889,157.21388821011115
9219,2025-02-09 21:00:00,311.57,22.316385195166674,4.099999905000003,33.41011642877777,728.4666666666667,140.72234691999995
9220,2025-02-09 21:30:00,420.9,21.86439308572224,4.000555555027778,33.83613902177779,733.8388888888888,127.04907107999996
9221,2025-02-09 22:00:00,321.47,21.461219289777784,3.602222127750003,34.122109455944425,749.2666666666667,113.95924466499993
9222,2025-02-09 22:30:00,462.27,21.093219259555557,3.500555555027778,34.39082397894447,761.6277777777777,103.29242269561111
9223,2025-02-09 23:00:00,366.57,20.734220112722205,3.301111063377782,34.67030501911113,763.2722222222222,94.24900991600005
9224,2025-02-09 23:30:00,379.23,20.54660833172223,3.200000047999995,34.73842438594444,765.4944444444444,85.8955053116667
9225,2025-02-10 00:00:00,377.73,20.251997471444447,2.799999952000004,35.05941041305558,763.5055555555556,78.36320961861112
9226,2025-02-10 00:30:00,443.03,20.183997567833334,2.7000000479999953,35.1607481213889,765.7833333333333,72.80482898277776
9227,2025-02-10 01:00:00,354.53,20.009553094000026,2.5,35.32472443044442,769.3555555555556,66.92572600061114
9228,2025-02-10 01:30:00,516.77,19.91749764577779,2.5,36.153539233777764,741.2166666666667,92.03408923588886
9229,2025-02-10 02:00:00,397.97,20.768317728770953,2.299999952000004,35.06341335379889,729.0558659217877,92.85667406625693
9230,2025-02-10 02:30:00,489.0,21.515941811000012,2.200555603022218,33.96999513861112,749.0611111111111,80.19375055111111
9231,2025-02-10 03:00:00,410.6,22.071998013166663,2.001111111377777,33.341704834388885,771.0722222222222,70.07260441272221
9232,2025-02-10 03:30:00,419.27,22.4156083746667,2.0,32.93349520366665,782.9,61.87178031044449
9233,2025-02-10 04:00:00,374.5,22.59549692016668,2.3977778722499963,32.795154719944456,787.5888888888888,55.38674138399998
9234,2025-02-10 04:30:00,417.77,22.717608039055563,2.300555508350004,32.701930406222225,794.2833333333333,49.43027492105556
9235,2025-02-10 05:00:00,453.43,22.80538605566666,2.200555603022218,32.63512223566665,798.5277777777778,44.74860435066669
9236,2025-02-10 05:30:00,391.9,22.788108105499997,2.200000047999996,32.755273162166674,810.9611111111111,40.38969775311111
9237,2025-02-10 06:00:00,352.9,22.78716336361114,2.001111111377777,32.790368864722204,764.1833333333333,106.5781947052222
9238,2025-02-10 06:30:00,371.8,22.83888759605557,2.3977778722499963,32.727011913555565,763.5722222222222,96.37991350011114
9239,2025-02-10 07:00:00,370.63,22.932330651333324,2.797777730572226,32.9093161898889,803.4777777777778,82.1537458207222
9240,2025-02-10 07:30:00,606.83,23.18955195827779,3.993333333066666,33.56003932966669,863.7833333333333,67.14736376855551
9241,2025-02-10 08:00:00,308.52,23.23894146805556,5.09388879441667,33.60896784461113,864.0777777777778,51.812063323388884
9242,2025-02-10 08:30:00,490.55,22.678859446111108,5.79611130052221,34.430686103277786,701.3,113.55601605616663
9243,2025-02-10 09:00:00,385.27,21.96727523805556,6.098333239922225,34.675806341999994,631.9166666666666,91.47843191516668
9244,2025-02-10 09:30:00,439.8,21.382053238444467,6.398333427277775,35.5018225563889,604.1277777777777,70.99385159844441
9245,2025-02-10 10:00:00,1465.13,21.30688675816667,6.698333143922236,36.48176903199999,690.8555555555556,107.12097513405556
9246,2025-02-10 10:30:00,585.1,22.219997342333325,6.800000190999986,35.623721482833325,728.65,154.0948958103888
9247,2025-02-10 11:00:00,586.9,22.617386013166666,6.900000094999998,35.32381271772221,771.2222222222222,123.74583519944444
9248,2025-02-10 11:30:00,370.8,22.524440945499993,7.099999905000003,36.16243339122223,736.5333333333333,149.73677630833345
9249,2025-02-10 12:00:00,407.0,21.84899773072223,7.199999809000014,36.14794487416666,676.3166666666667,140.75096257666655
9250,2025-02-10 12:30:00,365.0,21.400775083388897,7.300000190999986,36.274682701888885,641.6055555555556,127.43032239222218
9251,2025-02-10 13:00:00,317.3,21.077885797388905,7.400000094999997,36.35489582527779,617.2611111111111,115.30916926166667
9252,2025-02-10 13:30:00,451.77,20.728718959222245,7.300000190999986,36.701290257777785,573.8333333333334,95.62006344266663
9253,2025-02-10 14:00:00,344.97,20.456170606966293,7.199999809000014,37.6679483475843,537.1067415730337,92.80889926983144
9254,2025-02-10 14:30:00,622.37,20.316942808388877,7.100555460022226,38.52927725016666,588.3944444444444,239.6699455255556
9255,2025-02-10 15:00:00,498.07,20.935108216777785,7.000555555027778,37.79938042927778,734.0111111111111,186.92942826500018
9256,2025-02-10 15:30:00,439.13,22.00977494994446,6.801111301049986,36.43705173072223,857.7333333333333,161.54959716833335
9257,2025-02-10 16:00:00,424.37,22.65977528961114,6.402222317755553,35.64340987766666,940.0722222222222,140.2967653055556
9258,2025-02-10 16:30:00,411.37,22.824108494888893,6.201110921700014,35.45429630233334,996.4444444444445,120.45145153555558
9259,2025-02-10 17:00:00,619.23,23.15799762950001,6.00111111005,34.740979194888894,975.3111111111111,115.80791706311113
9260,2025-02-10 17:30:00,899.9,23.16416482944445,5.70166647672779,35.93198337533332,907.1055555555556,226.86207724777773
9261,2025-02-10 18:00:00,666.13,23.34749825738888,5.79944463332221,37.87663998055554,939.7444444444444,203.92441982555562
9262,2025-02-10 18:30:00,456.83,23.407053004555568,5.402222317755552,36.91069009544443,999.7722222222222,175.16501380333335
9263,2025-02-10 19:00:00,421.73,23.205274190111126,5.101666572722226,36.253287633444444,960.9222222222222,213.2329616983333
9264,2025-02-10 19:30:00,509.17,23.34960785916665,4.602777682777781,35.69850610105552,959.9611111111111,189.41260714944448
9265,2025-02-10 20:00:00,418.5,23.365164639722217,4.202222031755567,35.465655984111116,972.0388888888889,166.0716345894445
9266,2025-02-10 20:30:00,388.37,23.347497918833344,3.799999952000004,35.410711267444455,986.8166666666667,148.8816592716667
9267,2025-02-10 21:00:00,413.37,23.37877506700002,3.5,35.30166057988887,1004.2277777777778,135.36945822
9268,2025-02-10 21:30:00,445.77,23.33483040105557,3.299999952000004,35.094573105500004,868.8888888888889,179.99816335055547
9269,2025-02-10 22:00:00,443.9,23.357664129277776,3.0,34.98250266183336,861.2888888888889,144.92413660666668
9270,2025-02-10 22:30:00,390.6,23.221551852500014,2.801111063377782,35.144259728222245,840.2222222222222,125.50716039666669
9271,2025-02-10 23:00:00,333.03,22.614663654055562,2.799999952000004,35.655481889333316,818.9222222222222,115.71263457499994
9272,2025-02-10 23:30:00,381.4,22.091219944722233,2.7000000479999953,36.116552925444466,810.4333333333333,106.16238886861109
9273,2025-02-11 00:00:00,323.37,21.757497469944457,2.5,36.423748779499974,802.1888888888889,96.64864595327775
9274,2025-02-11 00:30:00,557.63,21.418163618055555,2.5,36.91439787566667,794.7944444444445,102.56435953955558
9275,2025-02-11 01:00:00,375.97,21.125777758764045,2.4000000949999962,37.336071871685384,734.5112359550562,142.37838355112365
9276,2025-02-11 01:30:00,376.53,20.929386605666686,2.499444444972222,37.36448862266668,729.7111111111111,119.95344454500004
9277,2025-02-11 02:00:00,318.87,20.76060849283337,2.5,37.47645060227778,721.2333333333333,105.5385680311667
9278,2025-02-11 02:30:00,407.1,20.620941311166664,2.5,37.539054383499966,720.8,95.25654169750003
9279,2025-02-11 03:00:00,406.6,20.437997627611118,2.5,38.061297692000025,725.0555555555555,107.15595635238891
9280,2025-02-11 03:30:00,479.4,21.223441484555554,2.5,37.04516264605558,718.4888888888889,100.60269622977782
9281,2025-02-11 04:00:00,397.27,21.6211095495,2.200000047999996,36.48009380772222,735.3277777777778,85.65597067938886
9282,2025-02-11 04:30:00,387.27,22.49805239600001,2.200000047999996,35.203668678999996,739.6111111111111,74.3257180531111
9283,2025-02-11 05:00:00,387.17,22.771163432444464,2.200000047999996,34.98164522383332,748.6277777777777,64.11279362566665
9284,2025-02-11 05:30:00,369.0,22.868597350502828,2.200000047999996,34.9061577864246,748.2011173184358,56.99613411296091
9285,2025-02-11 06:00:00,376.47,22.905386416777795,2.001111111377777,34.92190583550001,747.0277777777778,50.96909145777775
9286,2025-02-11 06:30:00,355.57,23.005412459162034,2.497206703910614,34.865825461005585,752.463687150838,45.93221796581005
9287,2025-02-11 07:00:00,301.6,22.883974033222238,2.8977778722499963,35.19563452416669,750.5444444444445,56.43366673827778
9288,2025-02-11 07:30:00,514.17,23.19933069016666,3.7949999527944502,34.29906677666667,690.1722222222222,117.15312525366666
9289,2025-02-11 08:00:00,346.17,22.621441470277787,4.6949998097944565,34.343384573388896,592.6833333333333,75.03768234261112
9290,2025-02-11 08:30:00,509.5,21.835386530777786,5.59499990446667,34.19451649972222,499.9277777777778,61.0107921391111
9291,2025-02-11 09:00:00,312.7,21.297053453833342,6.196666476200014,34.450307125944434,459.5444444444444,56.41953470455553
9292,2025-02-11 09:30:00,456.4,20.845997926888913,6.597777682244447,34.40388789711111,434.49444444444447,54.610081100333346
9293,2025-02-11 10:00:00,413.53,20.463886929055565,6.699444253977791,34.588760227444425,421.01666666666665,53.2127478072222
9294,2025-02-11 10:30:00,411.13,20.161164051277776,6.799444633322208,34.46745944527779,420.4555555555556,53.22488931061111
9295,2025-02-11 11:00:00,436.23,19.882386356166677,6.99888888995,34.638894420111114,413.80555555555554,52.46337271772224
9296,2025-02-11 11:30:00,678.03,19.694219600277766,7.099444349972225,34.75427934833334,414.35,52.039036433
9297,2025-02-11 12:00:00,783.57,19.75964468452514,7.298882870966467,36.39721515581005,508.50837988826817,48.5922740959218
9298,2025-02-11 12:30:00,1965.23,20.674885908944457,7.399444539977774,36.074807188555546,622.4277777777778,45.65690862877778
9299,2025-02-11 13:00:00,647.77,21.589607705222235,7.400000094999997,35.85726104333333,685.5555555555555,85.96642061816667
9300,2025-02-11 13:30:00,362.27,22.480719100666665,7.499444444972222,34.079209370388895,701.7666666666667,100.59032630627779
9301,2025-02-11 14:00:00,423.2,22.660552555000027,7.5994443499722255,33.46575344927778,690.9833333333333,137.71865836366666
9302,2025-02-11 14:30:00,334.07,22.912218793611142,7.500555555027778,33.12882101261113,654.1833333333333,108.1994925606668
9303,2025-02-11 15:00:00,444.87,22.982218986333336,7.4005556500277745,33.13207569133332,638.15,93.86768315488891
9304,2025-02-11 15:30:00,389.33,22.88310802266666,7.101666572722225,33.303418265388885,658.7666666666667,129.88936949649997
9305,2025-02-11 16:00:00,442.57,23.01244251500001,7.000555555027778,33.16753874916668,642.0277777777778,122.60668160833328
9306,2025-02-11 16:30:00,464.73,23.001775339111106,6.502777777777778,33.35976195833332,644.1388888888889,104.44820514216659
9307,2025-02-11 17:00:00,397.97,23.119218762611116,6.102222127750003,33.61313389683334,728.9222222222222,97.13937348194443
9308,2025-02-11 17:30:00,440.8,22.98777937416667,5.40388898283333,34.00123587744444,781.8833333333333,166.17172491327776
9309,2025-02-11 18:00:00,702.13,23.170124800502798,5.099999905000003,34.07523544139665,793.2737430167598,188.9534294072625
9310,2025-02-11 18:30:00,436.43,23.182719315444444,4.602777682777781,34.63414380794445,866.8222222222222,162.61719758277778
9311,2025-02-11 19:00:00,408.13,23.260607677388887,4.202222031755567,34.26565002877776,921.5222222222222,156.58731486166664
9312,2025-02-11 19:30:00,382.57,23.264663749666656,4.199999809000011,33.6961962168889,851.2055555555555,178.56092461555562
9313,2025-02-11 20:00:00,460.27,23.30072054255554,4.199999809000011,33.83995331644443,881.8722222222223,156.2103111266666
9314,2025-02-11 20:30:00,441.53,23.2477751198889,4.100555460022226,33.87357974577776,872.8222222222222,147.32183639166658
9315,2025-02-11 21:00:00,307.5,22.798719025055572,4.099999905000003,33.87055091883334,755.3944444444444,168.5666827716667
9316,2025-02-11 21:30:00,360.43,22.105996810277784,4.099999905000003,34.71687609355558,769.3,148.79450912111116
9317,2025-02-11 22:00:00,345.83,21.63777543166668,4.199444253977789,35.321479606611135,774.8277777777778,134.7589937377778
9318,2025-02-11 22:30:00,378.9,21.214998510500003,4.00111111005,35.82165143761111,785.75,122.14052090222222
9319,2025-02-11 23:00:00,473.73,20.86066353055556,3.801111063377783,36.21290851177779,796.9888888888889,111.79798935777781
9320,2025-02-11 23:30:00,538.87,20.589386812055572,3.7000000479999953,36.432839796277776,798.3222222222222,101.64467947372222
9321,2025-02-12 00:00:00,436.83,20.324854909720685,3.5,36.68612063569834,795.3966480446927,93.853216160838
9322,2025-02-12 00:30:00,331.9,20.234497187500015,3.400555650027774,36.791905,803.3666666666667,86.82496202250005
9323,2025-02-12 01:00:00,569.37,20.14277584294445,3.201111159372217,37.35488734816666,791.05,123.32782910972219
9324,2025-02-12 01:30:00,363.87,20.8524971963889,3.001111111377777,36.23938882627777,768.6888888888889,128.9850728755555
9325,2025-02-12 02:00:00,467.42,21.56094149527778,2.900555650027775,35.305999607666664,780.7722222222222,111.75774069888888
9326,2025-02-12 02:30:00,394.9,22.07399706344444,2.800555508350004,34.49341822727777,745.6777777777778,138.20641979611108
9327,2025-02-12 03:00:00,348.79,22.421664068777805,2.799999952000004,34.048457082611094,725.4833333333333,127.10326694888892
9328,2025-02-12 03:30:00,326.03,22.68627563072222,2.799999952000004,33.82460189394443,739.4777777777778,110.36869811888884
9329,2025-02-12 04:00:00,491.86,22.649108399444444,2.998888888622222,33.983591164611106,753.5611111111111,97.81411670872221
9330,2025-02-12 04:30:00,395.35,22.712346977611126,2.900555650027775,33.986594263833325,764.1388888888889,87.69444168927778
9331,2025-02-12 05:00:00,391.1,22.815637610111736,2.900000094999997,34.01845290586592,783.1117318435754,78.11689016653632
9332,2025-02-12 05:30:00,368.6,22.849609311666665,2.900000094999997,34.092220285222226,794.0833333333334,70.12744755227776
9333,2025-02-12 06:00:00,385.7,22.66855349038889,2.601666572722225,34.031780391055555,757.5611111111111,113.11142455166662
9334,2025-02-12 06:30:00,279.63,22.90116408727779,3.196666713872217,33.801884841888906,759.6611111111112,97.7530894362222
9335,2025-02-12 07:00:00,404.27,22.828220568666666,3.697222270222217,34.01772596572221,774.9222222222222,86.29700995555552
9336,2025-02-12 07:30:00,449.63,22.85349733538888,4.694444254772234,34.15779088383334,791.2166666666667,75.95389082161114
9337,2025-02-12 08:00:00,980.67,22.93294165961111,5.396111204522219,34.47925815611112,782.4333333333333,117.04567042383339
9338,2025-02-12 08:30:00,400.0,22.547718630944452,6.096111017166669,35.373891661166674,651.2388888888889,106.3373658072222
9339,2025-02-12 09:00:00,485.33,21.852553060555557,6.597222127222225,35.635781775333314,598.2055555555555,82.93489451961112
9340,2025-02-12 09:30:00,407.6,21.405663956944466,6.99777777725,35.762590556333336,560.7333333333333,67.56589503822228
9341,2025-02-12 10:00:00,357.27,21.02545633821229,7.397765457597762,36.0443096696648,523.1787709497206,57.1119951856425
9342,2025-02-12 10:30:00,379.53,20.797831641611115,7.598888794944448,36.26512489294445,511.1111111111111,50.346587180833325
9343,2025-02-12 11:00:00,678.63,20.995330778944457,7.798889078299986,37.28775193961111,590.4388888888889,43.51186688722224
9344,2025-02-12 11:30:00,1436.8,21.691164472111115,7.899444539977774,36.88168146355557,663.0222222222222,69.50527551472217
9345,2025-02-12 12:00:00,1035.57,22.275220224555547,7.800555746022209,35.46630997116667,616.9944444444444,108.00583648655551
9346,2025-02-12 12:30:00,452.47,22.639219930166664,7.99888888995,35.075012483,669.7111111111111,100.2743531088889
9347,2025-02-12 13:00:00,344.43,22.912441551166673,8.198888698950014,34.92896400022224,748.7833333333333,83.03871188688892
9348,2025-02-12 13:30:00,423.13,23.00383103750001,8.100555933377755,35.26469728666665,888.3611111111111,71.95468321933332
9349,2025-02-12 14:00:00,388.37,23.22160818316668,8.000555557672222,35.51973436133334,1041.2055555555555,62.98558815855555
9350,2025-02-12 14:30:00,387.27,23.131108305166652,7.801111301049986,35.87365262755556,1132.3111111111111,55.90405970661114
9351,2025-02-12 15:00:00,536.6,23.234441577333346,7.699999809000014,35.88845280516666,1186.1666666666667,50.29038376261116
9352,2025-02-12 15:30:00,403.43,23.467196369666677,7.202777586777792,36.13142166133337,1203.161111111111,80.27749216394447
9353,2025-02-12 16:00:00,1096.9,23.619653425139678,6.800000190999986,35.59551579944134,1012.7597765363129,140.93577686480447
9354,2025-02-12 16:30:00,430.23,23.542552916888898,6.302777968777764,36.15190929833332,1058.0166666666667,104.76782171294441
9355,2025-02-12 17:00:00,691.13,23.498997487166676,5.802777968777765,36.411936992722225,1025.7777777777778,134.58912040133333
9356,2025-02-12 17:30:00,475.63,23.568497414277793,5.6011110177000045,36.89980197505557,1016.7833333333333,133.11469353499996
9357,2025-02-12 18:00:00,721.77,23.631331051722217,5.401111205055552,37.21081212372222,1045.5111111111112,112.98838886722216
9358,2025-02-12 18:30:00,365.17,23.58916386433333,5.300555746022209,37.022292306777764,1059.611111111111,98.01206037611111
9359,2025-02-12 19:00:00,468.87,23.593108368555548,5.300000190999987,36.94997819249999,1039.7,129.67452981866668
9360,2025-02-12 19:30:00,332.33,23.61677569305557,5.300000190999987,36.85358323022224,978.3111111111111,143.05320934500003
9361,2025-02-12 20:00:00,393.13,23.67427562105555,5.300000190999987,36.654900593055565,1008.1277777777777,124.02714318055558
9362,2025-02-12 20:30:00,308.57,23.6923863731111,5.399444539977774,36.5005057862778,1017.4833333333333,110.7030305227778
9363,2025-02-12 21:00:00,358.03,23.65851469435755,5.400000094999997,36.445326118100546,1033.173184357542,98.20009144195531
9364,2025-02-12 21:30:00,400.0,23.605109649222246,5.400000094999997,36.42946361944445,1044.338888888889,89.46517804466669
9365,2025-02-12 22:00:00,366.03,23.714330875166677,5.400000094999997,36.19123255433331,1055.7888888888888,81.29820484572222
9366,2025-02-12 22:30:00,405.33,23.46205332033334,5.499444444972222,36.165936024833336,933.9777777777778,152.43111436944446
9367,2025-02-12 23:00:00,254.67,22.78160874083334,5.5,36.776759359611084,877.3944444444444,143.36875957777778
9368,2025-02-12 23:30:00,345.37,22.350553067611106,5.599999905000003,37.208111932666654,879.9944444444444,128.31859028944447
9369,2025-02-13 00:00:00,312.27,21.85644239866666,5.798889078299988,37.60054931666666,871.2388888888889,114.60776422277773
9370,2025-02-13 00:30:00,338.73,21.653775013944454,5.800000190999987,37.879524760777755,884.6166666666667,103.16029035738882
9371,2025-02-13 01:00:00,362.6,21.326774777666675,5.800000190999987,38.17481369416668,875.1,93.59429088161116
9372,2025-02-13 01:30:00,321.5,21.069275623222232,5.800000190999987,38.391280492222215,868.4777777777778,85.53606986988886
9373,2025-02-13 02:00:00,380.0,20.93916357899999,5.800000190999987,38.39883844616668,853.3833333333333,79.24068650138886
9374,2025-02-13 02:30:00,365.67,20.684635268611107,5.800000190999987,38.59173136788888,842.3388888888888,72.82908719394443
9375,2025-02-13 03:00:00,382.17,20.609554078435742,5.800000190999987,38.60915249005586,829.3072625698323,67.65874148743015
9376,2025-02-13 03:30:00,352.32,20.52160891427779,5.800000190999987,39.027152040277784,837.2277777777778,61.93855179683332
9377,2025-02-13 04:00:00,402.97,21.315553156833342,6.694999811122236,37.921353192000005,855.5722222222222,56.264295090388885
9378,2025-02-13 04:30:00,401.76,22.069663948777794,6.699999809000014,37.03236677361112,861.2888888888889,56.51826983583336
9379,2025-02-13 05:00:00,459.63,22.347497272722226,6.699999809000014,36.85729753705556,767.9,126.58325954305555
9380,2025-02-13 05:30:00,515.57,22.73238643027778,6.699999809000014,36.3347717707778,775.9611111111111,107.36890707999997
9381,2025-02-13 06:00:00,341.0,22.8163863503889,6.699999809000014,36.17915204344448,744.2833333333333,127.63283835166659
9382,2025-02-13 06:30:00,509.6,23.074830479444447,7.0,35.85117240488889,756.8277777777778,107.16025204061106
9383,2025-02-13 07:00:00,438.77,22.975274563388904,7.199999809000014,36.10510084383332,771.0611111111111,91.75388353127778
9384,2025-02-13 07:30:00,343.03,23.032996792555554,7.599999905000003,36.05815942516667,781.8,80.9851279786111
9385,2025-02-13 08:00:00,528.0,23.137263421284928,7.800000190999986,36.05392500798882,760.6480446927375,123.77967881452517
9386,2025-02-13 08:30:00,411.3,22.46116405077778,8.098333713277755,36.73312513538889,707.4166666666666,123.74666264277779
9387,2025-02-13 09:00:00,337.0,21.954997285444446,8.398332956566689,36.99329109222223,666.3222222222222,102.29523769249992
9388,2025-02-13 09:30:00,277.87,21.519663874611116,8.598889265655533,37.29875293322223,626.1944444444445,85.40361675688888
9389,2025-02-13 10:00:00,349.53,21.30066461555558,8.798889080944429,37.66419427633335,592.5722222222222,71.75409126294446
9390,2025-02-13 10:30:00,805.97,21.02444146466669,9.098333713277755,38.26709870233336,562.7666666666667,62.68786108238892
9391,2025-02-13 11:00:00,1086.17,20.93644172844442,9.398332956566689,39.28073113783333,565.8111111111111,48.533673476999994
9392,2025-02-13 11:30:00,1159.97,20.900885995555598,9.600000380999978,39.76298650072219,623.5111111111111,43.305198478555546
9393,2025-02-13 12:00:00,1601.73,21.118941911388895,9.600000380999978,40.16544047466667,724.1611111111112,72.01668809266664
9394,2025-02-13 12:30:00,1616.57,22.018108887500002,9.600000380999978,38.921941651277784,817.0722222222222,88.22071399527778
9395,2025-02-13 13:00:00,1039.47,22.62383100772223,9.600000380999978,37.7649696983889,796.8277777777778,122.75962753277769
9396,2025-02-13 13:30:00,1067.53,23.019491792458137,9.699441152977668,37.20286517391065,787.3296089385475,135.97128807262553
9397,2025-02-13 14:00:00,1044.33,23.106079302944448,9.699999809000015,37.126688978833336,778.8555555555556,109.15965020788897
9398,2025-02-13 14:30:00,1041.43,23.178331227944454,9.600555933377754,36.865535693388885,736.3944444444444,95.67130199005553
9399,2025-02-13 15:00:00,1062.43,23.165775088333334,9.401110734344467,37.006619008277774,704.8555555555556,85.37033793061114
9400,2025-02-13 15:30:00,1062.07,23.218830564555564,9.002222220105555,37.38275097744443,719.7,156.32413593055554
9401,2025-02-13 16:00:00,1100.42,23.307385731166693,8.303889078827762,37.60303084066667,810.8388888888888,122.05559289833329
9402,2025-02-13 16:30:00,1067.0,23.164108753222223,7.9022223177555535,37.71190925205554,807.5,100.79108064688889
9403,2025-02-13 17:00:00,1074.07,22.67733047233332,7.601666572722225,38.07647622455557,781.1333333333333,106.4641492623888
9404,2025-02-13 17:30:00,1297.7,22.89016418433334,7.500555555027778,37.77348160194446,780.2444444444444,146.4034695966666
9405,2025-02-13 18:00:00,1906.2,23.24494176416665,7.002777777777778,39.722026379833345,782.5944444444444,164.72246916111106
9406,2025-02-13 18:30:00,1214.97,23.464774673000036,7.199999809000014,42.245898819166655,788.6222222222223,123.61120274500004
9407,2025-02-13 19:00:00,1672.2,23.435343055083806,7.300000190999986,39.74976896592179,753.1843575418994,144.57097263396642
9408,2025-02-13 19:30:00,1546.37,23.64055416311112,7.399444539977774,38.80101407349999,765.1388888888889,138.22561166611112
9409,2025-02-13 20:00:00,1072.97,23.675164031999994,7.400000094999997,38.486678081111094,784.0611111111111,117.07356495611113
9410,2025-02-13 20:30:00,1039.43,23.759775501555563,7.598888794944448,38.13185429033331,790.9277777777778,102.60915616099997
9411,2025-02-13 21:00:00,1065.57,23.770274734666682,7.699444253977791,37.91770795199998,778.8222222222222,131.67501339350008
9412,2025-02-13 21:30:00,1045.23,23.21410814966667,7.799444633322207,38.35613373644447,732.9888888888889,154.11428671500008
9413,2025-02-13 22:00:00,1035.1,22.7856079953889,7.700555366677792,38.693409877055544,739.1555555555556,137.58734215722222
9414,2025-02-13 22:30:00,1043.5,22.39744206472221,7.599999905000003,39.10519256594444,739.2777777777778,124.38204955777779
9415,2025-02-13 23:00:00,1005.7,22.117719512944454,7.599999905000003,39.37177861505557,736.8222222222222,112.96601672777781
9416,2025-02-13 23:30:00,1029.27,21.92205253250001,7.5,39.59764238994445,736.2277777777778,103.22921333472216
9417,2025-02-14 00:00:00,1005.43,21.702385945055575,7.301111301049986,39.84895123405555,738.7555555555556,95.00381168794443
9418,2025-02-14 00:30:00,1014.42,21.602124518324043,7.300000190999986,39.86902141061453,739.4245810055866,86.88494361586585
9419,2025-02-14 01:00:00,1038.76,21.3803492865,7.300000190999986,40.11760054705556,739.2722222222222,79.83556577933335
9420,2025-02-14 01:30:00,1002.5,21.26827577000002,7.399444539977774,40.139597214277806,743.45,73.38009575755555
9421,2025-02-14 02:00:00,1040.83,21.172941865222274,7.400000094999997,40.209920735333334,746.3888888888889,68.32631558322221
9422,2025-02-14 02:30:00,1116.63,21.03205344916668,7.400000094999997,40.715073988555574,758.4388888888889,99.96040215333333
9423,2025-02-14 03:00:00,1051.27,21.567497582055566,7.400000094999997,40.035823673722206,748.4833333333333,126.98076705944449
9424,2025-02-14 03:30:00,1050.83,22.174609703666675,7.499444444972222,39.15062556794444,769.1,106.86997850211105
9425,2025-02-14 04:00:00,1024.84,22.6104416953889,7.6988886989500145,38.499607637166676,783.5222222222222,104.18925819238888
9426,2025-02-14 04:30:00,1055.3,23.010219595000017,7.6005554600222265,37.8406721746111,745.1111111111111,122.72725541944442
9427,2025-02-14 05:00:00,1008.21,23.036385579333327,7.599999905000003,37.921998702277776,753.2055555555555,103.79365743038886
9428,2025-02-14 05:30:00,1030.33,23.019164573111123,7.5,37.99521484366669,766.8833333333333,90.82342160561107
9429,2025-02-14 06:00:00,1021.77,23.153720120502815,7.0,37.827257848826804,773.413407821229,80.08010421016756
9430,2025-02-14 06:30:00,1022.63,23.128720209888893,7.397777872249997,37.94299377900002,784.7611111111111,70.21967964150004
9431,2025-02-14 07:00:00,1361.03,23.403219922444446,7.897222317222219,38.34213286522223,814.8222222222222,62.25802639855555
9432,2025-02-14 07:30:00,1034.53,23.260330613833325,8.397221843866689,38.472741127055535,727.8388888888888,96.10963566994445
9433,2025-02-14 08:00:00,1030.07,22.72577547544446,8.797777965599986,37.96093457555555,596.25,62.45676776022221
9434,2025-02-14 08:30:00,992.53,21.768107901666667,8.899444066622245,35.95665598977778,449.1333333333333,13.824531115311109
9435,2025-02-14 09:00:00,1006.7,20.943497605333345,8.800555743377762,34.57631802055554,404.9111111111111,2.5112943036666673
9436,2025-02-14 09:30:00,993.0,20.18960800205556,9.098333713277755,33.656628566055566,403.4611111111111,0.907217768488888
9437,2025-02-14 10:00:00,984.73,19.611219819166674,8.899999619000022,33.429114045166656,407.6388888888889,1.617990694144444
9438,2025-02-14 10:30:00,1000.6,18.992053413611128,9.198333141277793,33.45476116583333,410.74444444444447,1.278653016722222
9439,2025-02-14 11:00:00,1370.3,19.01238620583333,9.498333332272223,35.03209877027778,476.3,1.370219962138889
9440,2025-02-14 11:30:00,1137.47,20.586869681955317,9.5,35.187199811061454,589.1005586592179,1.259105519854749
9441,2025-02-14 12:00:00,1090.67,21.496588506555575,9.400555176672244,34.559945720833305,640.4722222222222,1.11800752515
9442,2025-02-14 12:30:00,1046.77,21.718442249500008,9.598889265655533,33.72614873272225,632.2777777777778,96.76869466182221
9443,2025-02-14 13:00:00,1036.5,22.200441085388892,9.600000380999978,33.41690813672221,638.0333333333333,105.02202712138894
9444,2025-02-14 13:30:00,1031.0,22.456664107055563,9.600000380999978,33.588333341999984,655.0055555555556,85.63706317494444
9445,2025-02-14 14:00:00,1038.17,22.54810908655555,9.600000380999978,33.83369475494446,680.5666666666667,72.29700262277781
9446,2025-02-14 14:30:00,1006.57,22.64155263911113,9.600000380999978,33.98961135044445,695.8166666666667,61.913381301333374
9447,2025-02-14 15:00:00,1047.27,22.92560802083334,9.401110734344467,33.87820282005554,720.6111111111111,53.30884323144445
9448,2025-02-14 15:30:00,1029.9,22.905330287777783,9.300000190999985,34.42242677455555,773.4222222222222,45.90411964011111
9449,2025-02-14 16:00:00,1077.87,22.823663499611122,9.100000380999978,34.53601260727778,784.7777777777778,58.62639227955555
9450,2025-02-14 16:30:00,1092.63,22.979164113833345,9.0,34.261598481222215,769.3055555555555,81.71271578500001
9451,2025-02-14 17:00:00,1064.23,23.012228044916217,8.900558280346392,34.48647103759775,759.8826815642458,75.6438080775978
9452,2025-02-14 17:30:00,1075.8,22.937274986499997,8.701110919055571,34.09921775383332,706.2611111111111,112.15142313700001
9453,2025-02-14 18:00:00,1309.63,23.054942216388913,8.600555933377755,35.16623170633335,765.9722222222222,84.66635606583331
9454,2025-02-14 18:30:00,1077.43,23.138941648833317,8.401110734344467,36.06878556155555,821.3388888888888,91.3273619763889
9455,2025-02-14 19:00:00,1061.83,23.07421942777776,8.399999619000022,34.431977081388865,743.8,121.9567512077778
9456,2025-02-14 19:30:00,1041.63,23.053830348166684,8.20111091905557,33.921230358277775,743.4555555555555,126.95192383277772
9457,2025-02-14 20:00:00,1062.33,23.266330804055546,8.100555933377755,34.2934932493889,792.3833333333333,101.43850258938893
9458,2025-02-14 20:30:00,1042.9,23.241608609666685,8.100000380999978,34.62934373172225,822.8722222222223,84.46720542905557
9459,2025-02-14 21:00:00,1067.03,23.30788734216668,8.000555557672222,34.69749649905557,837.1722222222222,71.46070308705555
9460,2025-02-14 21:30:00,1070.83,23.2860533605,7.801111301049986,34.80271850177778,856.6722222222222,62.765169885111106
9461,2025-02-14 22:00:00,1019.63,23.201386971166684,7.402222317755553,33.725536706666674,802.0444444444445,95.44282351822223
9462,2025-02-14 22:30:00,1044.87,22.465595895363126,7.30055884968155,33.74658578173184,737.0558659217877,113.0600215582682
9463,2025-02-14 23:00:00,1020.63,21.857272020777792,7.300000190999986,34.86111655744445,762.2611111111111,97.84269960138887
9464,2025-02-14 23:30:00,1042.6,21.4722754695,7.099999905000003,35.49575157155558,772.3722222222223,86.96978916622223
9465,2025-02-15 00:00:00,1012.93,21.067552323444485,6.801666856077764,35.99770798138887,770.3166666666667,76.89984325838893
9466,2025-02-15 00:30:00,1008.93,20.840496762722232,6.601111017700003,36.31139746749998,771.9722222222222,69.61397584316667
9467,2025-02-15 01:00:00,1035.87,20.535385639999994,6.400000094999997,36.75681646144446,774.1555555555556,62.32971655527777
9468,2025-02-15 01:30:00,991.77,20.346107568055555,6.199999809000013,36.91131969027778,771.2055555555555,55.65600378227779
9469,2025-02-15 02:00:00,1034.7,20.13938540355555,6.099999905000003,37.12583774972223,763.1833333333333,50.587519984611085
9470,2025-02-15 02:30:00,1001.07,19.973386245166672,6.099999905000003,37.066817326111114,756.2055555555555,45.09496457811113
9471,2025-02-15 03:00:00,1134.9,20.06444231661111,6.199999809000013,36.62157546161109,767.55,76.67390134549997
9472,2025-02-15 03:30:00,1021.0,21.12638594333334,6.400000094999997,35.2555902267778,750.5111111111111,79.54897744922222
9473,2025-02-15 04:00:00,1041.73,21.80098921513967,6.400000094999997,34.687888779329604,762.0,66.86747221709498
9474,2025-02-15 04:30:00,1035.33,22.325331603166667,6.400000094999997,34.065986972388885,760.95,57.58699048372223
9475,2025-02-15 05:00:00,1025.6,22.44360830588893,6.300000190999986,33.99860774116668,769.2055555555555,50.19384625761111
9476,2025-02-15 05:30:00,1035.47,22.61599728211113,6.199999809000013,33.76857104855555,772.0388888888889,44.30157417744445
9477,2025-02-15 06:00:00,1005.5,22.654219214444474,5.800000190999987,33.7694124646111,774.2,38.77298725955558
9478,2025-02-15 06:30:00,1585.87,22.49549770366666,6.300000190999986,33.34637169305554,779.6833333333333,52.53836787611112
9479,2025-02-15 07:00:00,1556.93,22.52333079483334,6.800000190999986,32.144591713,724.5277777777778,84.8367180296667
9480,2025-02-15 07:30:00,1031.67,22.758109103055567,7.900000094999998,32.716768095333336,767.7444444444444,68.61179169561105
9481,2025-02-15 08:00:00,1004.93,21.90366487494445,9.100000380999978,33.16519239199998,742.3444444444444,54.12153038472225
9482,2025-02-15 08:30:00,998.5,21.257386069944438,9.699999809000015,32.3317148001111,640.8388888888888,39.96040581616666
9483,2025-02-15 09:00:00,1054.8,21.01766399811111,10.0,30.436044354111107,618.5666666666667,107.98813934455555
9484,2025-02-15 09:30:00,1005.93,22.12507043391061,10.5,31.158318290391055,747.5083798882681,72.21520090351953
9485,2025-02-15 10:00:00,1035.0,22.54063975088889,10.897777399888902,31.302198230000027,815.8333333333334,58.54831754888887
9486,2025-02-15 10:30:00,1119.67,22.73183125394445,11.297777964611104,30.451818678055556,791.7777777777778,105.43751369188885
9487,2025-02-15 11:00:00,1129.83,22.813219197833334,11.598333712277764,31.104049121111107,797.3888888888889,115.18131218
9488,2025-02-15 11:30:00,1048.77,22.76144140055555,11.699999810000007,30.00725450527777,749.85,133.54732263199995
9489,2025-02-15 12:00:00,1021.47,23.029609140111116,11.300000189999993,30.579441239999994,741.2833333333333,104.79466218027775
9490,2025-02-15 12:30:00,1088.0,22.26999731100002,11.399999620000012,30.550348811833334,712.5055555555556,113.72572449538883
9491,2025-02-15 13:00:00,1018.6,21.894941700944457,11.600000379999988,31.312714471,775.6833333333333,98.48529328238892
9492,2025-02-15 13:30:00,997.77,21.67605243288889,11.600000379999988,31.706623320888898,711.0833333333334,84.34879837016666
9493,2025-02-15 14:00:00,1024.4,21.446830654611084,11.600000379999988,31.936809825888904,662.5777777777778,73.11342493688892
9494,2025-02-15 14:30:00,1003.47,21.33010800727779,11.5,31.987163003333322,625.85,64.0545922386111
9495,2025-02-15 15:00:00,1041.39,21.204420964581022,11.399999620000013,31.526887062346347,600.1229050279329,71.62095659033515
9496,2025-02-15 15:30:00,1030.21,21.780164739833328,11.101667042444431,30.23401601588891,615.1888888888889,83.99689267477774
9497,2025-02-15 16:00:00,1048.4,22.336718834833345,10.800000189999993,30.40867145355555,632.6888888888889,66.40951724605553
9498,2025-02-15 16:30:00,1078.1,22.924664349555574,10.600000379999987,29.848727130833346,609.5611111111111,54.83946459044448
9499,2025-02-15 17:00:00,1045.87,23.0106077087222,10.399999620000013,29.103406894944428,586.45,118.4284120337222
9500,2025-02-15 17:30:00,1079.43,23.109664481777767,10.199999810000007,29.702781359055567,623.6333333333333,99.51080216161107
9501,2025-02-15 18:00:00,1295.77,23.21505295483335,9.699999809000015,30.751209704166648,691.5111111111111,81.97088152555557
9502,2025-02-15 18:30:00,1063.03,23.362164031611105,9.600000380999978,30.179996490555556,735.8,97.9029882621667
9503,2025-02-15 19:00:00,1070.9,23.24499686583333,9.399999619000022,28.593516996055556,671.9722222222222,118.72573110444452
9504,2025-02-15 19:30:00,1018.8,23.241387028666672,9.199999809000015,29.446156893666693,694.4555555555555,95.6760047075555
9505,2025-02-15 20:00:00,1055.07,23.21183182411113,9.100000380999978,29.681221580777773,708.85,81.91466534927775
9506,2025-02-15 20:30:00,1051.17,23.140442012178784,8.899999619000022,29.313809389720685,706.5698324022346,96.69736548882679
9507,2025-02-15 21:00:00,1015.83,22.36579513583334,8.601667043433311,28.946961752500005,642.5611111111111,115.40140198333332
9508,2025-02-15 21:30:00,1041.83,21.64844254416668,8.300000190999985,30.09784294799999,671.45,96.62705332455555
9509,2025-02-15 22:00:00,1007.03,21.07844190611112,8.100000380999978,30.81967258477778,689.9722222222222,85.01178567688885
9510,2025-02-15 22:30:00,1047.53,20.673886077000006,7.800000190999986,31.433535681777737,699.1833333333333,75.36392979083337
9511,2025-02-15 23:00:00,1022.3,20.268941709833342,7.400000094999997,31.814975748944452,703.3444444444444,67.72668950794446
9512,2025-02-15 23:30:00,1021.6,20.060163498166677,7.5,32.18764476761109,707.2111111111111,59.9467425453889
9513,2025-02-16 00:00:00,1014.17,19.733719646333334,7.599999905000003,32.37275897099998,706.1555555555556,54.28291606922222
9514,2025-02-16 00:30:00,1013.2,19.590386560500015,7.599999905000003,32.51972815194443,705.7444444444444,49.129451878777765
9515,2025-02-16 01:00:00,1037.4,19.322886287555548,7.599999905000003,32.66986096711113,700.3222222222222,44.611101107999986
9516,2025-02-16 01:30:00,1003.7,19.193997065500017,7.5,32.80320260838888,699.75,40.50800281111112
9517,2025-02-16 02:00:00,1278.9,19.024649124972065,7.300000190999986,32.62350570441344,727.754189944134,61.50932550871511
9518,2025-02-16 02:30:00,1994.1,19.696275604944447,7.300000190999986,31.191306961777773,699.5722222222222,90.96507979472223
9519,2025-02-16 03:00:00,1059.6,20.197442182444455,7.300000190999986,31.394454415500004,720.2888888888889,74.49856554655558
9520,2025-02-16 03:30:00,1035.71,21.15888683583335,7.199999809000014,30.498001532777785,740.9555555555555,62.65839828944445
9521,2025-02-16 04:00:00,1059.28,21.06288624927779,7.800000190999986,29.8476493306111,717.9666666666667,120.1285252931666
9522,2025-02-16 04:30:00,1028.57,21.55777468177778,7.900000094999998,29.556279150999995,718.95,106.08561820616666
9523,2025-02-16 05:00:00,1037.73,21.77388535605557,8.0,29.571949450277785,731.8888888888889,89.22056295594444
9524,2025-02-16 05:30:00,1022.8,21.957385762388885,8.100000380999978,29.49359116011111,746.0388888888889,75.87564277649997
9525,2025-02-16 06:00:00,1013.53,22.078107621666664,8.0,29.490630563277787,752.0666666666667,65.96311232255555
9526,2025-02-16 06:30:00,1036.17,22.245830981611114,8.199999809000014,29.380445003444446,755.8,57.41580566827779
9527,2025-02-16 07:00:00,1338.77,22.342386373222226,8.399999619000022,29.46101121877777,787.9111111111112,52.95702703238889
9528,2025-02-16 07:30:00,1496.23,22.000677482122917,8.800000190999985,29.100471453743,740.8882681564246,101.13868858284914
9529,2025-02-16 08:00:00,1040.93,22.423952759722226,9.098333713277755,30.217952918888887,770.3888888888889,89.02982423666661
9530,2025-02-16 08:30:00,1051.47,22.546609105388896,9.600000380999978,29.69962044816667,779.3277777777778,72.9098875682222
9531,2025-02-16 09:00:00,1018.27,21.900830512833334,9.899999619000024,26.974446307777782,667.6611111111112,37.99035377455557
9532,2025-02-16 09:30:00,1051.9,20.945497735666677,10.199999810000007,26.574585713055544,570.8555555555556,19.258081616333317
9533,2025-02-16 10:00:00,1046.53,20.680331018555567,10.399999620000013,27.824577766166673,609.2944444444445,16.660005670333337
9534,2025-02-16 10:30:00,1278.0,20.41899755272223,10.399999620000013,28.300204456666663,630.2222222222222,68.64642825655558
9535,2025-02-16 11:00:00,1129.2,20.03866462666664,10.300000189999993,29.97863961349999,678.9222222222222,51.44207884494443
9536,2025-02-16 11:30:00,1032.47,19.90666398988889,10.199999810000007,30.676435417944454,708.8833333333333,59.49820348950001
9537,2025-02-16 12:00:00,1062.17,20.60888665527778,10.199999810000007,29.261567762222214,714.0888888888888,82.53203514988896
9538,2025-02-16 12:30:00,1008.63,21.33238665250001,10.399999620000013,28.31959878033334,695.5944444444444,112.38206723383328
9539,2025-02-16 13:00:00,1034.27,22.00289976681566,10.600000379999987,28.261589326983252,699.245810055866,89.87135110351957
9540,2025-02-16 13:30:00,1006.33,22.377552308277792,10.600000379999987,28.32557899705557,707.6277777777777,76.12794740455554
9541,2025-02-16 14:00:00,1062.83,22.41916390527778,10.500555557666667,28.86483580261109,743.6444444444444,65.18139211855558
9542,2025-02-16 14:30:00,1031.7,22.725385973277785,10.40055517766668,26.800584231833334,715.0944444444444,120.13142055927783
9543,2025-02-16 15:00:00,1042.29,23.29538612350001,10.300555742388882,27.500403266333347,752.2055555555555,94.71061007144444
9544,2025-02-16 15:30:00,1059.9,23.418886842166675,10.200555367666674,27.364291212388896,768.0833333333334,100.01439891499997
9545,2025-02-16 16:00:00,1057.77,23.604775365444468,9.899999619000024,27.658197243777764,812.6,92.89799308788889
9546,2025-02-16 16:30:00,1079.0,23.57316490772219,9.800000190999985,28.74455744416667,922.3333333333334,80.1056907231111
9547,2025-02-16 17:00:00,1047.03,23.528663889611106,9.600000380999978,27.297138309500006,851.7666666666667,97.17818987005556
9548,2025-02-16 17:30:00,1148.29,23.818053754555528,9.5,27.437407631388876,859.9111111111112,95.0822547051111
9549,2025-02-16 18:00:00,1211.69,23.901163726555538,9.199999809000015,28.620425012333335,924.2722222222222,78.03703032605554
9550,2025-02-16 18:30:00,1042.97,23.717113686368712,9.100000380999978,27.15247045564245,832.9832402234637,121.05797640810059
9551,2025-02-16 19:00:00,1062.23,23.729546643388893,9.100000380999978,27.738499546277776,854.7277777777778,95.42304479872224
9552,2025-02-16 19:30:00,1038.43,23.872775237055546,9.100000380999978,27.256783665388863,837.5222222222222,108.12653919105558
9553,2025-02-16 20:00:00,1067.1,23.721775891888896,9.0,27.270823065722222,791.6722222222222,103.71847483655557
9554,2025-02-16 20:30:00,1050.2,23.336497730722243,9.0,27.97778194194445,802.7444444444444,89.16991492400001
9555,2025-02-16 21:00:00,1048.2,23.625719536777783,9.0,27.7442461011111,801.7388888888889,77.19629889577776
9556,2025-02-16 21:30:00,1054.83,23.613441795277783,8.899999619000022,27.45877901694443,779.3777777777777,93.05315538911107
9557,2025-02-16 22:00:00,995.8,22.663607926333334,8.899999619000022,27.73650373883334,714.6555555555556,112.49708145999999
9558,2025-02-16 22:30:00,1033.83,21.77133028272223,8.899999619000022,28.706970871944456,722.4944444444444,98.29193844200002
9559,2025-02-16 23:00:00,1015.27,21.110609203631295,8.800000190999985,29.360552452290516,725.1396648044692,86.30646289039107
9560,2025-02-16 23:30:00,1022.33,20.725164127055567,8.700555366677794,29.873800500222234,736.4166666666666,77.42101313272224
9561,2025-02-17 00:00:00,1010.93,20.269207170888862,8.600555933377755,30.247817866111127,731.9888888888889,68.35925318372223
9562,2025-02-17 00:30:00,1007.5,19.991886224166667,8.600000380999978,30.476904731000005,731.15,60.26188502838891
9563,2025-02-17 01:00:00,1040.6,19.641164493055552,8.399999619000022,30.793703025999967,719.05,53.902267773944466
9564,2025-02-17 01:30:00,1076.6,19.455998749611112,8.399999619000022,30.99666141927779,715.6166666666667,48.43392450522224
9565,2025-02-17 02:00:00,1067.0,19.542664845833336,8.399999619000022,30.44710539727778,724.3611111111111,116.6572227249445
9566,2025-02-17 02:30:00,1020.83,20.36560746311111,8.399999619000022,29.56978098550001,719.2166666666667,113.08572230455565
9567,2025-02-17 03:00:00,1055.07,20.655052238611123,8.399999619000022,29.551357057333327,730.9055555555556,95.26386532188887
9568,2025-02-17 03:30:00,1024.3,21.4037754698889,8.5,28.900964238888875,741.1166666666667,82.32800585427778
9569,2025-02-17 04:00:00,1031.37,21.62725671346371,8.600000380999978,27.85419806139664,708.3575418994413,115.36333162541897
9570,2025-02-17 04:30:00,1022.03,21.85216369644444,8.600000380999978,28.023703977833314,719.1444444444444,98.83837818438886
9571,2025-02-17 05:00:00,1009.17,22.04183075200004,8.600000380999978,28.06368719699999,732.2277777777778,84.58507215711113
9572,2025-02-17 05:30:00,1027.67,22.073152689888882,8.600000380999978,28.196083789555562,747.2777777777778,73.67188080655558
9573,2025-02-17 06:00:00,1015.57,21.96082742522223,8.600000380999978,28.4738322047778,759.8888888888889,63.809551747888875
9574,2025-02-17 06:30:00,1038.97,21.978275839277792,8.699999809000015,28.451385646722215,774.05,55.23443910833329
9575,2025-02-17 07:00:00,1011.07,22.21149713738889,8.899999619000022,28.20522737522222,780.2833333333333,47.532063102777784
9576,2025-02-17 07:30:00,1036.9,22.390164396722238,9.100000380999978,28.138519774500022,795.25,41.123575612999986
9577,2025-02-17 08:00:00,1054.9,22.39510861544445,9.300000190999985,28.98147512022222,819.7888888888889,64.40672543861112
9578,2025-02-17 08:30:00,284.27,21.992386097888886,9.5,26.640330854888898,697.8722222222223,121.45049429894439
9579,2025-02-17 09:00:00,700.43,22.29694157688889,9.600000380999978,26.20901024072222,660.3944444444444,80.96007883294449
9580,2025-02-17 09:30:00,158.47,21.483290635139674,9.800000190999985,27.429435058156425,648.5921787709498,65.13076861078211
9581,2025-02-17 10:00:00,124.97,20.583330186055548,9.899444066622246,28.11144621094444,613.5388888888889,55.23776279055555
9582,2025-02-17 10:30:00,229.27,20.16766391366667,9.899999619000024,28.427906841388907,593.2888888888889,47.43170089755557
9583,2025-02-17 11:00:00,503.83,19.946035661111136,9.899999619000024,29.988232125111118,661.9055555555556,41.255427721055575
9584,2025-02-17 11:30:00,855.27,19.780553372722245,9.899999619000024,30.413139873166664,691.3555555555556,35.41521807761111
9585,2025-02-17 12:00:00,995.03,19.74916381855557,9.899999619000024,30.123024877055553,719.9833333333333,84.09485386911112
9586,2025-02-17 12:30:00,222.6,20.56794226933333,9.899999619000024,28.789546818222213,706.4777777777778,124.61680272744444
9587,2025-02-17 13:00:00,271.53,21.45347254251396,9.899999619000024,27.293225996703907,672.5530726256983,126.18091625642467
9588,2025-02-17 13:30:00,302.6,22.21544140733333,9.899999619000024,26.952580112944425,676.8222222222222,97.87036065355551
9589,2025-02-17 14:00:00,303.4,22.77410800688888,9.899999619000024,26.57579415627778,678.6,81.58333231622218
9590,2025-02-17 14:30:00,380.17,23.066053358611107,9.800555743377762,26.47449097122223,697.8388888888888,67.91390003633333
9591,2025-02-17 15:00:00,317.0,23.4320527712778,9.601111491055534,26.734454504555554,798.0444444444445,55.948103184277755
9592,2025-02-17 15:30:00,334.57,23.6032197527778,9.202222034400014,26.526075140611113,842.7611111111111,67.79588241611111
9593,2025-02-17 16:00:00,307.57,23.613608286500003,9.100555933377755,25.640195666444445,764.9222222222222,105.37521591044437
9594,2025-02-17 16:30:00,470.23,23.648471695222234,8.801666858722207,25.570719274277785,749.2444444444444,120.08729582950006
9595,2025-02-17 17:00:00,338.17,23.633187909166686,8.601111491055534,25.89706759977776,744.9722222222222,110.59088795705549
9596,2025-02-17 17:30:00,579.47,23.447886393555564,8.399999619000022,26.493553966722235,768.6833333333333,90.58214187694446
9597,2025-02-17 18:00:00,342.8,23.128831037333335,8.100000380999978,27.72180413161112,808.4,75.39136238133335
9598,2025-02-17 18:30:00,1469.73,22.9233464180447,8.100000380999978,26.567612301508362,770.7653631284916,108.27944404938549
9599,2025-02-17 19:00:00,353.2,22.84227486755557,8.000555557672222,27.032412380500006,772.8777777777777,87.29730364438885
9600,2025-02-17 19:30:00,364.2,22.9822752215,7.9005556500277745,27.00019403044444,788.0611111111111,76.55789553338894
9601,2025-02-17 20:00:00,374.87,22.88499679555555,7.800555746022209,26.414305527944432,751.5277777777778,128.21287714777782
9602,2025-02-17 20:30:00,366.3,22.96733140944447,7.700555366677792,26.622188324500005,754.6166666666667,105.49749951305552
9603,2025-02-17 21:00:00,503.07,23.002219369388868,7.6005554600222265,26.71571736872221,767.05,91.44812435572223
9604,2025-02-17 21:30:00,644.03,22.82121936994446,7.401111205055552,25.966766145166666,736.8666666666667,121.0017079255
9605,2025-02-17 22:00:00,508.13,22.855424892111127,7.300555746022209,25.921557617388906,727.1777777777778,116.84576962833331
9606,2025-02-17 22:30:00,511.62,22.130386363277786,7.199999809000014,26.822928492222214,724.6166666666667,102.26126526738886
9607,2025-02-17 23:00:00,436.17,21.312552939444455,7.099999905000003,27.552820406944466,735.4777777777778,90.96238886494444
9608,2025-02-17 23:30:00,1039.47,20.727497694388894,7.0,28.078385416333326,748.0055555555556,81.33280164950003
9609,2025-02-18 00:00:00,1007.87,20.22499752061112,7.099999905000003,28.46783611488886,747.3333333333334,72.46523573099995
9610,2025-02-18 00:30:00,1025.41,19.84738582016666,7.099999905000003,28.74429727150002,753.2944444444445,64.9914154265555
9611,2025-02-18 01:00:00,1030.17,19.4578158840782,7.0,29.061135339944133,756.0893854748604,57.83362702927376
9612,2025-02-18 01:30:00,1011.7,19.17871950994445,6.9005556500277745,29.289214165833357,760.5111111111111,52.43431373205558
9613,2025-02-18 02:00:00,1137.27,18.956830883055567,6.800555746022209,29.65461468155557,782.4888888888889,62.94872057244445
9614,2025-02-18 02:30:00,1033.27,19.675108252555557,6.800000190999986,28.202260197777772,730.8333333333334,113.65642471644443
9615,2025-02-18 03:00:00,804.43,20.23505335950001,6.800000190999986,28.044444783222218,743.3944444444444,90.88003035638886
9616,2025-02-18 03:30:00,250.57,20.698728477,6.800000190999986,27.729056623333307,764.6333333333333,77.2427556776666
9617,2025-02-18 04:00:00,496.0,21.109623082833355,6.700555366677792,27.350681071833318,768.7888888888889,66.34613094361117
9618,2025-02-18 04:30:00,997.07,21.376441002166683,6.599999905000003,27.099307303833328,768.3666666666667,57.97071690077777
9619,2025-02-18 05:00:00,1028.73,21.53260779911112,6.5,27.02119724522222,771.05,50.6201204085
9620,2025-02-18 05:30:00,997.1,21.271219868277782,6.5,27.43148013250001,776.7277777777778,45.10172282322222
9621,2025-02-18 06:00:00,1023.03,21.461608230222225,6.300000190999986,26.326802476,732.8555555555556,102.08881924711105
9622,2025-02-18 06:30:00,998.77,21.67349735988891,6.400000094999997,26.402912150277785,728.9666666666667,85.22944992938885
9623,2025-02-18 07:00:00,1014.37,21.712284610837994,6.400000094999997,26.583980411117317,744.3575418994413,73.09129819391057
9624,2025-02-18 07:30:00,1004.67,21.510942077944456,6.598888794944448,26.93485746411111,750.8833333333333,62.67804264533331
9625,2025-02-18 08:00:00,1058.07,21.784941429500005,6.798889078299986,27.26613011933331,819.9222222222222,54.0999775143333
9626,2025-02-18 08:30:00,1029.27,22.12027507355557,7.098333239922225,27.203013102388887,903.9111111111112,45.523273362000005
9627,2025-02-18 09:00:00,992.47,21.243831391277762,7.199444253977791,23.910627237999996,658.1888888888889,68.15915463777777
9628,2025-02-18 09:30:00,1014.9,19.774830373333327,7.699999809000014,22.00330420594444,477.14444444444445,31.77556107822221
9629,2025-02-18 10:00:00,978.77,18.879274718277767,7.800000190999986,22.904330063222233,459.02777777777777,22.40489690555556
9630,2025-02-18 10:30:00,1016.43,19.591496796222227,8.199999809000014,24.442691993944436,539.1777777777778,47.763396252166665
9631,2025-02-18 11:00:00,1161.7,20.45599698005556,8.5,25.216753483000012,595.7222222222222,91.38469793572222
9632,2025-02-18 11:30:00,1039.4,21.381441328333345,8.800000190999985,25.750529405888887,671.4666666666667,132.14440367100002
9633,2025-02-18 12:00:00,980.3,21.802330101944452,8.899999619000022,25.540976376111114,690.8777777777777,132.38383729611098
9634,2025-02-18 12:30:00,1018.03,20.83194244194445,9.199999809000015,26.566116184277764,652.6555555555556,103.85381249461116
9635,2025-02-18 13:00:00,991.9,20.23255226377778,9.399999619000022,27.01800856044445,621.6555555555556,90.48728972533333
9636,2025-02-18 13:30:00,1028.14,19.931440883999997,9.600000380999978,27.465003013777782,600.3722222222223,81.60903981527775
9637,2025-02-18 14:00:00,994.03,19.776941416222225,9.600000380999978,27.891682805000013,595.7666666666667,76.99656906055559
9638,2025-02-18 14:30:00,1731.2,19.683705825195535,9.600000380999978,27.154842003854746,622.1005586592179,225.69694228994405
9639,2025-02-18 15:00:00,1372.7,19.649883259888277,9.399999619000022,28.151401700558665,608.2067039106146,164.02432745586592
9640,2025-02-18 15:30:00,1006.93,19.632053226888893,9.002222220105555,28.29048166283335,582.0611111111111,138.87163730111104
9641,2025-02-18 16:00:00,1003.03,19.45883041061114,8.403332954450022,28.46790671900001,561.7611111111111,120.46381123833336
9642,2025-02-18 16:30:00,994.47,19.370996623888892,8.002222220105555,28.330703226833325,548.4055555555556,105.06061456188891
9643,2025-02-18 17:00:00,1005.7,19.20049793488891,7.701666476727792,28.61154175877778,540.6166666666667,93.92339163855554
9644,2025-02-18 17:30:00,1069.87,19.433219803611113,7.202777586777792,28.08015187577778,573.6722222222222,154.3133120634445
9645,2025-02-18 18:00:00,1148.33,20.82810887277778,7.100555460022226,26.585221735611114,584.1777777777778,149.23019930222222
9646,2025-02-18 18:30:00,1308.53,21.742330572833342,6.801666856077764,28.197492249611106,686.1388888888889,116.33962825944444
9647,2025-02-18 19:00:00,1403.63,22.217275545888892,6.601111017700003,27.898736773166657,740.7666666666667,103.48497526600002
9648,2025-02-18 19:30:00,1338.5,21.71216441283335,6.102777682777781,27.74732207150002,683.3722222222223,166.53760147277782
9649,2025-02-18 20:00:00,2144.17,22.119810701340793,5.702234446407834,25.86065918905029,651.3128491620112,143.08011490726253
9650,2025-02-18 20:30:00,1039.5,22.276719909277773,5.699999809000013,26.17327655127776,677.0111111111111,115.6755071838889
9651,2025-02-18 21:00:00,1059.47,22.4677194276111,5.79944463332221,26.084809695222216,695.1166666666667,97.45318472094444
9652,2025-02-18 21:30:00,1048.67,22.361164346944456,5.800000190999987,26.314780097833324,713.7444444444444,88.14134415561112
9653,2025-02-18 22:00:00,1009.1,21.742497645611117,5.99888888995,25.871405113722236,662.7111111111111,131.79729868555555
9654,2025-02-18 22:30:00,1032.77,20.750386047388886,5.9005556500277745,26.887453206555563,659.3388888888888,110.61754409572222
9655,2025-02-18 23:00:00,1009.53,20.073497358888904,5.800555746022209,27.50169659688888,668.0888888888888,95.74852714622226
9656,2025-02-18 23:30:00,1036.47,19.558885288666684,5.70055536667779,28.172413942666672,682.8888888888889,85.5061098315
9657,2025-02-19 00:00:00,968.53,19.17549732027778,5.103333237800004,28.617115381388896,692.0333333333333,75.71354391288894
9658,2025-02-19 00:30:00,1031.2,18.879720391277793,4.801666856077766,28.957237413333328,696.3055555555555,65.90067742655559
9659,2025-02-19 01:00:00,989.4,18.54055314588889,4.70055536667779,29.145658249388855,697.3666666666667,58.50585943872223
9660,2025-02-19 01:30:00,1026.0,18.31672207527781,4.50111111005,29.254268328388903,695.1055555555556,52.82784648477779
9661,2025-02-19 02:00:00,990.87,18.109197808044705,4.400000094999997,29.32306687117319,692.0279329608938,47.12396717614527
9662,2025-02-19 02:30:00,1029.57,17.892053996722208,4.201110921700011,29.42080372672223,679.1388888888889,42.45045712755556
9663,2025-02-19 03:00:00,1091.6,17.703553211166682,4.100555460022226,29.67932322822223,684.2055555555555,38.17668840627775
9664,2025-02-19 03:30:00,1055.17,18.31099763461112,3.80166661840556,28.52658013255555,695.7055555555555,86.59231435999997
9665,2025-02-19 04:00:00,1027.27,19.451330715111133,3.5016666664000002,27.928188037777776,683.8111111111111,70.66904241777779
9666,2025-02-19 04:30:00,1051.13,20.176885774777777,3.301111063377782,27.458331638111108,697.9444444444445,58.422569423666694
9667,2025-02-19 05:00:00,1020.6,20.54544266638889,3.200555603022217,27.212475395166678,708.6722222222222,50.33415864305554
9668,2025-02-19 05:30:00,1045.37,20.84244197255557,3.100555461350003,26.98213113138889,715.1166666666667,43.452809630333334
9669,2025-02-19 06:00:00,1011.2,20.723441188333343,3.000555555027778,27.20974307599999,714.7555555555556,38.176433796388885
9670,2025-02-19 06:30:00,1014.47,20.93744150861111,3.099444349972226,26.366623168611117,715.8555555555556,71.72476568027778
9671,2025-02-19 07:00:00,1021.77,21.361386257166664,3.199444491649995,25.855810176222228,693.4111111111112,88.59733055961108
9672,2025-02-19 07:30:00,1004.87,21.547553041277784,3.5,27.142469543722214,723.4666666666667,62.609478675444464
9673,2025-02-19 08:00:00,1013.7,20.207441753888894,3.7000000479999953,26.933394103611114,626.55,45.35925933016667
9674,2025-02-19 08:30:00,981.47,19.52983083722223,4.199999809000011,26.408936044444445,550.4444444444445,32.54272831777778
9675,2025-02-19 09:00:00,1021.17,18.94199749633333,4.699999809000012,25.938672542833338,498.3388888888889,24.629934660833342
9676,2025-02-19 09:30:00,985.23,18.592508242122904,5.199999809000013,25.527591545586585,463.7709497206704,19.476319350000004
9677,2025-02-19 10:00:00,1106.6,18.871607854611124,5.498333332272223,24.01700683166667,491.31666666666666,55.80608514133333
9678,2025-02-19 10:30:00,1363.27,19.74705339061111,5.897777872249997,26.008861721888902,596.7722222222222,55.072086991555594
9679,2025-02-19 11:00:00,1227.8,20.721220917333337,6.198333143922236,25.983154233222216,672.4611111111111,71.55759152455558
9680,2025-02-19 11:30:00,1892.27,21.065941715222227,6.398888982299997,24.013909456666656,648.7,112.83217892311117
9681,2025-02-19 12:00:00,1039.2,22.044608540277785,6.698333143922236,23.693481985666665,671.1388888888889,136.730911425
9682,2025-02-19 12:30:00,1017.4,22.746473948500007,6.799444633322208,24.294263913888877,722.7388888888889,105.92164484783328
9683,2025-02-19 13:00:00,1058.07,22.87020855893856,6.900000094999998,25.1813890255866,792.4245810055866,80.72700453620108
9684,2025-02-19 13:30:00,1026.8,22.999720680111118,6.900000094999998,25.580032274555556,873.6611111111112,63.99485145144444
9685,2025-02-19 14:00:00,1051.9,23.295052232055586,6.800555746022209,25.902838081888888,975.8,51.80974532227778
9686,2025-02-19 14:30:00,1034.87,23.343219174833337,6.601111017700003,26.423231103444433,1046.95,42.659631538555544
9687,2025-02-19 15:00:00,1029.07,23.060330941722217,6.301666856077764,26.749960231388876,1086.3,36.97098142822222
9688,2025-02-19 15:30:00,1051.8,23.065331268500003,5.802777968777765,26.69896030438889,1092.1055555555556,32.92066517949998
9689,2025-02-19 16:00:00,1036.07,22.79234567578038,5.104046149427749,27.1650413666474,1107.0982658959538,64.83597938398843
9690,2025-02-19 16:30:00,1091.74,23.120330259777802,4.602777682777781,24.251862133611095,876.1722222222222,92.07820989866666
9691,2025-02-19 17:00:00,1067.97,22.823424085388897,4.202222031755567,23.802236885333343,795.9888888888889,97.32869249855554
9692,2025-02-19 17:30:00,1055.8,23.04127523672223,3.802222173427783,23.47536807627777,774.0166666666667,97.61372723350006
9693,2025-02-19 18:00:00,1287.77,23.09721993422224,3.799999952000004,24.53122697433331,821.6277777777777,70.82276916533337
9694,2025-02-19 18:30:00,1024.0,22.88405181044447,3.4000000949999962,24.228935559611106,805.8166666666667,165.6822150957222
9695,2025-02-19 19:00:00,1059.03,22.949329831944457,3.101666572722226,24.280906433555554,803.0555555555555,150.48736852055558
9696,2025-02-19 19:30:00,1039.27,22.90666385272224,2.7000000479999953,23.762455304444423,791.7555555555556,176.3229042905556
9697,2025-02-19 20:00:00,1042.93,22.743554136833342,2.202777825777774,24.228984600111108,811.1833333333333,140.55593244888883
9698,2025-02-19 20:30:00,1097.93,22.923331239722227,2.099999905000003,23.768874804499987,811.3388888888888,143.84411549222222
9699,2025-02-19 21:00:00,1034.03,23.02166347550002,2.0,23.531497404055557,817.6555555555556,137.88606597166665
9700,2025-02-19 21:30:00,1060.87,23.136411825555566,2.0,23.606331295500013,842.9944444444444,114.56495276388883
9701,2025-02-19 22:00:00,1042.23,23.171168642122918,1.6000000239999972,23.525329994581014,834.927374301676,97.76937469905033
9702,2025-02-19 22:30:00,1028.27,22.6509423573889,1.6000000239999972,23.37459179566667,742.4611111111111,150.94731161505558
9703,2025-02-19 23:00:00,1030.73,21.58372014338888,1.500555555688888,23.799238353166672,691.6666666666666,121.5298734466666
9704,2025-02-19 23:30:00,1016.3,20.94388649216668,1.5,24.123296653000004,674.4833333333333,101.96025085338891
9705,2025-02-20 00:00:00,1027.5,20.37060811833336,1.201666714399999,24.532672489999985,662.4444444444445,86.21242395999995
9706,2025-02-20 00:30:00,1003.03,19.998441844888887,1.100555579688887,24.588113943055546,650.9888888888889,73.30810665533332
9707,2025-02-20 01:00:00,1039.53,19.603052902444436,1.100000023999998,24.78810565716665,634.4222222222222,62.48532339772222
9708,2025-02-20 01:30:00,1000.1,19.272886403666686,1.000555555688888,24.8020711795,615.7444444444444,53.76480941811113
9709,2025-02-20 02:00:00,1032.07,19.01966402344447,0.90055553168889,24.79358110427777,600.2722222222222,46.59317281533334
9710,2025-02-20 02:30:00,1024.68,18.781218984666683,0.8005555673555541,24.81704075077779,581.0666666666667,40.948821343777766
9711,2025-02-20 03:00:00,1123.13,18.82183067566667,0.601111135044443,24.930856005055567,622.9444444444445,89.23418627577777
9712,2025-02-20 03:30:00,1038.62,19.688163810611115,0.6000000239999991,24.230354796500002,632.5222222222222,95.64410035983335
9713,2025-02-20 04:00:00,1036.93,20.48621898283335,1.100000023999998,23.76005257466666,658.1055555555556,79.18961563111114
9714,2025-02-20 04:30:00,1036.17,21.006275123833333,1.100000023999998,23.3844678768889,665.0388888888889,74.26864382472219
9715,2025-02-20 05:00:00,1009.47,21.175386195888876,1.100000023999998,22.645213879388884,633.1333333333333,93.00665164600001
9716,2025-02-20 05:30:00,1022.3,21.00755310077777,1.100000023999998,23.108364063222226,638.4222222222222,74.37802124016662
9717,2025-02-20 06:00:00,1003.03,21.331331624055583,0.899999976000001,22.84781587377777,640.5888888888888,61.82744441544443
9718,2025-02-20 06:30:00,1020.1,21.557608201666685,1.200000047999998,22.696832624611126,643.6444444444444,51.877966224166684
9719,2025-02-20 07:00:00,988.47,21.808274926388894,1.5,22.81283956105556,658.1444444444444,44.06461813183333
9720,2025-02-20 07:30:00,1622.73,22.155719153777774,2.200000047999996,22.07711563072222,660.0055555555556,32.40897055716666
9721,2025-02-20 08:00:00,1452.4,21.76816428538889,2.799999952000004,20.813997681833325,561.6388888888889,23.474282264555555
9722,2025-02-20 08:30:00,1011.3,22.10952382664804,3.5,19.48528056430168,487.5139664804469,19.90882894832401
9723,2025-02-20 09:00:00,1042.6,22.15494145249999,4.096666572194448,19.731822193722216,490.77222222222224,17.69929290344443
9724,2025-02-20 09:30:00,1043.0,22.27371975572222,4.597222127222226,20.697836642777766,561.15,29.32179984011109
9725,2025-02-20 10:00:00,1507.8,22.089108223555563,4.798889078299988,21.399027633777777,607.9166666666666,67.1433034687778
9726,2025-02-20 10:30:00,1513.73,22.26349706683336,5.098333239922225,22.477963045055553,633.4,44.34238082055554
9727,2025-02-20 11:00:00,1588.83,22.547719743611133,5.19944425397779,23.89430304633333,662.4722222222222,35.53991353755555
9728,2025-02-20 11:30:00,1151.63,22.85849723861113,5.498333332272223,25.64539060583334,709.6944444444445,30.227796077666667
9729,2025-02-20 12:00:00,1042.37,22.872775914500007,5.5994443499722255,24.91791902122223,739.7277777777778,25.63690827694445
9730,2025-02-20 12:30:00,2067.97,22.620330535388888,5.798889078299988,22.879503525777782,695.8,52.157470575166684
9731,2025-02-20 13:00:00,1101.6,22.6346651396111,5.800000190999987,23.057830450111123,718.2,84.68101060622224
9732,2025-02-20 13:30:00,1027.06,22.75505244988888,5.899444539977774,23.41950412333334,752.7777777777778,66.54805831922224
9733,2025-02-20 14:00:00,1000.17,22.77345053240224,5.900000094999998,23.687671502011177,768.5307262569833,63.904009622234625
9734,2025-02-20 14:30:00,1066.47,22.35577542016668,5.800000190999987,23.804785304333336,749.1166666666667,117.46808590500004
9735,2025-02-20 15:00:00,1035.68,21.951053386722233,5.800000190999987,25.296719879888897,778.2111111111111,100.93412501050003
9736,2025-02-20 15:30:00,1067.17,22.363053173777804,5.400000094999997,24.444517930111097,786.7944444444445,80.30747110572221
9737,2025-02-20 16:00:00,1058.0,22.51549731366667,5.199999809000013,24.524724917777778,813.0833333333334,63.37779263383333
9738,2025-02-20 16:30:00,1019.68,22.999775696500016,4.699999809000012,23.749593756055553,762.9222222222222,54.82861075911109
9739,2025-02-20 17:00:00,1053.62,23.015386741000004,4.099999905000003,23.864453909055552,745.8555555555556,47.085852368611114
9740,2025-02-20 17:30:00,1051.47,23.07683050316667,3.7000000479999953,24.652733771166677,867.4444444444445,39.84486132761109
9741,2025-02-20 18:00:00,1327.7,23.040664662178774,3.599999905000003,24.855973376815648,920.8435754189944,32.90855619776536
9742,2025-02-20 18:30:00,1094.63,23.204330021055572,3.30166661840556,25.859964158944454,931.4277777777778,66.10224889116667
9743,2025-02-20 19:00:00,1027.2,23.259441142833335,3.200555603022217,24.24661019644444,837.7944444444445,137.06340221666665
9744,2025-02-20 19:30:00,1056.03,23.30916403655556,2.901666761405552,24.23559099788889,844.8222222222222,105.54994693433332
9745,2025-02-20 20:00:00,1057.57,22.680258295611107,2.701111159372217,23.63273306950001,739.0333333333333,184.73372701388882
9746,2025-02-20 20:30:00,1047.47,23.095553588000016,2.5,23.72794185188889,751.6888888888889,134.82162026166668
9747,2025-02-20 21:00:00,1068.13,22.974942345333343,2.299999952000004,24.0624408296111,761.5666666666667,112.87097693777775
9748,2025-02-20 21:30:00,1047.8,23.03910939927778,2.299999952000004,23.974662378388878,762.2388888888889,116.0775383846666
9749,2025-02-20 22:00:00,1015.97,22.344386789611125,2.0,23.993149227722224,691.7111111111111,161.5020173788889
9750,2025-02-20 22:30:00,1032.6,21.55166396072222,2.0,24.63298951300001,697.7277777777778,132.4016174311111
9751,2025-02-20 23:00:00,995.27,20.992941581,2.0,24.966289975722226,701.35,114.20003967000001
9752,2025-02-20 23:30:00,1034.67,20.569769949832427,1.899999976000002,25.341981877486045,706.4469273743017,101.26206364927368
9753,2025-02-21 00:00:00,989.2,20.177830929611115,1.899999976000002,25.65491103077778,709.7333333333333,90.77176284838889
9754,2025-02-21 00:30:00,1028.77,19.932997533888884,1.601666690399997,25.887874253444437,715.7666666666667,81.60536893227774
9755,2025-02-21 01:00:00,1021.1,19.61242997955558,1.500555555688888,26.01619415277777,711.0833333333334,74.63524216566668
9756,2025-02-21 01:30:00,1016.93,19.45349744166668,1.5,26.088514222611117,710.8555555555556,68.71978869966668
9757,2025-02-21 02:00:00,1135.93,19.22327514249999,1.5,26.55890867422222,720.9666666666667,121.38687578872214
9758,2025-02-21 02:30:00,1019.97,19.977331065777776,1.5,25.860244570944438,730.6888888888889,150.25328869222227
9759,2025-02-21 03:00:00,1053.7,20.726663611277797,1.5,25.437408214333324,752.45,122.6992649938889
9760,2025-02-21 03:30:00,2126.8,20.898219193111107,1.400555531688891,25.23863784983333,752.4555555555555,159.25252490777777
9761,2025-02-21 04:00:00,1035.8,21.451108868833323,1.499444444311111,24.747583749555567,741.0333333333333,145.32673491944436
9762,2025-02-21 04:30:00,1038.07,21.795885860166653,1.5,24.580651028722205,764.75,123.11966853277778
9763,2025-02-21 05:00:00,1000.6,21.969385994611134,1.400555531688891,24.511123709999996,774.3388888888888,105.07235815133336
9764,2025-02-21 05:30:00,1029.43,22.07371936305555,1.499444444311111,24.48798973277778,778.1944444444445,91.34959623550003
9765,2025-02-21 06:00:00,1011.87,21.76938561361111,1.400555531688891,24.869821982833344,783.3166666666667,80.93074506149996
9766,2025-02-21 06:30:00,1120.13,22.152506034301677,2.0,25.060028800502785,803.8435754189944,70.29614400581006
9767,2025-02-21 07:00:00,1041.13,22.302973524888902,2.5,25.050514401277788,812.8555555555556,66.6478620101111
9768,2025-02-21 07:30:00,1012.53,22.37083097077777,3.299999952000004,24.518163946333313,781.9944444444444,94.76265432305559
9769,2025-02-21 08:00:00,1033.17,22.183220069166673,3.9000000949999962,25.256420728722237,791.9888888888889,74.50643802244446
9770,2025-02-21 08:30:00,998.77,22.771552732388905,4.5,24.570327218499997,808.8722222222223,60.759405474944415
9771,2025-02-21 09:00:00,1026.67,22.66183042511112,4.800000190999988,24.225998867611132,720.0055555555556,51.474125778111144
9772,2025-02-21 09:30:00,1008.77,22.826719760944464,5.199999809000013,23.747237300722215,648.9222222222222,45.122703849333334
9773,2025-02-21 10:00:00,975.67,22.177275838,5.5,24.695401753111092,641.0,43.00202975816668
9774,2025-02-21 10:30:00,1368.53,21.28944131000001,5.699999809000013,24.753369829277776,587.8722222222223,44.2450539696111
9775,2025-02-21 11:00:00,1038.33,20.920719083333346,5.800000190999987,25.840604252499993,642.8833333333333,41.232028897999996
9776,2025-02-21 11:30:00,1552.37,20.678386444833343,5.800000190999987,26.953150727722207,681.3277777777778,83.17906917744442
9777,2025-02-21 12:00:00,1625.63,20.46528787553074,6.0,29.598306816089394,691.4692737430167,113.58407997620107
9778,2025-02-21 12:30:00,1412.7,20.44594168133335,6.099999905000003,30.80615890305556,651.0111111111111,92.6507039385556
9779,2025-02-21 13:00:00,1562.9,20.304274803,6.099999905000003,29.849039565333335,642.6722222222222,77.71048270344443
9780,2025-02-21 13:30:00,1695.5,20.316386710500005,6.099999905000003,29.78817926005556,626.4333333333333,192.80527284816668
9781,2025-02-21 14:00:00,1499.8,20.397663858166684,6.099999905000003,32.10598136050002,626.4,140.32855945111118
9782,2025-02-21 14:30:00,1159.97,20.411442089277806,5.900000094999998,29.899345821444456,568.6833333333333,183.49645173611114
9783,2025-02-21 15:00:00,2102.07,20.294997670888886,5.699999809000013,28.273318237611097,541.5722222222222,95.87960645633342
9784,2025-02-21 15:30:00,1083.1,20.24116305272225,4.900000094999998,27.618561267888886,535.0388888888889,76.28041347911113
9785,2025-02-21 16:00:00,1061.87,20.57760853288888,4.300000190999989,26.503737576833334,542.8888888888889,94.42393014638888
9786,2025-02-21 16:30:00,1053.23,21.452941238166677,3.799999952000004,26.50640965566667,540.8722222222223,145.509802713389
9787,2025-02-21 17:00:00,1061.61,22.29549651716669,3.5,26.291715579722243,591.5444444444445,126.07509502555551
9788,2025-02-21 17:30:00,1071.59,22.647931232513987,3.200000047999995,25.957480606592174,575.6480446927375,99.08055306430161
9789,2025-02-21 18:00:00,1346.68,22.84857229700001,3.001111111377777,26.855625269333334,617.3055555555555,81.2268314364444
9790,2025-02-21 18:30:00,1086.93,23.01388614444445,2.7000000479999953,28.28893785505556,707.2277777777778,75.3250552291667
9791,2025-02-21 19:00:00,1016.97,23.080386204166654,2.5,27.363732867666663,715.9666666666667,155.89180204388884
9792,2025-02-21 19:30:00,1047.93,22.733830462944457,2.299999952000004,27.620894357333327,755.9555555555555,119.34146189944438
9793,2025-02-21 20:00:00,1051.9,23.016052892611114,2.200000047999996,27.14926026672222,788.1333333333333,99.55827696105551
9794,2025-02-21 20:30:00,1049.73,23.050664011833362,2.0,26.91425160288887,770.1777777777778,186.0316371928888
9795,2025-02-21 21:00:00,1055.83,22.993997319722258,2.0,26.916174178777787,784.6333333333333,152.60664613277783
9796,2025-02-21 21:30:00,990.5,22.47577661966668,1.899999976000002,27.133172511888905,768.6111111111111,196.11085459444448
9797,2025-02-21 22:00:00,1040.83,21.752108680055564,1.899999976000002,27.496202828833333,755.4055555555556,166.1934053205556
9798,2025-02-21 22:30:00,999.9,21.064497767388893,1.799999952000003,27.914482021333317,754.4444444444445,146.25368525222217
9799,2025-02-21 23:00:00,1029.47,20.73211742363129,1.6000000239999972,28.106800984916184,750.6927374301677,131.81241117262567
9800,2025-02-21 23:30:00,1021.63,20.377663644499993,1.500555555688888,28.32333134544443,741.4888888888889,119.43554759444447
9801,2025-02-22 00:00:00,1006.5,20.14449798877779,1.3011110633777792,28.378504424888888,731.7611111111111,110.23108185499993
9802,2025-02-22 00:30:00,1034.33,19.79560829850001,1.101111134711109,28.542425028611113,709.5611111111111,102.81239984138891
9803,2025-02-22 01:00:00,1013.57,19.622886732388903,1.000555555688888,28.518291092166667,693.9222222222222,96.79470490227783
9804,2025-02-22 01:30:00,1044.4,19.487608623444437,0.899999976000001,29.02350386522223,694.0944444444444,89.32484380955559
9805,2025-02-22 02:00:00,1011.43,19.341609160444456,0.800000011999998,28.797249031333337,694.5333333333333,84.39364348533331
9806,2025-02-22 02:30:00,1050.07,19.128663656111108,0.800000011999998,28.815859159222228,685.55,80.60295418611109
9807,2025-02-22 03:00:00,1012.43,18.928886455666678,0.6000000239999991,28.853153567944435,682.6111111111111,76.49009314672222
9808,2025-02-22 03:30:00,1050.27,18.74021987966667,0.6000000239999991,29.086231941388874,688.3555555555556,71.98472103538893
9809,2025-02-22 04:00:00,1114.2,18.757108497500006,0.800000011999998,29.560613695555553,713.6611111111112,83.40531493377779
9810,2025-02-22 04:30:00,1055.83,19.726391116089378,0.6999999880000011,28.41994723558659,700.7206703910615,107.10872236586602
9811,2025-02-22 05:00:00,997.4,20.502214241333345,0.600555579355555,27.627023326055546,704.9,85.50625199216663
9812,2025-02-22 05:30:00,1053.5,21.080664190111122,0.6000000239999991,27.062488661999986,711.2222222222222,99.89559885794446
9813,2025-02-22 06:00:00,1006.87,20.97555309955557,0.400000005999999,27.113614739055556,679.4666666666667,114.33322495499996
9814,2025-02-22 06:30:00,1033.87,21.42160840605559,0.899999976000001,26.657351409388877,679.3277777777778,93.5604451933889
9815,2025-02-22 07:00:00,994.07,21.70005300366668,1.399999976000002,26.377229563166676,680.0222222222222,79.05142690883335
9816,2025-02-22 07:30:00,1045.77,21.869830417888878,2.200000047999996,26.333992502166655,688.7222222222222,68.07861584572223
9817,2025-02-22 08:00:00,1013.83,21.418886291277786,2.799999952000004,26.507736386,652.4055555555556,59.25312820005556
9818,2025-02-22 08:30:00,1702.83,20.40221903111113,3.299999952000004,26.720219760388893,614.0666666666667,74.64807849527777
9819,2025-02-22 09:00:00,1549.33,19.96613899972067,3.7000000479999953,27.479883535083793,653.2011173184358,126.31758386089392
9820,2025-02-22 09:30:00,1724.1,19.66599641338889,3.998333333599999,28.83803315683332,760.25,91.27696503522216
9821,2025-02-22 10:00:00,1005.24,19.445096397388888,4.298333523272211,29.86799502894445,890.2777777777778,77.69180526727779
9822,2025-02-22 10:30:00,1057.03,19.762386449722225,4.598333239922225,29.909825176833323,878.1777777777778,91.4485273997777
9823,2025-02-22 11:00:00,2259.83,20.727552922722236,4.699999809000012,29.271630732499993,768.9555555555555,79.63169097872218
9824,2025-02-22 11:30:00,1016.47,21.547607771944453,4.900000094999998,28.499861505277774,803.3277777777778,80.45976265888889
9825,2025-02-22 12:00:00,1043.1,22.252997716500005,5.5,28.001215638333342,760.8944444444444,141.37737396833342
9826,2025-02-22 12:30:00,1017.93,22.667219416166688,5.800000190999987,27.530415874333332,773.25,106.29006885883337
9827,2025-02-22 13:00:00,1057.42,22.810163848166678,5.900000094999998,27.171516227666658,756.55,153.42445737861104
9828,2025-02-22 13:30:00,1020.93,22.6781082258889,5.900000094999998,27.34672771022222,736.7388888888889,128.5095498833334
9829,2025-02-22 14:00:00,1012.83,22.210105715083788,5.800000190999987,27.400586975586595,670.8100558659218,111.23883393575419
9830,2025-02-22 14:30:00,1017.66,21.89788655200001,5.6011110177000045,27.46106743277778,636.0666666666667,100.11708179227777
9831,2025-02-22 15:00:00,996.33,21.707163885277787,5.301666856077765,27.6180937448889,624.9888888888889,90.53539394777778
9832,2025-02-22 15:30:00,1018.0,21.529427697833324,5.001666667727777,27.708141433111095,599.1722222222222,83.52474449988891
9833,2025-02-22 16:00:00,993.1,21.498343902777787,4.70166647672779,27.649698713111114,575.7388888888889,76.89065984077777
9834,2025-02-22 16:30:00,1039.9,21.330831495722222,4.199999809000011,27.830794779222213,565.7888888888889,70.69931259188886
9835,2025-02-22 17:00:00,1111.57,21.65849725922223,3.799999952000004,27.76863211572223,616.2111111111111,165.31666501249998
9836,2025-02-22 17:30:00,1604.0,22.263497320555555,3.4000000949999962,28.322461022333325,677.0666666666667,196.53178405833336
9837,2025-02-22 18:00:00,1607.87,22.79333045744443,3.200000047999995,31.049348078888883,729.7333333333333,166.4641737216667
9838,2025-02-22 18:30:00,1066.03,22.863719887888898,3.0,30.609288893611108,766.9333333333333,170.25410838333326
9839,2025-02-22 19:00:00,1067.63,22.90954753921787,2.799999952000004,28.874632318770946,740.8938547486033,208.18848517094978
9840,2025-02-22 19:30:00,1041.33,23.103164831388902,2.700555603022217,28.486276880999988,764.3944444444444,170.59338489277775
9841,2025-02-22 20:00:00,1061.58,23.05955242622226,2.7000000479999953,28.375191836833352,783.85,144.98106817
9842,2025-02-22 20:30:00,1054.55,23.030275144111116,2.600555461350003,28.30268776194444,777.6222222222223,151.12111172333334
9843,2025-02-22 21:00:00,1038.16,22.44214479688891,2.500555555027778,28.117808850388887,757.4777777777778,222.07551312444443
9844,2025-02-22 21:30:00,1063.03,21.803553295888914,2.5,28.994863467666654,789.3388888888888,193.45887400500013
9845,2025-02-22 22:00:00,1002.86,21.449553024166672,2.599999905000003,28.74066596583333,719.3555555555556,218.00964033444455
9846,2025-02-22 22:30:00,1032.43,20.958996497777825,2.7000000479999953,28.66659835183333,692.2222222222222,195.7908246405556
9847,2025-02-22 23:00:00,1003.39,20.614108234388887,2.7000000479999953,28.85603498866667,693.0555555555555,173.03658752499993
9848,2025-02-22 23:30:00,1036.69,20.3661386927933,2.799999952000004,29.06074236195531,691.3016759776536,157.3611399039106
9849,2025-02-23 00:00:00,1002.1,20.07738642261113,2.5016666664000002,29.1480325063889,679.35,141.97413109722228
9850,2025-02-23 00:30:00,1031.67,19.97194165133335,2.5,29.099710432888877,667.4777777777778,129.94591157999994
9851,2025-02-23 01:00:00,1030.45,19.675664075055543,2.599444349972225,29.20908046305555,645.6388888888889,121.13295139500003
9852,2025-02-23 01:30:00,1449.63,19.666997507611125,2.7988888406277823,29.579142305666668,675.2166666666667,150.87879083444435
9853,2025-02-23 02:00:00,1803.63,19.447108703500017,2.998888888622222,29.506253973388908,659.3444444444444,211.8497062711111
9854,2025-02-23 02:30:00,1016.37,19.374915452055554,3.198888936622217,29.565086025444458,645.7722222222222,184.60764906222212
9855,2025-02-23 03:00:00,1047.5,19.188524352666697,3.299444396977782,29.68017663955556,647.5722222222222,165.377093166111
9856,2025-02-23 03:30:00,1013.6,19.106108453500013,3.5,29.703140269277764,655.3611111111111,149.18075993722215
9857,2025-02-23 04:00:00,1040.93,18.933441140833335,4.199999809000011,29.873830667722217,669.8888888888889,137.3753838438888
9858,2025-02-23 04:30:00,1017.37,18.90870969128492,4.199999809000011,30.307251232122905,686.6927374301677,134.47316157765366
9859,2025-02-23 05:00:00,784.8,19.672719044777775,4.199999809000011,29.871815808611117,701.3722222222223,166.95222066166673
9860,2025-02-23 05:30:00,475.6,20.449108314611117,4.199999809000011,29.07935008983332,711.5388888888889,133.4376655611111
9861,2025-02-23 06:00:00,354.3,21.112998019611123,3.702777824449994,28.43569027594446,739.9666666666667,126.3143281272222
9862,2025-02-23 06:30:00,259.03,21.211496894111125,4.097777683572226,28.159072949833345,722.2833333333333,133.66952819944433
9863,2025-02-23 07:00:00,652.47,21.830609533888907,4.298889078299989,28.43178093122223,877.6277777777777,104.32629492099998
9864,2025-02-23 07:30:00,288.33,22.19183001000001,4.79722241322221,28.278328153722214,954.5055555555556,86.20364888494446
9865,2025-02-23 08:00:00,422.17,22.172038586888895,5.197777588900013,27.709259096666656,864.1333333333333,79.85068151655558
9866,2025-02-23 08:30:00,223.7,21.224719227666665,5.599999905000003,28.68610519816665,817.2722222222222,81.61204435555554
9867,2025-02-23 09:00:00,188.77,20.545942147833333,5.800000190999987,28.69375388894446,744.1222222222223,81.5206478966111
9868,2025-02-23 09:30:00,252.87,19.972220335777763,6.300000190999986,28.95402875472223,688.4,79.64938727494446
9869,2025-02-23 10:00:00,265.43,19.699386173055558,6.900000094999998,29.155367279055564,649.05,74.50105756138889
9870,2025-02-23 10:30:00,562.67,19.54666447077779,7.300000190999986,29.503762955166685,635.0444444444445,68.3596336361111
9871,2025-02-23 11:00:00,985.83,19.602229997095,7.699999809000014,30.36361898932961,613.4525139664804,67.87506214318435
9872,2025-02-23 11:30:00,547.3,19.53860873133334,7.998333332272223,31.924394035611122,663.4722222222222,64.66511554700003
9873,2025-02-23 12:00:00,767.1,19.495553377499995,7.602222127750003,32.065025159888904,711.2944444444445,56.55221104099999
9874,2025-02-23 12:30:00,1190.0,19.640886550722225,7.798889078299986,31.688969103166674,694.0833333333334,120.42701664066661
9875,2025-02-23 13:00:00,553.27,19.63149634405556,7.800000190999986,31.517520798666656,700.3611111111111,93.3742026016111
9876,2025-02-23 13:30:00,379.4,19.65206120788892,7.99888888995,31.504595799111105,711.9833333333333,82.11715973772223
9877,2025-02-23 14:00:00,283.57,19.733012378888855,8.100000380999978,31.493636798944447,716.3111111111111,72.86961076544445
9878,2025-02-23 14:30:00,356.37,19.753052944333337,7.900000094999998,31.531479750555548,715.7333333333333,65.96445729977779
9879,2025-02-23 15:00:00,679.5,19.755219661666658,7.800000190999986,31.84156341511115,740.1222222222223,57.79881155211114
9880,2025-02-23 15:30:00,650.6,20.52444198416668,7.599999905000003,33.90753803244445,777.3777777777777,119.51043781516663
9881,2025-02-23 16:00:00,454.84,20.945664099111106,7.099999905000003,33.35725057355555,733.1777777777778,99.22154494500002
9882,2025-02-23 16:30:00,443.17,20.560552691722243,6.800000190999986,32.39740028372223,683.4666666666667,89.49497481472224
9883,2025-02-23 17:00:00,575.03,21.036027844636884,6.400000094999997,32.285265203184345,703.5698324022346,164.16929259564247
9884,2025-02-23 17:30:00,310.9,22.258830452000012,6.201110921700014,30.77566656533335,731.7222222222222,135.12628224833333
9885,2025-02-23 18:00:00,459.5,22.66060808011114,5.603333237800004,30.533752928777776,699.2555555555556,184.11225484000005
9886,2025-02-23 18:30:00,388.33,22.927441607944445,5.401111205055552,30.2552590688889,724.1722222222222,142.54599770222225
9887,2025-02-23 19:00:00,431.67,23.209868049611106,5.300555746022209,29.88645935005557,735.2111111111111,118.26554022999997
9888,2025-02-23 19:30:00,411.83,23.1569977977778,5.199999809000013,30.107451788444447,748.6944444444445,136.81666823661112
9889,2025-02-23 20:00:00,415.6,23.04088629611111,5.199999809000013,30.179699081666676,737.5111111111111,174.25044564166677
9890,2025-02-23 20:30:00,338.63,23.082997968222244,5.199999809000013,30.06993340377776,753.4222222222222,136.88569445833335
9891,2025-02-23 21:00:00,431.4,23.1629975107778,5.199999809000013,29.941464815722227,752.7888888888889,117.74621425111107
9892,2025-02-23 21:30:00,421.7,23.10649706472225,5.199999809000013,29.98638906461109,757.5666666666667,105.15770958894443
9893,2025-02-23 22:00:00,671.13,22.981949779162022,5.099999905000003,30.05663205770949,734.2234636871508,131.63926053340782
9894,2025-02-23 22:30:00,1217.73,22.332274659666673,5.19944425397779,30.516365114555548,689.7,152.34650523055547
9895,2025-02-23 23:00:00,316.47,21.774608580444443,5.199999809000013,30.980107339111115,700.8111111111111,138.40308490055548
9896,2025-02-23 23:30:00,375.23,21.33255307944447,5.29944463332221,31.165471013166638,705.5888888888888,128.53083894111109
9897,2025-02-24 00:00:00,344.57,20.935774898722226,5.101111017700004,31.701305484444468,715.8055555555555,119.80341894388887
9898,2025-02-24 00:30:00,441.6,20.710441917666675,5.19944425397779,31.827668348722224,712.6111111111111,113.65634371444442
9899,2025-02-24 01:00:00,409.53,20.408830950333353,5.199999809000013,31.90935221716665,707.1333333333333,108.7067016166667
9900,2025-02-24 01:30:00,415.73,20.24049786511113,5.199999809000013,31.99275577361113,702.8444444444444,103.0615258530555
9901,2025-02-24 02:00:00,428.67,19.931941943722226,5.199999809000013,32.157312361333325,696.6222222222223,97.35237096272223
9902,2025-02-24 02:30:00,511.17,19.875275824833313,5.099999905000003,32.630076175555565,720.65,89.12368647322222
9903,2025-02-24 03:00:00,428.57,20.538275697833335,5.0,32.1158711857222,754.1666666666666,76.85736656155555
9904,2025-02-24 03:30:00,430.6,21.345330036888903,5.099999905000003,31.129885906833348,751.6666666666666,67.34003242888893
9905,2025-02-24 04:00:00,476.5,21.856831233055576,5.300000190999987,30.724029159555545,767.8055555555555,90.21002750216668
9906,2025-02-24 04:30:00,425.37,22.27610899650001,5.300000190999987,30.04874984916666,721.5166666666667,148.65749706722224
9907,2025-02-24 05:00:00,456.6,22.52371993622223,5.199999809000013,29.811448711555553,724.0611111111111,123.86869019166662
9908,2025-02-24 05:30:00,365.37,22.64138644533336,5.300000190999987,29.705512820000013,731.5333333333333,106.89983126472228
9909,2025-02-24 06:00:00,470.23,22.640850621173193,5.099999905000003,29.66020803620112,737.195530726257,120.31059486793295
9910,2025-02-24 06:30:00,362.37,22.813514241284917,5.300000190999987,29.185661465027927,718.7374301675977,144.97882949720668
9911,2025-02-24 07:00:00,434.67,22.936441697666716,5.49888888995,29.18037006611108,736.8555555555556,119.9538697150001
9912,2025-02-24 07:30:00,439.03,22.912164009888905,5.79833352327221,29.340187252499998,754.7611111111111,103.5464483059444
9913,2025-02-24 08:00:00,590.7,22.786886077499997,6.098333239922225,29.99059989738887,776.2611111111111,89.33781780672224
9914,2025-02-24 08:30:00,692.1,22.479775216555538,6.298889078299986,29.59486423072225,622.7722222222222,120.61719890005558
9915,2025-02-24 09:00:00,892.33,22.348330105611115,6.399444539977774,30.132064861777767,595.2777777777778,87.75330115394446
9916,2025-02-24 09:30:00,809.8,21.674164719444455,6.698333143922236,30.67011459172223,596.7055555555555,82.59813690172224
9917,2025-02-24 10:00:00,626.03,21.022108290388886,6.699999809000014,31.107064988833326,551.4055555555556,79.36988300788886
9918,2025-02-24 10:30:00,661.17,20.705830478888892,6.898888982299997,31.580008220222236,560.0055555555556,75.66810997849998
9919,2025-02-24 11:00:00,964.07,20.538275931166694,6.900000094999998,33.47519853416666,651.0555555555555,69.1939311977778
9920,2025-02-24 11:30:00,426.53,20.54670885872224,7.29777796824443,34.2411032785,664.7888888888889,67.49439841388886
9921,2025-02-24 12:00:00,1135.27,20.388413956759788,7.400000094999997,33.73013420748604,592.2737430167598,115.49552902519554
9922,2025-02-24 12:30:00,981.57,20.382997597333336,7.598888794944448,33.7815163293889,615.8833333333333,155.43045539833332
9923,2025-02-24 13:00:00,333.97,20.467997615277792,7.599999905000003,33.73360970805555,655.8166666666667,145.68374133777772
9924,2025-02-24 13:30:00,452.0,20.83738638572223,7.599999905000003,34.346028921222214,767.4777777777778,117.46565869783335
9925,2025-02-24 14:00:00,365.33,21.895553239500007,7.500555555027778,33.14042479205557,893.3055555555555,89.45739203538889
9926,2025-02-24 14:30:00,338.4,22.690663814722217,7.5994443499722255,32.1946052656111,958.9166666666666,72.66249165033334
9927,2025-02-24 15:00:00,330.37,22.97688560505558,7.599999905000003,31.63167748983333,904.9333333333333,60.152236196722235
9928,2025-02-24 15:30:00,390.57,23.211274369888898,7.500555555027778,31.52614788500001,901.2555555555556,85.54497701944443
9929,2025-02-24 16:00:00,323.57,23.460275331499968,7.201666476727792,31.22280005355553,846.05,124.97623095555552
9930,2025-02-24 16:30:00,368.83,23.349607478444437,7.100555460022226,31.480519792555544,819.7833333333333,148.33558239311117
9931,2025-02-24 17:00:00,458.1,23.298703721340797,6.801676167055852,31.589256201117333,783.9832402234637,163.7719701832402
9932,2025-02-24 17:30:00,336.23,23.441442203777783,6.700555366677792,31.535102642722222,808.3611111111111,126.97321777055559
9933,2025-02-24 18:00:00,516.3,23.387441985111128,6.20277758677779,32.26004464922222,918.2944444444445,106.18936449566671
9934,2025-02-24 18:30:00,531.3,23.458941629333335,6.100555460022226,32.467688602555555,944.0111111111111,90.21656943411116
9935,2025-02-24 19:00:00,1335.07,23.43362334583331,6.000555555027778,31.881971444166666,857.3111111111111,200.1062564026667
9936,2025-02-24 19:30:00,404.13,23.467163869555552,5.9005556500277745,31.829049481166667,848.6111111111111,156.23107562166655
9937,2025-02-24 20:00:00,389.6,23.476497226777802,5.900000094999998,31.74039309816666,846.4722222222222,132.75777490222222
9938,2025-02-24 20:30:00,401.3,23.53449726177778,5.800555746022209,31.592580329055565,846.2055555555555,134.86650772277778
9939,2025-02-24 21:00:00,331.47,23.050830449055567,5.800000190999987,31.74865988633334,745.7388888888889,201.57513182000002
9940,2025-02-24 21:30:00,357.37,22.47371970316668,5.800000190999987,32.24871538994445,753.7833333333333,175.57012455611113
9941,2025-02-24 22:00:00,420.93,22.065663941388916,5.302777968777765,32.510588772999995,756.3777777777777,158.9479679533332
9942,2025-02-24 22:30:00,368.47,21.688379383277802,5.399444539977774,32.893806733111106,754.9333333333333,143.74057735611115
9943,2025-02-24 23:00:00,330.9,21.47241339938548,5.400000094999997,33.1147643783799,763.0391061452514,132.49475230000002
9944,2025-02-24 23:30:00,372.4,21.176496908611114,5.400000094999997,33.30253414555557,752.9611111111111,122.69494904222225
9945,2025-02-25 00:00:00,378.37,20.989442295222226,5.598888794944448,33.36896906949999,752.9277777777778,115.35645972333332
9946,2025-02-25 00:30:00,448.8,20.794942231222265,5.500555555027778,33.5080397713889,740.8888888888889,110.57932756000004
9947,2025-02-25 01:00:00,354.9,20.581886387055565,5.4005556500277745,33.636084429555574,728.2833333333333,106.6022944538889
9948,2025-02-25 01:30:00,490.53,20.512608465000003,5.300555746022209,33.98534480211113,743.9777777777778,102.8279277402778
9949,2025-02-25 02:00:00,461.43,20.396553674777756,5.20055536667779,34.10958150227776,739.4722222222222,100.54919289466666
9950,2025-02-25 02:30:00,325.37,20.29266401933335,5.199999809000013,34.164775085388904,724.4277777777778,123.63074518738894
9951,2025-02-25 03:00:00,385.43,20.458886316777775,5.00111111005,34.437789153722235,748.0777777777778,189.7222970744444
9952,2025-02-25 03:30:00,398.73,20.827552817055565,4.801111301049988,34.05096575399999,754.8,160.45608096888893
9953,2025-02-25 04:00:00,460.5,20.906800808435758,5.297206894910602,34.009410261620104,752.4804469273743,161.83149216592193
9954,2025-02-25 04:30:00,354.8,20.716386477500013,5.300000190999987,34.1993418161111,710.1666666666666,181.65391735611112
9955,2025-02-25 05:00:00,386.8,20.77455310877779,5.20055536667779,34.12305556405555,717.7777777777778,157.34905327611116
9956,2025-02-25 05:30:00,391.03,20.775330745555586,5.199999809000013,34.12798343250001,721.1388888888889,137.8467049961111
9957,2025-02-25 06:00:00,381.63,20.83527510938894,5.199999809000013,34.07883942922221,733.4,121.97565549611113
9958,2025-02-25 06:30:00,387.57,21.18283064111112,5.597777682244448,33.80321063988891,753.2888888888889,107.01971626127776
9959,2025-02-25 07:00:00,831.2,22.347330633722237,6.097222127222225,32.487039830833325,726.4222222222222,121.95257068000012
9960,2025-02-25 07:30:00,914.1,22.475664277000003,6.796111300522209,31.769549984111098,618.1555555555556,117.78407317111117
9961,2025-02-25 08:00:00,891.83,21.552941958388896,7.297222413222208,32.851573880222226,598.4,101.47000681505557
9962,2025-02-25 08:30:00,795.73,21.03410805600001,7.896666762199997,33.18111417555556,576.0111111111111,88.99925460833332
9963,2025-02-25 09:00:00,871.5,20.621330547444437,8.297777968244429,33.64325828549999,565.3666666666667,79.59935171355558
9964,2025-02-25 09:30:00,623.47,20.42159298744444,8.896666288844466,34.25232878777775,562.4888888888889,87.24709447427779
9965,2025-02-25 10:00:00,348.2,21.095251019888277,9.199999809000015,34.01565602888268,608.4525139664804,145.4645086553073
9966,2025-02-25 10:30:00,381.07,21.638719347388896,9.597778155599977,33.74848577705555,627.8166666666667,168.50469029777776
9967,2025-02-25 11:00:00,413.53,22.238108910388895,9.798889080944429,33.10895919788889,640.1611111111112,153.9460474616667
9968,2025-02-25 11:30:00,228.47,21.594330724277786,9.998888889949999,33.789774661666655,618.1777777777778,139.28589579333337
9969,2025-02-25 12:00:00,278.43,21.17616387522224,9.900555176672245,34.00674281666667,598.1333333333333,126.35800065000006
9970,2025-02-25 12:30:00,380.4,20.86560832155557,10.098889264661098,34.22713080533333,582.7166666666667,115.48060141499995
9971,2025-02-25 13:00:00,456.27,20.72949751777779,10.298889079944438,34.82763086977778,592.9388888888889,111.96439878561111
9972,2025-02-25 13:30:00,589.53,20.64327620388887,10.498888889944444,36.200194655444456,646.5055555555556,198.19630508111106
9973,2025-02-25 14:00:00,705.27,20.71160814527779,10.59944482233332,35.9765701715,660.3444444444444,223.90747595722235
9974,2025-02-25 14:30:00,289.4,21.654275184555566,10.600000379999987,34.093537542111136,637.1277777777777,173.85849609388887
9975,2025-02-25 15:00:00,360.53,22.403720125055564,10.600000379999987,33.07844848661113,619.0166666666667,146.46313425777782
9976,2025-02-25 15:30:00,336.43,22.707164330111123,10.399999620000013,33.3688528696111,626.2944444444445,170.90942840888886
9977,2025-02-25 16:00:00,372.23,22.912164985555542,10.100000379999987,32.95590574433335,599.9444444444445,158.8271901472222
9978,2025-02-25 16:30:00,363.8,23.07910813194444,9.5,32.664082845277775,588.7722222222222,134.5599744194444
9979,2025-02-25 17:00:00,429.8,22.92277548099999,8.899999619000022,33.71824660822222,627.7944444444445,198.29909651055567
9980,2025-02-25 17:30:00,340.47,23.161275249666662,8.600000380999978,33.725035328388905,698.8666666666667,205.87442787833336
9981,2025-02-25 18:00:00,516.57,23.339994601452528,8.399999619000022,33.717816550055886,790.1675977653631,167.20823157821238
9982,2025-02-25 18:30:00,412.67,23.386163182222237,8.101667043433311,33.851816114111124,817.8222222222222,199.55419362666657
9983,2025-02-25 19:00:00,365.5,23.692886184111142,7.901111207699997,33.31296882666667,818.5222222222222,188.87942047000004
9984,2025-02-25 19:30:00,413.2,23.536220349833346,7.800555746022209,33.599704446000004,839.7055555555555,170.46086010111108
9985,2025-02-25 20:00:00,385.6,23.446497928055578,7.700555366677792,33.87268808177778,794.0666666666667,172.7453793849999
9986,2025-02-25 20:30:00,333.73,23.705251992122882,7.6005585636815685,33.33959907642459,825.072625698324,143.07549920837982
9987,2025-02-25 21:00:00,455.67,23.767450132,7.500555555027778,33.232672500666666,840.7611111111111,122.24984376777776
9988,2025-02-25 21:30:00,368.07,23.821718724777806,7.5,33.227693070111116,861.6444444444444,107.37364887616671
9989,2025-02-25 22:00:00,338.2,23.588608667333332,7.6988886989500145,33.556595823333325,859.2333333333333,122.87984076483333
9990,2025-02-25 22:30:00,351.7,22.980330626555567,7.699999809000014,34.16028376672224,751.8555555555556,187.18258853611115
9991,2025-02-25 23:00:00,366.5,22.319664033222235,7.6005554600222265,34.589947636722215,764.1277777777777,162.7081531933334
9992,2025-02-25 23:30:00,279.27,21.938052368277773,7.699444253977791,34.923942947444445,771.5222222222222,145.47828080555558
9993,2025-02-26 00:00:00,324.3,21.51177485838892,7.898888982299997,35.274697494611104,770.2888888888889,130.0081154716666
9994,2025-02-26 00:30:00,1036.2,21.27305309527778,7.999444444972222,35.55201331266668,778.3111111111111,116.88988876222227
9995,2025-02-26 01:00:00,867.33,20.99838639405557,8.099444823327756,35.89096230411111,777.8388888888888,105.60723372694441
9996,2025-02-26 01:30:00,407.0,20.899885315833327,8.199444256622238,35.962805747944444,770.4777777777778,96.22011032077782
9997,2025-02-26 02:00:00,378.8,20.758470567150837,8.39888230162572,35.975015799944124,763.1396648044692,88.11946263692735
9998,2025-02-26 02:30:00,517.5,20.56849711733334,8.399999619000022,36.47260869355554,770.9111111111112,100.42255965122222
9999,2025-02-26 03:00:00,440.47,20.931886058499998,8.399999619000022,36.79065500883334,776.2,129.30300738222218
10000,2025-02-26 03:30:00,403.23,21.33344209494447,8.20111091905557,36.231347529222234,809.2944444444445,105.93260010288883
10001,2025-02-26 04:00:00,324.93,22.20171916772224,8.398888508944466,34.90871092483332,834.5166666666667,90.85482330316667
10002,2025-02-26 04:30:00,477.23,22.685386837666652,8.300555743377762,34.48146495783334,808.8777777777777,111.06340772927773
10003,2025-02-26 05:00:00,413.33,22.799997213444477,8.200555366677794,34.30625514983337,804.5277777777778,95.42576323544444
10004,2025-02-26 05:30:00,422.87,22.879663828166688,8.398888508944466,34.22955866911112,816.0555555555555,82.11046939416663
10005,2025-02-26 06:00:00,335.48,22.914275307388905,8.399999619000022,34.23744638216666,822.2111111111111,72.47620519005551
10006,2025-02-26 06:30:00,439.77,23.027441723944463,8.698333141277793,34.31184554638888,844.7944444444445,63.952797465722256
10007,2025-02-26 07:00:00,851.94,23.21488639055555,8.898888508944466,34.948634444222236,853.8,92.41561783877776
10008,2025-02-26 07:30:00,731.31,23.598709847944455,9.397221841222244,35.52213575583335,847.6666666666666,91.5134648217222
10009,2025-02-26 08:00:00,767.35,23.59735235256984,9.699999809000015,37.37370613547487,934.7653631284916,79.21025498899442
10010,2025-02-26 08:30:00,491.86,23.42455321394448,9.898888508944468,37.71396365683334,935.5166666666667,69.33316718199998
10011,2025-02-26 09:00:00,331.97,23.25971952105556,9.999444442327778,36.709284506944435,942.0,56.44212727038893
10012,2025-02-26 09:30:00,337.48,23.256830417111118,10.198888699944451,36.291130108277784,958.9111111111112,48.0350228835
10013,2025-02-26 10:00:00,589.9,23.207053152888914,10.299444632333326,37.14216666761112,774.6444444444444,25.044494417111117
10014,2025-02-26 10:30:00,480.63,23.222497103444447,10.498888889944444,37.29182200916668,602.7055555555555,59.256680577611135
10015,2025-02-26 11:00:00,718.72,23.268220509444436,10.59944482233332,38.00381202722221,716.7944444444445,30.58989798244446
10016,2025-02-26 11:30:00,655.73,23.274441613222233,11.097222602222208,38.44682975366666,812.0444444444445,26.2326147715
10017,2025-02-26 12:00:00,483.27,23.12144204272223,11.59722260222221,38.29591785022223,788.8611111111111,108.7754030850555
10018,2025-02-26 12:30:00,407.5,22.54638652800002,11.898332957555569,38.37973439944445,784.4166666666666,113.20353041666667
10019,2025-02-26 13:00:00,271.87,22.62227888502795,12.098883057318421,37.822572314134085,796.0893854748604,109.43305943687155
10020,2025-02-26 13:30:00,422.23,23.026052761277793,12.398332957555569,36.97689605283333,822.1666666666666,95.25372653455558
10021,2025-02-26 14:00:00,416.87,23.165664111555564,12.598889264666653,36.50689673955555,765.9777777777778,115.52267426144437
10022,2025-02-26 14:30:00,423.2,23.347997676444457,12.600000379999985,37.08602481416668,891.6833333333333,86.5016053089445
10023,2025-02-26 15:00:00,409.17,23.25045647072222,12.401110735333347,37.291424327166666,936.9444444444445,124.16944639233328
10024,2025-02-26 15:30:00,382.37,23.382497469166655,12.004444440222223,36.84144986505553,936.2166666666667,116.65194825388886
10025,2025-02-26 16:00:00,396.53,23.391941982499993,11.701666477722227,36.41102330966666,876.9444444444445,133.61913634666666
10026,2025-02-26 16:30:00,474.47,23.402052847555545,11.202777587777785,36.41030500233337,892.4666666666667,108.38766890611112
10027,2025-02-26 17:00:00,731.1,23.425498539,10.802222410111105,36.66783351883333,907.8833333333333,98.2151634645
10028,2025-02-26 17:30:00,621.83,23.468664444944437,10.402221845388901,38.55834125972222,889.6666666666666,145.79701436611106
10029,2025-02-26 18:00:00,340.2,23.5450522205,10.101667042444431,37.737982665388884,907.2444444444444,130.15693266333335
10030,2025-02-26 18:30:00,365.87,23.43043035955556,9.80166685871665,36.76206190322222,844.5222222222222,129.13530023277778
10031,2025-02-26 19:00:00,384.9,23.501803467765367,9.600000380999978,36.397445550502795,871.68156424581,110.17294294581015
10032,2025-02-26 19:30:00,358.3,23.435720603055547,9.401110734344467,36.30411976688889,884.9222222222222,97.51797171588895
10033,2025-02-26 20:00:00,336.47,23.366053698277785,9.300555743377762,36.18925685861112,887.2055555555555,98.89938375588893
10034,2025-02-26 20:30:00,349.7,22.94571933772223,9.200555366677794,35.941510560777765,785.7222222222222,142.549283305
10035,2025-02-26 21:00:00,302.57,22.277386496055552,9.199999809000015,36.68531133888888,793.3888888888889,120.40216102666662
10036,2025-02-26 21:30:00,332.37,21.8665534235,9.199999809000015,37.08044153861111,797.4833333333333,106.87206929500002
10037,2025-02-26 22:00:00,370.5,21.533941755833307,8.901666286722245,37.26898956322223,795.7111111111111,95.32387941083333
10038,2025-02-26 22:30:00,574.17,21.278053601833346,8.899999619000022,37.37658680788889,781.3944444444444,111.30543581522215
10039,2025-02-26 23:00:00,1221.13,20.99083164027779,8.800555743377762,37.436809327999995,737.4833333333333,145.5838417944443
10040,2025-02-26 23:30:00,351.4,20.787830522555602,8.601111491055534,37.69141337088887,732.8388888888888,126.09826613666662
10041,2025-02-27 00:00:00,364.81,20.64208294927375,8.500558661346368,37.855236735307265,733.9553072625698,111.64322393798881
10042,2025-02-27 00:30:00,359.9,20.487274964833333,8.400555176672244,37.89913762383333,745.1833333333333,101.68604028311107
10043,2025-02-27 01:00:00,305.87,20.359109147444453,8.399999619000022,37.86708308338889,754.0111111111111,91.9670391931666
10044,2025-02-27 01:30:00,433.2,20.219331073777784,8.20111091905557,37.91747894305557,745.8944444444444,82.58861202694442
10045,2025-02-27 02:00:00,449.23,19.962052430611102,8.100555933377755,38.21914863616667,751.3277777777778,74.68263914355552
10046,2025-02-27 02:30:00,421.33,19.914774948222234,8.100000380999978,38.16373509322225,760.6333333333333,68.22956634122222
10047,2025-02-27 03:00:00,450.47,19.71872026705557,8.000555557672222,38.4280135681667,763.0944444444444,62.58832530972225
10048,2025-02-27 03:30:00,430.8,19.693941243833336,8.099444823327756,38.359586376999964,762.6611111111112,56.89492437577779
10049,2025-02-27 04:00:00,452.3,19.528218767833344,8.199444256622238,38.5618882707778,761.8722222222223,51.6741866855556
10050,2025-02-27 04:30:00,431.67,19.479273987444447,8.398888508944466,39.04211073961112,764.1,80.48734082222222
10051,2025-02-27 05:00:00,500.8,20.21966390666666,8.5,38.36671424444443,741.7,112.24180946500009
10052,2025-02-27 05:30:00,382.1,21.041284275277782,8.699999809000015,37.15999308683334,758.4611111111111,94.99503597733332
10053,2025-02-27 06:00:00,288.9,21.66481374,8.5,36.55890672581005,778.7765363128492,82.51823915452515
10054,2025-02-27 06:30:00,834.23,22.280608516111116,9.295555745494429,36.86620137983334,831.9555555555555,78.1729321795555
10055,2025-02-27 07:00:00,471.47,22.803942224500005,9.996111112172223,36.18395099655555,752.2444444444444,95.89089686044443
10056,2025-02-27 07:30:00,428.83,22.945386876555556,10.894999622111124,35.216920492500016,654.6777777777778,50.12659032633332
10057,2025-02-27 08:00:00,550.83,22.663496865333332,11.397221842222233,34.79485596588891,611.6444444444444,95.90417607616668
10058,2025-02-27 08:30:00,346.53,22.91183104044446,11.897221842222237,35.13473796894445,706.5944444444444,103.07697300611109
10059,2025-02-27 09:00:00,410.57,22.9359978997778,12.098889264666653,35.714047771055576,854.4777777777778,85.36415735861112
10060,2025-02-27 09:30:00,301.17,22.8686087505,12.398332957555569,36.274235301500006,998.3,71.54799677527775
10061,2025-02-27 10:00:00,435.03,22.80455325466667,12.201110920055562,35.16839593255557,822.3333333333334,76.41759800411111
10062,2025-02-27 10:30:00,398.31,22.07494175183334,12.597778154611097,35.350344403722225,688.25,77.19717822633335
10063,2025-02-27 11:00:00,719.73,21.699719924916216,12.997765365251396,36.62801810754189,758.2122905027933,82.79269456033522
10064,2025-02-27 11:30:00,1096.23,21.84033118366667,12.90055517766668,37.49154675822222,824.9388888888889,83.58575426661108
10065,2025-02-27 12:00:00,529.27,22.45777413088891,12.701110920055562,36.42368751127777,793.05,114.16844779283326
10066,2025-02-27 12:30:00,397.63,22.89699690105558,12.699999810000007,35.75232151844446,743.7222222222222,91.1412053003333
10067,2025-02-27 13:00:00,344.03,22.943942610722257,12.699999810000007,36.02806053166667,743.7555555555556,119.6835066051667
10068,2025-02-27 13:30:00,407.77,22.737719186166675,12.799444632333328,36.08748611833334,727.6888888888889,145.0383715261111
10069,2025-02-27 14:00:00,344.43,22.486219607500008,12.899444067611125,36.61658401488887,742.1222222222223,112.92958145499998
10070,2025-02-27 14:30:00,344.2,22.335997157722225,12.800555742388884,36.36992119666667,702.9555555555555,101.97583033222226
10071,2025-02-27 15:00:00,401.13,22.153941992055532,12.60111149005554,36.43595396650001,670.6,91.97694460544446
10072,2025-02-27 15:30:00,314.97,22.066774579666692,12.401110735333347,37.367289246555565,738.2611111111111,80.4734858193333
10073,2025-02-27 16:00:00,342.97,21.934108776777784,12.598889264666653,37.25765558844444,768.95,72.44213091538887
10074,2025-02-27 16:30:00,393.4,21.715996034022364,12.202234450055872,37.10542766195529,726.6145251396648,71.23088770541902
10075,2025-02-27 17:00:00,372.83,21.94099506833335,11.901666287722236,36.37219280694447,726.4444444444445,105.95754279811106
10076,2025-02-27 17:30:00,673.0,22.543609195000005,11.40277739777779,36.086122978944466,765.7666666666667,137.99119114505555
10077,2025-02-27 18:00:00,868.8,23.26382957083335,11.201110920055562,36.50284368688887,826.9055555555556,140.63225966777782
10078,2025-02-27 18:30:00,997.5,23.26966394922222,11.001111110055556,35.15245992877779,707.6611111111112,179.95786344777784
10079,2025-02-27 19:00:00,371.83,23.412998242166704,10.801111300055549,35.191321181944424,733.3666666666667,149.355609725
10080,2025-02-27 19:30:00,375.83,23.504108631111112,10.699999810000007,35.12856413494444,755.5055555555556,129.54473105444453
10081,2025-02-27 20:00:00,372.4,23.388109005777775,10.600555932388875,34.74350677055557,744.4722222222222,135.48254975555557
10082,2025-02-27 20:30:00,361.8,23.403330506388905,10.500555557666667,34.60890100266669,737.8777777777777,123.86661652055557
10083,2025-02-27 21:00:00,360.27,23.64516465988888,10.399999620000013,34.369005542055575,760.9611111111111,109.06759121933327
10084,2025-02-27 21:30:00,365.03,23.24732981794445,10.199999810000007,34.363682704333335,726.9111111111112,145.5259206535556
10085,2025-02-27 22:00:00,344.97,22.67646163039106,10.100000379999987,34.76955554486036,691.0335195530727,135.79084880000008
10086,2025-02-27 22:30:00,375.67,22.213330120611122,9.901110734338912,35.33232387977778,707.3777777777777,122.71479844111114
10087,2025-02-27 23:00:00,345.63,21.78102291988892,9.60166704343331,35.77825910766666,707.6166666666667,110.87552528388876
10088,2025-02-27 23:30:00,439.63,21.462164826055552,9.401110734344467,36.08898493488887,712.9388888888889,100.57685517366663
10089,2025-02-28 00:00:00,480.07,21.189997006000002,9.201110919055571,36.68493997788889,728.6222222222223,89.67860671116668
10090,2025-02-28 00:30:00,365.07,20.857386175944466,9.100555933377755,36.952099016277764,714.1611111111112,81.0617848290555
10091,2025-02-28 01:00:00,428.3,20.62899735783335,8.901110734344467,36.97109989566669,697.8888888888889,73.28528963705554
10092,2025-02-28 01:30:00,435.63,20.440497695333345,8.800000190999985,36.99659349622223,685.8888888888889,66.7560157773889
10093,2025-02-28 02:00:00,427.9,20.294164636277788,8.700555366677794,37.02567467194443,678.4777777777778,60.49567387911119
10094,2025-02-28 02:30:00,417.2,20.50333043250001,8.600000380999978,36.716650072944454,726.0166666666667,88.85377292655552
10095,2025-02-28 03:00:00,484.47,21.33199778688889,8.399999619000022,35.235750685888895,658.35,108.70552185561117
10096,2025-02-28 03:30:00,421.6,21.965072813687154,8.300000190999985,34.6902516114525,678.6927374301677,92.32540356519554
10097,2025-02-28 04:00:00,413.2,22.43064995933335,8.200555366677794,34.21534510694447,697.0833333333334,80.71224449966667
10098,2025-02-28 04:30:00,434.33,22.73894200883337,8.100555933377755,33.93408347222221,704.4166666666666,70.86813755033337
10099,2025-02-28 05:00:00,377.43,22.850164073944462,8.100000380999978,33.92059565605556,724.5277777777778,62.43361127605557
10100,2025-02-28 05:30:00,372.37,22.804775175055568,8.199999809000014,34.11365011022222,732.55,55.7163323087222
10101,2025-02-28 06:00:00,824.73,22.865331331777774,8.100000380999978,35.06288714944442,744.9055555555556,47.21267138572224
10102,2025-02-28 06:30:00,1041.43,22.95055365033332,9.094444825444421,34.58234784905556,744.25,39.92764347916667
10103,2025-02-28 07:00:00,584.9,22.972164048611116,9.899999619000024,34.391201082999984,735.3555555555556,31.943533028277788
10104,2025-02-28 07:30:00,544.2,23.233497767833338,11.199999810000007,34.72897766983333,779.2888888888889,24.280867078333333
10105,2025-02-28 08:00:00,398.67,23.53777432994447,12.199999810000007,34.72217788722223,855.9,20.36982475922222
10106,2025-02-28 08:30:00,260.0,23.378664229111124,12.899999620000015,35.465941895388916,995.9944444444444,17.417457845444435
10107,2025-02-28 09:00:00,345.1,23.194296576648068,13.300000189999993,36.3915193434637,1115.9944134078212,15.427243019441347
10108,2025-02-28 09:30:00,549.4,23.12866347694446,13.399444067611125,36.0202908196111,1025.7722222222221,68.59387206494446
10109,2025-02-28 10:00:00,830.43,22.52983019077779,13.499444442333333,35.96262109533333,858.9611111111111,69.51494032527775
10110,2025-02-28 10:30:00,557.63,22.098219182611114,13.5,36.031153276222206,768.1944444444445,53.092371940944446
10111,2025-02-28 11:00:00,947.13,21.808219284888896,13.40055517766668,36.544979222666655,709.4555555555555,36.19750285649999
10112,2025-02-28 11:30:00,352.93,21.78322021700004,13.797777964611106,37.87612857794442,703.7222222222222,30.43866975577779
10113,2025-02-28 12:00:00,559.53,21.580719990555558,13.899444067611125,37.81446747272224,723.3222222222222,65.27774133700004
10114,2025-02-28 12:30:00,420.17,21.518441645555576,14.297777964611106,37.15461453305556,700.2888888888889,67.78250340188887
10115,2025-02-28 13:00:00,366.03,21.494275040666707,14.697777589888895,36.61583951294447,662.25,85.92146182522221
10116,2025-02-28 13:30:00,429.13,21.43088650266664,14.89888850994446,36.68157418577777,655.7944444444445,70.53289845827777
10117,2025-02-28 14:00:00,323.1,21.368497805333327,14.899999620000015,36.6302568225,646.7,64.22512749488888
10118,2025-02-28 14:30:00,366.53,21.334721932681582,14.600000379999985,36.125814789720664,628.7374301675977,120.52156488603356
10119,2025-02-28 15:00:00,408.23,21.26143076255557,14.301666857722216,36.383037312944445,629.7111111111111,92.83105485783338
10120,2025-02-28 15:30:00,352.03,21.187885062666656,13.800000189999993,36.45766109888888,629.1277777777777,80.49238272744444
10121,2025-02-28 16:00:00,363.76,21.091107844944446,13.100000379999985,36.48596229561115,627.0833333333334,71.06719406916666
10122,2025-02-28 16:30:00,1272.6,21.022219181722217,12.600000379999985,36.70631633349999,653.7944444444445,76.62683079966669
10123,2025-02-28 17:00:00,1401.93,22.093385823833334,12.0,37.18803145044443,746.8944444444444,94.56303257466668
10124,2025-02-28 17:30:00,503.4,22.92555236844444,11.5,36.93522167211111,745.1666666666666,121.54021805944444
10125,2025-02-28 18:00:00,428.83,23.132830344666672,11.100000379999987,36.097148958611086,781.9666666666667,109.08226190927776
10126,2025-02-28 18:30:00,347.13,23.103441311999987,10.800000189999993,35.24279607127779,759.8166666666667,119.22428546277777
10127,2025-02-28 19:00:00,387.17,23.1498301936111,10.399999620000013,35.35371598111112,777.75,101.15170105666661
10128,2025-02-28 19:30:00,380.33,23.09494335277776,10.199999810000007,35.358740637111104,788.0777777777778,88.56688143411112
10129,2025-02-28 20:00:00,386.17,23.100604979106137,10.100000379999987,35.29841006430167,804.8379888268156,78.40821629541891
10130,2025-02-28 20:30:00,474.8,23.16555368638889,9.899999619000024,34.43033273500001,757.9222222222222,109.97698885527781
10131,2025-02-28 21:00:00,414.29,22.508885892555558,9.800000190999985,34.6320343438889,690.9222222222222,108.35419082466666
10132,2025-02-28 21:30:00,368.03,21.988997396333346,9.600000380999978,35.11399334805556,692.6611111111112,93.25135523422225
