Asset,Type,Valid Date UTC,Energy KWh,Power KW,Radiation
E.K. Chalki,PhotovoltaicArray,2024-07-01 00:00:00,0.0,0.0,0.0
E.K. Chalki,PhotovoltaicArray,2024-07-01 00:15:00,0.0,0.0,0.0
E.K. Chalki,PhotovoltaicArray,2024-07-01 00:30:00,0.0,0.0,0.0
E.K. Chalki,PhotovoltaicArray,2024-07-01 00:45:00,0.0,0.0,0.0
E.K. Chalki,PhotovoltaicArray,2024-07-01 01:00:00,0.0,0.0,0.0
E.K. Chalki,PhotovoltaicArray,2024-07-01 01:15:00,0.0,0.0,0.0
E.K. Chalki,PhotovoltaicArray,2024-07-01 01:30:00,0.0,0.0,0.0
E.K. Chalki,PhotovoltaicArray,2024-07-01 01:45:00,0.0,0.0,0.0
E.K. Chalki,PhotovoltaicArray,2024-07-01 02:00:00,0.0,0.0,0.0
E.K. Chalki,PhotovoltaicArray,2024-07-01 02:15:00,0.0,0.0,0.0
E.K. Chalki,PhotovoltaicArray,2024-07-01 02:30:00,0.0,0.0,0.0
E.K. Chalki,PhotovoltaicArray,2024-07-01 02:45:00,0.0,0.0,0.0
E.K. Chalki,PhotovoltaicArray,2024-07-01 03:00:00,0.0,0.0,11.560980133059127
E.K. Chalki,PhotovoltaicArray,2024-07-01 03:15:00,0.9477930665016174,3.7911722660064697,23.121960266118254
E.K. Chalki,PhotovoltaicArray,2024-07-01 03:30:00,3.0664901733398438,12.265960693359375,34.68294039917738
E.K. Chalki,PhotovoltaicArray,2024-07-01 03:45:00,5.2526984214782715,21.010793685913086,46.24392053223651
E.K. Chalki,PhotovoltaicArray,2024-07-01 04:00:00,8.9238920211792,35.6955680847168,86.20469968781046
E.K. Chalki,PhotovoltaicArray,2024-07-01 04:15:00,12.030755996704102,48.123023986816406,126.16547884338438
E.K. Chalki,PhotovoltaicArray,2024-07-01 04:30:00,18.35666847229004,73.42667388916016,166.1262579989583
E.K. Chalki,PhotovoltaicArray,2024-07-01 04:45:00,26.700965881347656,106.80386352539062,206.08703715453223
E.K. Chalki,PhotovoltaicArray,2024-07-01 05:00:00,35.57667541503906,142.30670166015625,255.34686554756678
E.K. Chalki,PhotovoltaicArray,2024-07-01 05:15:00,46.142478942871094,184.56991577148438,304.60669394060136
E.K. Chalki,PhotovoltaicArray,2024-07-01 05:30:00,68.19182586669922,272.7673034667969,353.8665223336359
E.K. Chalki,PhotovoltaicArray,2024-07-01 05:45:00,75.66703796386719,302.66815185546875,403.12635072667047
E.K. Chalki,PhotovoltaicArray,2024-07-01 06:00:00,86.28575134277344,345.14300537109375,451.1295508443725
E.K. Chalki,PhotovoltaicArray,2024-07-01 06:15:00,99.64476776123047,398.5790710449219,499.1327509620745
E.K. Chalki,PhotovoltaicArray,2024-07-01 06:30:00,111.35584259033203,445.4233703613281,547.1359510797765
E.K. Chalki,PhotovoltaicArray,2024-07-01 06:45:00,129.45590209960938,517.8236083984375,596.1444538177445
E.K. Chalki,PhotovoltaicArray,2024-07-01 07:00:00,125.12822723388672,500.5129089355469,638.1158382138505
E.K. Chalki,PhotovoltaicArray,2024-07-01 07:15:00,130.35800170898438,521.4320068359375,680.0872226099565
E.K. Chalki,PhotovoltaicArray,2024-07-01 07:30:00,137.27239990234375,549.089599609375,722.0586070060624
E.K. Chalki,PhotovoltaicArray,2024-07-01 07:45:00,154.53501892089844,618.1400756835938,764.0299914021684
E.K. Chalki,PhotovoltaicArray,2024-07-01 08:00:00,169.0728759765625,676.29150390625,795.4456982854813
E.K. Chalki,PhotovoltaicArray,2024-07-01 08:15:00,166.4477996826172,665.7911987304688,826.8614051687941
E.K. Chalki,PhotovoltaicArray,2024-07-01 08:30:00,149.01266479492188,596.0506591796875,858.277112052107
E.K. Chalki,PhotovoltaicArray,2024-07-01 08:45:00,171.6465606689453,686.5862426757812,889.6928189354198
E.K. Chalki,PhotovoltaicArray,2024-07-01 09:00:00,173.93777465820312,695.7510986328125,908.290917410341
E.K. Chalki,PhotovoltaicArray,2024-07-01 09:15:00,166.0924072265625,664.36962890625,926.8890158852622
E.K. Chalki,PhotovoltaicArray,2024-07-01 09:30:00,190.52513122558594,762.1005249023438,945.4871143601835
E.K. Chalki,PhotovoltaicArray,2024-07-01 09:45:00,204.04449462890625,816.177978515625,964.0852128351047
E.K. Chalki,PhotovoltaicArray,2024-07-01 10:00:00,198.56484985351562,794.2593994140625,968.6090746263017
E.K. Chalki,PhotovoltaicArray,2024-07-01 10:15:00,203.11935424804688,812.4774169921875,973.1329364174987
E.K. Chalki,PhotovoltaicArray,2024-07-01 10:30:00,194.6634063720703,778.6536254882812,977.6567982086957
E.K. Chalki,PhotovoltaicArray,2024-07-01 10:45:00,179.2967529296875,717.18701171875,982.1806599998928
E.K. Chalki,PhotovoltaicArray,2024-07-01 11:00:00,182.16831970214844,728.6732788085938,973.3842620725652
E.K. Chalki,PhotovoltaicArray,2024-07-01 11:15:00,174.80641174316406,699.2256469726562,964.5878641452376
E.K. Chalki,PhotovoltaicArray,2024-07-01 11:30:00,167.287109375,669.1484375,955.79146621791
E.K. Chalki,PhotovoltaicArray,2024-07-01 11:45:00,174.24864196777344,696.9945678710938,946.9950682905824
E.K. Chalki,PhotovoltaicArray,2024-07-01 12:00:00,163.3152618408203,653.2610473632812,923.3704567143312
E.K. Chalki,PhotovoltaicArray,2024-07-01 12:15:00,178.10328674316406,712.4131469726562,899.7458451380799
E.K. Chalki,PhotovoltaicArray,2024-07-01 12:30:00,148.15611267089844,592.6244506835938,876.1212335618287
E.K. Chalki,PhotovoltaicArray,2024-07-01 12:45:00,157.68215942382812,630.7286376953125,851.4913193653113
E.K. Chalki,PhotovoltaicArray,2024-07-01 13:00:00,166.2119903564453,664.8479614257812,814.2951224154689
E.K. Chalki,PhotovoltaicArray,2024-07-01 13:15:00,142.73187255859375,570.927490234375,777.0989254656265
E.K. Chalki,PhotovoltaicArray,2024-07-01 13:30:00,131.90530395507812,527.6212158203125,739.9027285157841
E.K. Chalki,PhotovoltaicArray,2024-07-01 13:45:00,137.27976989746094,549.1190795898438,702.7065315659418
E.K. Chalki,PhotovoltaicArray,2024-07-01 14:00:00,113.53583526611328,454.1433410644531,656.4626110337052
E.K. Chalki,PhotovoltaicArray,2024-07-01 14:15:00,108.36380767822266,433.4552307128906,610.2186905014688
E.K. Chalki,PhotovoltaicArray,2024-07-01 14:30:00,94.3814468383789,377.5257873535156,563.9747699692324
E.K. Chalki,PhotovoltaicArray,2024-07-01 14:45:00,80.33943176269531,321.35772705078125,517.7308494369959
E.K. Chalki,PhotovoltaicArray,2024-07-01 15:00:00,79.30598449707031,317.22393798828125,467.46571842369525
E.K. Chalki,PhotovoltaicArray,2024-07-01 15:15:00,58.70381164550781,234.81524658203125,417.2005874103946
E.K. Chalki,PhotovoltaicArray,2024-07-01 15:30:00,49.27391815185547,197.09567260742188,366.9354563970941
E.K. Chalki,PhotovoltaicArray,2024-07-01 15:45:00,37.23628234863281,148.94512939453125,316.67032538379345
E.K. Chalki,PhotovoltaicArray,2024-07-01 16:00:00,27.91025161743164,111.64100646972656,268.9184509211579
E.K. Chalki,PhotovoltaicArray,2024-07-01 16:15:00,21.445880889892578,85.78352355957031,221.16657645852243
E.K. Chalki,PhotovoltaicArray,2024-07-01 16:30:00,12.495753288269043,49.98301315307617,173.4147019958869
E.K. Chalki,PhotovoltaicArray,2024-07-01 16:45:00,7.65503454208374,30.62013816833496,125.66282753325137
E.K. Chalki,PhotovoltaicArray,2024-07-01 17:00:00,4.955141544342041,19.820566177368164,96.76037720060357
E.K. Chalki,PhotovoltaicArray,2024-07-01 17:15:00,0.0,0.0,67.85792686795575
E.K. Chalki,PhotovoltaicArray,2024-07-01 17:30:00,0.0,0.0,38.95547653530793
E.K. Chalki,PhotovoltaicArray,2024-07-01 17:45:00,0.0,0.0,10.053026202660112
E.K. Chalki,PhotovoltaicArray,2024-07-01 18:00:00,0.0,0.0,7.539769651995083
E.K. Chalki,PhotovoltaicArray,2024-07-01 18:15:00,0.0,0.0,5.026513101330056
E.K. Chalki,PhotovoltaicArray,2024-07-01 18:30:00,0.0,0.0,2.513256550665028
E.K. Chalki,PhotovoltaicArray,2024-07-01 18:45:00,0.0,0.0,0.0
E.K. Chalki,PhotovoltaicArray,2024-07-01 19:00:00,0.0,0.0,0.0
E.K. Chalki,PhotovoltaicArray,2024-07-01 19:15:00,0.0,0.0,0.0
E.K. Chalki,PhotovoltaicArray,2024-07-01 19:30:00,0.0,0.0,0.0
E.K. Chalki,PhotovoltaicArray,2024-07-01 19:45:00,0.0,0.0,0.0
E.K. Chalki,PhotovoltaicArray,2024-07-01 20:00:00,0.0,0.0,0.0
E.K. Chalki,PhotovoltaicArray,2024-07-01 20:15:00,0.0,0.0,0.0
E.K. Chalki,PhotovoltaicArray,2024-07-01 20:30:00,0.0,0.0,0.0
E.K. Chalki,PhotovoltaicArray,2024-07-01 20:45:00,0.0,0.0,0.0
E.K. Chalki,PhotovoltaicArray,2024-07-01 21:00:00,0.0,0.0,0.0
E.K. Chalki,PhotovoltaicArray,2024-07-01 21:15:00,0.0,0.0,0.0
E.K. Chalki,PhotovoltaicArray,2024-07-01 21:30:00,0.0,0.0,0.0
E.K. Chalki,PhotovoltaicArray,2024-07-01 21:45:00,0.0,0.0,0.0
E.K. Chalki,PhotovoltaicArray,2024-07-01 22:00:00,0.0,0.0,0.0
E.K. Chalki,PhotovoltaicArray,2024-07-01 22:15:00,0.0,0.0,0.0
E.K. Chalki,PhotovoltaicArray,2024-07-01 22:30:00,0.0,0.0,0.0
E.K. Chalki,PhotovoltaicArray,2024-07-01 22:45:00,0.0,0.0,0.0
E.K. Chalki,PhotovoltaicArray,2024-07-01 23:00:00,0.0,0.0,0.0
E.K. Chalki,PhotovoltaicArray,2024-07-01 23:15:00,0.0,0.0,0.0
E.K. Chalki,PhotovoltaicArray,2024-07-01 23:30:00,0.0,0.0,0.0
E.K. Chalki,PhotovoltaicArray,2024-07-01 23:45:00,0.0,0.0,0.0
E.K. Chalki,PhotovoltaicArray,2024-07-02 00:00:00,0.0,0.0,0.0
E.K. Chalki,PhotovoltaicArray,2024-07-02 00:15:00,0.0,0.0,0.0
E.K. Chalki,PhotovoltaicArray,2024-07-02 00:30:00,0.0,0.0,0.0
E.K. Chalki,PhotovoltaicArray,2024-07-02 00:45:00,0.0,0.0,0.0
E.K. Chalki,PhotovoltaicArray,2024-07-02 01:00:00,0.0,0.0,0.0
E.K. Chalki,PhotovoltaicArray,2024-07-02 01:15:00,0.0,0.0,0.0
E.K. Chalki,PhotovoltaicArray,2024-07-02 01:30:00,0.0,0.0,0.0
E.K. Chalki,PhotovoltaicArray,2024-07-02 01:45:00,0.0,0.0,0.0
E.K. Chalki,PhotovoltaicArray,2024-07-02 02:00:00,0.0,0.0,0.0
E.K. Chalki,PhotovoltaicArray,2024-07-02 02:15:00,0.0,0.0,0.0
E.K. Chalki,PhotovoltaicArray,2024-07-02 02:30:00,0.0,0.0,0.0
E.K. Chalki,PhotovoltaicArray,2024-07-02 02:45:00,0.0,0.0,0.0
E.K. Chalki,PhotovoltaicArray,2024-07-02 03:00:00,0.0,0.0,11.819410497172235
E.K. Chalki,PhotovoltaicArray,2024-07-02 03:15:00,0.9477930665016174,3.7911722660064697,23.63882099434447
E.K. Chalki,PhotovoltaicArray,2024-07-02 03:30:00,3.0664901733398438,12.265960693359375,35.458231491516706
E.K. Chalki,PhotovoltaicArray,2024-07-02 03:45:00,5.2526984214782715,21.010793685913086,47.27764198868894
E.K. Chalki,PhotovoltaicArray,2024-07-02 04:00:00,8.9238920211792,35.6955680847168,88.2683635001586
E.K. Chalki,PhotovoltaicArray,2024-07-02 04:15:00,12.030755996704102,48.123023986816406,129.2590850116283
E.K. Chalki,PhotovoltaicArray,2024-07-02 04:30:00,18.678504943847656,74.71401977539062,170.24980652309796
E.K. Chalki,PhotovoltaicArray,2024-07-02 04:45:00,25.1617374420166,100.6469497680664,211.24052803456763
E.K. Chalki,PhotovoltaicArray,2024-07-02 05:00:00,35.57536697387695,142.3014678955078,261.284415033233
E.K. Chalki,PhotovoltaicArray,2024-07-02 05:15:00,46.6724739074707,186.6898956298828,311.3283020318985
E.K. Chalki,PhotovoltaicArray,2024-07-02 05:30:00,70.08006286621094,280.32025146484375,361.3721890305639
E.K. Chalki,PhotovoltaicArray,2024-07-02 05:45:00,75.9637680053711,303.8550720214844,411.4160760292293
E.K. Chalki,PhotovoltaicArray,2024-07-02 06:00:00,85.72704315185547,342.9081726074219,460.20257893245093
E.K. Chalki,PhotovoltaicArray,2024-07-02 06:15:00,94.67723083496094,378.70892333984375,508.98908183567255
E.K. Chalki,PhotovoltaicArray,2024-07-02 06:30:00,112.81729125976562,451.2691650390625,557.7755847388942
E.K. Chalki,PhotovoltaicArray,2024-07-02 06:45:00,128.58822631835938,514.3529052734375,607.5679949184706
E.K. Chalki,PhotovoltaicArray,2024-07-02 07:00:00,126.29566955566406,505.18267822265625,649.5646237062954
E.K. Chalki,PhotovoltaicArray,2024-07-02 07:15:00,133.42672729492188,533.7069091796875,691.5612524941201
E.K. Chalki,PhotovoltaicArray,2024-07-02 07:30:00,139.39749145507812,557.5899658203125,733.5578812819448
E.K. Chalki,PhotovoltaicArray,2024-07-02 07:45:00,160.01194763183594,640.0477905273438,775.5545100697695
E.K. Chalki,PhotovoltaicArray,2024-07-02 08:00:00,169.38778686523438,677.5511474609375,806.989112455866
E.K. Chalki,PhotovoltaicArray,2024-07-02 08:15:00,166.12991333007812,664.5196533203125,838.4237148419625
E.K. Chalki,PhotovoltaicArray,2024-07-02 08:30:00,173.65480041503906,694.6192016601562,869.8583172280588
E.K. Chalki,PhotovoltaicArray,2024-07-02 08:45:00,183.1199951171875,732.47998046875,901.2929196141552
E.K. Chalki,PhotovoltaicArray,2024-07-02 09:00:00,173.4444580078125,693.77783203125,920.1536810458131
E.K. Chalki,PhotovoltaicArray,2024-07-02 09:15:00,176.39419555664062,705.5767822265625,939.0144424774708
E.K. Chalki,PhotovoltaicArray,2024-07-02 09:30:00,159.35205078125,637.408203125,957.8752039091287
E.K. Chalki,PhotovoltaicArray,2024-07-02 09:45:00,214.05120849609375,856.204833984375,976.7359653407865
E.K. Chalki,PhotovoltaicArray,2024-07-02 10:00:00,178.64430236816406,714.5772094726562,980.7595944462067
E.K. Chalki,PhotovoltaicArray,2024-07-02 10:15:00,190.83981323242188,763.3592529296875,984.7832235516272
E.K. Chalki,PhotovoltaicArray,2024-07-02 10:30:00,193.63856506347656,774.5542602539062,988.8068526570473
E.K. Chalki,PhotovoltaicArray,2024-07-02 10:45:00,147.72482299804688,590.8992919921875,992.8304817624678
E.K. Chalki,PhotovoltaicArray,2024-07-02 11:00:00,182.49571228027344,729.9828491210938,981.0110712652954
E.K. Chalki,PhotovoltaicArray,2024-07-02 11:15:00,191.70877075195312,766.8350830078125,969.1916607681234
E.K. Chalki,PhotovoltaicArray,2024-07-02 11:30:00,168.53302001953125,674.132080078125,957.3722502709511
E.K. Chalki,PhotovoltaicArray,2024-07-02 11:45:00,168.92691040039062,675.7076416015625,945.5528397737788
E.K. Chalki,PhotovoltaicArray,2024-07-02 12:00:00,161.3911895751953,645.5647583007812,919.9022042267243
E.K. Chalki,PhotovoltaicArray,2024-07-02 12:15:00,140.17474365234375,560.698974609375,894.2515686796696
E.K. Chalki,PhotovoltaicArray,2024-07-02 12:30:00,156.10116577148438,624.4046630859375,868.6009331326148
E.K. Chalki,PhotovoltaicArray,2024-07-02 12:45:00,150.7299041748047,602.9196166992188,841.9443903092052
E.K. Chalki,PhotovoltaicArray,2024-07-02 13:00:00,167.31707763671875,669.268310546875,804.7258210840672
E.K. Chalki,PhotovoltaicArray,2024-07-02 13:15:00,139.46884155273438,557.8753662109375,767.507251858929
E.K. Chalki,PhotovoltaicArray,2024-07-02 13:30:00,131.93072509765625,527.722900390625,730.2886826337909
E.K. Chalki,PhotovoltaicArray,2024-07-02 13:45:00,141.01611328125,564.064453125,693.0701134086528
E.K. Chalki,PhotovoltaicArray,2024-07-02 14:00:00,112.81969451904297,451.2787780761719,647.3013323344965
E.K. Chalki,PhotovoltaicArray,2024-07-02 14:15:00,103.02969360351562,412.1187744140625,601.5325512603403
E.K. Chalki,PhotovoltaicArray,2024-07-02 14:30:00,86.89815521240234,347.5926208496094,555.7637701861838
E.K. Chalki,PhotovoltaicArray,2024-07-02 14:45:00,79.59436798095703,318.3774719238281,509.9949891120275
E.K. Chalki,PhotovoltaicArray,2024-07-02 15:00:00,76.42888641357422,305.7155456542969,460.7055325706284
E.K. Chalki,PhotovoltaicArray,2024-07-02 15:15:00,61.71080017089844,246.84320068359375,411.4160760292293
E.K. Chalki,PhotovoltaicArray,2024-07-02 15:30:00,48.44290542602539,193.77162170410156,362.12661948783017
E.K. Chalki,PhotovoltaicArray,2024-07-02 15:45:00,37.23628234863281,148.94512939453125,312.8371629464311
E.K. Chalki,PhotovoltaicArray,2024-07-02 16:00:00,27.211530685424805,108.84612274169922,265.55952095774217
E.K. Chalki,PhotovoltaicArray,2024-07-02 16:15:00,18.42665672302246,73.70662689208984,218.2818789690532
E.K. Chalki,PhotovoltaicArray,2024-07-02 16:30:00,12.495753288269043,49.98301315307617,171.00423698036425
E.K. Chalki,PhotovoltaicArray,2024-07-02 16:45:00,7.65503454208374,30.62013816833496,123.72659499167533
E.K. Chalki,PhotovoltaicArray,2024-07-02 17:00:00,4.955141544342041,19.820566177368164,95.05823761555546
E.K. Chalki,PhotovoltaicArray,2024-07-02 17:15:00,0.0,0.0,66.38988023943554
E.K. Chalki,PhotovoltaicArray,2024-07-02 17:30:00,0.0,0.0,37.72152286331565
E.K. Chalki,PhotovoltaicArray,2024-07-02 17:45:00,0.0,0.0,9.053165487195756
E.K. Chalki,PhotovoltaicArray,2024-07-02 18:00:00,0.0,0.0,6.789874115396817
E.K. Chalki,PhotovoltaicArray,2024-07-02 18:15:00,0.0,0.0,4.526582743597878
E.K. Chalki,PhotovoltaicArray,2024-07-02 18:30:00,0.0,0.0,2.263291371798939
E.K. Chalki,PhotovoltaicArray,2024-07-02 18:45:00,0.0,0.0,0.0
E.K. Chalki,PhotovoltaicArray,2024-07-02 19:00:00,0.0,0.0,0.0
E.K. Chalki,PhotovoltaicArray,2024-07-02 19:15:00,0.0,0.0,0.0
E.K. Chalki,PhotovoltaicArray,2024-07-02 19:30:00,0.0,0.0,0.0
E.K. Chalki,PhotovoltaicArray,2024-07-02 19:45:00,0.0,0.0,0.0
E.K. Chalki,PhotovoltaicArray,2024-07-02 20:00:00,0.0,0.0,0.0
E.K. Chalki,PhotovoltaicArray,2024-07-02 20:15:00,0.0,0.0,0.0
E.K. Chalki,PhotovoltaicArray,2024-07-02 20:30:00,0.0,0.0,0.0
E.K. Chalki,PhotovoltaicArray,2024-07-02 20:45:00,0.0,0.0,0.0
E.K. Chalki,PhotovoltaicArray,2024-07-02 21:00:00,0.0,0.0,0.0
E.K. Chalki,PhotovoltaicArray,2024-07-02 21:15:00,0.0,0.0,0.0
E.K. Chalki,PhotovoltaicArray,2024-07-02 21:30:00,0.0,0.0,0.0
E.K. Chalki,PhotovoltaicArray,2024-07-02 21:45:00,0.0,0.0,0.0
E.K. Chalki,PhotovoltaicArray,2024-07-02 22:00:00,0.0,0.0,0.0
E.K. Chalki,PhotovoltaicArray,2024-07-02 22:15:00,0.0,0.0,0.0
E.K. Chalki,PhotovoltaicArray,2024-07-02 22:30:00,0.0,0.0,0.0
E.K. Chalki,PhotovoltaicArray,2024-07-02 22:45:00,0.0,0.0,0.0
E.K. Chalki,PhotovoltaicArray,2024-07-02 23:00:00,0.0,0.0,0.0
E.K. Chalki,PhotovoltaicArray,2024-07-02 23:15:00,0.0,0.0,0.0
E.K. Chalki,PhotovoltaicArray,2024-07-02 23:30:00,0.0,0.0,0.0
E.K. Chalki,PhotovoltaicArray,2024-07-02 23:45:00,0.0,0.0,0.0
E.K. Chalki,PhotovoltaicArray,2024-07-03 00:00:00,0.0,0.0,0.0
E.K. Chalki,PhotovoltaicArray,2024-07-03 00:15:00,0.0,0.0,0.0
E.K. Chalki,PhotovoltaicArray,2024-07-03 00:30:00,0.0,0.0,0.0
E.K. Chalki,PhotovoltaicArray,2024-07-03 00:45:00,0.0,0.0,0.0
E.K. Chalki,PhotovoltaicArray,2024-07-03 01:00:00,0.0,0.0,0.0
E.K. Chalki,PhotovoltaicArray,2024-07-03 01:15:00,0.0,0.0,0.0
E.K. Chalki,PhotovoltaicArray,2024-07-03 01:30:00,0.0,0.0,0.0
E.K. Chalki,PhotovoltaicArray,2024-07-03 01:45:00,0.0,0.0,0.0
E.K. Chalki,PhotovoltaicArray,2024-07-03 02:00:00,0.0,0.0,0.0
E.K. Chalki,PhotovoltaicArray,2024-07-03 02:15:00,0.0,0.0,0.0
E.K. Chalki,PhotovoltaicArray,2024-07-03 02:30:00,0.0,0.0,0.0
E.K. Chalki,PhotovoltaicArray,2024-07-03 02:45:00,0.0,0.0,0.0
E.K. Chalki,PhotovoltaicArray,2024-07-03 03:00:00,0.0,0.0,10.82057754232312
E.K. Chalki,PhotovoltaicArray,2024-07-03 03:15:00,0.7281042337417603,2.912416934967041,21.64115508464624
E.K. Chalki,PhotovoltaicArray,2024-07-03 03:30:00,3.0751476287841797,12.300590515136719,32.46173262696935
E.K. Chalki,PhotovoltaicArray,2024-07-03 03:45:00,4.600383758544922,18.401535034179688,43.28231016929248
E.K. Chalki,PhotovoltaicArray,2024-07-03 04:00:00,8.774972915649414,35.099891662597656,82.03507625110085
E.K. Chalki,PhotovoltaicArray,2024-07-03 04:15:00,12.146967887878418,48.58787155151367,120.78784233290924
E.K. Chalki,PhotovoltaicArray,2024-07-03 04:30:00,18.35666847229004,73.42667388916016,159.54060841471758
E.K. Chalki,PhotovoltaicArray,2024-07-03 04:45:00,25.868284225463867,103.47313690185547,198.29337449652598
E.K. Chalki,PhotovoltaicArray,2024-07-03 05:00:00,35.00664520263672,140.02658081054688,246.86015276788325
E.K. Chalki,PhotovoltaicArray,2024-07-03 05:15:00,45.15241241455078,180.60964965820312,295.4269310392405
E.K. Chalki,PhotovoltaicArray,2024-07-03 05:30:00,63.65971755981445,254.6388702392578,343.9937093105978
E.K. Chalki,PhotovoltaicArray,2024-07-03 05:45:00,65.3175277709961,261.2701110839844,392.56048758195504
E.K. Chalki,PhotovoltaicArray,2024-07-03 06:00:00,82.6999282836914,330.7997131347656,439.8690591623445
E.K. Chalki,PhotovoltaicArray,2024-07-03 06:15:00,91.42768096923828,365.7107238769531,487.177630742734
E.K. Chalki,PhotovoltaicArray,2024-07-03 06:30:00,104.64546203613281,418.58184814453125,534.4862023231235
E.K. Chalki,PhotovoltaicArray,2024-07-03 06:45:00,125.32829284667969,501.31317138671875,581.7947739035129
E.K. Chalki,PhotovoltaicArray,2024-07-03 07:00:00,121.49101257324219,485.96405029296875,622.8123120290634
E.K. Chalki,PhotovoltaicArray,2024-07-03 07:15:00,126.99883270263672,507.9953308105469,663.8298501546137
E.K. Chalki,PhotovoltaicArray,2024-07-03 07:30:00,121.80733489990234,487.2293395996094,704.847388280164
E.K. Chalki,PhotovoltaicArray,2024-07-03 07:45:00,141.62164306640625,566.486572265625,745.8649264057145
E.K. Chalki,PhotovoltaicArray,2024-07-03 08:00:00,169.292236328125,677.1689453125,777.068452341716
E.K. Chalki,PhotovoltaicArray,2024-07-03 08:15:00,167.33042907714844,669.3217163085938,808.2719782777176
E.K. Chalki,PhotovoltaicArray,2024-07-03 08:30:00,157.91075134277344,631.6430053710938,839.4755042137192
E.K. Chalki,PhotovoltaicArray,2024-07-03 08:45:00,169.88877868652344,679.5551147460938,870.6790301497207
E.K. Chalki,PhotovoltaicArray,2024-07-03 09:00:00,170.1935272216797,680.7741088867188,888.29392382327
E.K. Chalki,PhotovoltaicArray,2024-07-03 09:15:00,144.71246337890625,578.849853515625,905.9088174968194
E.K. Chalki,PhotovoltaicArray,2024-07-03 09:30:00,166.24151611328125,664.966064453125,923.5237111703685
E.K. Chalki,PhotovoltaicArray,2024-07-03 09:45:00,181.99375915527344,727.9750366210938,941.1386048439178
E.K. Chalki,PhotovoltaicArray,2024-07-03 10:00:00,154.54197692871094,618.1679077148438,944.9132249168213
E.K. Chalki,PhotovoltaicArray,2024-07-03 10:15:00,122.78602600097656,491.14410400390625,948.6878449897247
E.K. Chalki,PhotovoltaicArray,2024-07-03 10:30:00,167.24327087402344,668.9730834960938,952.4624650626281
E.K. Chalki,PhotovoltaicArray,2024-07-03 10:45:00,157.94273376464844,631.7709350585938,956.2370851355315
E.K. Chalki,PhotovoltaicArray,2024-07-03 11:00:00,199.1293182373047,796.5172729492188,945.9197902695955
E.K. Chalki,PhotovoltaicArray,2024-07-03 11:15:00,162.93951416015625,651.758056640625,935.6024954036595
E.K. Chalki,PhotovoltaicArray,2024-07-03 11:30:00,163.88693237304688,655.5477294921875,925.2852005377234
E.K. Chalki,PhotovoltaicArray,2024-07-03 11:45:00,156.688720703125,626.7548828125,914.9679056717874
E.K. Chalki,PhotovoltaicArray,2024-07-03 12:00:00,154.97006225585938,619.8802490234375,890.558695867012
E.K. Chalki,PhotovoltaicArray,2024-07-03 12:15:00,162.33164978027344,649.3265991210938,866.1494860622366
E.K. Chalki,PhotovoltaicArray,2024-07-03 12:30:00,136.22569274902344,544.9027709960938,841.7402762574612
E.K. Chalki,PhotovoltaicArray,2024-07-03 12:45:00,143.69931030273438,574.7972412109375,821.3573278637829
E.K. Chalki,PhotovoltaicArray,2024-07-03 13:00:00,129.0581512451172,516.2326049804688,785.1209751639101
E.K. Chalki,PhotovoltaicArray,2024-07-03 13:15:00,131.55203247070312,526.2081298828125,748.8846224640373
E.K. Chalki,PhotovoltaicArray,2024-07-03 13:30:00,107.05220794677734,428.2088317871094,712.6482697641645
E.K. Chalki,PhotovoltaicArray,2024-07-03 13:45:00,132.4080047607422,529.6320190429688,676.4119170642919
E.K. Chalki,PhotovoltaicArray,2024-07-03 14:00:00,123.24095153808594,492.96380615234375,631.3681175276444
E.K. Chalki,PhotovoltaicArray,2024-07-03 14:15:00,98.51809692382812,394.0723876953125,586.324317990997
E.K. Chalki,PhotovoltaicArray,2024-07-03 14:30:00,97.02771759033203,388.1108703613281,541.2805184543496
E.K. Chalki,PhotovoltaicArray,2024-07-03 14:45:00,77.3226089477539,309.2904357910156,496.23671891770215
E.K. Chalki,PhotovoltaicArray,2024-07-03 15:00:00,77.45465087890625,309.818603515625,447.1666579699577
E.K. Chalki,PhotovoltaicArray,2024-07-03 15:15:00,58.668975830078125,234.6759033203125,398.09659702221336
E.K. Chalki,PhotovoltaicArray,2024-07-03 15:30:00,47.54661178588867,190.1864471435547,349.02653607446905
E.K. Chalki,PhotovoltaicArray,2024-07-03 15:45:00,34.24388885498047,136.97555541992188,299.9564751267246
E.K. Chalki,PhotovoltaicArray,2024-07-03 16:00:00,25.343761444091797,101.37504577636719,254.15775157549655
E.K. Chalki,PhotovoltaicArray,2024-07-03 16:15:00,18.10933494567871,72.43733978271484,208.35902802426847
E.K. Chalki,PhotovoltaicArray,2024-07-03 16:30:00,12.652159690856934,50.608638763427734,162.56030447304036
E.K. Chalki,PhotovoltaicArray,2024-07-03 16:45:00,7.829281330108643,31.31712532043457,116.76158092181227
E.K. Chalki,PhotovoltaicArray,2024-07-03 17:00:00,4.800189971923828,19.200759887695312,89.83595773510125
E.K. Chalki,PhotovoltaicArray,2024-07-03 17:15:00,0.0,0.0,62.91033454839023
E.K. Chalki,PhotovoltaicArray,2024-07-03 17:30:00,0.0,0.0,35.98471136167921
E.K. Chalki,PhotovoltaicArray,2024-07-03 17:45:00,0.0,0.0,9.059088174968194
E.K. Chalki,PhotovoltaicArray,2024-07-03 18:00:00,0.0,0.0,6.794316131226145
E.K. Chalki,PhotovoltaicArray,2024-07-03 18:15:00,0.0,0.0,4.529544087484097
E.K. Chalki,PhotovoltaicArray,2024-07-03 18:30:00,0.0,0.0,2.2647720437420484
E.K. Chalki,PhotovoltaicArray,2024-07-03 18:45:00,0.0,0.0,0.0
E.K. Chalki,PhotovoltaicArray,2024-07-03 19:00:00,0.0,0.0,0.0
E.K. Chalki,PhotovoltaicArray,2024-07-03 19:15:00,0.0,0.0,0.0
E.K. Chalki,PhotovoltaicArray,2024-07-03 19:30:00,0.0,0.0,0.0
E.K. Chalki,PhotovoltaicArray,2024-07-03 19:45:00,0.0,0.0,0.0
E.K. Chalki,PhotovoltaicArray,2024-07-03 20:00:00,0.0,0.0,0.0
E.K. Chalki,PhotovoltaicArray,2024-07-03 20:15:00,0.0,0.0,0.0
E.K. Chalki,PhotovoltaicArray,2024-07-03 20:30:00,0.0,0.0,0.0
E.K. Chalki,PhotovoltaicArray,2024-07-03 20:45:00,0.0,0.0,0.0
E.K. Chalki,PhotovoltaicArray,2024-07-03 21:00:00,0.0,0.0,0.0
E.K. Chalki,PhotovoltaicArray,2024-07-03 21:15:00,0.0,0.0,0.0
E.K. Chalki,PhotovoltaicArray,2024-07-03 21:30:00,0.0,0.0,0.0
E.K. Chalki,PhotovoltaicArray,2024-07-03 21:45:00,0.0,0.0,0.0
E.K. Chalki,PhotovoltaicArray,2024-07-03 22:00:00,0.0,0.0,0.0
E.K. Chalki,PhotovoltaicArray,2024-07-03 22:15:00,0.0,0.0,0.0
E.K. Chalki,PhotovoltaicArray,2024-07-03 22:30:00,0.0,0.0,0.0
E.K. Chalki,PhotovoltaicArray,2024-07-03 22:45:00,0.0,0.0,0.0
E.K. Chalki,PhotovoltaicArray,2024-07-03 23:00:00,0.0,0.0,0.0
E.K. Chalki,PhotovoltaicArray,2024-07-03 23:15:00,0.0,0.0,0.0
E.K. Chalki,PhotovoltaicArray,2024-07-03 23:30:00,0.0,0.0,0.0
E.K. Chalki,PhotovoltaicArray,2024-07-03 23:45:00,0.0,0.0,0.0
E.K. Chalki,PhotovoltaicArray,2024-07-04 00:00:00,0.0,0.0,0.0
E.K. Chalki,PhotovoltaicArray,2024-07-04 00:15:00,0.0,0.0,0.0
E.K. Chalki,PhotovoltaicArray,2024-07-04 00:30:00,0.0,0.0,0.0
E.K. Chalki,PhotovoltaicArray,2024-07-04 00:45:00,0.0,0.0,0.0
E.K. Chalki,PhotovoltaicArray,2024-07-04 01:00:00,0.0,0.0,0.0
E.K. Chalki,PhotovoltaicArray,2024-07-04 01:15:00,0.0,0.0,0.0
E.K. Chalki,PhotovoltaicArray,2024-07-04 01:30:00,0.0,0.0,0.0
E.K. Chalki,PhotovoltaicArray,2024-07-04 01:45:00,0.0,0.0,0.0
E.K. Chalki,PhotovoltaicArray,2024-07-04 02:00:00,0.0,0.0,0.0
E.K. Chalki,PhotovoltaicArray,2024-07-04 02:15:00,0.0,0.0,0.0
E.K. Chalki,PhotovoltaicArray,2024-07-04 02:30:00,0.0,0.0,0.0
E.K. Chalki,PhotovoltaicArray,2024-07-04 02:45:00,0.0,0.0,0.0
E.K. Chalki,PhotovoltaicArray,2024-07-04 03:00:00,0.0,0.0,10.324586878150217
E.K. Chalki,PhotovoltaicArray,2024-07-04 03:15:00,0.0,0.0,20.649173756300435
E.K. Chalki,PhotovoltaicArray,2024-07-04 03:30:00,3.009491205215454,12.037964820861816,30.973760634450652
E.K. Chalki,PhotovoltaicArray,2024-07-04 03:45:00,3.863401174545288,15.453604698181152,41.29834751260087
E.K. Chalki,PhotovoltaicArray,2024-07-04 04:00:00,8.452811241149902,33.81124496459961,79.07122633510166
E.K. Chalki,PhotovoltaicArray,2024-07-04 04:15:00,12.146967887878418,48.58787155151367,116.84410515760243
E.K. Chalki,PhotovoltaicArray,2024-07-04 04:30:00,14.651726722717285,58.60690689086914,154.61698398010319
E.K. Chalki,PhotovoltaicArray,2024-07-04 04:45:00,23.681419372558594,94.72567749023438,192.38986280260397
E.K. Chalki,PhotovoltaicArray,2024-07-04 05:00:00,33.8306884765625,135.32275390625,239.73187092680496
E.K. Chalki,PhotovoltaicArray,2024-07-04 05:15:00,44.591796875,178.3671875,287.073879051006
E.K. Chalki,PhotovoltaicArray,2024-07-04 05:30:00,61.62959289550781,246.51837158203125,334.415887175207
E.K. Chalki,PhotovoltaicArray,2024-07-04 05:45:00,64.95967864990234,259.8387145996094,381.75789529940795
E.K. Chalki,PhotovoltaicArray,2024-07-04 06:00:00,82.44880676269531,329.79522705078125,427.84080746285895
E.K. Chalki,PhotovoltaicArray,2024-07-04 06:15:00,88.1507568359375,352.60302734375,473.92371962630995
E.K. Chalki,PhotovoltaicArray,2024-07-04 06:30:00,105.58263397216797,422.3305358886719,520.006631789761
E.K. Chalki,PhotovoltaicArray,2024-07-04 06:45:00,123.38912200927734,493.5564880371094,566.0895439532119
E.K. Chalki,PhotovoltaicArray,2024-07-04 07:00:00,119.77033233642578,479.0813293457031,606.1287955050627
E.K. Chalki,PhotovoltaicArray,2024-07-04 07:15:00,130.8257293701172,523.3029174804688,646.1680470569136
E.K. Chalki,PhotovoltaicArray,2024-07-04 07:30:00,125.9083023071289,503.6332092285156,686.2072986087644
E.K. Chalki,PhotovoltaicArray,2024-07-04 07:45:00,143.8297576904297,575.3190307617188,726.2465501606152
E.K. Chalki,PhotovoltaicArray,2024-07-04 08:00:00,151.81997680664062,607.2799072265625,757.4721299872158
E.K. Chalki,PhotovoltaicArray,2024-07-04 08:15:00,167.696533203125,670.7861328125,788.6977098138165
E.K. Chalki,PhotovoltaicArray,2024-07-04 08:30:00,148.18893432617188,592.7557373046875,819.9232896404171
E.K. Chalki,PhotovoltaicArray,2024-07-04 08:45:00,160.39259338378906,641.5703735351562,851.1488694670178
E.K. Chalki,PhotovoltaicArray,2024-07-04 09:00:00,157.67247009277344,630.6898803710938,870.2871280704181
E.K. Chalki,PhotovoltaicArray,2024-07-04 09:15:00,123.79959869384766,495.1983947753906,889.4253866738185
E.K. Chalki,PhotovoltaicArray,2024-07-04 09:30:00,142.80535888671875,571.221435546875,908.563645277219
E.K. Chalki,PhotovoltaicArray,2024-07-04 09:45:00,198.40028381347656,793.6011352539062,927.7019038806194
E.K. Chalki,PhotovoltaicArray,2024-07-04 10:00:00,128.0707550048828,512.2830200195312,930.4719149942695
E.K. Chalki,PhotovoltaicArray,2024-07-04 10:15:00,142.14320373535156,568.5728149414062,933.2419261079195
E.K. Chalki,PhotovoltaicArray,2024-07-04 10:30:00,166.7013397216797,666.8053588867188,936.0119372215695
E.K. Chalki,PhotovoltaicArray,2024-07-04 10:45:00,179.64491271972656,718.5796508789062,938.7819483352195
E.K. Chalki,PhotovoltaicArray,2024-07-04 11:00:00,200.21844482421875,800.873779296875,927.1982654963192
E.K. Chalki,PhotovoltaicArray,2024-07-04 11:15:00,108.75665283203125,435.026611328125,915.6145826574192
E.K. Chalki,PhotovoltaicArray,2024-07-04 11:30:00,158.64268493652344,634.5707397460938,904.030899818519
E.K. Chalki,PhotovoltaicArray,2024-07-04 11:45:00,146.05575561523438,584.2230224609375,892.4472169796187
E.K. Chalki,PhotovoltaicArray,2024-07-04 12:00:00,153.2109832763672,612.8439331054688,871.0425856468681
E.K. Chalki,PhotovoltaicArray,2024-07-04 12:15:00,168.31224060058594,673.2489624023438,849.6379543141178
E.K. Chalki,PhotovoltaicArray,2024-07-04 12:30:00,141.23756408691406,564.9502563476562,828.2333229813672
E.K. Chalki,PhotovoltaicArray,2024-07-04 12:45:00,143.7672576904297,575.0690307617188,808.843245185817
E.K. Chalki,PhotovoltaicArray,2024-07-04 13:00:00,128.30128479003906,513.2051391601562,773.3367390926662
E.K. Chalki,PhotovoltaicArray,2024-07-04 13:15:00,130.4902801513672,521.9611206054688,737.8302329995155
E.K. Chalki,PhotovoltaicArray,2024-07-04 13:30:00,124.64706420898438,498.5882568359375,702.3237269063646
E.K. Chalki,PhotovoltaicArray,2024-07-04 13:45:00,130.3937225341797,521.5748901367188,666.8172208132139
E.K. Chalki,PhotovoltaicArray,2024-07-04 14:00:00,113.06729125976562,452.2691650390625,622.2452238026631
E.K. Chalki,PhotovoltaicArray,2024-07-04 14:15:00,108.21510314941406,432.86041259765625,577.673226792112
E.K. Chalki,PhotovoltaicArray,2024-07-04 14:30:00,82.26213836669922,329.0485534667969,533.1012297815612
E.K. Chalki,PhotovoltaicArray,2024-07-04 14:45:00,82.47252655029297,329.8901062011719,488.52923277101024
E.K. Chalki,PhotovoltaicArray,2024-07-04 15:00:00,76.00238037109375,304.009521484375,439.9281286860592
E.K. Chalki,PhotovoltaicArray,2024-07-04 15:15:00,56.75202560424805,227.0081024169922,391.3270246011081
E.K. Chalki,PhotovoltaicArray,2024-07-04 15:30:00,43.64342498779297,174.57369995117188,342.7259205161572
E.K. Chalki,PhotovoltaicArray,2024-07-04 15:45:00,34.13194274902344,136.52777099609375,294.12481643120617
E.K. Chalki,PhotovoltaicArray,2024-07-04 16:00:00,24.80399513244629,99.21598052978516,248.7973618442052
E.K. Chalki,PhotovoltaicArray,2024-07-04 16:15:00,18.21880340576172,72.87521362304688,203.46990725720423
E.K. Chalki,PhotovoltaicArray,2024-07-04 16:30:00,11.938962936401367,47.75585174560547,158.1424526702033
E.K. Chalki,PhotovoltaicArray,2024-07-04 16:45:00,7.829281330108643,31.31712532043457,112.81499808320235
E.K. Chalki,PhotovoltaicArray,2024-07-04 17:00:00,4.800189971923828,19.200759887695312,86.62580209960181
E.K. Chalki,PhotovoltaicArray,2024-07-04 17:15:00,0.0,0.0,60.43660611600126
E.K. Chalki,PhotovoltaicArray,2024-07-04 17:30:00,0.0,0.0,34.24741013240071
E.K. Chalki,PhotovoltaicArray,2024-07-04 17:45:00,0.0,0.0,8.058214148800168
E.K. Chalki,PhotovoltaicArray,2024-07-04 18:00:00,0.0,0.0,6.043660611600126
E.K. Chalki,PhotovoltaicArray,2024-07-04 18:15:00,0.0,0.0,4.029107074400084
E.K. Chalki,PhotovoltaicArray,2024-07-04 18:30:00,0.0,0.0,2.014553537200042
E.K. Chalki,PhotovoltaicArray,2024-07-04 18:45:00,0.0,0.0,0.0
E.K. Chalki,PhotovoltaicArray,2024-07-04 19:00:00,0.0,0.0,0.0
E.K. Chalki,PhotovoltaicArray,2024-07-04 19:15:00,0.0,0.0,0.0
E.K. Chalki,PhotovoltaicArray,2024-07-04 19:30:00,0.0,0.0,0.0
E.K. Chalki,PhotovoltaicArray,2024-07-04 19:45:00,0.0,0.0,0.0
E.K. Chalki,PhotovoltaicArray,2024-07-04 20:00:00,0.0,0.0,0.0
E.K. Chalki,PhotovoltaicArray,2024-07-04 20:15:00,0.0,0.0,0.0
E.K. Chalki,PhotovoltaicArray,2024-07-04 20:30:00,0.0,0.0,0.0
E.K. Chalki,PhotovoltaicArray,2024-07-04 20:45:00,0.0,0.0,0.0
E.K. Chalki,PhotovoltaicArray,2024-07-04 21:00:00,0.0,0.0,0.0
E.K. Chalki,PhotovoltaicArray,2024-07-04 21:15:00,0.0,0.0,0.0
E.K. Chalki,PhotovoltaicArray,2024-07-04 21:30:00,0.0,0.0,0.0
E.K. Chalki,PhotovoltaicArray,2024-07-04 21:45:00,0.0,0.0,0.0
E.K. Chalki,PhotovoltaicArray,2024-07-04 22:00:00,0.0,0.0,0.0
E.K. Chalki,PhotovoltaicArray,2024-07-04 22:15:00,0.0,0.0,0.0
E.K. Chalki,PhotovoltaicArray,2024-07-04 22:30:00,0.0,0.0,0.0
E.K. Chalki,PhotovoltaicArray,2024-07-04 22:45:00,0.0,0.0,0.0
E.K. Chalki,PhotovoltaicArray,2024-07-04 23:00:00,0.0,0.0,0.0
E.K. Chalki,PhotovoltaicArray,2024-07-04 23:15:00,0.0,0.0,0.0
E.K. Chalki,PhotovoltaicArray,2024-07-04 23:30:00,0.0,0.0,0.0
E.K. Chalki,PhotovoltaicArray,2024-07-04 23:45:00,0.0,0.0,0.0
E.K. Chalki,PhotovoltaicArray,2024-07-05 00:00:00,0.0,0.0,0.0
E.K. Chalki,PhotovoltaicArray,2024-07-05 00:15:00,0.0,0.0,0.0
E.K. Chalki,PhotovoltaicArray,2024-07-05 00:30:00,0.0,0.0,0.0
E.K. Chalki,PhotovoltaicArray,2024-07-05 00:45:00,0.0,0.0,0.0
E.K. Chalki,PhotovoltaicArray,2024-07-05 01:00:00,0.0,0.0,0.0
E.K. Chalki,PhotovoltaicArray,2024-07-05 01:15:00,0.0,0.0,0.0
E.K. Chalki,PhotovoltaicArray,2024-07-05 01:30:00,0.0,0.0,0.0
E.K. Chalki,PhotovoltaicArray,2024-07-05 01:45:00,0.0,0.0,0.0
E.K. Chalki,PhotovoltaicArray,2024-07-05 02:00:00,0.0,0.0,0.0
E.K. Chalki,PhotovoltaicArray,2024-07-05 02:15:00,0.0,0.0,0.0
E.K. Chalki,PhotovoltaicArray,2024-07-05 02:30:00,0.0,0.0,0.0
E.K. Chalki,PhotovoltaicArray,2024-07-05 02:45:00,0.0,0.0,0.0
E.K. Chalki,PhotovoltaicArray,2024-07-05 03:00:00,0.0,0.0,9.324383295204802
E.K. Chalki,PhotovoltaicArray,2024-07-05 03:15:00,0.0,0.0,18.648766590409604
E.K. Chalki,PhotovoltaicArray,2024-07-05 03:30:00,2.6113719940185547,10.445487976074219,27.973149885614408
E.K. Chalki,PhotovoltaicArray,2024-07-05 03:45:00,3.6844887733459473,14.737955093383789,37.29753318081921
E.K. Chalki,PhotovoltaicArray,2024-07-05 04:00:00,8.256430625915527,33.02572250366211,72.32697312766967
E.K. Chalki,PhotovoltaicArray,2024-07-05 04:15:00,11.668496131896973,46.67398452758789,107.35641307452016
E.K. Chalki,PhotovoltaicArray,2024-07-05 04:30:00,15.227710723876953,60.91084289550781,142.38585302137062
E.K. Chalki,PhotovoltaicArray,2024-07-05 04:45:00,22.4951114654541,89.9804458618164,177.41529296822108
E.K. Chalki,PhotovoltaicArray,2024-07-05 05:00:00,30.398513793945312,121.59405517578125,224.7932405222347
E.K. Chalki,PhotovoltaicArray,2024-07-05 05:15:00,43.01692199707031,172.06768798828125,272.17118807624826
E.K. Chalki,PhotovoltaicArray,2024-07-05 05:30:00,48.984310150146484,195.93724060058594,319.54913563026184
E.K. Chalki,PhotovoltaicArray,2024-07-05 05:45:00,66.87963104248047,267.5185241699219,366.9270831842755
E.K. Chalki,PhotovoltaicArray,2024-07-05 06:00:00,78.52106475830078,314.0842590332031,416.32111361292795
E.K. Chalki,PhotovoltaicArray,2024-07-05 06:15:00,84.29662322998047,337.1864929199219,465.7151440415804
E.K. Chalki,PhotovoltaicArray,2024-07-05 06:30:00,104.05579376220703,416.2231750488281,515.1091744702329
E.K. Chalki,PhotovoltaicArray,2024-07-05 06:45:00,123.47529602050781,493.90118408203125,562.4871220242464
E.K. Chalki,PhotovoltaicArray,2024-07-05 07:00:00,119.04672241210938,476.1868896484375,604.0688313136733
E.K. Chalki,PhotovoltaicArray,2024-07-05 07:15:00,129.9302520751953,519.7210083007812,645.6505406031
E.K. Chalki,PhotovoltaicArray,2024-07-05 07:30:00,112.39620971679688,449.5848388671875,687.2322498925269
E.K. Chalki,PhotovoltaicArray,2024-07-05 07:45:00,137.86985778808594,551.4794311523438,728.8139591819537
E.K. Chalki,PhotovoltaicArray,2024-07-05 08:00:00,152.4137420654297,609.6549682617188,760.0632437388562
E.K. Chalki,PhotovoltaicArray,2024-07-05 08:15:00,166.12875366210938,664.5150146484375,791.3125282957589
E.K. Chalki,PhotovoltaicArray,2024-07-05 08:30:00,134.23663330078125,536.946533203125,822.5618128526613
E.K. Chalki,PhotovoltaicArray,2024-07-05 08:45:00,156.8621063232422,627.4484252929688,853.8110974095639
E.K. Chalki,PhotovoltaicArray,2024-07-05 09:00:00,157.67247009277344,630.6898803710938,872.2078536406437
E.K. Chalki,PhotovoltaicArray,2024-07-05 09:15:00,179.051513671875,716.2060546875,890.6046098717235
E.K. Chalki,PhotovoltaicArray,2024-07-05 09:30:00,178.5985565185547,714.3942260742188,909.0013661028031
E.K. Chalki,PhotovoltaicArray,2024-07-05 09:45:00,160.87857055664062,643.5142822265625,927.398122333883
E.K. Chalki,PhotovoltaicArray,2024-07-05 10:00:00,118.1780776977539,472.7123107910156,931.9343088018204
E.K. Chalki,PhotovoltaicArray,2024-07-05 10:15:00,157.0497589111328,628.1990356445312,936.4704952697579
E.K. Chalki,PhotovoltaicArray,2024-07-05 10:30:00,157.1964569091797,628.7858276367188,941.0066817376953
E.K. Chalki,PhotovoltaicArray,2024-07-05 10:45:00,183.84585571289062,735.3834228515625,945.5428682056329
E.K. Chalki,PhotovoltaicArray,2024-07-05 11:00:00,214.810546875,859.2421875,935.4624538324384
E.K. Chalki,PhotovoltaicArray,2024-07-05 11:15:00,152.16705322265625,608.668212890625,925.3820394592442
E.K. Chalki,PhotovoltaicArray,2024-07-05 11:30:00,159.55148315429688,638.2059326171875,915.3016250860497
E.K. Chalki,PhotovoltaicArray,2024-07-05 11:45:00,173.7506866455078,695.0027465820312,905.2212107128554
E.K. Chalki,PhotovoltaicArray,2024-07-05 12:00:00,173.8265380859375,695.30615234375,881.2802265765188
E.K. Chalki,PhotovoltaicArray,2024-07-05 12:15:00,172.021728515625,688.0869140625,857.3392424401821
E.K. Chalki,PhotovoltaicArray,2024-07-05 12:30:00,139.88577270507812,559.5430908203125,833.3982583038454
E.K. Chalki,PhotovoltaicArray,2024-07-05 12:45:00,143.7672576904297,575.0690307617188,810.4653156048282
E.K. Chalki,PhotovoltaicArray,2024-07-05 13:00:00,130.41229248046875,521.649169921875,774.6798445799882
E.K. Chalki,PhotovoltaicArray,2024-07-05 13:15:00,130.4902801513672,521.9611206054688,738.8943735551481
E.K. Chalki,PhotovoltaicArray,2024-07-05 13:30:00,124.64706420898438,498.5882568359375,703.108902530308
E.K. Chalki,PhotovoltaicArray,2024-07-05 13:45:00,130.1996612548828,520.7986450195312,667.3234315054681
E.K. Chalki,PhotovoltaicArray,2024-07-05 14:00:00,113.06729125976562,452.2691650390625,623.7256393414023
E.K. Chalki,PhotovoltaicArray,2024-07-05 14:15:00,108.21510314941406,432.86041259765625,580.1278471773365
E.K. Chalki,PhotovoltaicArray,2024-07-05 14:30:00,78.15025329589844,312.60101318359375,536.530055013271
E.K. Chalki,PhotovoltaicArray,2024-07-05 14:45:00,83.032470703125,332.1298828125,492.9322628492052
E.K. Chalki,PhotovoltaicArray,2024-07-05 15:00:00,88.8901138305664,355.5604553222656,444.5462738578722
E.K. Chalki,PhotovoltaicArray,2024-07-05 15:15:00,58.668975830078125,234.6759033203125,396.1602848665392
E.K. Chalki,PhotovoltaicArray,2024-07-05 15:30:00,46.50381851196289,186.01527404785156,347.7742958752062
E.K. Chalki,PhotovoltaicArray,2024-07-05 15:45:00,34.24388885498047,136.97555541992188,299.38830688387316
E.K. Chalki,PhotovoltaicArray,2024-07-05 16:00:00,24.80399513244629,99.21598052978516,254.02644220449847
E.K. Chalki,PhotovoltaicArray,2024-07-05 16:15:00,18.10933494567871,72.43733978271484,208.66457752512372
E.K. Chalki,PhotovoltaicArray,2024-07-05 16:30:00,12.652159690856934,50.608638763427734,163.302712845749
E.K. Chalki,PhotovoltaicArray,2024-07-05 16:45:00,7.829281330108643,31.31712532043457,117.94084816637427
E.K. Chalki,PhotovoltaicArray,2024-07-05 17:00:00,4.955141544342041,19.820566177368164,90.72372935874945
E.K. Chalki,PhotovoltaicArray,2024-07-05 17:15:00,0.0,0.0,63.50661055112461
E.K. Chalki,PhotovoltaicArray,2024-07-05 17:30:00,0.0,0.0,36.289491743499774
E.K. Chalki,PhotovoltaicArray,2024-07-05 17:45:00,0.0,0.0,9.072372935874943
E.K. Chalki,PhotovoltaicArray,2024-07-05 18:00:00,0.0,0.0,6.804279701906207
E.K. Chalki,PhotovoltaicArray,2024-07-05 18:15:00,0.0,0.0,4.536186467937472
E.K. Chalki,PhotovoltaicArray,2024-07-05 18:30:00,0.0,0.0,2.268093233968736
E.K. Chalki,PhotovoltaicArray,2024-07-05 18:45:00,0.0,0.0,0.0
E.K. Chalki,PhotovoltaicArray,2024-07-05 19:00:00,0.0,0.0,0.0
E.K. Chalki,PhotovoltaicArray,2024-07-05 19:15:00,0.0,0.0,0.0
E.K. Chalki,PhotovoltaicArray,2024-07-05 19:30:00,0.0,0.0,0.0
E.K. Chalki,PhotovoltaicArray,2024-07-05 19:45:00,0.0,0.0,0.0
E.K. Chalki,PhotovoltaicArray,2024-07-05 20:00:00,0.0,0.0,0.0
E.K. Chalki,PhotovoltaicArray,2024-07-05 20:15:00,0.0,0.0,0.0
E.K. Chalki,PhotovoltaicArray,2024-07-05 20:30:00,0.0,0.0,0.0
E.K. Chalki,PhotovoltaicArray,2024-07-05 20:45:00,0.0,0.0,0.0
E.K. Chalki,PhotovoltaicArray,2024-07-05 21:00:00,0.0,0.0,0.0
E.K. Chalki,PhotovoltaicArray,2024-07-05 21:15:00,0.0,0.0,0.0
E.K. Chalki,PhotovoltaicArray,2024-07-05 21:30:00,0.0,0.0,0.0
E.K. Chalki,PhotovoltaicArray,2024-07-05 21:45:00,0.0,0.0,0.0
E.K. Chalki,PhotovoltaicArray,2024-07-05 22:00:00,0.0,0.0,0.0
E.K. Chalki,PhotovoltaicArray,2024-07-05 22:15:00,0.0,0.0,0.0
E.K. Chalki,PhotovoltaicArray,2024-07-05 22:30:00,0.0,0.0,0.0
E.K. Chalki,PhotovoltaicArray,2024-07-05 22:45:00,0.0,0.0,0.0
E.K. Chalki,PhotovoltaicArray,2024-07-05 23:00:00,0.0,0.0,0.0
E.K. Chalki,PhotovoltaicArray,2024-07-05 23:15:00,0.0,0.0,0.0
E.K. Chalki,PhotovoltaicArray,2024-07-05 23:30:00,0.0,0.0,0.0
E.K. Chalki,PhotovoltaicArray,2024-07-05 23:45:00,0.0,0.0,0.0
E.K. Chalki,PhotovoltaicArray,2024-07-06 00:00:00,0.0,0.0,0.0
E.K. Chalki,PhotovoltaicArray,2024-07-06 00:15:00,0.0,0.0,0.0
E.K. Chalki,PhotovoltaicArray,2024-07-06 00:30:00,0.0,0.0,0.0
E.K. Chalki,PhotovoltaicArray,2024-07-06 00:45:00,0.0,0.0,0.0
E.K. Chalki,PhotovoltaicArray,2024-07-06 01:00:00,0.0,0.0,0.0
E.K. Chalki,PhotovoltaicArray,2024-07-06 01:15:00,0.0,0.0,0.0
E.K. Chalki,PhotovoltaicArray,2024-07-06 01:30:00,0.0,0.0,0.0
E.K. Chalki,PhotovoltaicArray,2024-07-06 01:45:00,0.0,0.0,0.0
E.K. Chalki,PhotovoltaicArray,2024-07-06 02:00:00,0.0,0.0,0.0
E.K. Chalki,PhotovoltaicArray,2024-07-06 02:15:00,0.0,0.0,0.0
E.K. Chalki,PhotovoltaicArray,2024-07-06 02:30:00,0.0,0.0,0.0
E.K. Chalki,PhotovoltaicArray,2024-07-06 02:45:00,0.0,0.0,0.0
E.K. Chalki,PhotovoltaicArray,2024-07-06 03:00:00,0.0,0.0,10.340807487358777
E.K. Chalki,PhotovoltaicArray,2024-07-06 03:15:00,0.0,0.0,20.681614974717554
E.K. Chalki,PhotovoltaicArray,2024-07-06 03:30:00,2.7821285724639893,11.128514289855957,31.02242246207633
E.K. Chalki,PhotovoltaicArray,2024-07-06 03:45:00,3.863401174545288,15.453604698181152,41.36322994943511
E.K. Chalki,PhotovoltaicArray,2024-07-06 04:00:00,8.937729835510254,35.750919342041016,80.20431173122174
E.K. Chalki,PhotovoltaicArray,2024-07-06 04:15:00,12.146967887878418,48.58787155151367,119.04539351300835
E.K. Chalki,PhotovoltaicArray,2024-07-06 04:30:00,14.651726722717285,58.60690689086914,157.88647529479496
E.K. Chalki,PhotovoltaicArray,2024-07-06 04:45:00,25.081274032592773,100.3250961303711,196.72755707658158
E.K. Chalki,PhotovoltaicArray,2024-07-06 05:00:00,33.8306884765625,135.32275390625,245.15280189543245
E.K. Chalki,PhotovoltaicArray,2024-07-06 05:15:00,45.15241241455078,180.60964965820312,293.5780467142833
E.K. Chalki,PhotovoltaicArray,2024-07-06 05:30:00,53.94574737548828,215.78298950195312,342.00329153313413
E.K. Chalki,PhotovoltaicArray,2024-07-06 05:45:00,65.4227066040039,261.6908264160156,390.428536351985
E.K. Chalki,PhotovoltaicArray,2024-07-06 06:00:00,82.63961791992188,330.5584716796875,438.3493515373061
E.K. Chalki,PhotovoltaicArray,2024-07-06 06:15:00,87.48941040039062,349.9576416015625,486.2701667226273
E.K. Chalki,PhotovoltaicArray,2024-07-06 06:30:00,104.64546203613281,418.58184814453125,534.1909819079485
E.K. Chalki,PhotovoltaicArray,2024-07-06 06:45:00,127.94837951660156,511.79351806640625,583.120656360329
E.K. Chalki,PhotovoltaicArray,2024-07-06 07:00:00,121.89641571044922,487.5856628417969,625.2405307600586
E.K. Chalki,PhotovoltaicArray,2024-07-06 07:15:00,130.01072692871094,520.0429077148438,667.3604051597882
E.K. Chalki,PhotovoltaicArray,2024-07-06 07:30:00,127.49817657470703,509.9927062988281,709.480279559518
E.K. Chalki,PhotovoltaicArray,2024-07-06 07:45:00,146.1492462158203,584.5969848632812,751.6001539592476
E.K. Chalki,PhotovoltaicArray,2024-07-06 08:00:00,153.47213745117188,613.8885498046875,783.3792208716185
E.K. Chalki,PhotovoltaicArray,2024-07-06 08:15:00,175.1558837890625,700.62353515625,815.1582877839893
E.K. Chalki,PhotovoltaicArray,2024-07-06 08:30:00,157.4081573486328,629.6326293945312,846.9373546963602
E.K. Chalki,PhotovoltaicArray,2024-07-06 08:45:00,167.93299865722656,671.7319946289062,878.716421608731
E.K. Chalki,PhotovoltaicArray,2024-07-06 09:00:00,178.18319702148438,712.7327880859375,897.8847476828595
E.K. Chalki,PhotovoltaicArray,2024-07-06 09:15:00,122.95319366455078,491.8127746582031,917.0530737569879
E.K. Chalki,PhotovoltaicArray,2024-07-06 09:30:00,176.54331970214844,706.1732788085938,936.2213998311164
E.K. Chalki,PhotovoltaicArray,2024-07-06 09:45:00,178.18832397460938,712.7532958984375,955.389725905245
E.K. Chalki,PhotovoltaicArray,2024-07-06 10:00:00,123.10197448730469,492.40789794921875,959.6773777902473
E.K. Chalki,PhotovoltaicArray,2024-07-06 10:15:00,162.712158203125,650.8486328125,963.9650296752498
E.K. Chalki,PhotovoltaicArray,2024-07-06 10:30:00,157.96949768066406,631.8779907226562,968.2526815602523
E.K. Chalki,PhotovoltaicArray,2024-07-06 10:45:00,182.14822387695312,728.5928955078125,972.5403334452548
E.K. Chalki,PhotovoltaicArray,2024-07-06 11:00:00,176.18006896972656,704.7202758789062,962.4517407746607
E.K. Chalki,PhotovoltaicArray,2024-07-06 11:15:00,145.42425537109375,581.697021484375,952.3631481040668
E.K. Chalki,PhotovoltaicArray,2024-07-06 11:30:00,163.16543579101562,652.6617431640625,942.2745554334729
E.K. Chalki,PhotovoltaicArray,2024-07-06 11:45:00,164.2398223876953,656.9592895507812,932.1859627628788
E.K. Chalki,PhotovoltaicArray,2024-07-06 12:00:00,173.88197326660156,695.5278930664062,907.7211255366886
E.K. Chalki,PhotovoltaicArray,2024-07-06 12:15:00,167.60813903808594,670.4325561523438,883.2562883104983
E.K. Chalki,PhotovoltaicArray,2024-07-06 12:30:00,158.33363342285156,633.3345336914062,858.791451084308
E.K. Chalki,PhotovoltaicArray,2024-07-06 12:45:00,137.8015594482422,551.2062377929688,833.3177545910582
E.K. Chalki,PhotovoltaicArray,2024-07-06 13:00:00,133.2564239501953,533.0256958007812,797.251035793685
E.K. Chalki,PhotovoltaicArray,2024-07-06 13:15:00,135.6125946044922,542.4503784179688,761.1843169963118
E.K. Chalki,PhotovoltaicArray,2024-07-06 13:30:00,130.46246337890625,521.849853515625,725.1175981989385
E.K. Chalki,PhotovoltaicArray,2024-07-06 13:45:00,131.67764282226562,526.7105712890625,689.0508794015652
E.K. Chalki,PhotovoltaicArray,2024-07-06 14:00:00,123.21192932128906,492.84771728515625,643.9044272006574
E.K. Chalki,PhotovoltaicArray,2024-07-06 14:15:00,107.39651489257812,429.5860595703125,598.7579749997496
E.K. Chalki,PhotovoltaicArray,2024-07-06 14:30:00,90.4854736328125,361.94189453125,553.6115227988419
E.K. Chalki,PhotovoltaicArray,2024-07-06 14:45:00,80.60812377929688,322.4324951171875,508.46507059793396
E.K. Chalki,PhotovoltaicArray,2024-07-06 15:00:00,76.4093246459961,305.6372985839844,458.7787516952589
E.K. Chalki,PhotovoltaicArray,2024-07-06 15:15:00,64.2442626953125,256.97705078125,409.09243279258374
E.K. Chalki,PhotovoltaicArray,2024-07-06 15:30:00,48.44290542602539,193.77162170410156,359.4061138899086
E.K. Chalki,PhotovoltaicArray,2024-07-06 15:45:00,34.75765609741211,139.03062438964844,309.71979498723357
E.K. Chalki,PhotovoltaicArray,2024-07-06 16:00:00,27.211530685424805,108.84612274169922,262.55562425220694
E.K. Chalki,PhotovoltaicArray,2024-07-06 16:15:00,18.337387084960938,73.34954833984375,215.39145351718034
E.K. Chalki,PhotovoltaicArray,2024-07-06 16:30:00,12.495753288269043,49.98301315307617,168.22728278215374
E.K. Chalki,PhotovoltaicArray,2024-07-06 16:45:00,7.829281330108643,31.31712532043457,121.06311204712713
E.K. Chalki,PhotovoltaicArray,2024-07-06 17:00:00,4.955141544342041,19.820566177368164,93.06726738622898
E.K. Chalki,PhotovoltaicArray,2024-07-06 17:15:00,0.0,0.0,65.07142272533083
E.K. Chalki,PhotovoltaicArray,2024-07-06 17:30:00,0.0,0.0,37.07557806443268
E.K. Chalki,PhotovoltaicArray,2024-07-06 17:45:00,0.0,0.0,9.079733403534535
E.K. Chalki,PhotovoltaicArray,2024-07-06 18:00:00,0.0,0.0,6.809800052650901
E.K. Chalki,PhotovoltaicArray,2024-07-06 18:15:00,0.0,0.0,4.539866701767267
E.K. Chalki,PhotovoltaicArray,2024-07-06 18:30:00,0.0,0.0,2.2699333508836337
E.K. Chalki,PhotovoltaicArray,2024-07-06 18:45:00,0.0,0.0,0.0
E.K. Chalki,PhotovoltaicArray,2024-07-06 19:00:00,0.0,0.0,0.0
E.K. Chalki,PhotovoltaicArray,2024-07-06 19:15:00,0.0,0.0,0.0
E.K. Chalki,PhotovoltaicArray,2024-07-06 19:30:00,0.0,0.0,0.0
E.K. Chalki,PhotovoltaicArray,2024-07-06 19:45:00,0.0,0.0,0.0
E.K. Chalki,PhotovoltaicArray,2024-07-06 20:00:00,0.0,0.0,0.0
E.K. Chalki,PhotovoltaicArray,2024-07-06 20:15:00,0.0,0.0,0.0
E.K. Chalki,PhotovoltaicArray,2024-07-06 20:30:00,0.0,0.0,0.0
E.K. Chalki,PhotovoltaicArray,2024-07-06 20:45:00,0.0,0.0,0.0
E.K. Chalki,PhotovoltaicArray,2024-07-06 21:00:00,0.0,0.0,0.0
E.K. Chalki,PhotovoltaicArray,2024-07-06 21:15:00,0.0,0.0,0.0
E.K. Chalki,PhotovoltaicArray,2024-07-06 21:30:00,0.0,0.0,0.0
E.K. Chalki,PhotovoltaicArray,2024-07-06 21:45:00,0.0,0.0,0.0
E.K. Chalki,PhotovoltaicArray,2024-07-06 22:00:00,0.0,0.0,0.0
E.K. Chalki,PhotovoltaicArray,2024-07-06 22:15:00,0.0,0.0,0.0
E.K. Chalki,PhotovoltaicArray,2024-07-06 22:30:00,0.0,0.0,0.0
E.K. Chalki,PhotovoltaicArray,2024-07-06 22:45:00,0.0,0.0,0.0
E.K. Chalki,PhotovoltaicArray,2024-07-06 23:00:00,0.0,0.0,0.0
E.K. Chalki,PhotovoltaicArray,2024-07-06 23:15:00,0.0,0.0,0.0
E.K. Chalki,PhotovoltaicArray,2024-07-06 23:30:00,0.0,0.0,0.0
E.K. Chalki,PhotovoltaicArray,2024-07-06 23:45:00,0.0,0.0,0.0
E.K. Chalki,PhotovoltaicArray,2024-07-07 00:00:00,0.0,0.0,0.0
E.K. Chalki,PhotovoltaicArray,2024-07-07 00:15:00,0.0,0.0,0.0
E.K. Chalki,PhotovoltaicArray,2024-07-07 00:30:00,0.0,0.0,0.0
E.K. Chalki,PhotovoltaicArray,2024-07-07 00:45:00,0.0,0.0,0.0
E.K. Chalki,PhotovoltaicArray,2024-07-07 01:00:00,0.0,0.0,0.0
E.K. Chalki,PhotovoltaicArray,2024-07-07 01:15:00,0.0,0.0,0.0
E.K. Chalki,PhotovoltaicArray,2024-07-07 01:30:00,0.0,0.0,0.0
E.K. Chalki,PhotovoltaicArray,2024-07-07 01:45:00,0.0,0.0,0.0
E.K. Chalki,PhotovoltaicArray,2024-07-07 02:00:00,0.0,0.0,0.0
E.K. Chalki,PhotovoltaicArray,2024-07-07 02:15:00,0.0,0.0,0.0
E.K. Chalki,PhotovoltaicArray,2024-07-07 02:30:00,0.0,0.0,0.0
E.K. Chalki,PhotovoltaicArray,2024-07-07 02:45:00,0.0,0.0,0.0
E.K. Chalki,PhotovoltaicArray,2024-07-07 03:00:00,0.0,0.0,10.097301608297453
E.K. Chalki,PhotovoltaicArray,2024-07-07 03:15:00,0.0,0.0,20.194603216594906
E.K. Chalki,PhotovoltaicArray,2024-07-07 03:30:00,2.6113719940185547,10.445487976074219,30.29190482489236
E.K. Chalki,PhotovoltaicArray,2024-07-07 03:45:00,3.863401174545288,15.453604698181152,40.38920643318981
E.K. Chalki,PhotovoltaicArray,2024-07-07 04:00:00,8.937729835510254,35.750919342041016,79.263817625135
E.K. Chalki,PhotovoltaicArray,2024-07-07 04:15:00,12.146967887878418,48.58787155151367,118.1384288170802
E.K. Chalki,PhotovoltaicArray,2024-07-07 04:30:00,14.651726722717285,58.60690689086914,157.01304000902536
E.K. Chalki,PhotovoltaicArray,2024-07-07 04:45:00,26.670684814453125,106.6827392578125,195.88765120097057
E.K. Chalki,PhotovoltaicArray,2024-07-07 05:00:00,33.8306884765625,135.32275390625,244.35469892079834
E.K. Chalki,PhotovoltaicArray,2024-07-07 05:15:00,45.15241241455078,180.60964965820312,292.82174664062615
E.K. Chalki,PhotovoltaicArray,2024-07-07 05:30:00,53.94574737548828,215.78298950195312,341.28879436045395
E.K. Chalki,PhotovoltaicArray,2024-07-07 05:45:00,65.4227066040039,261.6908264160156,389.7558420802817
E.K. Chalki,PhotovoltaicArray,2024-07-07 06:00:00,82.63961791992188,330.5584716796875,437.7180247196946
E.K. Chalki,PhotovoltaicArray,2024-07-07 06:15:00,87.48941040039062,349.9576416015625,485.6802073591075
E.K. Chalki,PhotovoltaicArray,2024-07-07 06:30:00,104.64546203613281,418.58184814453125,533.6423899985203
E.K. Chalki,PhotovoltaicArray,2024-07-07 06:45:00,125.32829284667969,501.31317138671875,581.6045726379333
E.K. Chalki,PhotovoltaicArray,2024-07-07 07:00:00,122.0889663696289,488.3558654785156,623.2559417721602
E.K. Chalki,PhotovoltaicArray,2024-07-07 07:15:00,126.99883270263672,507.9953308105469,664.9073109063874
E.K. Chalki,PhotovoltaicArray,2024-07-07 07:30:00,121.80733489990234,487.2293395996094,706.5586800406141
E.K. Chalki,PhotovoltaicArray,2024-07-07 07:45:00,143.13330078125,572.533203125,748.2100491748412
E.K. Chalki,PhotovoltaicArray,2024-07-07 08:00:00,153.2244415283203,612.8977661132812,780.0165492409782
E.K. Chalki,PhotovoltaicArray,2024-07-07 08:15:00,175.35665893554688,701.4266357421875,811.8230493071151
E.K. Chalki,PhotovoltaicArray,2024-07-07 08:30:00,160.01034545898438,640.0413818359375,843.6295493732521
E.K. Chalki,PhotovoltaicArray,2024-07-07 08:45:00,166.2593994140625,665.03759765625,875.4360494393891
E.K. Chalki,PhotovoltaicArray,2024-07-07 09:00:00,171.75567626953125,687.022705078125,894.1160574147393
E.K. Chalki,PhotovoltaicArray,2024-07-07 09:15:00,128.27377319335938,513.0950927734375,912.7960653900898
E.K. Chalki,PhotovoltaicArray,2024-07-07 09:30:00,156.02374267578125,624.094970703125,931.4760733654401
E.K. Chalki,PhotovoltaicArray,2024-07-07 09:45:00,111.72453308105469,446.89813232421875,950.1560813407904
E.K. Chalki,PhotovoltaicArray,2024-07-07 10:00:00,123.38580322265625,493.543212890625,953.9425694439019
E.K. Chalki,PhotovoltaicArray,2024-07-07 10:15:00,121.9952392578125,487.98095703125,957.7290575470134
E.K. Chalki,PhotovoltaicArray,2024-07-07 10:30:00,156.45074462890625,625.802978515625,961.5155456501249
E.K. Chalki,PhotovoltaicArray,2024-07-07 10:45:00,183.8045196533203,735.2180786132812,965.3020337532364
E.K. Chalki,PhotovoltaicArray,2024-07-07 11:00:00,176.31549072265625,705.261962890625,954.6998670645241
E.K. Chalki,PhotovoltaicArray,2024-07-07 11:15:00,139.27186584472656,557.0874633789062,944.0977003758118
E.K. Chalki,PhotovoltaicArray,2024-07-07 11:30:00,169.02899169921875,676.115966796875,933.4955336870995
E.K. Chalki,PhotovoltaicArray,2024-07-07 11:45:00,158.52394104003906,634.0957641601562,922.8933669983871
E.K. Chalki,PhotovoltaicArray,2024-07-07 12:00:00,144.77427673339844,579.0971069335938,898.6598431384732
E.K. Chalki,PhotovoltaicArray,2024-07-07 12:15:00,171.10926818847656,684.4370727539062,874.4263192785594
E.K. Chalki,PhotovoltaicArray,2024-07-07 12:30:00,149.99099731445312,599.9639892578125,850.1927954186456
E.K. Chalki,PhotovoltaicArray,2024-07-07 12:45:00,142.89837646484375,571.593505859375,825.9592715587316
E.K. Chalki,PhotovoltaicArray,2024-07-07 13:00:00,128.14053344726562,512.5621337890625,789.6089857688609
E.K. Chalki,PhotovoltaicArray,2024-07-07 13:15:00,132.05918884277344,528.2367553710938,753.25869997899
E.K. Chalki,PhotovoltaicArray,2024-07-07 13:30:00,122.93009948730469,491.72039794921875,716.9084141891192
E.K. Chalki,PhotovoltaicArray,2024-07-07 13:45:00,135.90924072265625,543.636962890625,680.5581283992484
E.K. Chalki,PhotovoltaicArray,2024-07-07 14:00:00,123.21192932128906,492.84771728515625,635.6251362423246
E.K. Chalki,PhotovoltaicArray,2024-07-07 14:15:00,105.79041290283203,423.1616516113281,590.692144085401
E.K. Chalki,PhotovoltaicArray,2024-07-07 14:30:00,79.98794555664062,319.9517822265625,545.7591519284773
E.K. Chalki,PhotovoltaicArray,2024-07-07 14:45:00,78.02470397949219,312.09881591796875,500.82615977155365
E.K. Chalki,PhotovoltaicArray,2024-07-07 15:00:00,78.21206665039062,312.8482666015625,451.34938189089615
E.K. Chalki,PhotovoltaicArray,2024-07-07 15:15:00,59.88858413696289,239.55433654785156,401.8726040102386
E.K. Chalki,PhotovoltaicArray,2024-07-07 15:30:00,47.54661178588867,190.1864471435547,352.39582612958117
E.K. Chalki,PhotovoltaicArray,2024-07-07 15:45:00,34.24388885498047,136.97555541992188,302.9190482489236
E.K. Chalki,PhotovoltaicArray,2024-07-07 16:00:00,25.382518768310547,101.53007507324219,256.7238933909628
E.K. Chalki,PhotovoltaicArray,2024-07-07 16:15:00,18.337387084960938,73.34954833984375,210.52873853300193
E.K. Chalki,PhotovoltaicArray,2024-07-07 16:30:00,12.652159690856934,50.608638763427734,164.3335836750411
E.K. Chalki,PhotovoltaicArray,2024-07-07 16:45:00,7.829281330108643,31.31712532043457,118.13842881708023
E.K. Chalki,PhotovoltaicArray,2024-07-07 17:00:00,4.955141544342041,19.820566177368164,90.62328193446966
E.K. Chalki,PhotovoltaicArray,2024-07-07 17:15:00,0.0,0.0,63.108135051859094
E.K. Chalki,PhotovoltaicArray,2024-07-07 17:30:00,0.0,0.0,35.59298816924852
E.K. Chalki,PhotovoltaicArray,2024-07-07 17:45:00,0.0,0.0,8.077841286637963
E.K. Chalki,PhotovoltaicArray,2024-07-07 18:00:00,0.0,0.0,6.058380964978472
E.K. Chalki,PhotovoltaicArray,2024-07-07 18:15:00,0.0,0.0,4.038920643318981
E.K. Chalki,PhotovoltaicArray,2024-07-07 18:30:00,0.0,0.0,2.0194603216594906
E.K. Chalki,PhotovoltaicArray,2024-07-07 18:45:00,0.0,0.0,0.0
E.K. Chalki,PhotovoltaicArray,2024-07-07 19:00:00,0.0,0.0,0.0
E.K. Chalki,PhotovoltaicArray,2024-07-07 19:15:00,0.0,0.0,0.0
E.K. Chalki,PhotovoltaicArray,2024-07-07 19:30:00,0.0,0.0,0.0
E.K. Chalki,PhotovoltaicArray,2024-07-07 19:45:00,0.0,0.0,0.0
E.K. Chalki,PhotovoltaicArray,2024-07-07 20:00:00,0.0,0.0,0.0
E.K. Chalki,PhotovoltaicArray,2024-07-07 20:15:00,0.0,0.0,0.0
E.K. Chalki,PhotovoltaicArray,2024-07-07 20:30:00,0.0,0.0,0.0
E.K. Chalki,PhotovoltaicArray,2024-07-07 20:45:00,0.0,0.0,0.0
E.K. Chalki,PhotovoltaicArray,2024-07-07 21:00:00,0.0,0.0,0.0
E.K. Chalki,PhotovoltaicArray,2024-07-07 21:15:00,0.0,0.0,0.0
E.K. Chalki,PhotovoltaicArray,2024-07-07 21:30:00,0.0,0.0,0.0
E.K. Chalki,PhotovoltaicArray,2024-07-07 21:45:00,0.0,0.0,0.0
E.K. Chalki,PhotovoltaicArray,2024-07-07 22:00:00,0.0,0.0,0.0
E.K. Chalki,PhotovoltaicArray,2024-07-07 22:15:00,0.0,0.0,0.0
E.K. Chalki,PhotovoltaicArray,2024-07-07 22:30:00,0.0,0.0,0.0
E.K. Chalki,PhotovoltaicArray,2024-07-07 22:45:00,0.0,0.0,0.0
E.K. Chalki,PhotovoltaicArray,2024-07-07 23:00:00,0.0,0.0,0.0
E.K. Chalki,PhotovoltaicArray,2024-07-07 23:15:00,0.0,0.0,0.0
E.K. Chalki,PhotovoltaicArray,2024-07-07 23:30:00,0.0,0.0,0.0
E.K. Chalki,PhotovoltaicArray,2024-07-07 23:45:00,0.0,0.0,0.0
E.K. Chalki,PhotovoltaicArray,2024-07-08 00:00:00,0.0,0.0,0.0
E.K. Chalki,PhotovoltaicArray,2024-07-08 00:15:00,0.0,0.0,0.0
E.K. Chalki,PhotovoltaicArray,2024-07-08 00:30:00,0.0,0.0,0.0
E.K. Chalki,PhotovoltaicArray,2024-07-08 00:45:00,0.0,0.0,0.0
E.K. Chalki,PhotovoltaicArray,2024-07-08 01:00:00,0.0,0.0,0.0
E.K. Chalki,PhotovoltaicArray,2024-07-08 01:15:00,0.0,0.0,0.0
E.K. Chalki,PhotovoltaicArray,2024-07-08 01:30:00,0.0,0.0,0.0
E.K. Chalki,PhotovoltaicArray,2024-07-08 01:45:00,0.0,0.0,0.0
E.K. Chalki,PhotovoltaicArray,2024-07-08 02:00:00,0.0,0.0,0.0
E.K. Chalki,PhotovoltaicArray,2024-07-08 02:15:00,0.0,0.0,0.0
E.K. Chalki,PhotovoltaicArray,2024-07-08 02:30:00,0.0,0.0,0.0
E.K. Chalki,PhotovoltaicArray,2024-07-08 02:45:00,0.0,0.0,0.0
E.K. Chalki,PhotovoltaicArray,2024-07-08 03:00:00,0.0,0.0,9.853876663598873
E.K. Chalki,PhotovoltaicArray,2024-07-08 03:15:00,0.0,0.0,19.707753327197747
E.K. Chalki,PhotovoltaicArray,2024-07-08 03:30:00,2.6113719940185547,10.445487976074219,29.561629990796625
E.K. Chalki,PhotovoltaicArray,2024-07-08 03:45:00,3.863401174545288,15.453604698181152,39.41550665439549
E.K. Chalki,PhotovoltaicArray,2024-07-08 04:00:00,8.545188903808594,34.180755615234375,77.31503228362193
E.K. Chalki,PhotovoltaicArray,2024-07-08 04:15:00,12.057698249816895,48.23079299926758,115.21455791284838
E.K. Chalki,PhotovoltaicArray,2024-07-08 04:30:00,15.71381950378418,62.85527801513672,153.1140835420748
E.K. Chalki,PhotovoltaicArray,2024-07-08 04:45:00,25.270828247070312,101.08331298828125,191.01360917130125
E.K. Chalki,PhotovoltaicArray,2024-07-08 05:00:00,33.8306884765625,135.32275390625,239.01967496832143
E.K. Chalki,PhotovoltaicArray,2024-07-08 05:15:00,43.62855529785156,174.51422119140625,287.02574076534154
E.K. Chalki,PhotovoltaicArray,2024-07-08 05:30:00,53.10038757324219,212.40155029296875,335.0318065623617
E.K. Chalki,PhotovoltaicArray,2024-07-08 05:45:00,63.54102325439453,254.16409301757812,383.03787235938194
E.K. Chalki,PhotovoltaicArray,2024-07-08 06:00:00,82.02418518066406,328.09674072265625,430.2859476438175
E.K. Chalki,PhotovoltaicArray,2024-07-08 06:15:00,85.27532196044922,341.1012878417969,477.53402292825314
E.K. Chalki,PhotovoltaicArray,2024-07-08 06:30:00,107.89856719970703,431.5942687988281,524.7820982126888
E.K. Chalki,PhotovoltaicArray,2024-07-08 06:45:00,123.4254379272461,493.7017517089844,572.0301734971243
E.K. Chalki,PhotovoltaicArray,2024-07-08 07:00:00,122.02733612060547,488.1093444824219,613.2143246808837
E.K. Chalki,PhotovoltaicArray,2024-07-08 07:15:00,110.7750015258789,443.1000061035156,654.3984758646433
E.K. Chalki,PhotovoltaicArray,2024-07-08 07:30:00,120.9150619506836,483.6602478027344,695.5826270484025
E.K. Chalki,PhotovoltaicArray,2024-07-08 07:45:00,142.33285522460938,569.3314208984375,736.7667782321619
E.K. Chalki,PhotovoltaicArray,2024-07-08 08:00:00,155.75221252441406,623.0088500976562,768.3497162565172
E.K. Chalki,PhotovoltaicArray,2024-07-08 08:15:00,170.37835693359375,681.513427734375,799.9326542808727
E.K. Chalki,PhotovoltaicArray,2024-07-08 08:30:00,153.72955322265625,614.918212890625,831.5155923052281
E.K. Chalki,PhotovoltaicArray,2024-07-08 08:45:00,160.30184936523438,641.2073974609375,863.0985303295835
E.K. Chalki,PhotovoltaicArray,2024-07-08 09:00:00,161.2075653076172,644.8302612304688,881.5429661358071
E.K. Chalki,PhotovoltaicArray,2024-07-08 09:15:00,172.0933837890625,688.37353515625,899.9874019420305
E.K. Chalki,PhotovoltaicArray,2024-07-08 09:30:00,160.12716674804688,640.5086669921875,918.431837748254
E.K. Chalki,PhotovoltaicArray,2024-07-08 09:45:00,121.21759796142578,484.8703918457031,936.8762735544776
E.K. Chalki,PhotovoltaicArray,2024-07-08 10:00:00,149.1243438720703,596.4973754882812,941.4242166299847
E.K. Chalki,PhotovoltaicArray,2024-07-08 10:15:00,144.9224395751953,579.6897583007812,945.972159705492
E.K. Chalki,PhotovoltaicArray,2024-07-08 10:30:00,161.241943359375,644.9677734375,950.5201027809991
E.K. Chalki,PhotovoltaicArray,2024-07-08 10:45:00,176.9019317626953,707.6077270507812,955.0680458565063
E.K. Chalki,PhotovoltaicArray,2024-07-08 11:00:00,196.6077117919922,786.4308471679688,945.2141691929073
E.K. Chalki,PhotovoltaicArray,2024-07-08 11:15:00,165.04945373535156,660.1978149414062,935.3602925293086
E.K. Chalki,PhotovoltaicArray,2024-07-08 11:30:00,164.81736755371094,659.2694702148438,925.5064158657096
E.K. Chalki,PhotovoltaicArray,2024-07-08 11:45:00,151.37376403808594,605.4950561523438,915.6525392021108
E.K. Chalki,PhotovoltaicArray,2024-07-08 12:00:00,145.859375,583.4375,891.9021698077955
E.K. Chalki,PhotovoltaicArray,2024-07-08 12:15:00,157.91493225097656,631.6597290039062,868.1518004134803
E.K. Chalki,PhotovoltaicArray,2024-07-08 12:30:00,136.3251190185547,545.3004760742188,844.401431019165
E.K. Chalki,PhotovoltaicArray,2024-07-08 12:45:00,142.89837646484375,571.593505859375,824.6936776919674
E.K. Chalki,PhotovoltaicArray,2024-07-08 13:00:00,128.14053344726562,512.5621337890625,789.3207871046893
E.K. Chalki,PhotovoltaicArray,2024-07-08 13:15:00,132.05918884277344,528.2367553710938,753.9478965174113
E.K. Chalki,PhotovoltaicArray,2024-07-08 13:30:00,122.93009948730469,491.72039794921875,718.5750059301332
E.K. Chalki,PhotovoltaicArray,2024-07-08 13:45:00,140.33651733398438,561.3460693359375,683.2021153428552
E.K. Chalki,PhotovoltaicArray,2024-07-08 14:00:00,123.21192932128906,492.84771728515625,638.7333386045628
E.K. Chalki,PhotovoltaicArray,2024-07-08 14:15:00,107.10313415527344,428.41253662109375,594.2645618662706
E.K. Chalki,PhotovoltaicArray,2024-07-08 14:30:00,96.33418273925781,385.33673095703125,549.7957851279782
E.K. Chalki,PhotovoltaicArray,2024-07-08 14:45:00,72.4101791381836,289.6407165527344,505.32700838968583
E.K. Chalki,PhotovoltaicArray,2024-07-08 15:00:00,70.7178726196289,282.8714904785156,456.0576250716915
E.K. Chalki,PhotovoltaicArray,2024-07-08 15:15:00,63.94806671142578,255.79226684570312,406.7882417536971
E.K. Chalki,PhotovoltaicArray,2024-07-08 15:30:00,48.1348762512207,192.5395050048828,357.5188584357028
E.K. Chalki,PhotovoltaicArray,2024-07-08 15:45:00,35.146141052246094,140.58456420898438,308.24947511770836
E.K. Chalki,PhotovoltaicArray,2024-07-08 16:00:00,25.56192970275879,102.24771881103516,261.2540633374676
E.K. Chalki,PhotovoltaicArray,2024-07-08 16:15:00,18.337387084960938,73.34954833984375,214.2586515572268
E.K. Chalki,PhotovoltaicArray,2024-07-08 16:30:00,12.579304695129395,50.31721878051758,167.263239776986
E.K. Chalki,PhotovoltaicArray,2024-07-08 16:45:00,7.829281330108643,31.31712532043457,120.26782799674523
E.K. Chalki,PhotovoltaicArray,2024-07-08 17:00:00,4.970054626464844,19.880218505859375,92.22217903111766
E.K. Chalki,PhotovoltaicArray,2024-07-08 17:15:00,0.0,0.0,64.1765300654901
E.K. Chalki,PhotovoltaicArray,2024-07-08 17:30:00,0.0,0.0,36.13088109986254
E.K. Chalki,PhotovoltaicArray,2024-07-08 17:45:00,0.0,0.0,8.085232134234975
E.K. Chalki,PhotovoltaicArray,2024-07-08 18:00:00,0.0,0.0,6.06392410067623
E.K. Chalki,PhotovoltaicArray,2024-07-08 18:15:00,0.0,0.0,4.042616067117487
E.K. Chalki,PhotovoltaicArray,2024-07-08 18:30:00,0.0,0.0,2.0213080335587437
E.K. Chalki,PhotovoltaicArray,2024-07-08 18:45:00,0.0,0.0,0.0
E.K. Chalki,PhotovoltaicArray,2024-07-08 19:00:00,0.0,0.0,0.0
E.K. Chalki,PhotovoltaicArray,2024-07-08 19:15:00,0.0,0.0,0.0
E.K. Chalki,PhotovoltaicArray,2024-07-08 19:30:00,0.0,0.0,0.0
E.K. Chalki,PhotovoltaicArray,2024-07-08 19:45:00,0.0,0.0,0.0
E.K. Chalki,PhotovoltaicArray,2024-07-08 20:00:00,0.0,0.0,0.0
E.K. Chalki,PhotovoltaicArray,2024-07-08 20:15:00,0.0,0.0,0.0
E.K. Chalki,PhotovoltaicArray,2024-07-08 20:30:00,0.0,0.0,0.0
E.K. Chalki,PhotovoltaicArray,2024-07-08 20:45:00,0.0,0.0,0.0
E.K. Chalki,PhotovoltaicArray,2024-07-08 21:00:00,0.0,0.0,0.0
E.K. Chalki,PhotovoltaicArray,2024-07-08 21:15:00,0.0,0.0,0.0
E.K. Chalki,PhotovoltaicArray,2024-07-08 21:30:00,0.0,0.0,0.0
E.K. Chalki,PhotovoltaicArray,2024-07-08 21:45:00,0.0,0.0,0.0
E.K. Chalki,PhotovoltaicArray,2024-07-08 22:00:00,0.0,0.0,0.0
E.K. Chalki,PhotovoltaicArray,2024-07-08 22:15:00,0.0,0.0,0.0
E.K. Chalki,PhotovoltaicArray,2024-07-08 22:30:00,0.0,0.0,0.0
E.K. Chalki,PhotovoltaicArray,2024-07-08 22:45:00,0.0,0.0,0.0
E.K. Chalki,PhotovoltaicArray,2024-07-08 23:00:00,0.0,0.0,0.0
E.K. Chalki,PhotovoltaicArray,2024-07-08 23:15:00,0.0,0.0,0.0
E.K. Chalki,PhotovoltaicArray,2024-07-08 23:30:00,0.0,0.0,0.0
E.K. Chalki,PhotovoltaicArray,2024-07-08 23:45:00,0.0,0.0,0.0
E.K. Chalki,PhotovoltaicArray,2024-07-09 00:00:00,0.0,0.0,0.0
E.K. Chalki,PhotovoltaicArray,2024-07-09 00:15:00,0.0,0.0,0.0
E.K. Chalki,PhotovoltaicArray,2024-07-09 00:30:00,0.0,0.0,0.0
E.K. Chalki,PhotovoltaicArray,2024-07-09 00:45:00,0.0,0.0,0.0
E.K. Chalki,PhotovoltaicArray,2024-07-09 01:00:00,0.0,0.0,0.0
E.K. Chalki,PhotovoltaicArray,2024-07-09 01:15:00,0.0,0.0,0.0
E.K. Chalki,PhotovoltaicArray,2024-07-09 01:30:00,0.0,0.0,0.0
E.K. Chalki,PhotovoltaicArray,2024-07-09 01:45:00,0.0,0.0,0.0
E.K. Chalki,PhotovoltaicArray,2024-07-09 02:00:00,0.0,0.0,0.0
E.K. Chalki,PhotovoltaicArray,2024-07-09 02:15:00,0.0,0.0,0.0
E.K. Chalki,PhotovoltaicArray,2024-07-09 02:30:00,0.0,0.0,0.0
E.K. Chalki,PhotovoltaicArray,2024-07-09 02:45:00,0.0,0.0,0.0
E.K. Chalki,PhotovoltaicArray,2024-07-09 03:00:00,0.0,0.0,9.610491920411809
E.K. Chalki,PhotovoltaicArray,2024-07-09 03:15:00,0.0,0.0,19.220983840823617
E.K. Chalki,PhotovoltaicArray,2024-07-09 03:30:00,2.5326144695281982,10.130457878112793,28.831475761235428
E.K. Chalki,PhotovoltaicArray,2024-07-09 03:45:00,3.863401174545288,15.453604698181152,38.441967681647235
E.K. Chalki,PhotovoltaicArray,2024-07-09 04:00:00,8.545188903808594,34.180755615234375,76.37811999906226
E.K. Chalki,PhotovoltaicArray,2024-07-09 04:15:00,12.20124340057373,48.80497360229492,114.31427231647731
E.K. Chalki,PhotovoltaicArray,2024-07-09 04:30:00,15.71381950378418,62.85527801513672,152.25042463389232
E.K. Chalki,PhotovoltaicArray,2024-07-09 04:45:00,24.94950294494629,99.79801177978516,190.1865769513074
E.K. Chalki,PhotovoltaicArray,2024-07-09 05:00:00,33.8306884765625,135.32275390625,238.23903655336645
E.K. Chalki,PhotovoltaicArray,2024-07-09 05:15:00,43.4068603515625,173.62744140625,286.2914961554255
E.K. Chalki,PhotovoltaicArray,2024-07-09 05:30:00,52.50849533081055,210.0339813232422,334.34395575748454
E.K. Chalki,PhotovoltaicArray,2024-07-09 05:45:00,63.54102325439453,254.16409301757812,382.39641535954354
E.K. Chalki,PhotovoltaicArray,2024-07-09 06:00:00,82.02418518066406,328.09674072265625,429.6901519152543
E.K. Chalki,PhotovoltaicArray,2024-07-09 06:15:00,85.27532196044922,341.1012878417969,476.98388847096504
E.K. Chalki,PhotovoltaicArray,2024-07-09 06:30:00,105.68440246582031,422.73760986328125,524.2776250266758
E.K. Chalki,PhotovoltaicArray,2024-07-09 06:45:00,125.52050018310547,502.0820007324219,573.5946230393154
E.K. Chalki,PhotovoltaicArray,2024-07-09 07:00:00,121.72673797607422,486.9069519042969,615.3243905884719
E.K. Chalki,PhotovoltaicArray,2024-07-09 07:15:00,110.54361724853516,442.1744689941406,657.0541581376284
E.K. Chalki,PhotovoltaicArray,2024-07-09 07:30:00,120.9150619506836,483.6602478027344,698.7839256867851
E.K. Chalki,PhotovoltaicArray,2024-07-09 07:45:00,143.16445922851562,572.6578369140625,740.5136932359417
E.K. Chalki,PhotovoltaicArray,2024-07-09 08:00:00,152.9986572265625,611.99462890625,772.1271535004541
E.K. Chalki,PhotovoltaicArray,2024-07-09 08:15:00,170.37835693359375,681.513427734375,803.7406137649666
E.K. Chalki,PhotovoltaicArray,2024-07-09 08:30:00,153.72955322265625,614.918212890625,835.3540740294791
E.K. Chalki,PhotovoltaicArray,2024-07-09 08:45:00,159.7396697998047,638.9586791992188,866.9675342939917
E.K. Chalki,PhotovoltaicArray,2024-07-09 09:00:00,169.00074768066406,676.0029907226562,885.6827027705831
E.K. Chalki,PhotovoltaicArray,2024-07-09 09:15:00,189.7716064453125,759.08642578125,904.3978712471744
E.K. Chalki,PhotovoltaicArray,2024-07-09 09:30:00,165.3006591796875,661.20263671875,923.113039723766
E.K. Chalki,PhotovoltaicArray,2024-07-09 09:45:00,160.56784057617188,642.2713623046875,941.8282082003574
E.K. Chalki,PhotovoltaicArray,2024-07-09 10:00:00,154.54197692871094,618.1679077148438,946.3805464784472
E.K. Chalki,PhotovoltaicArray,2024-07-09 10:15:00,130.18128967285156,520.7251586914062,950.9328847565371
E.K. Chalki,PhotovoltaicArray,2024-07-09 10:30:00,158.96067810058594,635.8427124023438,955.4852230346268
E.K. Chalki,PhotovoltaicArray,2024-07-09 10:45:00,157.94273376464844,631.7709350585938,960.0375613127165
E.K. Chalki,PhotovoltaicArray,2024-07-09 11:00:00,202.4095916748047,809.6383666992188,949.9212540280726
E.K. Chalki,PhotovoltaicArray,2024-07-09 11:15:00,139.30909729003906,557.2363891601562,939.8049467434284
E.K. Chalki,PhotovoltaicArray,2024-07-09 11:30:00,176.5860137939453,706.3440551757812,929.6886394587843
E.K. Chalki,PhotovoltaicArray,2024-07-09 11:45:00,151.37376403808594,605.4950561523438,919.5723321741403
E.K. Chalki,PhotovoltaicArray,2024-07-09 12:00:00,147.87533569335938,591.5013427734375,895.0402870088786
E.K. Chalki,PhotovoltaicArray,2024-07-09 12:15:00,163.4515380859375,653.80615234375,870.5082418436169
E.K. Chalki,PhotovoltaicArray,2024-07-09 12:30:00,137.01907348632812,548.0762939453125,845.9761966783552
E.K. Chalki,PhotovoltaicArray,2024-07-09 12:45:00,145.9133758544922,583.6535034179688,822.455782241558
E.K. Chalki,PhotovoltaicArray,2024-07-09 13:00:00,122.11083221435547,488.4433288574219,786.5428913810717
E.K. Chalki,PhotovoltaicArray,2024-07-09 13:15:00,133.74990844726562,534.9996337890625,750.6300005205856
E.K. Chalki,PhotovoltaicArray,2024-07-09 13:30:00,128.78517150878906,515.1406860351562,714.7171096600994
E.K. Chalki,PhotovoltaicArray,2024-07-09 13:45:00,135.90924072265625,543.636962890625,678.8042187996131
E.K. Chalki,PhotovoltaicArray,2024-07-09 14:00:00,115.93479919433594,463.73919677734375,634.0395590650634
E.K. Chalki,PhotovoltaicArray,2024-07-09 14:15:00,105.79041290283203,423.1616516113281,589.2748993305136
E.K. Chalki,PhotovoltaicArray,2024-07-09 14:30:00,79.98794555664062,319.9517822265625,544.5102395959638
E.K. Chalki,PhotovoltaicArray,2024-07-09 14:45:00,78.02470397949219,312.09881591796875,499.74557986141406
E.K. Chalki,PhotovoltaicArray,2024-07-09 15:00:00,70.74758911132812,282.9903564453125,450.4285818487745
E.K. Chalki,PhotovoltaicArray,2024-07-09 15:15:00,59.66688919067383,238.6675567626953,401.111583836135
E.K. Chalki,PhotovoltaicArray,2024-07-09 15:30:00,47.01593780517578,188.06375122070312,351.7945858234954
E.K. Chalki,PhotovoltaicArray,2024-07-09 15:45:00,34.12208938598633,136.4883575439453,302.4775878108559
E.K. Chalki,PhotovoltaicArray,2024-07-09 16:00:00,25.382518768310547,101.53007507324219,256.1954819836095
E.K. Chalki,PhotovoltaicArray,2024-07-09 16:15:00,18.10933494567871,72.43733978271484,209.9133761563632
E.K. Chalki,PhotovoltaicArray,2024-07-09 16:30:00,12.735710144042969,50.942840576171875,163.63127032911686
E.K. Chalki,PhotovoltaicArray,2024-07-09 16:45:00,7.829281330108643,31.31712532043457,117.34916450187052
E.K. Chalki,PhotovoltaicArray,2024-07-09 17:00:00,4.721432209014893,18.88572883605957,90.03513483333168
E.K. Chalki,PhotovoltaicArray,2024-07-09 17:15:00,0.0,0.0,62.72110516479286
E.K. Chalki,PhotovoltaicArray,2024-07-09 17:30:00,0.0,0.0,35.40707549625403
E.K. Chalki,PhotovoltaicArray,2024-07-09 17:45:00,0.0,0.0,8.093045827715208
E.K. Chalki,PhotovoltaicArray,2024-07-09 18:00:00,0.0,0.0,6.069784370786405
E.K. Chalki,PhotovoltaicArray,2024-07-09 18:15:00,0.0,0.0,4.046522913857604
E.K. Chalki,PhotovoltaicArray,2024-07-09 18:30:00,0.0,0.0,2.023261456928802
E.K. Chalki,PhotovoltaicArray,2024-07-09 18:45:00,0.0,0.0,0.0
E.K. Chalki,PhotovoltaicArray,2024-07-09 19:00:00,0.0,0.0,0.0
E.K. Chalki,PhotovoltaicArray,2024-07-09 19:15:00,0.0,0.0,0.0
E.K. Chalki,PhotovoltaicArray,2024-07-09 19:30:00,0.0,0.0,0.0
E.K. Chalki,PhotovoltaicArray,2024-07-09 19:45:00,0.0,0.0,0.0
E.K. Chalki,PhotovoltaicArray,2024-07-09 20:00:00,0.0,0.0,0.0
E.K. Chalki,PhotovoltaicArray,2024-07-09 20:15:00,0.0,0.0,0.0
E.K. Chalki,PhotovoltaicArray,2024-07-09 20:30:00,0.0,0.0,0.0
E.K. Chalki,PhotovoltaicArray,2024-07-09 20:45:00,0.0,0.0,0.0
E.K. Chalki,PhotovoltaicArray,2024-07-09 21:00:00,0.0,0.0,0.0
E.K. Chalki,PhotovoltaicArray,2024-07-09 21:15:00,0.0,0.0,0.0
E.K. Chalki,PhotovoltaicArray,2024-07-09 21:30:00,0.0,0.0,0.0
E.K. Chalki,PhotovoltaicArray,2024-07-09 21:45:00,0.0,0.0,0.0
E.K. Chalki,PhotovoltaicArray,2024-07-09 22:00:00,0.0,0.0,0.0
E.K. Chalki,PhotovoltaicArray,2024-07-09 22:15:00,0.0,0.0,0.0
E.K. Chalki,PhotovoltaicArray,2024-07-09 22:30:00,0.0,0.0,0.0
E.K. Chalki,PhotovoltaicArray,2024-07-09 22:45:00,0.0,0.0,0.0
E.K. Chalki,PhotovoltaicArray,2024-07-09 23:00:00,0.0,0.0,0.0
E.K. Chalki,PhotovoltaicArray,2024-07-09 23:15:00,0.0,0.0,0.0
E.K. Chalki,PhotovoltaicArray,2024-07-09 23:30:00,0.0,0.0,0.0
E.K. Chalki,PhotovoltaicArray,2024-07-09 23:45:00,0.0,0.0,0.0
E.K. Chalki,PhotovoltaicArray,2024-07-10 00:00:00,0.0,0.0,0.0
E.K. Chalki,PhotovoltaicArray,2024-07-10 00:15:00,0.0,0.0,0.0
E.K. Chalki,PhotovoltaicArray,2024-07-10 00:30:00,0.0,0.0,0.0
E.K. Chalki,PhotovoltaicArray,2024-07-10 00:45:00,0.0,0.0,0.0
E.K. Chalki,PhotovoltaicArray,2024-07-10 01:00:00,0.0,0.0,0.0
E.K. Chalki,PhotovoltaicArray,2024-07-10 01:15:00,0.0,0.0,0.0
E.K. Chalki,PhotovoltaicArray,2024-07-10 01:30:00,0.0,0.0,0.0
E.K. Chalki,PhotovoltaicArray,2024-07-10 01:45:00,0.0,0.0,0.0
E.K. Chalki,PhotovoltaicArray,2024-07-10 02:00:00,0.0,0.0,0.0
E.K. Chalki,PhotovoltaicArray,2024-07-10 02:15:00,0.0,0.0,0.0
E.K. Chalki,PhotovoltaicArray,2024-07-10 02:30:00,0.0,0.0,0.0
E.K. Chalki,PhotovoltaicArray,2024-07-10 02:45:00,0.0,0.0,0.0
E.K. Chalki,PhotovoltaicArray,2024-07-10 03:00:00,0.0,0.0,9.367106712432353
E.K. Chalki,PhotovoltaicArray,2024-07-10 03:15:00,0.0,0.0,18.734213424864706
E.K. Chalki,PhotovoltaicArray,2024-07-10 03:30:00,2.5326144695281982,10.130457878112793,28.10132013729706
E.K. Chalki,PhotovoltaicArray,2024-07-10 03:45:00,3.6844887733459473,14.737955093383789,37.46842684972941
E.K. Chalki,PhotovoltaicArray,2024-07-10 04:00:00,8.68956184387207,34.75824737548828,75.44318379202274
E.K. Chalki,PhotovoltaicArray,2024-07-10 04:15:00,12.20124340057373,48.80497360229492,113.41794073431606
E.K. Chalki,PhotovoltaicArray,2024-07-10 04:30:00,15.71381950378418,62.85527801513672,151.39269767660937
E.K. Chalki,PhotovoltaicArray,2024-07-10 04:45:00,23.376569747924805,93.50627899169922,189.3674546189027
E.K. Chalki,PhotovoltaicArray,2024-07-10 05:00:00,33.8306884765625,135.32275390625,237.46881341247425
E.K. Chalki,PhotovoltaicArray,2024-07-10 05:15:00,43.4068603515625,173.62744140625,285.5701722060458
E.K. Chalki,PhotovoltaicArray,2024-07-10 05:30:00,52.50849533081055,210.0339813232422,333.67153099961735
E.K. Chalki,PhotovoltaicArray,2024-07-10 05:45:00,64.39694213867188,257.5877685546875,381.7728897931889
E.K. Chalki,PhotovoltaicArray,2024-07-10 06:00:00,82.02418518066406,328.09674072265625,429.3679184941965
E.K. Chalki,PhotovoltaicArray,2024-07-10 06:15:00,85.27532196044922,341.1012878417969,476.96294719520415
E.K. Chalki,PhotovoltaicArray,2024-07-10 06:30:00,107.89856719970703,431.5942687988281,524.5579758962118
E.K. Chalki,PhotovoltaicArray,2024-07-10 06:45:00,123.34416961669922,493.3766784667969,567.0897036715803
E.K. Chalki,PhotovoltaicArray,2024-07-10 07:00:00,120.63973999023438,482.5589599609375,609.3682664006669
E.K. Chalki,PhotovoltaicArray,2024-07-10 07:15:00,110.14463806152344,440.57855224609375,651.6468291297534
E.K. Chalki,PhotovoltaicArray,2024-07-10 07:30:00,124.77664184570312,499.1065673828125,693.9253918588399
E.K. Chalki,PhotovoltaicArray,2024-07-10 07:45:00,138.54324340820312,554.1729736328125,736.2039545879265
E.K. Chalki,PhotovoltaicArray,2024-07-10 08:00:00,155.03842163085938,620.1536865234375,767.8495853731711
E.K. Chalki,PhotovoltaicArray,2024-07-10 08:15:00,168.13401794433594,672.5360717773438,799.4952161584155
E.K. Chalki,PhotovoltaicArray,2024-07-10 08:30:00,151.48922729492188,605.9569091796875,831.1408469436598
E.K. Chalki,PhotovoltaicArray,2024-07-10 08:45:00,159.40809631347656,637.6323852539062,862.7864777289043
E.K. Chalki,PhotovoltaicArray,2024-07-10 09:00:00,162.6405792236328,650.5623168945312,881.773856200051
E.K. Chalki,PhotovoltaicArray,2024-07-10 09:15:00,83.2433090209961,332.9732360839844,900.7612346711976
E.K. Chalki,PhotovoltaicArray,2024-07-10 09:30:00,175.8407440185547,703.3629760742188,919.7486131423442
E.K. Chalki,PhotovoltaicArray,2024-07-10 09:45:00,119.19654083251953,476.7861633300781,938.735991613491
E.K. Chalki,PhotovoltaicArray,2024-07-10 10:00:00,153.49380493164062,613.9752197265625,943.0397974002841
E.K. Chalki,PhotovoltaicArray,2024-07-10 10:15:00,166.12799072265625,664.511962890625,947.3436031870774
E.K. Chalki,PhotovoltaicArray,2024-07-10 10:30:00,163.32508850097656,653.3003540039062,951.6474089738707
E.K. Chalki,PhotovoltaicArray,2024-07-10 10:45:00,143.8888702392578,575.5554809570312,955.9512147606639
E.K. Chalki,PhotovoltaicArray,2024-07-10 11:00:00,189.032958984375,756.1318359375,945.5714478631037
E.K. Chalki,PhotovoltaicArray,2024-07-10 11:15:00,164.27737426757812,657.1094970703125,935.1916809655436
E.K. Chalki,PhotovoltaicArray,2024-07-10 11:30:00,163.38088989257812,653.5235595703125,924.8119140679834
E.K. Chalki,PhotovoltaicArray,2024-07-10 11:45:00,166.64695739746094,666.5878295898438,914.4321471704233
E.K. Chalki,PhotovoltaicArray,2024-07-10 12:00:00,152.43235778808594,609.7294311523438,889.8751376810735
E.K. Chalki,PhotovoltaicArray,2024-07-10 12:15:00,161.81649780273438,647.2659912109375,865.3181281917239
E.K. Chalki,PhotovoltaicArray,2024-07-10 12:30:00,141.83840942382812,567.3536376953125,840.7611187023742
E.K. Chalki,PhotovoltaicArray,2024-07-10 12:45:00,143.89161682128906,575.5664672851562,816.2041092130245
E.K. Chalki,PhotovoltaicArray,2024-07-10 13:00:00,129.32252502441406,517.2901000976562,780.2546726409868
E.K. Chalki,PhotovoltaicArray,2024-07-10 13:15:00,131.32186889648438,525.2874755859375,744.3052360689491
E.K. Chalki,PhotovoltaicArray,2024-07-10 13:30:00,107.9022445678711,431.6089782714844,708.3557994969115
E.K. Chalki,PhotovoltaicArray,2024-07-10 13:45:00,130.50088500976562,522.0035400390625,672.4063629248737
E.K. Chalki,PhotovoltaicArray,2024-07-10 14:00:00,111.7256851196289,446.9027404785156,619.241703205663
E.K. Chalki,PhotovoltaicArray,2024-07-10 14:15:00,100.10172271728516,400.4068908691406,566.0770434864525
E.K. Chalki,PhotovoltaicArray,2024-07-10 14:30:00,80.08346557617188,320.3338623046875,512.9123837672419
E.K. Chalki,PhotovoltaicArray,2024-07-10 14:45:00,78.09722900390625,312.388916015625,459.7477240480312
E.K. Chalki,PhotovoltaicArray,2024-07-10 15:00:00,65.38158416748047,261.5263366699219,417.46916131894466
E.K. Chalki,PhotovoltaicArray,2024-07-10 15:15:00,53.061729431152344,212.24691772460938,375.19059858985804
E.K. Chalki,PhotovoltaicArray,2024-07-10 15:30:00,40.66426467895508,162.6570587158203,332.9120358607714
E.K. Chalki,PhotovoltaicArray,2024-07-10 15:45:00,35.98204040527344,143.92816162109375,290.6334731316849
E.K. Chalki,PhotovoltaicArray,2024-07-10 16:00:00,24.80399513244629,99.21598052978516,246.8359201249066
E.K. Chalki,PhotovoltaicArray,2024-07-10 16:15:00,18.325960159301758,73.30384063720703,203.0383671181283
E.K. Chalki,PhotovoltaicArray,2024-07-10 16:30:00,12.735710144042969,50.942840576171875,159.24081411134998
E.K. Chalki,PhotovoltaicArray,2024-07-10 16:45:00,7.829281330108643,31.31712532043457,115.44326110457169
E.K. Chalki,PhotovoltaicArray,2024-07-10 17:00:00,4.721432209014893,18.88572883605957,88.60776619868442
E.K. Chalki,PhotovoltaicArray,2024-07-10 17:15:00,0.0,0.0,61.772271292797136
E.K. Chalki,PhotovoltaicArray,2024-07-10 17:30:00,0.0,0.0,34.936776386909855
E.K. Chalki,PhotovoltaicArray,2024-07-10 17:45:00,0.0,0.0,8.101281481022575
E.K. Chalki,PhotovoltaicArray,2024-07-10 18:00:00,0.0,0.0,6.075961110766931
E.K. Chalki,PhotovoltaicArray,2024-07-10 18:15:00,0.0,0.0,4.050640740511287
E.K. Chalki,PhotovoltaicArray,2024-07-10 18:30:00,0.0,0.0,2.0253203702556437
E.K. Chalki,PhotovoltaicArray,2024-07-10 18:45:00,0.0,0.0,0.0
E.K. Chalki,PhotovoltaicArray,2024-07-10 19:00:00,0.0,0.0,0.0
E.K. Chalki,PhotovoltaicArray,2024-07-10 19:15:00,0.0,0.0,0.0
E.K. Chalki,PhotovoltaicArray,2024-07-10 19:30:00,0.0,0.0,0.0
E.K. Chalki,PhotovoltaicArray,2024-07-10 19:45:00,0.0,0.0,0.0
E.K. Chalki,PhotovoltaicArray,2024-07-10 20:00:00,0.0,0.0,0.0
E.K. Chalki,PhotovoltaicArray,2024-07-10 20:15:00,0.0,0.0,0.0
E.K. Chalki,PhotovoltaicArray,2024-07-10 20:30:00,0.0,0.0,0.0
E.K. Chalki,PhotovoltaicArray,2024-07-10 20:45:00,0.0,0.0,0.0
E.K. Chalki,PhotovoltaicArray,2024-07-10 21:00:00,0.0,0.0,0.0
E.K. Chalki,PhotovoltaicArray,2024-07-10 21:15:00,0.0,0.0,0.0
E.K. Chalki,PhotovoltaicArray,2024-07-10 21:30:00,0.0,0.0,0.0
E.K. Chalki,PhotovoltaicArray,2024-07-10 21:45:00,0.0,0.0,0.0
E.K. Chalki,PhotovoltaicArray,2024-07-10 22:00:00,0.0,0.0,0.0
E.K. Chalki,PhotovoltaicArray,2024-07-10 22:15:00,0.0,0.0,0.0
E.K. Chalki,PhotovoltaicArray,2024-07-10 22:30:00,0.0,0.0,0.0
E.K. Chalki,PhotovoltaicArray,2024-07-10 22:45:00,0.0,0.0,0.0
E.K. Chalki,PhotovoltaicArray,2024-07-10 23:00:00,0.0,0.0,0.0
E.K. Chalki,PhotovoltaicArray,2024-07-10 23:15:00,0.0,0.0,0.0
E.K. Chalki,PhotovoltaicArray,2024-07-10 23:30:00,0.0,0.0,0.0
E.K. Chalki,PhotovoltaicArray,2024-07-10 23:45:00,0.0,0.0,0.0
E.K. Chalki,PhotovoltaicArray,2024-07-11 00:00:00,0.0,0.0,0.0
E.K. Chalki,PhotovoltaicArray,2024-07-11 00:15:00,0.0,0.0,0.0
E.K. Chalki,PhotovoltaicArray,2024-07-11 00:30:00,0.0,0.0,0.0
E.K. Chalki,PhotovoltaicArray,2024-07-11 00:45:00,0.0,0.0,0.0
E.K. Chalki,PhotovoltaicArray,2024-07-11 01:00:00,0.0,0.0,0.0
E.K. Chalki,PhotovoltaicArray,2024-07-11 01:15:00,0.0,0.0,0.0
E.K. Chalki,PhotovoltaicArray,2024-07-11 01:30:00,0.0,0.0,0.0
E.K. Chalki,PhotovoltaicArray,2024-07-11 01:45:00,0.0,0.0,0.0
E.K. Chalki,PhotovoltaicArray,2024-07-11 02:00:00,0.0,0.0,0.0
E.K. Chalki,PhotovoltaicArray,2024-07-11 02:15:00,0.0,0.0,0.0
E.K. Chalki,PhotovoltaicArray,2024-07-11 02:30:00,0.0,0.0,0.0
E.K. Chalki,PhotovoltaicArray,2024-07-11 02:45:00,0.0,0.0,0.0
E.K. Chalki,PhotovoltaicArray,2024-07-11 03:00:00,0.0,0.0,9.123680447906516
E.K. Chalki,PhotovoltaicArray,2024-07-11 03:15:00,0.0,0.0,18.24736089581303
E.K. Chalki,PhotovoltaicArray,2024-07-11 03:30:00,2.315727710723877,9.262910842895508,27.371041343719547
E.K. Chalki,PhotovoltaicArray,2024-07-11 03:45:00,3.6844887733459473,14.737955093383789,36.49472179162606
E.K. Chalki,PhotovoltaicArray,2024-07-11 04:00:00,8.68956184387207,34.75824737548828,74.00318585524174
E.K. Chalki,PhotovoltaicArray,2024-07-11 04:15:00,12.20124340057373,48.80497360229492,111.51164991885742
E.K. Chalki,PhotovoltaicArray,2024-07-11 04:30:00,15.71381950378418,62.85527801513672,149.02011398247308
E.K. Chalki,PhotovoltaicArray,2024-07-11 04:45:00,23.376569747924805,93.50627899169922,186.52857804608877
E.K. Chalki,PhotovoltaicArray,2024-07-11 05:00:00,33.37334442138672,133.49337768554688,234.68133596559537
E.K. Chalki,PhotovoltaicArray,2024-07-11 05:15:00,42.64735794067383,170.5894317626953,282.83409388510194
E.K. Chalki,PhotovoltaicArray,2024-07-11 05:30:00,52.50849533081055,210.0339813232422,330.9868518046086
E.K. Chalki,PhotovoltaicArray,2024-07-11 05:45:00,64.39694213867188,257.5877685546875,379.1396097241152
E.K. Chalki,PhotovoltaicArray,2024-07-11 06:00:00,82.61643981933594,330.46575927734375,426.785496507627
E.K. Chalki,PhotovoltaicArray,2024-07-11 06:15:00,85.43036651611328,341.7214660644531,474.4313832911389
E.K. Chalki,PhotovoltaicArray,2024-07-11 06:30:00,105.68440246582031,422.73760986328125,522.0772700746508
E.K. Chalki,PhotovoltaicArray,2024-07-11 06:45:00,123.2048568725586,492.8194274902344,567.6956723141832
E.K. Chalki,PhotovoltaicArray,2024-07-11 07:00:00,117.90371704101562,471.6148681640625,609.00566989776
E.K. Chalki,PhotovoltaicArray,2024-07-11 07:15:00,125.787353515625,503.1494140625,650.3156674813366
E.K. Chalki,PhotovoltaicArray,2024-07-11 07:30:00,123.4901123046875,493.96044921875,691.6256650649133
E.K. Chalki,PhotovoltaicArray,2024-07-11 07:45:00,138.54324340820312,554.1729736328125,732.93566264849
E.K. Chalki,PhotovoltaicArray,2024-07-11 08:00:00,151.1030731201172,604.4122924804688,764.6151086481653
E.K. Chalki,PhotovoltaicArray,2024-07-11 08:15:00,147.48477172851562,589.9390869140625,796.2945546478409
E.K. Chalki,PhotovoltaicArray,2024-07-11 08:30:00,147.90562438964844,591.6224975585938,827.9740006475163
E.K. Chalki,PhotovoltaicArray,2024-07-11 08:45:00,159.14793395996094,636.5917358398438,859.6534466471917
E.K. Chalki,PhotovoltaicArray,2024-07-11 09:00:00,162.6405792236328,650.5623168945312,878.4076786789994
E.K. Chalki,PhotovoltaicArray,2024-07-11 09:15:00,178.81674194335938,715.2669677734375,897.1619107108073
E.K. Chalki,PhotovoltaicArray,2024-07-11 09:30:00,175.8407440185547,703.3629760742188,915.9161427426152
E.K. Chalki,PhotovoltaicArray,2024-07-11 09:45:00,119.19654083251953,476.7861633300781,934.6703747744231
E.K. Chalki,PhotovoltaicArray,2024-07-11 10:00:00,155.2408447265625,620.96337890625,939.9925217023685
E.K. Chalki,PhotovoltaicArray,2024-07-11 10:15:00,151.0389404296875,604.15576171875,945.3146686303139
E.K. Chalki,PhotovoltaicArray,2024-07-11 10:30:00,165.5487518310547,662.1950073242188,950.6368155582593
E.K. Chalki,PhotovoltaicArray,2024-07-11 10:45:00,157.94273376464844,631.7709350585938,955.9589624862048
E.K. Chalki,PhotovoltaicArray,2024-07-11 11:00:00,173.616943359375,694.4677734375,946.8352820382983
E.K. Chalki,PhotovoltaicArray,2024-07-11 11:15:00,167.2049102783203,668.8196411132812,937.7116015903919
E.K. Chalki,PhotovoltaicArray,2024-07-11 11:30:00,176.33482360839844,705.3392944335938,928.5879211424854
E.K. Chalki,PhotovoltaicArray,2024-07-11 11:45:00,152.02342224121094,608.0936889648438,919.4642406945787
E.K. Chalki,PhotovoltaicArray,2024-07-11 12:00:00,154.3083953857422,617.2335815429688,896.1481684388177
E.K. Chalki,PhotovoltaicArray,2024-07-11 12:15:00,162.9364013671875,651.74560546875,872.8320961830567
E.K. Chalki,PhotovoltaicArray,2024-07-11 12:30:00,158.964111328125,635.8564453125,849.5160239272955
E.K. Chalki,PhotovoltaicArray,2024-07-11 12:45:00,140.7882843017578,563.1531372070312,829.2411784875032
E.K. Chalki,PhotovoltaicArray,2024-07-11 13:00:00,130.26742553710938,521.0697021484375,792.9998922638746
E.K. Chalki,PhotovoltaicArray,2024-07-11 13:15:00,131.26480102539062,525.0592041015625,756.7586060402459
E.K. Chalki,PhotovoltaicArray,2024-07-11 13:30:00,137.3765106201172,549.5060424804688,720.5173198166173
E.K. Chalki,PhotovoltaicArray,2024-07-11 13:45:00,138.4013671875,553.60546875,684.2760335929887
E.K. Chalki,PhotovoltaicArray,2024-07-11 14:00:00,115.93479919433594,463.73919677734375,638.657631353456
E.K. Chalki,PhotovoltaicArray,2024-07-11 14:15:00,107.27700805664062,429.1080322265625,593.0392291139235
E.K. Chalki,PhotovoltaicArray,2024-07-11 14:30:00,79.98794555664062,319.9517822265625,547.4208268743909
E.K. Chalki,PhotovoltaicArray,2024-07-11 14:45:00,78.12004089355469,312.48016357421875,501.80242463485826
E.K. Chalki,PhotovoltaicArray,2024-07-11 15:00:00,70.51351165771484,282.0540466308594,451.8756177393699
E.K. Chalki,PhotovoltaicArray,2024-07-11 15:15:00,59.88858413696289,239.55433654785156,401.94881084388146
E.K. Chalki,PhotovoltaicArray,2024-07-11 15:30:00,47.54661178588867,190.1864471435547,352.0220039483931
E.K. Chalki,PhotovoltaicArray,2024-07-11 15:45:00,33.73360824584961,134.93443298339844,302.0951970529046
E.K. Chalki,PhotovoltaicArray,2024-07-11 16:00:00,25.382518768310547,101.53007507324219,255.46305254138244
E.K. Chalki,PhotovoltaicArray,2024-07-11 16:15:00,18.21649169921875,72.865966796875,208.83090802986024
E.K. Chalki,PhotovoltaicArray,2024-07-11 16:30:00,12.735710144042969,50.942840576171875,162.19876351833807
E.K. Chalki,PhotovoltaicArray,2024-07-11 16:45:00,7.829281330108643,31.31712532043457,115.56661900681587
E.K. Chalki,PhotovoltaicArray,2024-07-11 17:00:00,4.721432209014893,18.88572883605957,88.44901323109372
E.K. Chalki,PhotovoltaicArray,2024-07-11 17:15:00,0.0,0.0,61.331407455371576
E.K. Chalki,PhotovoltaicArray,2024-07-11 17:30:00,0.0,0.0,34.21380167964943
E.K. Chalki,PhotovoltaicArray,2024-07-11 17:45:00,0.0,0.0,7.09619590392729
E.K. Chalki,PhotovoltaicArray,2024-07-11 18:00:00,0.0,0.0,5.322146927945467
E.K. Chalki,PhotovoltaicArray,2024-07-11 18:15:00,0.0,0.0,3.548097951963645
E.K. Chalki,PhotovoltaicArray,2024-07-11 18:30:00,0.0,0.0,1.7740489759818225
E.K. Chalki,PhotovoltaicArray,2024-07-11 18:45:00,0.0,0.0,0.0
E.K. Chalki,PhotovoltaicArray,2024-07-11 19:00:00,0.0,0.0,0.0
E.K. Chalki,PhotovoltaicArray,2024-07-11 19:15:00,0.0,0.0,0.0
E.K. Chalki,PhotovoltaicArray,2024-07-11 19:30:00,0.0,0.0,0.0
E.K. Chalki,PhotovoltaicArray,2024-07-11 19:45:00,0.0,0.0,0.0
E.K. Chalki,PhotovoltaicArray,2024-07-11 20:00:00,0.0,0.0,0.0
E.K. Chalki,PhotovoltaicArray,2024-07-11 20:15:00,0.0,0.0,0.0
E.K. Chalki,PhotovoltaicArray,2024-07-11 20:30:00,0.0,0.0,0.0
E.K. Chalki,PhotovoltaicArray,2024-07-11 20:45:00,0.0,0.0,0.0
E.K. Chalki,PhotovoltaicArray,2024-07-11 21:00:00,0.0,0.0,0.0
E.K. Chalki,PhotovoltaicArray,2024-07-11 21:15:00,0.0,0.0,0.0
E.K. Chalki,PhotovoltaicArray,2024-07-11 21:30:00,0.0,0.0,0.0
E.K. Chalki,PhotovoltaicArray,2024-07-11 21:45:00,0.0,0.0,0.0
E.K. Chalki,PhotovoltaicArray,2024-07-11 22:00:00,0.0,0.0,0.0
E.K. Chalki,PhotovoltaicArray,2024-07-11 22:15:00,0.0,0.0,0.0
E.K. Chalki,PhotovoltaicArray,2024-07-11 22:30:00,0.0,0.0,0.0
E.K. Chalki,PhotovoltaicArray,2024-07-11 22:45:00,0.0,0.0,0.0
E.K. Chalki,PhotovoltaicArray,2024-07-11 23:00:00,0.0,0.0,0.0
E.K. Chalki,PhotovoltaicArray,2024-07-11 23:15:00,0.0,0.0,0.0
E.K. Chalki,PhotovoltaicArray,2024-07-11 23:30:00,0.0,0.0,0.0
E.K. Chalki,PhotovoltaicArray,2024-07-11 23:45:00,0.0,0.0,0.0
E.K. Chalki,PhotovoltaicArray,2024-07-12 00:00:00,0.0,0.0,0.0
E.K. Chalki,PhotovoltaicArray,2024-07-12 00:15:00,0.0,0.0,0.0
E.K. Chalki,PhotovoltaicArray,2024-07-12 00:30:00,0.0,0.0,0.0
E.K. Chalki,PhotovoltaicArray,2024-07-12 00:45:00,0.0,0.0,0.0
E.K. Chalki,PhotovoltaicArray,2024-07-12 01:00:00,0.0,0.0,0.0
E.K. Chalki,PhotovoltaicArray,2024-07-12 01:15:00,0.0,0.0,0.0
E.K. Chalki,PhotovoltaicArray,2024-07-12 01:30:00,0.0,0.0,0.0
E.K. Chalki,PhotovoltaicArray,2024-07-12 01:45:00,0.0,0.0,0.0
E.K. Chalki,PhotovoltaicArray,2024-07-12 02:00:00,0.0,0.0,0.0
E.K. Chalki,PhotovoltaicArray,2024-07-12 02:15:00,0.0,0.0,0.0
E.K. Chalki,PhotovoltaicArray,2024-07-12 02:30:00,0.0,0.0,0.0
E.K. Chalki,PhotovoltaicArray,2024-07-12 02:45:00,0.0,0.0,0.0
E.K. Chalki,PhotovoltaicArray,2024-07-12 03:00:00,0.0,0.0,8.626453399645413
E.K. Chalki,PhotovoltaicArray,2024-07-12 03:15:00,0.0,0.0,17.252906799290827
E.K. Chalki,PhotovoltaicArray,2024-07-12 03:30:00,2.315727710723877,9.262910842895508,25.87936019893624
E.K. Chalki,PhotovoltaicArray,2024-07-12 03:45:00,3.6844887733459473,14.737955093383789,34.50581359858165
E.K. Chalki,PhotovoltaicArray,2024-07-12 04:00:00,8.68956184387207,34.75824737548828,71.80253859116623
E.K. Chalki,PhotovoltaicArray,2024-07-12 04:15:00,11.513587951660156,46.054351806640625,109.09926358375081
E.K. Chalki,PhotovoltaicArray,2024-07-12 04:30:00,15.380064964294434,61.520259857177734,146.39598857633536
E.K. Chalki,PhotovoltaicArray,2024-07-12 04:45:00,22.58833885192871,90.35335540771484,183.69271356891994
E.K. Chalki,PhotovoltaicArray,2024-07-12 05:00:00,33.37334442138672,133.49337768554688,231.13820726696972
E.K. Chalki,PhotovoltaicArray,2024-07-12 05:15:00,42.27882766723633,169.1153106689453,278.5837009650195
E.K. Chalki,PhotovoltaicArray,2024-07-12 05:30:00,48.535160064697266,194.14064025878906,326.02919466306923
E.K. Chalki,PhotovoltaicArray,2024-07-12 05:45:00,68.40364074707031,273.61456298828125,373.47468836111904
E.K. Chalki,PhotovoltaicArray,2024-07-12 06:00:00,79.86323547363281,319.45294189453125,420.66646284153217
E.K. Chalki,PhotovoltaicArray,2024-07-12 06:15:00,84.50169372558594,338.00677490234375,467.8582373219453
E.K. Chalki,PhotovoltaicArray,2024-07-12 06:30:00,104.05579376220703,416.2231750488281,515.0500118023584
E.K. Chalki,PhotovoltaicArray,2024-07-12 06:45:00,123.47529602050781,493.90118408203125,562.2417862827715
E.K. Chalki,PhotovoltaicArray,2024-07-12 07:00:00,119.04672241210938,476.1868896484375,603.5980187575423
E.K. Chalki,PhotovoltaicArray,2024-07-12 07:15:00,131.97402954101562,527.8961181640625,644.9542512323129
E.K. Chalki,PhotovoltaicArray,2024-07-12 07:30:00,125.91616821289062,503.6646728515625,686.3104837070834
E.K. Chalki,PhotovoltaicArray,2024-07-12 07:45:00,137.86985778808594,551.4794311523438,727.6667161818541
E.K. Chalki,PhotovoltaicArray,2024-07-12 08:00:00,152.4137420654297,609.6549682617188,759.1278991687963
E.K. Chalki,PhotovoltaicArray,2024-07-12 08:15:00,146.08792114257812,584.3516845703125,790.5890821557384
E.K. Chalki,PhotovoltaicArray,2024-07-12 08:30:00,154.3842315673828,617.5369262695312,822.0502651426804
E.K. Chalki,PhotovoltaicArray,2024-07-12 08:45:00,157.1222686767578,628.4890747070312,853.5114481296225
E.K. Chalki,PhotovoltaicArray,2024-07-12 09:00:00,163.73580932617188,654.9432373046875,872.5403894523698
E.K. Chalki,PhotovoltaicArray,2024-07-12 09:15:00,178.65313720703125,714.612548828125,891.5693307751169
E.K. Chalki,PhotovoltaicArray,2024-07-12 09:30:00,157.6675567626953,630.6702270507812,910.5982720978642
E.K. Chalki,PhotovoltaicArray,2024-07-12 09:45:00,111.88671112060547,447.5468444824219,929.6272134206115
E.K. Chalki,PhotovoltaicArray,2024-07-12 10:00:00,140.49505615234375,561.980224609375,934.1941593380708
E.K. Chalki,PhotovoltaicArray,2024-07-12 10:15:00,157.0497589111328,628.1990356445312,938.7611052555302
E.K. Chalki,PhotovoltaicArray,2024-07-12 10:30:00,151.64903259277344,606.5961303710938,943.3280511729895
E.K. Chalki,PhotovoltaicArray,2024-07-12 10:45:00,159.00930786132812,636.0372314453125,947.8949970904488
E.K. Chalki,PhotovoltaicArray,2024-07-12 11:00:00,216.16925048828125,864.677001953125,937.7462283849836
E.K. Chalki,PhotovoltaicArray,2024-07-12 11:15:00,155.99806213378906,623.9922485351562,927.5974596795185
E.K. Chalki,PhotovoltaicArray,2024-07-12 11:30:00,156.59286499023438,626.3714599609375,917.4486909740533
E.K. Chalki,PhotovoltaicArray,2024-07-12 11:45:00,178.67282104492188,714.6912841796875,907.299922268588
E.K. Chalki,PhotovoltaicArray,2024-07-12 12:00:00,140.60525512695312,562.4210205078125,883.1965965931082
E.K. Chalki,PhotovoltaicArray,2024-07-12 12:15:00,165.4973907470703,661.9895629882812,859.0932709176284
E.K. Chalki,PhotovoltaicArray,2024-07-12 12:30:00,131.56661987304688,526.2664794921875,834.9899452421486
E.K. Chalki,PhotovoltaicArray,2024-07-12 12:45:00,152.38880920410156,609.5552368164062,812.9163733077618
E.K. Chalki,PhotovoltaicArray,2024-07-12 13:00:00,130.84742736816406,523.3897094726562,776.8882444033604
E.K. Chalki,PhotovoltaicArray,2024-07-12 13:15:00,133.2316131591797,532.9264526367188,740.860115498959
E.K. Chalki,PhotovoltaicArray,2024-07-12 13:30:00,129.4927978515625,517.97119140625,704.8319865945576
E.K. Chalki,PhotovoltaicArray,2024-07-12 13:45:00,130.1996612548828,520.7986450195312,668.8038576901563
E.K. Chalki,PhotovoltaicArray,2024-07-12 14:00:00,108.94219970703125,435.768798828125,624.4029946037459
E.K. Chalki,PhotovoltaicArray,2024-07-12 14:15:00,98.64775085449219,394.59100341796875,580.0021315173357
E.K. Chalki,PhotovoltaicArray,2024-07-12 14:30:00,78.24401092529297,312.9760437011719,535.6012684309255
E.K. Chalki,PhotovoltaicArray,2024-07-12 14:45:00,82.47252655029297,329.8901062011719,491.2004053445152
E.K. Chalki,PhotovoltaicArray,2024-07-12 15:00:00,71.82188415527344,287.28753662109375,442.23259634064567
E.K. Chalki,PhotovoltaicArray,2024-07-12 15:15:00,56.53032684326172,226.12130737304688,393.2647873367761
E.K. Chalki,PhotovoltaicArray,2024-07-12 15:30:00,45.973140716552734,183.89256286621094,344.29697833290663
E.K. Chalki,PhotovoltaicArray,2024-07-12 15:45:00,35.98204040527344,143.92816162109375,295.32916932903703
E.K. Chalki,PhotovoltaicArray,2024-07-12 16:00:00,24.80399513244629,99.21598052978516,249.65971015444367
E.K. Chalki,PhotovoltaicArray,2024-07-12 16:15:00,18.083637237548828,72.33454895019531,203.99025097985032
E.K. Chalki,PhotovoltaicArray,2024-07-12 16:30:00,12.335952758789062,49.34381103515625,158.32079180525696
E.K. Chalki,PhotovoltaicArray,2024-07-12 16:45:00,7.829281330108643,31.31712532043457,112.6513326306636
E.K. Chalki,PhotovoltaicArray,2024-07-12 17:00:00,4.721432209014893,18.88572883605957,86.2645339964541
E.K. Chalki,PhotovoltaicArray,2024-07-12 17:15:00,0.0,0.0,59.87773536224462
E.K. Chalki,PhotovoltaicArray,2024-07-12 17:30:00,0.0,0.0,33.49093672803513
E.K. Chalki,PhotovoltaicArray,2024-07-12 17:45:00,0.0,0.0,7.104138093825633
E.K. Chalki,PhotovoltaicArray,2024-07-12 18:00:00,0.0,0.0,5.328103570369225
E.K. Chalki,PhotovoltaicArray,2024-07-12 18:15:00,0.0,0.0,3.5520690469128167
E.K. Chalki,PhotovoltaicArray,2024-07-12 18:30:00,0.0,0.0,1.7760345234564083
E.K. Chalki,PhotovoltaicArray,2024-07-12 18:45:00,0.0,0.0,0.0
E.K. Chalki,PhotovoltaicArray,2024-07-12 19:00:00,0.0,0.0,0.0
E.K. Chalki,PhotovoltaicArray,2024-07-12 19:15:00,0.0,0.0,0.0
E.K. Chalki,PhotovoltaicArray,2024-07-12 19:30:00,0.0,0.0,0.0
E.K. Chalki,PhotovoltaicArray,2024-07-12 19:45:00,0.0,0.0,0.0
E.K. Chalki,PhotovoltaicArray,2024-07-12 20:00:00,0.0,0.0,0.0
E.K. Chalki,PhotovoltaicArray,2024-07-12 20:15:00,0.0,0.0,0.0
E.K. Chalki,PhotovoltaicArray,2024-07-12 20:30:00,0.0,0.0,0.0
E.K. Chalki,PhotovoltaicArray,2024-07-12 20:45:00,0.0,0.0,0.0
E.K. Chalki,PhotovoltaicArray,2024-07-12 21:00:00,0.0,0.0,0.0
E.K. Chalki,PhotovoltaicArray,2024-07-12 21:15:00,0.0,0.0,0.0
E.K. Chalki,PhotovoltaicArray,2024-07-12 21:30:00,0.0,0.0,0.0
E.K. Chalki,PhotovoltaicArray,2024-07-12 21:45:00,0.0,0.0,0.0
E.K. Chalki,PhotovoltaicArray,2024-07-12 22:00:00,0.0,0.0,0.0
E.K. Chalki,PhotovoltaicArray,2024-07-12 22:15:00,0.0,0.0,0.0
E.K. Chalki,PhotovoltaicArray,2024-07-12 22:30:00,0.0,0.0,0.0
E.K. Chalki,PhotovoltaicArray,2024-07-12 22:45:00,0.0,0.0,0.0
E.K. Chalki,PhotovoltaicArray,2024-07-12 23:00:00,0.0,0.0,0.0
E.K. Chalki,PhotovoltaicArray,2024-07-12 23:15:00,0.0,0.0,0.0
E.K. Chalki,PhotovoltaicArray,2024-07-12 23:30:00,0.0,0.0,0.0
E.K. Chalki,PhotovoltaicArray,2024-07-12 23:45:00,0.0,0.0,0.0
E.K. Chalki,PhotovoltaicArray,2024-07-13 00:00:00,0.0,0.0,0.0
E.K. Chalki,PhotovoltaicArray,2024-07-13 00:15:00,0.0,0.0,0.0
E.K. Chalki,PhotovoltaicArray,2024-07-13 00:30:00,0.0,0.0,0.0
E.K. Chalki,PhotovoltaicArray,2024-07-13 00:45:00,0.0,0.0,0.0
E.K. Chalki,PhotovoltaicArray,2024-07-13 01:00:00,0.0,0.0,0.0
E.K. Chalki,PhotovoltaicArray,2024-07-13 01:15:00,0.0,0.0,0.0
E.K. Chalki,PhotovoltaicArray,2024-07-13 01:30:00,0.0,0.0,0.0
E.K. Chalki,PhotovoltaicArray,2024-07-13 01:45:00,0.0,0.0,0.0
E.K. Chalki,PhotovoltaicArray,2024-07-13 02:00:00,0.0,0.0,0.0
E.K. Chalki,PhotovoltaicArray,2024-07-13 02:15:00,0.0,0.0,0.0
E.K. Chalki,PhotovoltaicArray,2024-07-13 02:30:00,0.0,0.0,0.0
E.K. Chalki,PhotovoltaicArray,2024-07-13 02:45:00,0.0,0.0,0.0
E.K. Chalki,PhotovoltaicArray,2024-07-13 03:00:00,0.0,0.0,8.636542800484875
E.K. Chalki,PhotovoltaicArray,2024-07-13 03:15:00,0.0,0.0,17.27308560096975
E.K. Chalki,PhotovoltaicArray,2024-07-13 03:30:00,2.315727710723877,9.262910842895508,25.90962840145463
E.K. Chalki,PhotovoltaicArray,2024-07-13 03:45:00,3.6844887733459473,14.737955093383789,34.5461712019395
E.K. Chalki,PhotovoltaicArray,2024-07-13 04:00:00,8.68956184387207,34.75824737548828,71.88651801580056
E.K. Chalki,PhotovoltaicArray,2024-07-13 04:15:00,11.513587951660156,46.054351806640625,109.22686482966164
E.K. Chalki,PhotovoltaicArray,2024-07-13 04:30:00,15.480921745300293,61.92368698120117,146.5672116435227
E.K. Chalki,PhotovoltaicArray,2024-07-13 04:45:00,22.58833885192871,90.35335540771484,183.9075584573838
E.K. Chalki,PhotovoltaicArray,2024-07-13 05:00:00,34.152122497558594,136.60848999023438,231.91657578949088
E.K. Chalki,PhotovoltaicArray,2024-07-13 05:15:00,40.516395568847656,162.06558227539062,279.92559312159796
E.K. Chalki,PhotovoltaicArray,2024-07-13 05:30:00,48.535160064697266,194.14064025878906,327.93461045370503
E.K. Chalki,PhotovoltaicArray,2024-07-13 05:45:00,68.40364074707031,273.61456298828125,375.9436277858121
E.K. Chalki,PhotovoltaicArray,2024-07-13 06:00:00,76.87165069580078,307.4866027832031,423.6986291531991
E.K. Chalki,PhotovoltaicArray,2024-07-13 06:15:00,84.50169372558594,338.00677490234375,471.45363052058605
E.K. Chalki,PhotovoltaicArray,2024-07-13 06:30:00,105.84547424316406,423.38189697265625,519.208631887973
E.K. Chalki,PhotovoltaicArray,2024-07-13 06:45:00,123.2048568725586,492.8194274902344,568.9957609731212
E.K. Chalki,PhotovoltaicArray,2024-07-13 07:00:00,117.90371704101562,471.6148681640625,610.4003632225044
E.K. Chalki,PhotovoltaicArray,2024-07-13 07:15:00,127.34349060058594,509.37396240234375,651.8049654718878
E.K. Chalki,PhotovoltaicArray,2024-07-13 07:30:00,124.77664184570312,499.1065673828125,693.209567721271
E.K. Chalki,PhotovoltaicArray,2024-07-13 07:45:00,138.54324340820312,554.1729736328125,734.6141699706544
E.K. Chalki,PhotovoltaicArray,2024-07-13 08:00:00,151.1030731201172,604.4122924804688,766.1121495959522
E.K. Chalki,PhotovoltaicArray,2024-07-13 08:15:00,147.48477172851562,589.9390869140625,797.61012922125
E.K. Chalki,PhotovoltaicArray,2024-07-13 08:30:00,159.36012268066406,637.4404907226562,829.1081088465478
E.K. Chalki,PhotovoltaicArray,2024-07-13 08:45:00,159.40809631347656,637.6323852539062,860.6060884718455
E.K. Chalki,PhotovoltaicArray,2024-07-13 09:00:00,162.91259765625,651.650390625,879.4032698611362
E.K. Chalki,PhotovoltaicArray,2024-07-13 09:15:00,181.74429321289062,726.9771728515625,898.2004512504269
E.K. Chalki,PhotovoltaicArray,2024-07-13 09:30:00,175.8407440185547,703.3629760742188,916.9976326397175
E.K. Chalki,PhotovoltaicArray,2024-07-13 09:45:00,119.4705581665039,477.8822326660156,935.7948140290081
E.K. Chalki,PhotovoltaicArray,2024-07-13 10:00:00,155.2408447265625,620.96337890625,940.1130854292505
E.K. Chalki,PhotovoltaicArray,2024-07-13 10:15:00,150.34007263183594,601.3602905273438,944.4313568294929
E.K. Chalki,PhotovoltaicArray,2024-07-13 10:30:00,164.84986877441406,659.3994750976562,948.7496282297352
E.K. Chalki,PhotovoltaicArray,2024-07-13 10:45:00,174.28944396972656,697.1577758789062,953.0678996299778
E.K. Chalki,PhotovoltaicArray,2024-07-13 11:00:00,199.1293182373047,796.5172729492188,942.907261041172
E.K. Chalki,PhotovoltaicArray,2024-07-13 11:15:00,157.18801879882812,628.7520751953125,932.7466224523664
E.K. Chalki,PhotovoltaicArray,2024-07-13 11:30:00,164.1381378173828,656.5525512695312,922.5859838635606
E.K. Chalki,PhotovoltaicArray,2024-07-13 11:45:00,156.0390625,624.15625,912.4253452747549
E.K. Chalki,PhotovoltaicArray,2024-07-13 12:00:00,153.33941650390625,613.357666015625,888.5478445910614
E.K. Chalki,PhotovoltaicArray,2024-07-13 12:15:00,161.16493225097656,644.6597290039062,864.670343907368
E.K. Chalki,PhotovoltaicArray,2024-07-13 12:30:00,135.93968200683594,543.7587280273438,840.7928432236744
E.K. Chalki,PhotovoltaicArray,2024-07-13 12:45:00,146.10568237304688,584.4227294921875,816.915342539981
E.K. Chalki,PhotovoltaicArray,2024-07-13 13:00:00,135.34434509277344,541.3773803710938,781.0990915144408
E.K. Chalki,PhotovoltaicArray,2024-07-13 13:15:00,133.970947265625,535.8837890625,745.2828404889005
E.K. Chalki,PhotovoltaicArray,2024-07-13 13:30:00,129.63519287109375,518.540771484375,709.4665894633604
E.K. Chalki,PhotovoltaicArray,2024-07-13 13:45:00,132.4080047607422,529.6320190429688,673.6503384378201
E.K. Chalki,PhotovoltaicArray,2024-07-13 14:00:00,112.99172973632812,451.9669189453125,628.1814807529146
E.K. Chalki,PhotovoltaicArray,2024-07-13 14:15:00,96.14981842041016,384.5992736816406,582.7126230680088
E.K. Chalki,PhotovoltaicArray,2024-07-13 14:30:00,87.16970825195312,348.6788330078125,537.2437653831032
E.K. Chalki,PhotovoltaicArray,2024-07-13 14:45:00,83.032470703125,332.1298828125,491.77490769819747
E.K. Chalki,PhotovoltaicArray,2024-07-13 15:00:00,71.82188415527344,287.28753662109375,443.00384247193
E.K. Chalki,PhotovoltaicArray,2024-07-13 15:15:00,56.53032684326172,226.12130737304688,394.2327772456625
E.K. Chalki,PhotovoltaicArray,2024-07-13 15:30:00,45.973140716552734,183.89256286621094,345.46171201939495
E.K. Chalki,PhotovoltaicArray,2024-07-13 15:45:00,35.98204040527344,143.92816162109375,296.6906467931274
E.K. Chalki,PhotovoltaicArray,2024-07-13 16:00:00,24.80399513244629,99.21598052978516,251.22178910822177
E.K. Chalki,PhotovoltaicArray,2024-07-13 16:15:00,18.083637237548828,72.33454895019531,205.7529314233161
E.K. Chalki,PhotovoltaicArray,2024-07-13 16:30:00,13.049149513244629,52.196598052978516,160.28407373841046
E.K. Chalki,PhotovoltaicArray,2024-07-13 16:45:00,7.829281330108643,31.31712532043457,114.8152160535048
E.K. Chalki,PhotovoltaicArray,2024-07-13 17:00:00,4.721432209014893,18.88572883605957,87.88952379316959
E.K. Chalki,PhotovoltaicArray,2024-07-13 17:15:00,0.0,0.0,60.963831532834405
E.K. Chalki,PhotovoltaicArray,2024-07-13 17:30:00,0.0,0.0,34.0381392724992
E.K. Chalki,PhotovoltaicArray,2024-07-13 17:45:00,0.0,0.0,7.112447012164013
E.K. Chalki,PhotovoltaicArray,2024-07-13 18:00:00,0.0,0.0,5.3343352591230095
E.K. Chalki,PhotovoltaicArray,2024-07-13 18:15:00,0.0,0.0,3.5562235060820067
E.K. Chalki,PhotovoltaicArray,2024-07-13 18:30:00,0.0,0.0,1.7781117530410033
E.K. Chalki,PhotovoltaicArray,2024-07-13 18:45:00,0.0,0.0,0.0
E.K. Chalki,PhotovoltaicArray,2024-07-13 19:00:00,0.0,0.0,0.0
E.K. Chalki,PhotovoltaicArray,2024-07-13 19:15:00,0.0,0.0,0.0
E.K. Chalki,PhotovoltaicArray,2024-07-13 19:30:00,0.0,0.0,0.0
E.K. Chalki,PhotovoltaicArray,2024-07-13 19:45:00,0.0,0.0,0.0
E.K. Chalki,PhotovoltaicArray,2024-07-13 20:00:00,0.0,0.0,0.0
E.K. Chalki,PhotovoltaicArray,2024-07-13 20:15:00,0.0,0.0,0.0
E.K. Chalki,PhotovoltaicArray,2024-07-13 20:30:00,0.0,0.0,0.0
E.K. Chalki,PhotovoltaicArray,2024-07-13 20:45:00,0.0,0.0,0.0
E.K. Chalki,PhotovoltaicArray,2024-07-13 21:00:00,0.0,0.0,0.0
E.K. Chalki,PhotovoltaicArray,2024-07-13 21:15:00,0.0,0.0,0.0
E.K. Chalki,PhotovoltaicArray,2024-07-13 21:30:00,0.0,0.0,0.0
E.K. Chalki,PhotovoltaicArray,2024-07-13 21:45:00,0.0,0.0,0.0
E.K. Chalki,PhotovoltaicArray,2024-07-13 22:00:00,0.0,0.0,0.0
E.K. Chalki,PhotovoltaicArray,2024-07-13 22:15:00,0.0,0.0,0.0
E.K. Chalki,PhotovoltaicArray,2024-07-13 22:30:00,0.0,0.0,0.0
E.K. Chalki,PhotovoltaicArray,2024-07-13 22:45:00,0.0,0.0,0.0
E.K. Chalki,PhotovoltaicArray,2024-07-13 23:00:00,0.0,0.0,0.0
E.K. Chalki,PhotovoltaicArray,2024-07-13 23:15:00,0.0,0.0,0.0
E.K. Chalki,PhotovoltaicArray,2024-07-13 23:30:00,0.0,0.0,0.0
E.K. Chalki,PhotovoltaicArray,2024-07-13 23:45:00,0.0,0.0,0.0
E.K. Chalki,PhotovoltaicArray,2024-07-14 00:00:00,0.0,0.0,0.0
E.K. Chalki,PhotovoltaicArray,2024-07-14 00:15:00,0.0,0.0,0.0
E.K. Chalki,PhotovoltaicArray,2024-07-14 00:30:00,0.0,0.0,0.0
E.K. Chalki,PhotovoltaicArray,2024-07-14 00:45:00,0.0,0.0,0.0
E.K. Chalki,PhotovoltaicArray,2024-07-14 01:00:00,0.0,0.0,0.0
E.K. Chalki,PhotovoltaicArray,2024-07-14 01:15:00,0.0,0.0,0.0
E.K. Chalki,PhotovoltaicArray,2024-07-14 01:30:00,0.0,0.0,0.0
E.K. Chalki,PhotovoltaicArray,2024-07-14 01:45:00,0.0,0.0,0.0
E.K. Chalki,PhotovoltaicArray,2024-07-14 02:00:00,0.0,0.0,0.0
E.K. Chalki,PhotovoltaicArray,2024-07-14 02:15:00,0.0,0.0,0.0
E.K. Chalki,PhotovoltaicArray,2024-07-14 02:30:00,0.0,0.0,0.0
E.K. Chalki,PhotovoltaicArray,2024-07-14 02:45:00,0.0,0.0,0.0
E.K. Chalki,PhotovoltaicArray,2024-07-14 03:00:00,0.0,0.0,8.392750673797327
E.K. Chalki,PhotovoltaicArray,2024-07-14 03:15:00,0.0,0.0,16.785501347594654
E.K. Chalki,PhotovoltaicArray,2024-07-14 03:30:00,2.315727710723877,9.262910842895508,25.178252021391977
E.K. Chalki,PhotovoltaicArray,2024-07-14 03:45:00,3.444143533706665,13.77657413482666,33.57100269518931
E.K. Chalki,PhotovoltaicArray,2024-07-14 04:00:00,8.68956184387207,34.75824737548828,71.21121783828033
E.K. Chalki,PhotovoltaicArray,2024-07-14 04:15:00,11.33964729309082,45.35858917236328,108.85143298137137
E.K. Chalki,PhotovoltaicArray,2024-07-14 04:30:00,15.480921745300293,61.92368698120117,146.49164812446242
E.K. Chalki,PhotovoltaicArray,2024-07-14 04:45:00,22.58833885192871,90.35335540771484,184.13186326755346
E.K. Chalki,PhotovoltaicArray,2024-07-14 05:00:00,34.152122497558594,136.60848999023438,232.70808686438042
E.K. Chalki,PhotovoltaicArray,2024-07-14 05:15:00,40.884925842285156,163.53970336914062,281.2843104612074
E.K. Chalki,PhotovoltaicArray,2024-07-14 05:30:00,52.50849533081055,210.0339813232422,329.8605340580344
E.K. Chalki,PhotovoltaicArray,2024-07-14 05:45:00,64.39694213867188,257.5877685546875,378.4367576548613
E.K. Chalki,PhotovoltaicArray,2024-07-14 06:00:00,80.58149719238281,322.32598876953125,426.5043296957005
E.K. Chalki,PhotovoltaicArray,2024-07-14 06:15:00,85.43036651611328,341.7214660644531,474.5719017365397
E.K. Chalki,PhotovoltaicArray,2024-07-14 06:30:00,105.68440246582031,422.73760986328125,522.639473777379
E.K. Chalki,PhotovoltaicArray,2024-07-14 06:45:00,106.20769500732422,424.8307800292969,571.7243489301937
E.K. Chalki,PhotovoltaicArray,2024-07-14 07:00:00,119.29130554199219,477.16522216796875,613.6881022991803
E.K. Chalki,PhotovoltaicArray,2024-07-14 07:15:00,127.34349060058594,509.37396240234375,655.6518556681668
E.K. Chalki,PhotovoltaicArray,2024-07-14 07:30:00,123.61138916015625,494.445556640625,697.6156090371534
E.K. Chalki,PhotovoltaicArray,2024-07-14 07:45:00,141.13204956054688,564.5281982421875,739.5793624061401
E.K. Chalki,PhotovoltaicArray,2024-07-14 08:00:00,152.9986572265625,611.99462890625,771.3700846553724
E.K. Chalki,PhotovoltaicArray,2024-07-14 08:15:00,147.11007690429688,588.4403076171875,803.1608069046047
E.K. Chalki,PhotovoltaicArray,2024-07-14 08:30:00,160.71923828125,642.876953125,834.951529153837
E.K. Chalki,PhotovoltaicArray,2024-07-14 08:45:00,159.7396697998047,638.9586791992188,866.7422514030693
E.K. Chalki,PhotovoltaicArray,2024-07-14 09:00:00,169.00074768066406,676.0029907226562,885.308033196621
E.K. Chalki,PhotovoltaicArray,2024-07-14 09:15:00,144.57574462890625,578.302978515625,903.8738149901726
E.K. Chalki,PhotovoltaicArray,2024-07-14 09:30:00,166.24151611328125,664.966064453125,922.4395967837243
E.K. Chalki,PhotovoltaicArray,2024-07-14 09:45:00,162.31488037109375,649.259521484375,941.0053785772759
E.K. Chalki,PhotovoltaicArray,2024-07-14 10:00:00,149.1243438720703,596.4973754882812,945.3289168031715
E.K. Chalki,PhotovoltaicArray,2024-07-14 10:15:00,122.78602600097656,491.14410400390625,949.6524550290671
E.K. Chalki,PhotovoltaicArray,2024-07-14 10:30:00,157.77392578125,631.095703125,953.9759932549626
E.K. Chalki,PhotovoltaicArray,2024-07-14 10:45:00,162.5941925048828,650.3767700195312,958.2995314808583
E.K. Chalki,PhotovoltaicArray,2024-07-14 11:00:00,197.99952697753906,791.9981079101562,948.126500361104
E.K. Chalki,PhotovoltaicArray,2024-07-14 11:15:00,165.04945373535156,660.1978149414062,937.9534692413496
E.K. Chalki,PhotovoltaicArray,2024-07-14 11:30:00,169.02899169921875,676.115966796875,927.7804381215951
E.K. Chalki,PhotovoltaicArray,2024-07-14 11:45:00,151.37376403808594,605.4950561523438,917.6074070018409
E.K. Chalki,PhotovoltaicArray,2024-07-14 12:00:00,145.859375,583.4375,893.1921323144304
E.K. Chalki,PhotovoltaicArray,2024-07-14 12:15:00,162.2848358154297,649.1393432617188,868.77685762702
E.K. Chalki,PhotovoltaicArray,2024-07-14 12:30:00,136.3251190185547,545.3004760742188,844.3615829396098
E.K. Chalki,PhotovoltaicArray,2024-07-14 12:45:00,145.9133758544922,583.6535034179688,820.9636113641749
E.K. Chalki,PhotovoltaicArray,2024-07-14 13:00:00,129.0581512451172,516.2326049804688,785.1036766670406
E.K. Chalki,PhotovoltaicArray,2024-07-14 13:15:00,134.21701049804688,536.8680419921875,749.2437419699068
E.K. Chalki,PhotovoltaicArray,2024-07-14 13:30:00,107.05220794677734,428.2088317871094,713.3838072727727
E.K. Chalki,PhotovoltaicArray,2024-07-14 13:45:00,114.85433959960938,459.4173583984375,677.5238725756387
E.K. Chalki,PhotovoltaicArray,2024-07-14 14:00:00,116.2243881225586,464.8975524902344,633.0168614267135
E.K. Chalki,PhotovoltaicArray,2024-07-14 14:15:00,105.96428680419922,423.8571472167969,588.5098502777881
E.K. Chalki,PhotovoltaicArray,2024-07-14 14:30:00,89.00740814208984,356.0296325683594,544.002839128863
E.K. Chalki,PhotovoltaicArray,2024-07-14 14:45:00,78.02470397949219,312.09881591796875,499.4958279799378
E.K. Chalki,PhotovoltaicArray,2024-07-14 15:00:00,70.74758911132812,282.9903564453125,450.1566270491293
E.K. Chalki,PhotovoltaicArray,2024-07-14 15:15:00,59.66688919067383,238.6675567626953,400.8174261183208
E.K. Chalki,PhotovoltaicArray,2024-07-14 15:30:00,47.01593780517578,188.06375122070312,351.47822518751235
E.K. Chalki,PhotovoltaicArray,2024-07-14 15:45:00,34.12208938598633,136.4883575439453,302.1390242567038
E.K. Chalki,PhotovoltaicArray,2024-07-14 16:00:00,25.382518768310547,101.53007507324219,255.34308110583385
E.K. Chalki,PhotovoltaicArray,2024-07-14 16:15:00,17.974166870117188,71.89666748046875,208.5471379549639
E.K. Chalki,PhotovoltaicArray,2024-07-14 16:30:00,13.049149513244629,52.196598052978516,161.75119480409393
E.K. Chalki,PhotovoltaicArray,2024-07-14 16:45:00,7.829281330108643,31.31712532043457,114.95525165322398
E.K. Chalki,PhotovoltaicArray,2024-07-14 17:00:00,4.721432209014893,18.88572883605957,87.996719185875
E.K. Chalki,PhotovoltaicArray,2024-07-14 17:15:00,0.0,0.0,61.038186718526006
E.K. Chalki,PhotovoltaicArray,2024-07-14 17:30:00,0.0,0.0,34.079654251177026
E.K. Chalki,PhotovoltaicArray,2024-07-14 17:45:00,0.0,0.0,7.121121783828034
E.K. Chalki,PhotovoltaicArray,2024-07-14 18:00:00,0.0,0.0,5.3408413378710256
E.K. Chalki,PhotovoltaicArray,2024-07-14 18:15:00,0.0,0.0,3.560560891914017
E.K. Chalki,PhotovoltaicArray,2024-07-14 18:30:00,0.0,0.0,1.7802804459570085
E.K. Chalki,PhotovoltaicArray,2024-07-14 18:45:00,0.0,0.0,0.0
E.K. Chalki,PhotovoltaicArray,2024-07-14 19:00:00,0.0,0.0,0.0
E.K. Chalki,PhotovoltaicArray,2024-07-14 19:15:00,0.0,0.0,0.0
E.K. Chalki,PhotovoltaicArray,2024-07-14 19:30:00,0.0,0.0,0.0
E.K. Chalki,PhotovoltaicArray,2024-07-14 19:45:00,0.0,0.0,0.0
E.K. Chalki,PhotovoltaicArray,2024-07-14 20:00:00,0.0,0.0,0.0
E.K. Chalki,PhotovoltaicArray,2024-07-14 20:15:00,0.0,0.0,0.0
E.K. Chalki,PhotovoltaicArray,2024-07-14 20:30:00,0.0,0.0,0.0
E.K. Chalki,PhotovoltaicArray,2024-07-14 20:45:00,0.0,0.0,0.0
E.K. Chalki,PhotovoltaicArray,2024-07-14 21:00:00,0.0,0.0,0.0
E.K. Chalki,PhotovoltaicArray,2024-07-14 21:15:00,0.0,0.0,0.0
E.K. Chalki,PhotovoltaicArray,2024-07-14 21:30:00,0.0,0.0,0.0
E.K. Chalki,PhotovoltaicArray,2024-07-14 21:45:00,0.0,0.0,0.0
E.K. Chalki,PhotovoltaicArray,2024-07-14 22:00:00,0.0,0.0,0.0
E.K. Chalki,PhotovoltaicArray,2024-07-14 22:15:00,0.0,0.0,0.0
E.K. Chalki,PhotovoltaicArray,2024-07-14 22:30:00,0.0,0.0,0.0
E.K. Chalki,PhotovoltaicArray,2024-07-14 22:45:00,0.0,0.0,0.0
E.K. Chalki,PhotovoltaicArray,2024-07-14 23:00:00,0.0,0.0,0.0
E.K. Chalki,PhotovoltaicArray,2024-07-14 23:15:00,0.0,0.0,0.0
E.K. Chalki,PhotovoltaicArray,2024-07-14 23:30:00,0.0,0.0,0.0
E.K. Chalki,PhotovoltaicArray,2024-07-14 23:45:00,0.0,0.0,0.0
E.K. Chalki,PhotovoltaicArray,2024-07-15 00:00:00,0.0,0.0,0.0
E.K. Chalki,PhotovoltaicArray,2024-07-15 00:15:00,0.0,0.0,0.0
E.K. Chalki,PhotovoltaicArray,2024-07-15 00:30:00,0.0,0.0,0.0
E.K. Chalki,PhotovoltaicArray,2024-07-15 00:45:00,0.0,0.0,0.0
E.K. Chalki,PhotovoltaicArray,2024-07-15 01:00:00,0.0,0.0,0.0
E.K. Chalki,PhotovoltaicArray,2024-07-15 01:15:00,0.0,0.0,0.0
E.K. Chalki,PhotovoltaicArray,2024-07-15 01:30:00,0.0,0.0,0.0
E.K. Chalki,PhotovoltaicArray,2024-07-15 01:45:00,0.0,0.0,0.0
E.K. Chalki,PhotovoltaicArray,2024-07-15 02:00:00,0.0,0.0,0.0
E.K. Chalki,PhotovoltaicArray,2024-07-15 02:15:00,0.0,0.0,0.0
E.K. Chalki,PhotovoltaicArray,2024-07-15 02:30:00,0.0,0.0,0.0
E.K. Chalki,PhotovoltaicArray,2024-07-15 02:45:00,0.0,0.0,0.0
E.K. Chalki,PhotovoltaicArray,2024-07-15 03:00:00,0.0,0.0,8.403404641826597
E.K. Chalki,PhotovoltaicArray,2024-07-15 03:15:00,0.0,0.0,16.806809283653195
E.K. Chalki,PhotovoltaicArray,2024-07-15 03:30:00,2.315727710723877,9.262910842895508,25.210213925479795
E.K. Chalki,PhotovoltaicArray,2024-07-15 03:45:00,3.444143533706665,13.77657413482666,33.61361856730639
E.K. Chalki,PhotovoltaicArray,2024-07-15 04:00:00,8.68956184387207,34.75824737548828,72.06556101930082
E.K. Chalki,PhotovoltaicArray,2024-07-15 04:15:00,11.33964729309082,45.35858917236328,110.51750347129527
E.K. Chalki,PhotovoltaicArray,2024-07-15 04:30:00,15.814676284790039,63.258705139160156,148.9694459232897
E.K. Chalki,PhotovoltaicArray,2024-07-15 04:45:00,23.376569747924805,93.50627899169922,187.42138837528415
E.K. Chalki,PhotovoltaicArray,2024-07-15 05:00:00,34.152122497558594,136.60848999023438,236.31392447318433
E.K. Chalki,PhotovoltaicArray,2024-07-15 05:15:00,41.64442825317383,166.5777130126953,285.2064605710845
E.K. Chalki,PhotovoltaicArray,2024-07-15 05:30:00,52.50849533081055,210.0339813232422,334.09899666898474
E.K. Chalki,PhotovoltaicArray,2024-07-15 05:45:00,64.39694213867188,257.5877685546875,382.991532766885
E.K. Chalki,PhotovoltaicArray,2024-07-15 06:00:00,79.89128875732422,319.5651550292969,431.1201229882555
E.K. Chalki,PhotovoltaicArray,2024-07-15 06:15:00,84.2058334350586,336.8233337402344,479.24871320962603
E.K. Chalki,PhotovoltaicArray,2024-07-15 06:30:00,107.89856719970703,431.5942687988281,527.3773034309964
E.K. Chalki,PhotovoltaicArray,2024-07-15 06:45:00,107.5182876586914,430.0731506347656,577.5430826564462
E.K. Chalki,PhotovoltaicArray,2024-07-15 07:00:00,121.72673797607422,486.9069519042969,619.3054572400694
E.K. Chalki,PhotovoltaicArray,2024-07-15 07:15:00,129.35084533691406,517.4033813476562,661.0678318236924
E.K. Chalki,PhotovoltaicArray,2024-07-15 07:30:00,116.54032135009766,466.1612854003906,702.8302064073155
E.K. Chalki,PhotovoltaicArray,2024-07-15 07:45:00,141.62164306640625,566.486572265625,744.5925809909386
E.K. Chalki,PhotovoltaicArray,2024-07-15 08:00:00,156.27479553222656,625.0991821289062,776.4236591796756
E.K. Chalki,PhotovoltaicArray,2024-07-15 08:15:00,144.0621337890625,576.24853515625,808.2547373684129
E.K. Chalki,PhotovoltaicArray,2024-07-15 08:30:00,158.87796020507812,635.5118408203125,840.0858155571499
E.K. Chalki,PhotovoltaicArray,2024-07-15 08:45:00,169.63043212890625,678.521728515625,871.9168937458871
E.K. Chalki,PhotovoltaicArray,2024-07-15 09:00:00,170.1935272216797,680.7741088867188,890.7608920336194
E.K. Chalki,PhotovoltaicArray,2024-07-15 09:15:00,128.13705444335938,512.5482177734375,909.6048903213517
E.K. Chalki,PhotovoltaicArray,2024-07-15 09:30:00,170.0994415283203,680.3977661132812,928.4488886090842
E.K. Chalki,PhotovoltaicArray,2024-07-15 09:45:00,159.249267578125,636.9970703125,947.2928868968165
E.K. Chalki,PhotovoltaicArray,2024-07-15 10:00:00,104.25862121582031,417.03448486328125,951.6219135304848
E.K. Chalki,PhotovoltaicArray,2024-07-15 10:15:00,121.9952392578125,487.98095703125,955.9509401641529
E.K. Chalki,PhotovoltaicArray,2024-07-15 10:30:00,157.77392578125,631.095703125,960.2799667978212
E.K. Chalki,PhotovoltaicArray,2024-07-15 10:45:00,169.4967803955078,677.9871215820312,964.6089934314896
E.K. Chalki,PhotovoltaicArray,2024-07-15 11:00:00,176.31549072265625,705.261962890625,954.1683997855837
E.K. Chalki,PhotovoltaicArray,2024-07-15 11:15:00,139.27186584472656,557.0874633789062,943.7278061396779
E.K. Chalki,PhotovoltaicArray,2024-07-15 11:30:00,169.02899169921875,676.115966796875,933.2872124937722
E.K. Chalki,PhotovoltaicArray,2024-07-15 11:45:00,158.52394104003906,634.0957641601562,922.8466188478665
E.K. Chalki,PhotovoltaicArray,2024-07-15 12:00:00,140.39529418945312,561.5811767578125,898.4003507989163
E.K. Chalki,PhotovoltaicArray,2024-07-15 12:15:00,174.3592529296875,697.43701171875,873.9540827499662
E.K. Chalki,PhotovoltaicArray,2024-07-15 12:30:00,149.99099731445312,599.9639892578125,849.5078147010162
E.K. Chalki,PhotovoltaicArray,2024-07-15 12:45:00,142.89837646484375,571.593505859375,825.0615466520661
E.K. Chalki,PhotovoltaicArray,2024-07-15 13:00:00,128.14053344726562,512.5621337890625,788.6467932041509
E.K. Chalki,PhotovoltaicArray,2024-07-15 13:15:00,138.5330047607422,554.1320190429688,752.2320397562356
E.K. Chalki,PhotovoltaicArray,2024-07-15 13:30:00,122.93009948730469,491.72039794921875,715.8172863083203
E.K. Chalki,PhotovoltaicArray,2024-07-15 13:45:00,120.29072570800781,481.16290283203125,679.4025328604051
E.K. Chalki,PhotovoltaicArray,2024-07-15 14:00:00,123.21192932128906,492.84771728515625,634.3297261451534
E.K. Chalki,PhotovoltaicArray,2024-07-15 14:15:00,105.79041290283203,423.1616516113281,589.2569194299015
E.K. Chalki,PhotovoltaicArray,2024-07-15 14:30:00,97.21773529052734,388.8709411621094,544.1841127146497
E.K. Chalki,PhotovoltaicArray,2024-07-15 14:45:00,78.02470397949219,312.09881591796875,499.111305999398
E.K. Chalki,PhotovoltaicArray,2024-07-15 15:00:00,70.51351165771484,282.0540466308594,449.70947265047795
E.K. Chalki,PhotovoltaicArray,2024-07-15 15:15:00,58.4472770690918,233.7891082763672,400.30763930155797
E.K. Chalki,PhotovoltaicArray,2024-07-15 15:30:00,47.01593780517578,188.06375122070312,350.90580595263793
E.K. Chalki,PhotovoltaicArray,2024-07-15 15:45:00,34.12208938598633,136.4883575439453,301.50397260371795
E.K. Chalki,PhotovoltaicArray,2024-07-15 16:00:00,25.382518768310547,101.53007507324219,254.64862550989693
E.K. Chalki,PhotovoltaicArray,2024-07-15 16:15:00,17.974166870117188,71.89666748046875,207.79327841607588
E.K. Chalki,PhotovoltaicArray,2024-07-15 16:30:00,13.049149513244629,52.196598052978516,160.93793132225485
E.K. Chalki,PhotovoltaicArray,2024-07-15 16:45:00,7.829281330108643,31.31712532043457,114.08258422843382
E.K. Chalki,PhotovoltaicArray,2024-07-15 17:00:00,4.721432209014893,18.88572883605957,87.34447854989463
E.K. Chalki,PhotovoltaicArray,2024-07-15 17:15:00,0.0,0.0,60.60637287135546
E.K. Chalki,PhotovoltaicArray,2024-07-15 17:30:00,0.0,0.0,33.86826719281629
E.K. Chalki,PhotovoltaicArray,2024-07-15 17:45:00,0.0,0.0,7.1301615142771135
E.K. Chalki,PhotovoltaicArray,2024-07-15 18:00:00,0.0,0.0,5.347621135707835
E.K. Chalki,PhotovoltaicArray,2024-07-15 18:15:00,0.0,0.0,3.5650807571385568
E.K. Chalki,PhotovoltaicArray,2024-07-15 18:30:00,0.0,0.0,1.7825403785692784
E.K. Chalki,PhotovoltaicArray,2024-07-15 18:45:00,0.0,0.0,0.0
E.K. Chalki,PhotovoltaicArray,2024-07-15 19:00:00,0.0,0.0,0.0
E.K. Chalki,PhotovoltaicArray,2024-07-15 19:15:00,0.0,0.0,0.0
E.K. Chalki,PhotovoltaicArray,2024-07-15 19:30:00,0.0,0.0,0.0
E.K. Chalki,PhotovoltaicArray,2024-07-15 19:45:00,0.0,0.0,0.0
E.K. Chalki,PhotovoltaicArray,2024-07-15 20:00:00,0.0,0.0,0.0
E.K. Chalki,PhotovoltaicArray,2024-07-15 20:15:00,0.0,0.0,0.0
E.K. Chalki,PhotovoltaicArray,2024-07-15 20:30:00,0.0,0.0,0.0
E.K. Chalki,PhotovoltaicArray,2024-07-15 20:45:00,0.0,0.0,0.0
E.K. Chalki,PhotovoltaicArray,2024-07-15 21:00:00,0.0,0.0,0.0
E.K. Chalki,PhotovoltaicArray,2024-07-15 21:15:00,0.0,0.0,0.0
E.K. Chalki,PhotovoltaicArray,2024-07-15 21:30:00,0.0,0.0,0.0
E.K. Chalki,PhotovoltaicArray,2024-07-15 21:45:00,0.0,0.0,0.0
E.K. Chalki,PhotovoltaicArray,2024-07-15 22:00:00,0.0,0.0,0.0
E.K. Chalki,PhotovoltaicArray,2024-07-15 22:15:00,0.0,0.0,0.0
E.K. Chalki,PhotovoltaicArray,2024-07-15 22:30:00,0.0,0.0,0.0
E.K. Chalki,PhotovoltaicArray,2024-07-15 22:45:00,0.0,0.0,0.0
E.K. Chalki,PhotovoltaicArray,2024-07-15 23:00:00,0.0,0.0,0.0
E.K. Chalki,PhotovoltaicArray,2024-07-15 23:15:00,0.0,0.0,0.0
E.K. Chalki,PhotovoltaicArray,2024-07-15 23:30:00,0.0,0.0,0.0
E.K. Chalki,PhotovoltaicArray,2024-07-15 23:45:00,0.0,0.0,0.0
E.K. Chalki,PhotovoltaicArray,2024-07-16 00:00:00,0.0,0.0,0.0
E.K. Chalki,PhotovoltaicArray,2024-07-16 00:15:00,0.0,0.0,0.0
E.K. Chalki,PhotovoltaicArray,2024-07-16 00:30:00,0.0,0.0,0.0
E.K. Chalki,PhotovoltaicArray,2024-07-16 00:45:00,0.0,0.0,0.0
E.K. Chalki,PhotovoltaicArray,2024-07-16 01:00:00,0.0,0.0,0.0
E.K. Chalki,PhotovoltaicArray,2024-07-16 01:15:00,0.0,0.0,0.0
E.K. Chalki,PhotovoltaicArray,2024-07-16 01:30:00,0.0,0.0,0.0
E.K. Chalki,PhotovoltaicArray,2024-07-16 01:45:00,0.0,0.0,0.0
E.K. Chalki,PhotovoltaicArray,2024-07-16 02:00:00,0.0,0.0,0.0
E.K. Chalki,PhotovoltaicArray,2024-07-16 02:15:00,0.0,0.0,0.0
E.K. Chalki,PhotovoltaicArray,2024-07-16 02:30:00,0.0,0.0,0.0
E.K. Chalki,PhotovoltaicArray,2024-07-16 02:45:00,0.0,0.0,0.0
E.K. Chalki,PhotovoltaicArray,2024-07-16 03:00:00,0.0,0.0,8.159503190683685
E.K. Chalki,PhotovoltaicArray,2024-07-16 03:15:00,0.0,0.0,16.31900638136737
E.K. Chalki,PhotovoltaicArray,2024-07-16 03:30:00,2.315727710723877,9.262910842895508,24.478509572051056
E.K. Chalki,PhotovoltaicArray,2024-07-16 03:45:00,3.2189602851867676,12.87584114074707,32.63801276273474
E.K. Chalki,PhotovoltaicArray,2024-07-16 04:00:00,8.68956184387207,34.75824737548828,70.63069949435565
E.K. Chalki,PhotovoltaicArray,2024-07-16 04:15:00,11.33964729309082,45.35858917236328,108.62338622597656
E.K. Chalki,PhotovoltaicArray,2024-07-16 04:30:00,15.053118705749512,60.21247482299805,146.61607295759745
E.K. Chalki,PhotovoltaicArray,2024-07-16 04:45:00,22.59087371826172,90.36349487304688,184.6087596892184
E.K. Chalki,PhotovoltaicArray,2024-07-16 05:00:00,34.152122497558594,136.60848999023438,233.82076330802937
E.K. Chalki,PhotovoltaicArray,2024-07-16 05:15:00,40.884925842285156,163.53970336914062,283.03276692684034
E.K. Chalki,PhotovoltaicArray,2024-07-16 05:30:00,52.97964096069336,211.91856384277344,332.2447705456513
E.K. Chalki,PhotovoltaicArray,2024-07-16 05:45:00,64.39694213867188,257.5877685546875,381.4567741644623
E.K. Chalki,PhotovoltaicArray,2024-07-16 06:00:00,68.67900848388672,274.7160339355469,430.1588088338555
E.K. Chalki,PhotovoltaicArray,2024-07-16 06:15:00,84.2058334350586,336.8233337402344,478.86084350324876
E.K. Chalki,PhotovoltaicArray,2024-07-16 06:30:00,105.67102813720703,422.6841125488281,527.5628781726421
E.K. Chalki,PhotovoltaicArray,2024-07-16 06:45:00,108.30276489257812,433.2110595703125,574.2250370443644
E.K. Chalki,PhotovoltaicArray,2024-07-16 07:00:00,118.9906997680664,475.9627990722656,616.552459846036
E.K. Chalki,PhotovoltaicArray,2024-07-16 07:15:00,124.12321472167969,496.49285888671875,658.8798826477076
E.K. Chalki,PhotovoltaicArray,2024-07-16 07:30:00,117.95012664794922,471.8005065917969,701.2073054493791
E.K. Chalki,PhotovoltaicArray,2024-07-16 07:45:00,140.3596954345703,561.4387817382812,743.5347282510508
E.K. Chalki,PhotovoltaicArray,2024-07-16 08:00:00,151.62564086914062,606.5025634765625,775.15280311495
E.K. Chalki,PhotovoltaicArray,2024-07-16 08:15:00,146.9816131591797,587.9264526367188,806.7708779788494
E.K. Chalki,PhotovoltaicArray,2024-07-16 08:30:00,157.0143280029297,628.0573120117188,838.3889528427487
E.K. Chalki,PhotovoltaicArray,2024-07-16 08:45:00,167.40396118164062,669.6158447265625,870.0070277066479
E.K. Chalki,PhotovoltaicArray,2024-07-16 09:00:00,171.89857482910156,687.5942993164062,888.875878835104
E.K. Chalki,PhotovoltaicArray,2024-07-16 09:15:00,189.7716064453125,759.08642578125,907.74472996356
E.K. Chalki,PhotovoltaicArray,2024-07-16 09:30:00,165.3006591796875,661.20263671875,926.6135810920161
E.K. Chalki,PhotovoltaicArray,2024-07-16 09:45:00,160.56784057617188,642.2713623046875,945.4824322204721
E.K. Chalki,PhotovoltaicArray,2024-07-16 10:00:00,111.65387725830078,446.6155090332031,949.8171682905228
E.K. Chalki,PhotovoltaicArray,2024-07-16 10:15:00,129.10667419433594,516.4266967773438,954.1519043605734
E.K. Chalki,PhotovoltaicArray,2024-07-16 10:30:00,163.77525329589844,655.1010131835938,958.4866404306242
E.K. Chalki,PhotovoltaicArray,2024-07-16 10:45:00,135.05026245117188,540.2010498046875,962.8213765006749
E.K. Chalki,PhotovoltaicArray,2024-07-16 11:00:00,202.4095916748047,809.6383666992188,952.3670130376115
E.K. Chalki,PhotovoltaicArray,2024-07-16 11:15:00,139.30909729003906,557.2363891601562,941.9126495745479
E.K. Chalki,PhotovoltaicArray,2024-07-16 11:30:00,176.5860137939453,706.3440551757812,931.4582861114844
E.K. Chalki,PhotovoltaicArray,2024-07-16 11:45:00,151.37376403808594,605.4950561523438,921.0039226484209
E.K. Chalki,PhotovoltaicArray,2024-07-16 12:00:00,147.87533569335938,591.5013427734375,896.52541307637
E.K. Chalki,PhotovoltaicArray,2024-07-16 12:15:00,166.7015380859375,666.80615234375,872.0469035043188
E.K. Chalki,PhotovoltaicArray,2024-07-16 12:30:00,137.01907348632812,548.0762939453125,847.5683939322679
E.K. Chalki,PhotovoltaicArray,2024-07-16 12:45:00,146.7473602294922,586.9894409179688,823.0898843602167
E.K. Chalki,PhotovoltaicArray,2024-07-16 13:00:00,122.11083221435547,488.4433288574219,786.627104476849
E.K. Chalki,PhotovoltaicArray,2024-07-16 13:15:00,133.71810913085938,534.8724365234375,750.1643245934814
E.K. Chalki,PhotovoltaicArray,2024-07-16 13:30:00,107.05220794677734,428.2088317871094,713.7015447101137
E.K. Chalki,PhotovoltaicArray,2024-07-16 13:45:00,114.6602783203125,458.64111328125,677.2387648267459
E.K. Chalki,PhotovoltaicArray,2024-07-16 14:00:00,116.2243881225586,464.8975524902344,631.8515283285678
E.K. Chalki,PhotovoltaicArray,2024-07-16 14:15:00,96.14981842041016,384.5992736816406,586.4642918303898
E.K. Chalki,PhotovoltaicArray,2024-07-16 14:30:00,89.00740814208984,356.0296325683594,541.0770553322119
E.K. Chalki,PhotovoltaicArray,2024-07-16 14:45:00,83.032470703125,332.1298828125,495.68981883403393
E.K. Chalki,PhotovoltaicArray,2024-07-16 15:00:00,80.95747375488281,323.82989501953125,446.22283074051404
E.K. Chalki,PhotovoltaicArray,2024-07-16 15:15:00,58.668975830078125,234.6759033203125,396.7558426469942
E.K. Chalki,PhotovoltaicArray,2024-07-16 15:30:00,45.973140716552734,183.89256286621094,347.2888545534744
E.K. Chalki,PhotovoltaicArray,2024-07-16 15:45:00,35.98204040527344,143.92816162109375,297.82186645995455
E.K. Chalki,PhotovoltaicArray,2024-07-16 16:00:00,24.80399513244629,99.21598052978516,251.41469206294104
E.K. Chalki,PhotovoltaicArray,2024-07-16 16:15:00,18.083637237548828,72.33454895019531,205.0075176659276
E.K. Chalki,PhotovoltaicArray,2024-07-16 16:30:00,13.049149513244629,52.196598052978516,158.60034326891412
E.K. Chalki,PhotovoltaicArray,2024-07-16 16:45:00,7.829281330108643,31.31712532043457,112.19316887190068
E.K. Chalki,PhotovoltaicArray,2024-07-16 17:00:00,4.721432209014893,18.88572883605957,85.6747835021787
E.K. Chalki,PhotovoltaicArray,2024-07-16 17:15:00,0.0,0.0,59.15639813245672
E.K. Chalki,PhotovoltaicArray,2024-07-16 17:30:00,0.0,0.0,32.63801276273474
E.K. Chalki,PhotovoltaicArray,2024-07-16 17:45:00,0.0,0.0,6.119627393012764
E.K. Chalki,PhotovoltaicArray,2024-07-16 18:00:00,0.0,0.0,4.589720544759572
E.K. Chalki,PhotovoltaicArray,2024-07-16 18:15:00,0.0,0.0,3.059813696506382
E.K. Chalki,PhotovoltaicArray,2024-07-16 18:30:00,0.0,0.0,1.529906848253191
E.K. Chalki,PhotovoltaicArray,2024-07-16 18:45:00,0.0,0.0,0.0
E.K. Chalki,PhotovoltaicArray,2024-07-16 19:00:00,0.0,0.0,0.0
E.K. Chalki,PhotovoltaicArray,2024-07-16 19:15:00,0.0,0.0,0.0
E.K. Chalki,PhotovoltaicArray,2024-07-16 19:30:00,0.0,0.0,0.0
E.K. Chalki,PhotovoltaicArray,2024-07-16 19:45:00,0.0,0.0,0.0
E.K. Chalki,PhotovoltaicArray,2024-07-16 20:00:00,0.0,0.0,0.0
E.K. Chalki,PhotovoltaicArray,2024-07-16 20:15:00,0.0,0.0,0.0
E.K. Chalki,PhotovoltaicArray,2024-07-16 20:30:00,0.0,0.0,0.0
E.K. Chalki,PhotovoltaicArray,2024-07-16 20:45:00,0.0,0.0,0.0
E.K. Chalki,PhotovoltaicArray,2024-07-16 21:00:00,0.0,0.0,0.0
E.K. Chalki,PhotovoltaicArray,2024-07-16 21:15:00,0.0,0.0,0.0
E.K. Chalki,PhotovoltaicArray,2024-07-16 21:30:00,0.0,0.0,0.0
E.K. Chalki,PhotovoltaicArray,2024-07-16 21:45:00,0.0,0.0,0.0
E.K. Chalki,PhotovoltaicArray,2024-07-16 22:00:00,0.0,0.0,0.0
E.K. Chalki,PhotovoltaicArray,2024-07-16 22:15:00,0.0,0.0,0.0
E.K. Chalki,PhotovoltaicArray,2024-07-16 22:30:00,0.0,0.0,0.0
E.K. Chalki,PhotovoltaicArray,2024-07-16 22:45:00,0.0,0.0,0.0
E.K. Chalki,PhotovoltaicArray,2024-07-16 23:00:00,0.0,0.0,0.0
E.K. Chalki,PhotovoltaicArray,2024-07-16 23:15:00,0.0,0.0,0.0
E.K. Chalki,PhotovoltaicArray,2024-07-16 23:30:00,0.0,0.0,0.0
E.K. Chalki,PhotovoltaicArray,2024-07-16 23:45:00,0.0,0.0,0.0
E.K. Chalki,PhotovoltaicArray,2024-07-17 00:00:00,0.0,0.0,0.0
E.K. Chalki,PhotovoltaicArray,2024-07-17 00:15:00,0.0,0.0,0.0
E.K. Chalki,PhotovoltaicArray,2024-07-17 00:30:00,0.0,0.0,0.0
E.K. Chalki,PhotovoltaicArray,2024-07-17 00:45:00,0.0,0.0,0.0
E.K. Chalki,PhotovoltaicArray,2024-07-17 01:00:00,0.0,0.0,0.0
E.K. Chalki,PhotovoltaicArray,2024-07-17 01:15:00,0.0,0.0,0.0
E.K. Chalki,PhotovoltaicArray,2024-07-17 01:30:00,0.0,0.0,0.0
E.K. Chalki,PhotovoltaicArray,2024-07-17 01:45:00,0.0,0.0,0.0
E.K. Chalki,PhotovoltaicArray,2024-07-17 02:00:00,0.0,0.0,0.0
E.K. Chalki,PhotovoltaicArray,2024-07-17 02:15:00,0.0,0.0,0.0
E.K. Chalki,PhotovoltaicArray,2024-07-17 02:30:00,0.0,0.0,0.0
E.K. Chalki,PhotovoltaicArray,2024-07-17 02:45:00,0.0,0.0,0.0
E.K. Chalki,PhotovoltaicArray,2024-07-17 03:00:00,0.0,0.0,7.915332067604137
E.K. Chalki,PhotovoltaicArray,2024-07-17 03:15:00,0.0,0.0,15.830664135208274
E.K. Chalki,PhotovoltaicArray,2024-07-17 03:30:00,2.0655806064605713,8.262322425842285,23.74599620281241
E.K. Chalki,PhotovoltaicArray,2024-07-17 03:45:00,3.2189602851867676,12.87584114074707,31.661328270416547
E.K. Chalki,PhotovoltaicArray,2024-07-17 04:00:00,7.8885979652404785,31.554391860961914,69.19532226841035
E.K. Chalki,PhotovoltaicArray,2024-07-17 04:15:00,11.306509017944336,45.226036071777344,106.72931626640415
E.K. Chalki,PhotovoltaicArray,2024-07-17 04:30:00,15.053118705749512,60.21247482299805,144.26331026439794
E.K. Chalki,PhotovoltaicArray,2024-07-17 04:45:00,22.59087371826172,90.36349487304688,181.79730426239178
E.K. Chalki,PhotovoltaicArray,2024-07-17 05:00:00,34.152122497558594,136.60848999023438,231.07662971554012
E.K. Chalki,PhotovoltaicArray,2024-07-17 05:15:00,40.516395568847656,162.06558227539062,280.35595516868847
E.K. Chalki,PhotovoltaicArray,2024-07-17 05:30:00,52.50849533081055,210.0339813232422,329.63528062183684
E.K. Chalki,PhotovoltaicArray,2024-07-17 05:45:00,64.39694213867188,257.5877685546875,378.91460607498516
E.K. Chalki,PhotovoltaicArray,2024-07-17 06:00:00,80.58149719238281,322.32598876953125,427.6832649431268
E.K. Chalki,PhotovoltaicArray,2024-07-17 06:15:00,85.43036651611328,341.7214660644531,476.4519238112685
E.K. Chalki,PhotovoltaicArray,2024-07-17 06:30:00,107.89856719970703,431.5942687988281,525.2205826794102
E.K. Chalki,PhotovoltaicArray,2024-07-17 06:45:00,106.20769500732422,424.8307800292969,571.9465752075248
E.K. Chalki,PhotovoltaicArray,2024-07-17 07:00:00,122.02733612060547,488.1093444824219,614.3319017630824
E.K. Chalki,PhotovoltaicArray,2024-07-17 07:15:00,126.46257019042969,505.85028076171875,656.7172283186401
E.K. Chalki,PhotovoltaicArray,2024-07-17 07:30:00,120.9150619506836,483.6602478027344,699.1025548741976
E.K. Chalki,PhotovoltaicArray,2024-07-17 07:45:00,134.6787567138672,538.7150268554688,741.4878814297551
E.K. Chalki,PhotovoltaicArray,2024-07-17 08:00:00,153.7124481201172,614.8497924804688,773.404542992675
E.K. Chalki,PhotovoltaicArray,2024-07-17 08:15:00,145.3219451904297,581.2877807617188,805.3212045555953
E.K. Chalki,PhotovoltaicArray,2024-07-17 08:30:00,159.76190185546875,639.047607421875,837.2378661185152
E.K. Chalki,PhotovoltaicArray,2024-07-17 08:45:00,169.88877868652344,679.5551147460938,869.1545276814351
E.K. Chalki,PhotovoltaicArray,2024-07-17 09:00:00,170.1935272216797,680.7741088867188,888.0491913266836
E.K. Chalki,PhotovoltaicArray,2024-07-17 09:15:00,144.71246337890625,578.849853515625,906.9438549719322
E.K. Chalki,PhotovoltaicArray,2024-07-17 09:30:00,166.24151611328125,664.966064453125,925.8385186171809
E.K. Chalki,PhotovoltaicArray,2024-07-17 09:45:00,162.31488037109375,649.259521484375,944.7331822624293
E.K. Chalki,PhotovoltaicArray,2024-07-17 10:00:00,104.25862121582031,417.03448486328125,949.0738482349865
E.K. Chalki,PhotovoltaicArray,2024-07-17 10:15:00,123.06986236572266,492.2794494628906,953.4145142075436
E.K. Chalki,PhotovoltaicArray,2024-07-17 10:30:00,157.77392578125,631.095703125,957.7551801801008
E.K. Chalki,PhotovoltaicArray,2024-07-17 10:45:00,169.4967803955078,677.9871215820312,962.0958461526578
E.K. Chalki,PhotovoltaicArray,2024-07-17 11:00:00,197.99952697753906,791.9981079101562,951.62718116002
E.K. Chalki,PhotovoltaicArray,2024-07-17 11:15:00,139.27186584472656,557.0874633789062,941.1585161673823
E.K. Chalki,PhotovoltaicArray,2024-07-17 11:30:00,169.02899169921875,676.115966796875,930.6898511747445
E.K. Chalki,PhotovoltaicArray,2024-07-17 11:45:00,152.83274841308594,611.3309936523438,920.2211861821069
E.K. Chalki,PhotovoltaicArray,2024-07-17 12:00:00,140.39529418945312,561.5811767578125,895.7091901017843
E.K. Chalki,PhotovoltaicArray,2024-07-17 12:15:00,162.2848358154297,649.1393432617188,871.1971940214619
E.K. Chalki,PhotovoltaicArray,2024-07-17 12:30:00,131.3433074951172,525.3732299804688,846.6851979411394
E.K. Chalki,PhotovoltaicArray,2024-07-17 12:45:00,151.5735626220703,606.2942504882812,822.1732018608169
E.K. Chalki,PhotovoltaicArray,2024-07-17 13:00:00,129.0581512451172,516.2326049804688,785.6605410328367
E.K. Chalki,PhotovoltaicArray,2024-07-17 13:15:00,134.76663208007812,539.0665283203125,749.1478802048562
E.K. Chalki,PhotovoltaicArray,2024-07-17 13:30:00,107.05220794677734,428.2088317871094,712.6352193768757
E.K. Chalki,PhotovoltaicArray,2024-07-17 13:45:00,114.85433959960938,459.4173583984375,676.1225585488954
E.K. Chalki,PhotovoltaicArray,2024-07-17 14:00:00,116.2243881225586,464.8975524902344,630.4178991907941
E.K. Chalki,PhotovoltaicArray,2024-07-17 14:15:00,96.14981842041016,384.5992736816406,584.7132398326927
E.K. Chalki,PhotovoltaicArray,2024-07-17 14:30:00,87.16970825195312,348.6788330078125,539.0085804745914
E.K. Chalki,PhotovoltaicArray,2024-07-17 14:45:00,83.032470703125,332.1298828125,493.30392111649013
E.K. Chalki,PhotovoltaicArray,2024-07-17 15:00:00,81.19155883789062,324.7662353515625,443.7692623708384
E.K. Chalki,PhotovoltaicArray,2024-07-17 15:15:00,56.53032684326172,226.12130737304688,394.23460362518676
E.K. Chalki,PhotovoltaicArray,2024-07-17 15:30:00,43.121238708496094,172.48495483398438,344.699944879535
E.K. Chalki,PhotovoltaicArray,2024-07-17 15:45:00,35.279945373535156,141.11978149414062,295.16528613388334
E.K. Chalki,PhotovoltaicArray,2024-07-17 16:00:00,24.528867721557617,98.11547088623047,248.9499601907753
E.K. Chalki,PhotovoltaicArray,2024-07-17 16:15:00,17.909698486328125,71.6387939453125,202.73463424766726
E.K. Chalki,PhotovoltaicArray,2024-07-17 16:30:00,12.335952758789062,49.34381103515625,156.51930830455925
E.K. Chalki,PhotovoltaicArray,2024-07-17 16:45:00,7.722485065460205,30.88994026184082,110.30398236145119
E.K. Chalki,PhotovoltaicArray,2024-07-17 17:00:00,4.706075668334961,18.824302673339844,84.25998652610855
E.K. Chalki,PhotovoltaicArray,2024-07-17 17:15:00,0.0,0.0,58.215990690765906
E.K. Chalki,PhotovoltaicArray,2024-07-17 17:30:00,0.0,0.0,32.171994855423264
E.K. Chalki,PhotovoltaicArray,2024-07-17 17:45:00,0.0,0.0,6.127999020080623
E.K. Chalki,PhotovoltaicArray,2024-07-17 18:00:00,0.0,0.0,4.595999265060468
E.K. Chalki,PhotovoltaicArray,2024-07-17 18:15:00,0.0,0.0,3.0639995100403117
E.K. Chalki,PhotovoltaicArray,2024-07-17 18:30:00,0.0,0.0,1.5319997550201558
E.K. Chalki,PhotovoltaicArray,2024-07-17 18:45:00,0.0,0.0,0.0
E.K. Chalki,PhotovoltaicArray,2024-07-17 19:00:00,0.0,0.0,0.0
E.K. Chalki,PhotovoltaicArray,2024-07-17 19:15:00,0.0,0.0,0.0
E.K. Chalki,PhotovoltaicArray,2024-07-17 19:30:00,0.0,0.0,0.0
E.K. Chalki,PhotovoltaicArray,2024-07-17 19:45:00,0.0,0.0,0.0
E.K. Chalki,PhotovoltaicArray,2024-07-17 20:00:00,0.0,0.0,0.0
E.K. Chalki,PhotovoltaicArray,2024-07-17 20:15:00,0.0,0.0,0.0
E.K. Chalki,PhotovoltaicArray,2024-07-17 20:30:00,0.0,0.0,0.0
E.K. Chalki,PhotovoltaicArray,2024-07-17 20:45:00,0.0,0.0,0.0
E.K. Chalki,PhotovoltaicArray,2024-07-17 21:00:00,0.0,0.0,0.0
E.K. Chalki,PhotovoltaicArray,2024-07-17 21:15:00,0.0,0.0,0.0
E.K. Chalki,PhotovoltaicArray,2024-07-17 21:30:00,0.0,0.0,0.0
E.K. Chalki,PhotovoltaicArray,2024-07-17 21:45:00,0.0,0.0,0.0
E.K. Chalki,PhotovoltaicArray,2024-07-17 22:00:00,0.0,0.0,0.0
E.K. Chalki,PhotovoltaicArray,2024-07-17 22:15:00,0.0,0.0,0.0
E.K. Chalki,PhotovoltaicArray,2024-07-17 22:30:00,0.0,0.0,0.0
E.K. Chalki,PhotovoltaicArray,2024-07-17 22:45:00,0.0,0.0,0.0
E.K. Chalki,PhotovoltaicArray,2024-07-17 23:00:00,0.0,0.0,0.0
E.K. Chalki,PhotovoltaicArray,2024-07-17 23:15:00,0.0,0.0,0.0
E.K. Chalki,PhotovoltaicArray,2024-07-17 23:30:00,0.0,0.0,0.0
E.K. Chalki,PhotovoltaicArray,2024-07-17 23:45:00,0.0,0.0,0.0
E.K. Chalki,PhotovoltaicArray,2024-07-18 00:00:00,0.0,0.0,0.0
E.K. Chalki,PhotovoltaicArray,2024-07-18 00:15:00,0.0,0.0,0.0
E.K. Chalki,PhotovoltaicArray,2024-07-18 00:30:00,0.0,0.0,0.0
E.K. Chalki,PhotovoltaicArray,2024-07-18 00:45:00,0.0,0.0,0.0
E.K. Chalki,PhotovoltaicArray,2024-07-18 01:00:00,0.0,0.0,0.0
E.K. Chalki,PhotovoltaicArray,2024-07-18 01:15:00,0.0,0.0,0.0
E.K. Chalki,PhotovoltaicArray,2024-07-18 01:30:00,0.0,0.0,0.0
E.K. Chalki,PhotovoltaicArray,2024-07-18 01:45:00,0.0,0.0,0.0
E.K. Chalki,PhotovoltaicArray,2024-07-18 02:00:00,0.0,0.0,0.0
E.K. Chalki,PhotovoltaicArray,2024-07-18 02:15:00,0.0,0.0,0.0
E.K. Chalki,PhotovoltaicArray,2024-07-18 02:30:00,0.0,0.0,0.0
E.K. Chalki,PhotovoltaicArray,2024-07-18 02:45:00,0.0,0.0,0.0
E.K. Chalki,PhotovoltaicArray,2024-07-18 03:00:00,0.0,0.0,7.670851360873517
E.K. Chalki,PhotovoltaicArray,2024-07-18 03:15:00,0.0,0.0,15.341702721747033
E.K. Chalki,PhotovoltaicArray,2024-07-18 03:30:00,2.0655806064605713,8.262322425842285,23.01255408262055
E.K. Chalki,PhotovoltaicArray,2024-07-18 03:45:00,3.2189602851867676,12.87584114074707,30.683405443494067
E.K. Chalki,PhotovoltaicArray,2024-07-18 04:00:00,7.835468292236328,31.341873168945312,67.75918702104939
E.K. Chalki,PhotovoltaicArray,2024-07-18 04:15:00,9.89293098449707,39.57172393798828,104.8349685986047
E.K. Chalki,PhotovoltaicArray,2024-07-18 04:30:00,14.526884078979492,58.10753631591797,141.91075017616
E.K. Chalki,PhotovoltaicArray,2024-07-18 04:45:00,18.9866886138916,75.9467544555664,178.98653175371535
E.K. Chalki,PhotovoltaicArray,2024-07-18 05:00:00,34.152122497558594,136.60848999023438,227.82428541794343
E.K. Chalki,PhotovoltaicArray,2024-07-18 05:15:00,40.516395568847656,162.06558227539062,276.6620390821715
E.K. Chalki,PhotovoltaicArray,2024-07-18 05:30:00,49.32981491088867,197.3192596435547,325.49979274639963
E.K. Chalki,PhotovoltaicArray,2024-07-18 05:45:00,68.0705337524414,272.2821350097656,374.3375464106276
E.K. Chalki,PhotovoltaicArray,2024-07-18 06:00:00,76.43287658691406,305.73150634765625,422.9196050294932
E.K. Chalki,PhotovoltaicArray,2024-07-18 06:15:00,84.50169372558594,338.00677490234375,471.5016636483588
E.K. Chalki,PhotovoltaicArray,2024-07-18 06:30:00,101.7446060180664,406.9784240722656,520.0837222672243
E.K. Chalki,PhotovoltaicArray,2024-07-18 06:45:00,106.20769500732422,424.8307800292969,568.6657808860899
E.K. Chalki,PhotovoltaicArray,2024-07-18 07:00:00,117.25586700439453,469.0234680175781,610.8554633708943
E.K. Chalki,PhotovoltaicArray,2024-07-18 07:15:00,120.21162414550781,480.84649658203125,653.0451458556986
E.K. Chalki,PhotovoltaicArray,2024-07-18 07:30:00,123.4901123046875,493.96044921875,695.234828340503
E.K. Chalki,PhotovoltaicArray,2024-07-18 07:45:00,131.0424346923828,524.1697387695312,737.4245108253073
E.K. Chalki,PhotovoltaicArray,2024-07-18 08:00:00,146.68028259277344,586.7211303710938,769.8977815863385
E.K. Chalki,PhotovoltaicArray,2024-07-18 08:15:00,148.76974487304688,595.0789794921875,802.3710523473699
E.K. Chalki,PhotovoltaicArray,2024-07-18 08:30:00,157.97164916992188,631.8865966796875,834.844323108401
E.K. Chalki,PhotovoltaicArray,2024-07-18 08:45:00,159.96998596191406,639.8799438476562,867.3175938694322
E.K. Chalki,PhotovoltaicArray,2024-07-18 09:00:00,170.70579528808594,682.8231811523438,886.494722271616
E.K. Chalki,PhotovoltaicArray,2024-07-18 09:15:00,189.7716064453125,759.08642578125,905.6718506737998
E.K. Chalki,PhotovoltaicArray,2024-07-18 09:30:00,174.4254913330078,697.7019653320312,924.8489790759836
E.K. Chalki,PhotovoltaicArray,2024-07-18 09:45:00,160.56784057617188,642.2713623046875,944.0261074781675
E.K. Chalki,PhotovoltaicArray,2024-07-18 10:00:00,111.65387725830078,446.6155090332031,948.6286182946916
E.K. Chalki,PhotovoltaicArray,2024-07-18 10:15:00,122.78602600097656,491.14410400390625,953.2311291112155
E.K. Chalki,PhotovoltaicArray,2024-07-18 10:30:00,163.77525329589844,655.1010131835938,957.8336399277397
E.K. Chalki,PhotovoltaicArray,2024-07-18 10:45:00,166.52760314941406,666.1104125976562,962.4361507442637
E.K. Chalki,PhotovoltaicArray,2024-07-18 11:00:00,161.96527099609375,647.861083984375,951.9526538844034
E.K. Chalki,PhotovoltaicArray,2024-07-18 11:15:00,139.27186584472656,557.0874633789062,941.4691570245428
E.K. Chalki,PhotovoltaicArray,2024-07-18 11:30:00,176.5860137939453,706.3440551757812,930.9856601646824
E.K. Chalki,PhotovoltaicArray,2024-07-18 11:45:00,152.83274841308594,611.3309936523438,920.5021633048219
E.K. Chalki,PhotovoltaicArray,2024-07-18 12:00:00,148.82528686523438,595.3011474609375,896.2111339953891
E.K. Chalki,PhotovoltaicArray,2024-07-18 12:15:00,162.2848358154297,649.1393432617188,871.9201046859563
E.K. Chalki,PhotovoltaicArray,2024-07-18 12:30:00,131.15264892578125,524.610595703125,847.6290753765237
E.K. Chalki,PhotovoltaicArray,2024-07-18 12:45:00,152.4075469970703,609.6301879882812,825.3836064299903
E.K. Chalki,PhotovoltaicArray,2024-07-18 13:00:00,122.11083221435547,488.4433288574219,788.8192149431599
E.K. Chalki,PhotovoltaicArray,2024-07-18 13:15:00,134.56436157226562,538.2574462890625,752.2548234563294
E.K. Chalki,PhotovoltaicArray,2024-07-18 13:30:00,101.19713592529297,404.7885437011719,715.6904319694991
E.K. Chalki,PhotovoltaicArray,2024-07-18 13:45:00,118.3555679321289,473.4222717285156,679.1260404826686
E.K. Chalki,PhotovoltaicArray,2024-07-18 14:00:00,115.93479919433594,463.73919677734375,633.6123224081524
E.K. Chalki,PhotovoltaicArray,2024-07-18 14:15:00,105.96428680419922,423.8571472167969,588.0986043336362
E.K. Chalki,PhotovoltaicArray,2024-07-18 14:30:00,90.0548324584961,360.2193298339844,542.58488625912
E.K. Chalki,PhotovoltaicArray,2024-07-18 14:45:00,78.02470397949219,312.09881591796875,497.07116818460383
E.K. Chalki,PhotovoltaicArray,2024-07-18 15:00:00,81.19155883789062,324.7662353515625,447.210634338926
E.K. Chalki,PhotovoltaicArray,2024-07-18 15:15:00,58.4472770690918,233.7891082763672,397.3501004932481
E.K. Chalki,PhotovoltaicArray,2024-07-18 15:30:00,43.121238708496094,172.48495483398438,347.48956664757026
E.K. Chalki,PhotovoltaicArray,2024-07-18 15:45:00,35.279945373535156,141.11978149414062,297.62903280189244
E.K. Chalki,PhotovoltaicArray,2024-07-18 16:00:00,24.528867721557617,98.11547088623047,250.83683950056397
E.K. Chalki,PhotovoltaicArray,2024-07-18 16:15:00,17.909698486328125,71.6387939453125,204.0446461992355
E.K. Chalki,PhotovoltaicArray,2024-07-18 16:30:00,12.335952758789062,49.34381103515625,157.25245289790706
E.K. Chalki,PhotovoltaicArray,2024-07-18 16:45:00,7.722485065460205,30.88994026184082,110.46025959657861
E.K. Chalki,PhotovoltaicArray,2024-07-18 17:00:00,4.706075668334961,18.824302673339844,84.37936496960866
E.K. Chalki,PhotovoltaicArray,2024-07-18 17:15:00,0.0,0.0,58.298470342638716
E.K. Chalki,PhotovoltaicArray,2024-07-18 17:30:00,0.0,0.0,32.217575715668765
E.K. Chalki,PhotovoltaicArray,2024-07-18 17:45:00,0.0,0.0,6.136681088698812
E.K. Chalki,PhotovoltaicArray,2024-07-18 18:00:00,0.0,0.0,4.602510816524109
E.K. Chalki,PhotovoltaicArray,2024-07-18 18:15:00,0.0,0.0,3.068340544349406
E.K. Chalki,PhotovoltaicArray,2024-07-18 18:30:00,0.0,0.0,1.534170272174703
E.K. Chalki,PhotovoltaicArray,2024-07-18 18:45:00,0.0,0.0,0.0
E.K. Chalki,PhotovoltaicArray,2024-07-18 19:00:00,0.0,0.0,0.0
E.K. Chalki,PhotovoltaicArray,2024-07-18 19:15:00,0.0,0.0,0.0
E.K. Chalki,PhotovoltaicArray,2024-07-18 19:30:00,0.0,0.0,0.0
E.K. Chalki,PhotovoltaicArray,2024-07-18 19:45:00,0.0,0.0,0.0
E.K. Chalki,PhotovoltaicArray,2024-07-18 20:00:00,0.0,0.0,0.0
E.K. Chalki,PhotovoltaicArray,2024-07-18 20:15:00,0.0,0.0,0.0
E.K. Chalki,PhotovoltaicArray,2024-07-18 20:30:00,0.0,0.0,0.0
E.K. Chalki,PhotovoltaicArray,2024-07-18 20:45:00,0.0,0.0,0.0
E.K. Chalki,PhotovoltaicArray,2024-07-18 21:00:00,0.0,0.0,0.0
E.K. Chalki,PhotovoltaicArray,2024-07-18 21:15:00,0.0,0.0,0.0
E.K. Chalki,PhotovoltaicArray,2024-07-18 21:30:00,0.0,0.0,0.0
E.K. Chalki,PhotovoltaicArray,2024-07-18 21:45:00,0.0,0.0,0.0
E.K. Chalki,PhotovoltaicArray,2024-07-18 22:00:00,0.0,0.0,0.0
E.K. Chalki,PhotovoltaicArray,2024-07-18 22:15:00,0.0,0.0,0.0
E.K. Chalki,PhotovoltaicArray,2024-07-18 22:30:00,0.0,0.0,0.0
E.K. Chalki,PhotovoltaicArray,2024-07-18 22:45:00,0.0,0.0,0.0
E.K. Chalki,PhotovoltaicArray,2024-07-18 23:00:00,0.0,0.0,0.0
E.K. Chalki,PhotovoltaicArray,2024-07-18 23:15:00,0.0,0.0,0.0
E.K. Chalki,PhotovoltaicArray,2024-07-18 23:30:00,0.0,0.0,0.0
E.K. Chalki,PhotovoltaicArray,2024-07-18 23:45:00,0.0,0.0,0.0
E.K. Chalki,PhotovoltaicArray,2024-07-19 00:00:00,0.0,0.0,0.0
E.K. Chalki,PhotovoltaicArray,2024-07-19 00:15:00,0.0,0.0,0.0
E.K. Chalki,PhotovoltaicArray,2024-07-19 00:30:00,0.0,0.0,0.0
E.K. Chalki,PhotovoltaicArray,2024-07-19 00:45:00,0.0,0.0,0.0
E.K. Chalki,PhotovoltaicArray,2024-07-19 01:00:00,0.0,0.0,0.0
E.K. Chalki,PhotovoltaicArray,2024-07-19 01:15:00,0.0,0.0,0.0
E.K. Chalki,PhotovoltaicArray,2024-07-19 01:30:00,0.0,0.0,0.0
E.K. Chalki,PhotovoltaicArray,2024-07-19 01:45:00,0.0,0.0,0.0
E.K. Chalki,PhotovoltaicArray,2024-07-19 02:00:00,0.0,0.0,0.0
E.K. Chalki,PhotovoltaicArray,2024-07-19 02:15:00,0.0,0.0,0.0
E.K. Chalki,PhotovoltaicArray,2024-07-19 02:30:00,0.0,0.0,0.0
E.K. Chalki,PhotovoltaicArray,2024-07-19 02:45:00,0.0,0.0,0.0
E.K. Chalki,PhotovoltaicArray,2024-07-19 03:00:00,0.0,0.0,7.169951583113173
E.K. Chalki,PhotovoltaicArray,2024-07-19 03:15:00,0.0,0.0,14.339903166226346
E.K. Chalki,PhotovoltaicArray,2024-07-19 03:30:00,1.8458917140960693,7.383566856384277,21.50985474933952
E.K. Chalki,PhotovoltaicArray,2024-07-19 03:45:00,2.904391050338745,11.61756420135498,28.679806332452692
E.K. Chalki,PhotovoltaicArray,2024-07-19 04:00:00,7.835468292236328,31.341873168945312,65.80991274500305
E.K. Chalki,PhotovoltaicArray,2024-07-19 04:15:00,9.89293098449707,39.57172393798828,102.94001915755341
E.K. Chalki,PhotovoltaicArray,2024-07-19 04:30:00,14.526884078979492,58.10753631591797,140.07012557010378
E.K. Chalki,PhotovoltaicArray,2024-07-19 04:45:00,18.279399871826172,73.11759948730469,177.20023198265412
E.K. Chalki,PhotovoltaicArray,2024-07-19 05:00:00,30.091033935546875,120.3641357421875,225.59740516866805
E.K. Chalki,PhotovoltaicArray,2024-07-19 05:15:00,39.530113220214844,158.12045288085938,273.99457835468195
E.K. Chalki,PhotovoltaicArray,2024-07-19 05:30:00,54.113014221191406,216.45205688476562,322.3917515406959
E.K. Chalki,PhotovoltaicArray,2024-07-19 05:45:00,66.93817901611328,267.7527160644531,370.78892472670975
E.K. Chalki,PhotovoltaicArray,2024-07-19 06:00:00,75.1675033569336,300.6700134277344,417.90574941573925
E.K. Chalki,PhotovoltaicArray,2024-07-19 06:15:00,83.72056579589844,334.88226318359375,465.02257410476864
E.K. Chalki,PhotovoltaicArray,2024-07-19 06:30:00,98.94202423095703,395.7680969238281,512.139398793798
E.K. Chalki,PhotovoltaicArray,2024-07-19 06:45:00,106.4831314086914,425.9325256347656,559.2562234828275
E.K. Chalki,PhotovoltaicArray,2024-07-19 07:00:00,112.6187973022461,450.4751892089844,599.4591662881406
E.K. Chalki,PhotovoltaicArray,2024-07-19 07:15:00,124.24671173095703,496.9868469238281,639.6621090934538
E.K. Chalki,PhotovoltaicArray,2024-07-19 07:30:00,115.48784637451172,461.9513854980469,679.8650518987671
E.K. Chalki,PhotovoltaicArray,2024-07-19 07:45:00,133.86814880371094,535.4725952148438,720.0679947040802
E.K. Chalki,PhotovoltaicArray,2024-07-19 08:00:00,146.13900756835938,584.5560302734375,751.3084980305019
E.K. Chalki,PhotovoltaicArray,2024-07-19 08:15:00,145.47952270507812,581.9180908203125,782.5490013569234
E.K. Chalki,PhotovoltaicArray,2024-07-19 08:30:00,162.9961700439453,651.9846801757812,813.7895046833452
E.K. Chalki,PhotovoltaicArray,2024-07-19 08:45:00,155.9756622314453,623.9026489257812,845.0300080097668
E.K. Chalki,PhotovoltaicArray,2024-07-19 09:00:00,160.517822265625,642.0712890625,863.2109566669466
E.K. Chalki,PhotovoltaicArray,2024-07-19 09:15:00,170.27076721191406,681.0830688476562,881.3919053241265
E.K. Chalki,PhotovoltaicArray,2024-07-19 09:30:00,171.85784912109375,687.431396484375,899.5728539813063
E.K. Chalki,PhotovoltaicArray,2024-07-19 09:45:00,117.2752914428711,469.1011657714844,917.7538026384861
E.K. Chalki,PhotovoltaicArray,2024-07-19 10:00:00,125.86251831054688,503.4500732421875,927.7405209149651
E.K. Chalki,PhotovoltaicArray,2024-07-19 10:15:00,148.58706665039062,594.3482666015625,937.7272391914441
E.K. Chalki,PhotovoltaicArray,2024-07-19 10:30:00,164.84986877441406,659.3994750976562,947.7139574679234
E.K. Chalki,PhotovoltaicArray,2024-07-19 10:45:00,162.5941925048828,650.3767700195312,957.7006757444024
E.K. Chalki,PhotovoltaicArray,2024-07-19 11:00:00,160.6238250732422,642.4953002929688,947.7139574679234
E.K. Chalki,PhotovoltaicArray,2024-07-19 11:15:00,165.08670043945312,660.3468017578125,937.7272391914441
E.K. Chalki,PhotovoltaicArray,2024-07-19 11:30:00,176.5860137939453,706.3440551757812,927.7405209149651
E.K. Chalki,PhotovoltaicArray,2024-07-19 11:45:00,152.83274841308594,611.3309936523438,917.7538026384861
E.K. Chalki,PhotovoltaicArray,2024-07-19 12:00:00,148.82528686523438,595.3011474609375,893.6832508951776
E.K. Chalki,PhotovoltaicArray,2024-07-19 12:15:00,166.7015380859375,666.80615234375,869.612699151869
E.K. Chalki,PhotovoltaicArray,2024-07-19 12:30:00,131.15264892578125,524.610595703125,845.5421474085606
E.K. Chalki,PhotovoltaicArray,2024-07-19 12:45:00,151.5735626220703,606.2942504882812,820.4473168676645
E.K. Chalki,PhotovoltaicArray,2024-07-19 13:00:00,129.0581512451172,516.2326049804688,784.3414892527018
E.K. Chalki,PhotovoltaicArray,2024-07-19 13:15:00,134.5205841064453,538.0823364257812,748.235661637739
E.K. Chalki,PhotovoltaicArray,2024-07-19 13:30:00,107.05220794677734,428.2088317871094,712.1298340227762
E.K. Chalki,PhotovoltaicArray,2024-07-19 13:45:00,114.6602783203125,458.64111328125,676.0240064078134
E.K. Chalki,PhotovoltaicArray,2024-07-19 14:00:00,116.2243881225586,464.8975524902344,630.6996696145624
E.K. Chalki,PhotovoltaicArray,2024-07-19 14:15:00,96.14981842041016,384.5992736816406,585.3753328213112
E.K. Chalki,PhotovoltaicArray,2024-07-19 14:30:00,90.02339935302734,360.0935974121094,540.05099602806
E.K. Chalki,PhotovoltaicArray,2024-07-19 14:45:00,83.032470703125,332.1298828125,494.7266592348089
E.K. Chalki,PhotovoltaicArray,2024-07-19 15:00:00,81.19155883789062,324.7662353515625,445.30520725120743
E.K. Chalki,PhotovoltaicArray,2024-07-19 15:15:00,58.4472770690918,233.7891082763672,395.88375526760586
E.K. Chalki,PhotovoltaicArray,2024-07-19 15:30:00,43.121238708496094,172.48495483398438,346.4623032840044
E.K. Chalki,PhotovoltaicArray,2024-07-19 15:45:00,31.237852096557617,124.95140838623047,297.0408513004029
E.K. Chalki,PhotovoltaicArray,2024-07-19 16:00:00,24.528867721557617,98.11547088623047,250.18009631077035
E.K. Chalki,PhotovoltaicArray,2024-07-19 16:15:00,16.487119674682617,65.94847869873047,203.31934132113784
E.K. Chalki,PhotovoltaicArray,2024-07-19 16:30:00,12.335952758789062,49.34381103515625,156.45858633150533
E.K. Chalki,PhotovoltaicArray,2024-07-19 16:45:00,7.722485065460205,30.88994026184082,109.59783134187279
E.K. Chalki,PhotovoltaicArray,2024-07-19 17:00:00,4.977080821990967,19.908323287963867,83.73479170278598
E.K. Chalki,PhotovoltaicArray,2024-07-19 17:15:00,0.0,0.0,57.87175206369918
E.K. Chalki,PhotovoltaicArray,2024-07-19 17:30:00,0.0,0.0,32.008712424612376
E.K. Chalki,PhotovoltaicArray,2024-07-19 17:45:00,0.0,0.0,6.145672785525576
E.K. Chalki,PhotovoltaicArray,2024-07-19 18:00:00,0.0,0.0,4.609254589144182
E.K. Chalki,PhotovoltaicArray,2024-07-19 18:15:00,0.0,0.0,3.072836392762788
E.K. Chalki,PhotovoltaicArray,2024-07-19 18:30:00,0.0,0.0,1.536418196381394
E.K. Chalki,PhotovoltaicArray,2024-07-19 18:45:00,0.0,0.0,0.0
E.K. Chalki,PhotovoltaicArray,2024-07-19 19:00:00,0.0,0.0,0.0
E.K. Chalki,PhotovoltaicArray,2024-07-19 19:15:00,0.0,0.0,0.0
E.K. Chalki,PhotovoltaicArray,2024-07-19 19:30:00,0.0,0.0,0.0
E.K. Chalki,PhotovoltaicArray,2024-07-19 19:45:00,0.0,0.0,0.0
E.K. Chalki,PhotovoltaicArray,2024-07-19 20:00:00,0.0,0.0,0.0
E.K. Chalki,PhotovoltaicArray,2024-07-19 20:15:00,0.0,0.0,0.0
E.K. Chalki,PhotovoltaicArray,2024-07-19 20:30:00,0.0,0.0,0.0
E.K. Chalki,PhotovoltaicArray,2024-07-19 20:45:00,0.0,0.0,0.0
E.K. Chalki,PhotovoltaicArray,2024-07-19 21:00:00,0.0,0.0,0.0
E.K. Chalki,PhotovoltaicArray,2024-07-19 21:15:00,0.0,0.0,0.0
E.K. Chalki,PhotovoltaicArray,2024-07-19 21:30:00,0.0,0.0,0.0
E.K. Chalki,PhotovoltaicArray,2024-07-19 21:45:00,0.0,0.0,0.0
E.K. Chalki,PhotovoltaicArray,2024-07-19 22:00:00,0.0,0.0,0.0
E.K. Chalki,PhotovoltaicArray,2024-07-19 22:15:00,0.0,0.0,0.0
E.K. Chalki,PhotovoltaicArray,2024-07-19 22:30:00,0.0,0.0,0.0
E.K. Chalki,PhotovoltaicArray,2024-07-19 22:45:00,0.0,0.0,0.0
E.K. Chalki,PhotovoltaicArray,2024-07-19 23:00:00,0.0,0.0,0.0
E.K. Chalki,PhotovoltaicArray,2024-07-19 23:15:00,0.0,0.0,0.0
E.K. Chalki,PhotovoltaicArray,2024-07-19 23:30:00,0.0,0.0,0.0
E.K. Chalki,PhotovoltaicArray,2024-07-19 23:45:00,0.0,0.0,0.0
E.K. Chalki,PhotovoltaicArray,2024-07-20 00:00:00,0.0,0.0,0.0
E.K. Chalki,PhotovoltaicArray,2024-07-20 00:15:00,0.0,0.0,0.0
E.K. Chalki,PhotovoltaicArray,2024-07-20 00:30:00,0.0,0.0,0.0
E.K. Chalki,PhotovoltaicArray,2024-07-20 00:45:00,0.0,0.0,0.0
E.K. Chalki,PhotovoltaicArray,2024-07-20 01:00:00,0.0,0.0,0.0
E.K. Chalki,PhotovoltaicArray,2024-07-20 01:15:00,0.0,0.0,0.0
E.K. Chalki,PhotovoltaicArray,2024-07-20 01:30:00,0.0,0.0,0.0
E.K. Chalki,PhotovoltaicArray,2024-07-20 01:45:00,0.0,0.0,0.0
E.K. Chalki,PhotovoltaicArray,2024-07-20 02:00:00,0.0,0.0,0.0
E.K. Chalki,PhotovoltaicArray,2024-07-20 02:15:00,0.0,0.0,0.0
E.K. Chalki,PhotovoltaicArray,2024-07-20 02:30:00,0.0,0.0,0.0
E.K. Chalki,PhotovoltaicArray,2024-07-20 02:45:00,0.0,0.0,0.0
E.K. Chalki,PhotovoltaicArray,2024-07-20 03:00:00,0.0,0.0,7.180802172455506
E.K. Chalki,PhotovoltaicArray,2024-07-20 03:15:00,0.0,0.0,14.361604344911012
E.K. Chalki,PhotovoltaicArray,2024-07-20 03:30:00,1.8133882284164429,7.2535529136657715,21.54240651736652
E.K. Chalki,PhotovoltaicArray,2024-07-20 03:45:00,2.904391050338745,11.61756420135498,28.723208689822023
E.K. Chalki,PhotovoltaicArray,2024-07-20 04:00:00,7.835468292236328,31.341873168945312,65.39659121343408
E.K. Chalki,PhotovoltaicArray,2024-07-20 04:15:00,9.85378646850586,39.41514587402344,102.06997373704614
E.K. Chalki,PhotovoltaicArray,2024-07-20 04:30:00,14.526884078979492,58.10753631591797,138.7433562606582
E.K. Chalki,PhotovoltaicArray,2024-07-20 04:45:00,18.279399871826172,73.11759948730469,175.41673878427025
E.K. Chalki,PhotovoltaicArray,2024-07-20 05:00:00,30.159347534179688,120.63739013671875,224.4000678892346
E.K. Chalki,PhotovoltaicArray,2024-07-20 05:15:00,40.52121353149414,162.08485412597656,273.3833969941989
E.K. Chalki,PhotovoltaicArray,2024-07-20 05:30:00,54.46859359741211,217.87437438964844,322.36672609916326
E.K. Chalki,PhotovoltaicArray,2024-07-20 05:45:00,66.93817901611328,267.7527160644531,371.3500552041276
E.K. Chalki,PhotovoltaicArray,2024-07-20 06:00:00,78.9901351928711,315.9605407714844,420.5898415295368
E.K. Chalki,PhotovoltaicArray,2024-07-20 06:15:00,84.50169372558594,338.00677490234375,469.82962785494595
E.K. Chalki,PhotovoltaicArray,2024-07-20 06:30:00,101.7446060180664,406.9784240722656,519.0694141803551
E.K. Chalki,PhotovoltaicArray,2024-07-20 06:45:00,106.20769500732422,424.8307800292969,568.3092005057644
E.K. Chalki,PhotovoltaicArray,2024-07-20 07:00:00,119.29130554199219,477.16522216796875,611.3940135404974
E.K. Chalki,PhotovoltaicArray,2024-07-20 07:15:00,126.69396209716797,506.7758483886719,654.4788265752304
E.K. Chalki,PhotovoltaicArray,2024-07-20 07:30:00,123.61138916015625,494.445556640625,697.5636396099635
E.K. Chalki,PhotovoltaicArray,2024-07-20 07:45:00,133.4779510498047,533.9118041992188,740.6484526446965
E.K. Chalki,PhotovoltaicArray,2024-07-20 08:00:00,152.61949157714844,610.4779663085938,773.7314340820808
E.K. Chalki,PhotovoltaicArray,2024-07-20 08:15:00,145.3219451904297,581.2877807617188,806.8144155194651
E.K. Chalki,PhotovoltaicArray,2024-07-20 08:30:00,125.31816864013672,501.2726745605469,839.8973969568493
E.K. Chalki,PhotovoltaicArray,2024-07-20 08:45:00,166.73013305664062,666.9205322265625,872.9803783942338
E.K. Chalki,PhotovoltaicArray,2024-07-20 09:00:00,163.76600646972656,655.0640258789062,892.4711271480414
E.K. Chalki,PhotovoltaicArray,2024-07-20 09:15:00,137.32260131835938,549.2904052734375,911.9618759018492
E.K. Chalki,PhotovoltaicArray,2024-07-20 09:30:00,174.67257690429688,698.6903076171875,931.4526246556571
E.K. Chalki,PhotovoltaicArray,2024-07-20 09:45:00,111.72453308105469,446.89813232421875,950.9433734094649
E.K. Chalki,PhotovoltaicArray,2024-07-20 10:00:00,123.38580322265625,493.543212890625,955.8160605979168
E.K. Chalki,PhotovoltaicArray,2024-07-20 10:15:00,161.0670928955078,644.2683715820312,960.6887477863688
E.K. Chalki,PhotovoltaicArray,2024-07-20 10:30:00,157.0912628173828,628.3650512695312,965.5614349748207
E.K. Chalki,PhotovoltaicArray,2024-07-20 10:45:00,155.52099609375,622.083984375,970.4341221632726
E.K. Chalki,PhotovoltaicArray,2024-07-20 11:00:00,166.66651916503906,666.6660766601562,960.4322905659238
E.K. Chalki,PhotovoltaicArray,2024-07-20 11:15:00,146.99234008789062,587.9693603515625,950.4304589685752
E.K. Chalki,PhotovoltaicArray,2024-07-20 11:30:00,167.68894958496094,670.7557983398438,940.4286273712265
E.K. Chalki,PhotovoltaicArray,2024-07-20 11:45:00,172.75743103027344,691.0297241210938,930.4267957738778
E.K. Chalki,PhotovoltaicArray,2024-07-20 12:00:00,173.58253479003906,694.3301391601562,905.5504453907283
E.K. Chalki,PhotovoltaicArray,2024-07-20 12:15:00,172.75439453125,691.017578125,880.6740950075788
E.K. Chalki,PhotovoltaicArray,2024-07-20 12:30:00,153.56149291992188,614.2459716796875,855.7977446244295
E.K. Chalki,PhotovoltaicArray,2024-07-20 12:45:00,138.2171630859375,552.86865234375,827.8439075959419
E.K. Chalki,PhotovoltaicArray,2024-07-20 13:00:00,128.14053344726562,512.5621337890625,790.9140678518851
E.K. Chalki,PhotovoltaicArray,2024-07-20 13:15:00,132.8736572265625,531.49462890625,753.9842281078282
E.K. Chalki,PhotovoltaicArray,2024-07-20 13:30:00,122.93009948730469,491.72039794921875,717.0543883637713
E.K. Chalki,PhotovoltaicArray,2024-07-20 13:45:00,118.3555679321289,473.4222717285156,680.1245486197143
E.K. Chalki,PhotovoltaicArray,2024-07-20 14:00:00,115.93479919433594,463.73919677734375,634.2187061600881
E.K. Chalki,PhotovoltaicArray,2024-07-20 14:15:00,105.96428680419922,423.8571472167969,588.3128637004619
E.K. Chalki,PhotovoltaicArray,2024-07-20 14:30:00,90.0548324584961,360.2193298339844,542.4070212408355
E.K. Chalki,PhotovoltaicArray,2024-07-20 14:45:00,78.02470397949219,312.09881591796875,496.50117878120926
E.K. Chalki,PhotovoltaicArray,2024-07-20 15:00:00,81.19155883789062,324.7662353515625,446.4920207944656
E.K. Chalki,PhotovoltaicArray,2024-07-20 15:15:00,59.09669494628906,236.38677978515625,396.48286280772186
E.K. Chalki,PhotovoltaicArray,2024-07-20 15:30:00,43.121238708496094,172.48495483398438,346.4737048209782
E.K. Chalki,PhotovoltaicArray,2024-07-20 15:45:00,35.279945373535156,141.11978149414062,296.46454683423445
E.K. Chalki,PhotovoltaicArray,2024-07-20 16:00:00,24.528867721557617,98.11547088623047,249.53287549282885
E.K. Chalki,PhotovoltaicArray,2024-07-20 16:15:00,16.487119674682617,65.94847869873047,202.6012041514232
E.K. Chalki,PhotovoltaicArray,2024-07-20 16:30:00,12.335952758789062,49.34381103515625,155.66953281001759
E.K. Chalki,PhotovoltaicArray,2024-07-20 16:45:00,7.413171768188477,29.652687072753906,108.73786146861195
E.K. Chalki,PhotovoltaicArray,2024-07-20 17:00:00,4.977080821990967,19.908323287963867,82.83568220368316
E.K. Chalki,PhotovoltaicArray,2024-07-20 17:15:00,0.0,0.0,56.93350293875437
E.K. Chalki,PhotovoltaicArray,2024-07-20 17:30:00,0.0,0.0,31.03132367382558
E.K. Chalki,PhotovoltaicArray,2024-07-20 17:45:00,0.0,0.0,5.12914440889679
E.K. Chalki,PhotovoltaicArray,2024-07-20 18:00:00,0.0,0.0,3.8468583066725928
E.K. Chalki,PhotovoltaicArray,2024-07-20 18:15:00,0.0,0.0,2.564572204448395
E.K. Chalki,PhotovoltaicArray,2024-07-20 18:30:00,0.0,0.0,1.2822861022241976
E.K. Chalki,PhotovoltaicArray,2024-07-20 18:45:00,0.0,0.0,0.0
E.K. Chalki,PhotovoltaicArray,2024-07-20 19:00:00,0.0,0.0,0.0
E.K. Chalki,PhotovoltaicArray,2024-07-20 19:15:00,0.0,0.0,0.0
E.K. Chalki,PhotovoltaicArray,2024-07-20 19:30:00,0.0,0.0,0.0
E.K. Chalki,PhotovoltaicArray,2024-07-20 19:45:00,0.0,0.0,0.0
E.K. Chalki,PhotovoltaicArray,2024-07-20 20:00:00,0.0,0.0,0.0
E.K. Chalki,PhotovoltaicArray,2024-07-20 20:15:00,0.0,0.0,0.0
E.K. Chalki,PhotovoltaicArray,2024-07-20 20:30:00,0.0,0.0,0.0
E.K. Chalki,PhotovoltaicArray,2024-07-20 20:45:00,0.0,0.0,0.0
E.K. Chalki,PhotovoltaicArray,2024-07-20 21:00:00,0.0,0.0,0.0
E.K. Chalki,PhotovoltaicArray,2024-07-20 21:15:00,0.0,0.0,0.0
E.K. Chalki,PhotovoltaicArray,2024-07-20 21:30:00,0.0,0.0,0.0
E.K. Chalki,PhotovoltaicArray,2024-07-20 21:45:00,0.0,0.0,0.0
E.K. Chalki,PhotovoltaicArray,2024-07-20 22:00:00,0.0,0.0,0.0
E.K. Chalki,PhotovoltaicArray,2024-07-20 22:15:00,0.0,0.0,0.0
E.K. Chalki,PhotovoltaicArray,2024-07-20 22:30:00,0.0,0.0,0.0
E.K. Chalki,PhotovoltaicArray,2024-07-20 22:45:00,0.0,0.0,0.0
E.K. Chalki,PhotovoltaicArray,2024-07-20 23:00:00,0.0,0.0,0.0
E.K. Chalki,PhotovoltaicArray,2024-07-20 23:15:00,0.0,0.0,0.0
E.K. Chalki,PhotovoltaicArray,2024-07-20 23:30:00,0.0,0.0,0.0
E.K. Chalki,PhotovoltaicArray,2024-07-20 23:45:00,0.0,0.0,0.0
E.K. Chalki,PhotovoltaicArray,2024-07-21 00:00:00,0.0,0.0,0.0
E.K. Chalki,PhotovoltaicArray,2024-07-21 00:15:00,0.0,0.0,0.0
E.K. Chalki,PhotovoltaicArray,2024-07-21 00:30:00,0.0,0.0,0.0
E.K. Chalki,PhotovoltaicArray,2024-07-21 00:45:00,0.0,0.0,0.0
E.K. Chalki,PhotovoltaicArray,2024-07-21 01:00:00,0.0,0.0,0.0
E.K. Chalki,PhotovoltaicArray,2024-07-21 01:15:00,0.0,0.0,0.0
E.K. Chalki,PhotovoltaicArray,2024-07-21 01:30:00,0.0,0.0,0.0
E.K. Chalki,PhotovoltaicArray,2024-07-21 01:45:00,0.0,0.0,0.0
E.K. Chalki,PhotovoltaicArray,2024-07-21 02:00:00,0.0,0.0,0.0
E.K. Chalki,PhotovoltaicArray,2024-07-21 02:15:00,0.0,0.0,0.0
E.K. Chalki,PhotovoltaicArray,2024-07-21 02:30:00,0.0,0.0,0.0
E.K. Chalki,PhotovoltaicArray,2024-07-21 02:45:00,0.0,0.0,0.0
E.K. Chalki,PhotovoltaicArray,2024-07-21 03:00:00,0.0,0.0,6.93515450225749
E.K. Chalki,PhotovoltaicArray,2024-07-21 03:15:00,0.0,0.0,13.87030900451498
E.K. Chalki,PhotovoltaicArray,2024-07-21 03:30:00,1.7165172100067139,6.8660688400268555,20.80546350677247
E.K. Chalki,PhotovoltaicArray,2024-07-21 03:45:00,2.904391050338745,11.61756420135498,27.74061800902996
E.K. Chalki,PhotovoltaicArray,2024-07-21 04:00:00,7.583513259887695,30.33405303955078,64.72810868773658
E.K. Chalki,PhotovoltaicArray,2024-07-21 04:15:00,9.85378646850586,39.41514587402344,101.7155993664432
E.K. Chalki,PhotovoltaicArray,2024-07-21 04:30:00,14.228370666503906,56.913482666015625,138.70309004514982
E.K. Chalki,PhotovoltaicArray,2024-07-21 04:45:00,18.279399871826172,73.11759948730469,175.69058072385647
E.K. Chalki,PhotovoltaicArray,2024-07-21 05:00:00,30.091033935546875,120.3641357421875,225.00723496213192
E.K. Chalki,PhotovoltaicArray,2024-07-21 05:15:00,42.905635833740234,171.62254333496094,274.3238892004074
E.K. Chalki,PhotovoltaicArray,2024-07-21 05:30:00,54.113014221191406,216.45205688476562,323.6405434386828
E.K. Chalki,PhotovoltaicArray,2024-07-21 05:45:00,68.0705337524414,272.2821350097656,372.95719767695834
E.K. Chalki,PhotovoltaicArray,2024-07-21 06:00:00,78.9901351928711,315.9605407714844,422.0169943410761
E.K. Chalki,PhotovoltaicArray,2024-07-21 06:15:00,84.50169372558594,338.00677490234375,471.07679100519397
E.K. Chalki,PhotovoltaicArray,2024-07-21 06:30:00,101.7446060180664,406.9784240722656,520.1365876693118
E.K. Chalki,PhotovoltaicArray,2024-07-21 06:45:00,106.20769500732422,424.8307800292969,570.2238146300604
E.K. Chalki,PhotovoltaicArray,2024-07-21 07:00:00,119.29130554199219,477.16522216796875,612.8621719402361
E.K. Chalki,PhotovoltaicArray,2024-07-21 07:15:00,126.69396209716797,506.7758483886719,655.5005292504117
E.K. Chalki,PhotovoltaicArray,2024-07-21 07:30:00,123.61138916015625,494.445556640625,698.1388865605874
E.K. Chalki,PhotovoltaicArray,2024-07-21 07:45:00,133.4779510498047,533.9118041992188,740.7772438707631
E.K. Chalki,PhotovoltaicArray,2024-07-21 08:00:00,150.05714416503906,600.2285766601562,773.1412982146313
E.K. Chalki,PhotovoltaicArray,2024-07-21 08:15:00,145.3219451904297,581.2877807617188,805.5053525584997
E.K. Chalki,PhotovoltaicArray,2024-07-21 08:30:00,124.43423461914062,497.7369384765625,837.8694069023678
E.K. Chalki,PhotovoltaicArray,2024-07-21 08:45:00,166.73013305664062,666.9205322265625,870.2334612462361
E.K. Chalki,PhotovoltaicArray,2024-07-21 09:00:00,163.76600646972656,655.0640258789062,889.4977793080625
E.K. Chalki,PhotovoltaicArray,2024-07-21 09:15:00,173.36216735839844,693.4486694335938,908.7620973698889
E.K. Chalki,PhotovoltaicArray,2024-07-21 09:30:00,174.67257690429688,698.6903076171875,928.0264154317153
E.K. Chalki,PhotovoltaicArray,2024-07-21 09:45:00,108.90001678466797,435.6000671386719,947.2907334935417
E.K. Chalki,PhotovoltaicArray,2024-07-21 10:00:00,102.89737701416016,411.5895080566406,952.1710274025377
E.K. Chalki,PhotovoltaicArray,2024-07-21 10:15:00,120.35016632080078,481.4006652832031,957.0513213115337
E.K. Chalki,PhotovoltaicArray,2024-07-21 10:30:00,157.31680297851562,629.2672119140625,961.9316152205297
E.K. Chalki,PhotovoltaicArray,2024-07-21 10:45:00,162.38970947265625,649.558837890625,966.8119091295257
E.K. Chalki,PhotovoltaicArray,2024-07-21 11:00:00,168.9044952392578,675.6179809570312,956.794463737376
E.K. Chalki,PhotovoltaicArray,2024-07-21 11:15:00,179.12757873535156,716.5103149414062,946.7770183452263
E.K. Chalki,PhotovoltaicArray,2024-07-21 11:30:00,182.33612060546875,729.344482421875,936.7595729530764
E.K. Chalki,PhotovoltaicArray,2024-07-21 11:45:00,160.3095703125,641.23828125,926.7421275609267
E.K. Chalki,PhotovoltaicArray,2024-07-21 12:00:00,141.99778747558594,567.9911499023438,901.8269428676314
E.K. Chalki,PhotovoltaicArray,2024-07-21 12:15:00,174.59942626953125,698.397705078125,876.911758174336
E.K. Chalki,PhotovoltaicArray,2024-07-21 12:30:00,139.21542358398438,556.8616943359375,851.9965734810407
E.K. Chalki,PhotovoltaicArray,2024-07-21 12:45:00,138.2171630859375,552.86865234375,829.1362493810066
E.K. Chalki,PhotovoltaicArray,2024-07-21 13:00:00,145.43606567382812,581.7442626953125,792.1487587023
E.K. Chalki,PhotovoltaicArray,2024-07-21 13:15:00,137.1896514892578,548.7586059570312,755.1612680235934
E.K. Chalki,PhotovoltaicArray,2024-07-21 13:30:00,122.03535461425781,488.14141845703125,718.1737773448868
E.K. Chalki,PhotovoltaicArray,2024-07-21 13:45:00,120.29072570800781,481.16290283203125,681.1862866661802
E.K. Chalki,PhotovoltaicArray,2024-07-21 14:00:00,123.21192932128906,492.84771728515625,635.2087808919547
E.K. Chalki,PhotovoltaicArray,2024-07-21 14:15:00,105.79041290283203,423.1616516113281,589.2312751177291
E.K. Chalki,PhotovoltaicArray,2024-07-21 14:30:00,90.0548324584961,360.2193298339844,543.2537693435033
E.K. Chalki,PhotovoltaicArray,2024-07-21 14:45:00,78.02470397949219,312.09881591796875,497.27626356927783
E.K. Chalki,PhotovoltaicArray,2024-07-21 15:00:00,69.77107238769531,279.08428955078125,446.93217903437164
E.K. Chalki,PhotovoltaicArray,2024-07-21 15:15:00,59.09669494628906,236.38677978515625,396.58809449946534
E.K. Chalki,PhotovoltaicArray,2024-07-21 15:30:00,43.121238708496094,172.48495483398438,346.24400996455915
E.K. Chalki,PhotovoltaicArray,2024-07-21 15:45:00,35.279945373535156,141.11978149414062,295.8999254296529
E.K. Chalki,PhotovoltaicArray,2024-07-21 16:00:00,27.35685157775879,109.42740631103516,248.8949893587966
E.K. Chalki,PhotovoltaicArray,2024-07-21 16:15:00,17.909698486328125,71.6387939453125,201.89005328794028
E.K. Chalki,PhotovoltaicArray,2024-07-21 16:30:00,12.335952758789062,49.34381103515625,154.88511721708397
E.K. Chalki,PhotovoltaicArray,2024-07-21 16:45:00,7.119048595428467,28.476194381713867,107.88018114622763
E.K. Chalki,PhotovoltaicArray,2024-07-21 17:00:00,4.977080821990967,19.908323287963867,82.19442373045914
E.K. Chalki,PhotovoltaicArray,2024-07-21 17:15:00,0.0,0.0,56.508666314690664
E.K. Chalki,PhotovoltaicArray,2024-07-21 17:30:00,0.0,0.0,30.82290889892218
E.K. Chalki,PhotovoltaicArray,2024-07-21 17:45:00,0.0,0.0,5.137151483153696
E.K. Chalki,PhotovoltaicArray,2024-07-21 18:00:00,0.0,0.0,3.8528636123652724
E.K. Chalki,PhotovoltaicArray,2024-07-21 18:15:00,0.0,0.0,2.568575741576848
E.K. Chalki,PhotovoltaicArray,2024-07-21 18:30:00,0.0,0.0,1.284287870788424
E.K. Chalki,PhotovoltaicArray,2024-07-21 18:45:00,0.0,0.0,0.0
E.K. Chalki,PhotovoltaicArray,2024-07-21 19:00:00,0.0,0.0,0.0
E.K. Chalki,PhotovoltaicArray,2024-07-21 19:15:00,0.0,0.0,0.0
E.K. Chalki,PhotovoltaicArray,2024-07-21 19:30:00,0.0,0.0,0.0
E.K. Chalki,PhotovoltaicArray,2024-07-21 19:45:00,0.0,0.0,0.0
E.K. Chalki,PhotovoltaicArray,2024-07-21 20:00:00,0.0,0.0,0.0
E.K. Chalki,PhotovoltaicArray,2024-07-21 20:15:00,0.0,0.0,0.0
E.K. Chalki,PhotovoltaicArray,2024-07-21 20:30:00,0.0,0.0,0.0
E.K. Chalki,PhotovoltaicArray,2024-07-21 20:45:00,0.0,0.0,0.0
E.K. Chalki,PhotovoltaicArray,2024-07-21 21:00:00,0.0,0.0,0.0
E.K. Chalki,PhotovoltaicArray,2024-07-21 21:15:00,0.0,0.0,0.0
E.K. Chalki,PhotovoltaicArray,2024-07-21 21:30:00,0.0,0.0,0.0
E.K. Chalki,PhotovoltaicArray,2024-07-21 21:45:00,0.0,0.0,0.0
E.K. Chalki,PhotovoltaicArray,2024-07-21 22:00:00,0.0,0.0,0.0
E.K. Chalki,PhotovoltaicArray,2024-07-21 22:15:00,0.0,0.0,0.0
E.K. Chalki,PhotovoltaicArray,2024-07-21 22:30:00,0.0,0.0,0.0
E.K. Chalki,PhotovoltaicArray,2024-07-21 22:45:00,0.0,0.0,0.0
E.K. Chalki,PhotovoltaicArray,2024-07-21 23:00:00,0.0,0.0,0.0
E.K. Chalki,PhotovoltaicArray,2024-07-21 23:15:00,0.0,0.0,0.0
E.K. Chalki,PhotovoltaicArray,2024-07-21 23:30:00,0.0,0.0,0.0
E.K. Chalki,PhotovoltaicArray,2024-07-21 23:45:00,0.0,0.0,0.0
E.K. Chalki,PhotovoltaicArray,2024-07-22 00:00:00,0.0,0.0,0.0
E.K. Chalki,PhotovoltaicArray,2024-07-22 00:15:00,0.0,0.0,0.0
E.K. Chalki,PhotovoltaicArray,2024-07-22 00:30:00,0.0,0.0,0.0
E.K. Chalki,PhotovoltaicArray,2024-07-22 00:45:00,0.0,0.0,0.0
E.K. Chalki,PhotovoltaicArray,2024-07-22 01:00:00,0.0,0.0,0.0
E.K. Chalki,PhotovoltaicArray,2024-07-22 01:15:00,0.0,0.0,0.0
E.K. Chalki,PhotovoltaicArray,2024-07-22 01:30:00,0.0,0.0,0.0
E.K. Chalki,PhotovoltaicArray,2024-07-22 01:45:00,0.0,0.0,0.0
E.K. Chalki,PhotovoltaicArray,2024-07-22 02:00:00,0.0,0.0,0.0
E.K. Chalki,PhotovoltaicArray,2024-07-22 02:15:00,0.0,0.0,0.0
E.K. Chalki,PhotovoltaicArray,2024-07-22 02:30:00,0.0,0.0,0.0
E.K. Chalki,PhotovoltaicArray,2024-07-22 02:45:00,0.0,0.0,0.0
E.K. Chalki,PhotovoltaicArray,2024-07-22 03:00:00,0.0,0.0,6.689038878235694
E.K. Chalki,PhotovoltaicArray,2024-07-22 03:15:00,0.0,0.0,13.378077756471388
E.K. Chalki,PhotovoltaicArray,2024-07-22 03:30:00,1.7832919359207153,7.133167743682861,20.06711663470708
E.K. Chalki,PhotovoltaicArray,2024-07-22 03:45:00,2.6875040531158447,10.750016212463379,26.756155512942776
E.K. Chalki,PhotovoltaicArray,2024-07-22 04:00:00,7.583513259887695,30.33405303955078,63.80314006932507
E.K. Chalki,PhotovoltaicArray,2024-07-22 04:15:00,9.655379295349121,38.621517181396484,100.85012462570738
E.K. Chalki,PhotovoltaicArray,2024-07-22 04:30:00,14.387900352478027,57.55160140991211,137.89710918208968
E.K. Chalki,PhotovoltaicArray,2024-07-22 04:45:00,18.279399871826172,73.11759948730469,174.94409373847196
E.K. Chalki,PhotovoltaicArray,2024-07-22 05:00:00,31.2204647064209,124.8818588256836,224.3400731469817
E.K. Chalki,PhotovoltaicArray,2024-07-22 05:15:00,42.905635833740234,171.62254333496094,273.7360525554914
E.K. Chalki,PhotovoltaicArray,2024-07-22 05:30:00,54.113014221191406,216.45205688476562,323.13203196400116
E.K. Chalki,PhotovoltaicArray,2024-07-22 05:45:00,64.55047607421875,258.201904296875,372.5280113725109
E.K. Chalki,PhotovoltaicArray,2024-07-22 06:00:00,76.0281982421875,304.11279296875,421.4094493288486
E.K. Chalki,PhotovoltaicArray,2024-07-22 06:15:00,83.4162826538086,333.6651306152344,470.2908872851864
E.K. Chalki,PhotovoltaicArray,2024-07-22 06:30:00,100.73170471191406,402.92681884765625,519.1723252415242
E.K. Chalki,PhotovoltaicArray,2024-07-22 06:45:00,106.21269226074219,424.85076904296875,571.1410119108938
E.K. Chalki,PhotovoltaicArray,2024-07-22 07:00:00,117.25586700439453,469.0234680175781,614.3624938933398
E.K. Chalki,PhotovoltaicArray,2024-07-22 07:15:00,120.4539566040039,481.8158264160156,657.5839758757859
E.K. Chalki,PhotovoltaicArray,2024-07-22 07:30:00,117.95012664794922,471.8005065917969,700.8054578582316
E.K. Chalki,PhotovoltaicArray,2024-07-22 07:45:00,131.8740234375,527.49609375,744.0269398406778
E.K. Chalki,PhotovoltaicArray,2024-07-22 08:00:00,152.61949157714844,610.4779663085938,776.9575927796842
E.K. Chalki,PhotovoltaicArray,2024-07-22 08:15:00,163.0701904296875,652.28076171875,809.8882457186908
E.K. Chalki,PhotovoltaicArray,2024-07-22 08:30:00,150.19110107421875,600.764404296875,842.8188986576972
E.K. Chalki,PhotovoltaicArray,2024-07-22 08:45:00,179.4479217529297,717.7916870117188,875.7495515967038
E.K. Chalki,PhotovoltaicArray,2024-07-22 09:00:00,171.75567626953125,687.022705078125,895.5593975053249
E.K. Chalki,PhotovoltaicArray,2024-07-22 09:15:00,174.18690490722656,696.7476196289062,915.369243413946
E.K. Chalki,PhotovoltaicArray,2024-07-22 09:30:00,165.65284729003906,662.6113891601562,935.179089322567
E.K. Chalki,PhotovoltaicArray,2024-07-22 09:45:00,127.74337005615234,510.9734802246094,954.9889352311882
E.K. Chalki,PhotovoltaicArray,2024-07-22 10:00:00,121.74073791503906,486.96295166015625,959.877079026822
E.K. Chalki,PhotovoltaicArray,2024-07-22 10:15:00,164.13870239257812,656.5548095703125,964.7652228224557
E.K. Chalki,PhotovoltaicArray,2024-07-22 10:30:00,159.90200805664062,639.6080322265625,969.6533666180895
E.K. Chalki,PhotovoltaicArray,2024-07-22 10:45:00,154.0022430419922,616.0089721679688,974.5415104137232
E.K. Chalki,PhotovoltaicArray,2024-07-22 11:00:00,182.69003295898438,730.7601318359375,963.9934106441978
E.K. Chalki,PhotovoltaicArray,2024-07-22 11:15:00,179.12757873535156,716.5103149414062,953.4453108746721
E.K. Chalki,PhotovoltaicArray,2024-07-22 11:30:00,170.61648559570312,682.4659423828125,942.8972111051467
E.K. Chalki,PhotovoltaicArray,2024-07-22 11:45:00,175.82875061035156,703.3150024414062,932.3491113356212
E.K. Chalki,PhotovoltaicArray,2024-07-22 12:00:00,172.91830444335938,691.6732177734375,907.3938509052804
E.K. Chalki,PhotovoltaicArray,2024-07-22 12:15:00,171.5300750732422,686.1203002929688,882.4385904749396
E.K. Chalki,PhotovoltaicArray,2024-07-22 12:30:00,143.55587768554688,574.2235107421875,857.4833300445986
E.K. Chalki,PhotovoltaicArray,2024-07-22 12:45:00,145.53553771972656,582.1421508789062,829.440820901226
E.K. Chalki,PhotovoltaicArray,2024-07-22 13:00:00,145.43606567382812,581.7442626953125,792.9083777970155
E.K. Chalki,PhotovoltaicArray,2024-07-22 13:15:00,137.1896514892578,548.7586059570312,756.3759346928052
E.K. Chalki,PhotovoltaicArray,2024-07-22 13:30:00,130.19873046875,520.794921875,719.8434915885949
E.K. Chalki,PhotovoltaicArray,2024-07-22 13:45:00,122.78286743164062,491.1314697265625,683.3110484843846
E.K. Chalki,PhotovoltaicArray,2024-07-22 14:00:00,123.21192932128906,492.84771728515625,637.5168592410787
E.K. Chalki,PhotovoltaicArray,2024-07-22 14:15:00,107.10313415527344,428.41253662109375,591.7226699977729
E.K. Chalki,PhotovoltaicArray,2024-07-22 14:30:00,90.0548324584961,360.2193298339844,545.9284807544669
E.K. Chalki,PhotovoltaicArray,2024-07-22 14:45:00,78.02470397949219,312.09881591796875,500.13429151116105
E.K. Chalki,PhotovoltaicArray,2024-07-22 15:00:00,68.48519134521484,273.9407653808594,449.4519584722214
E.K. Chalki,PhotovoltaicArray,2024-07-22 15:15:00,59.09669494628906,236.38677978515625,398.76962543328165
E.K. Chalki,PhotovoltaicArray,2024-07-22 15:30:00,43.121238708496094,172.48495483398438,348.087292394342
E.K. Chalki,PhotovoltaicArray,2024-07-22 15:45:00,35.279945373535156,141.11978149414062,297.40495935540235
E.K. Chalki,PhotovoltaicArray,2024-07-22 16:00:00,27.35685157775879,109.42740631103516,250.06714575558053
E.K. Chalki,PhotovoltaicArray,2024-07-22 16:15:00,16.487119674682617,65.94847869873047,202.7293321557587
E.K. Chalki,PhotovoltaicArray,2024-07-22 16:30:00,12.335952758789062,49.34381103515625,155.39151855593687
E.K. Chalki,PhotovoltaicArray,2024-07-22 16:45:00,7.542280197143555,30.16912078857422,108.05370495611504
E.K. Chalki,PhotovoltaicArray,2024-07-22 17:00:00,4.977080821990967,19.908323287963867,82.32663234751621
E.K. Chalki,PhotovoltaicArray,2024-07-22 17:15:00,0.0,0.0,56.5995597389174
E.K. Chalki,PhotovoltaicArray,2024-07-22 17:30:00,0.0,0.0,30.872487130318582
E.K. Chalki,PhotovoltaicArray,2024-07-22 17:45:00,0.0,0.0,5.145414521719763
E.K. Chalki,PhotovoltaicArray,2024-07-22 18:00:00,0.0,0.0,3.8590608912898228
E.K. Chalki,PhotovoltaicArray,2024-07-22 18:15:00,0.0,0.0,2.5727072608598816
E.K. Chalki,PhotovoltaicArray,2024-07-22 18:30:00,0.0,0.0,1.2863536304299408
E.K. Chalki,PhotovoltaicArray,2024-07-22 18:45:00,0.0,0.0,0.0
E.K. Chalki,PhotovoltaicArray,2024-07-22 19:00:00,0.0,0.0,0.0
E.K. Chalki,PhotovoltaicArray,2024-07-22 19:15:00,0.0,0.0,0.0
E.K. Chalki,PhotovoltaicArray,2024-07-22 19:30:00,0.0,0.0,0.0
E.K. Chalki,PhotovoltaicArray,2024-07-22 19:45:00,0.0,0.0,0.0
E.K. Chalki,PhotovoltaicArray,2024-07-22 20:00:00,0.0,0.0,0.0
E.K. Chalki,PhotovoltaicArray,2024-07-22 20:15:00,0.0,0.0,0.0
E.K. Chalki,PhotovoltaicArray,2024-07-22 20:30:00,0.0,0.0,0.0
E.K. Chalki,PhotovoltaicArray,2024-07-22 20:45:00,0.0,0.0,0.0
E.K. Chalki,PhotovoltaicArray,2024-07-22 21:00:00,0.0,0.0,0.0
E.K. Chalki,PhotovoltaicArray,2024-07-22 21:15:00,0.0,0.0,0.0
E.K. Chalki,PhotovoltaicArray,2024-07-22 21:30:00,0.0,0.0,0.0
E.K. Chalki,PhotovoltaicArray,2024-07-22 21:45:00,0.0,0.0,0.0
E.K. Chalki,PhotovoltaicArray,2024-07-22 22:00:00,0.0,0.0,0.0
E.K. Chalki,PhotovoltaicArray,2024-07-22 22:15:00,0.0,0.0,0.0
E.K. Chalki,PhotovoltaicArray,2024-07-22 22:30:00,0.0,0.0,0.0
E.K. Chalki,PhotovoltaicArray,2024-07-22 22:45:00,0.0,0.0,0.0
E.K. Chalki,PhotovoltaicArray,2024-07-22 23:00:00,0.0,0.0,0.0
E.K. Chalki,PhotovoltaicArray,2024-07-22 23:15:00,0.0,0.0,0.0
E.K. Chalki,PhotovoltaicArray,2024-07-22 23:30:00,0.0,0.0,0.0
E.K. Chalki,PhotovoltaicArray,2024-07-22 23:45:00,0.0,0.0,0.0
E.K. Chalki,PhotovoltaicArray,2024-07-23 00:00:00,0.0,0.0,0.0
E.K. Chalki,PhotovoltaicArray,2024-07-23 00:15:00,0.0,0.0,0.0
E.K. Chalki,PhotovoltaicArray,2024-07-23 00:30:00,0.0,0.0,0.0
E.K. Chalki,PhotovoltaicArray,2024-07-23 00:45:00,0.0,0.0,0.0
E.K. Chalki,PhotovoltaicArray,2024-07-23 01:00:00,0.0,0.0,0.0
E.K. Chalki,PhotovoltaicArray,2024-07-23 01:15:00,0.0,0.0,0.0
E.K. Chalki,PhotovoltaicArray,2024-07-23 01:30:00,0.0,0.0,0.0
E.K. Chalki,PhotovoltaicArray,2024-07-23 01:45:00,0.0,0.0,0.0
E.K. Chalki,PhotovoltaicArray,2024-07-23 02:00:00,0.0,0.0,0.0
E.K. Chalki,PhotovoltaicArray,2024-07-23 02:15:00,0.0,0.0,0.0
E.K. Chalki,PhotovoltaicArray,2024-07-23 02:30:00,0.0,0.0,0.0
E.K. Chalki,PhotovoltaicArray,2024-07-23 02:45:00,0.0,0.0,0.0
E.K. Chalki,PhotovoltaicArray,2024-07-23 03:00:00,0.0,0.0,6.4424160441251805
E.K. Chalki,PhotovoltaicArray,2024-07-23 03:15:00,0.0,0.0,12.884832088250361
E.K. Chalki,PhotovoltaicArray,2024-07-23 03:30:00,1.7832919359207153,7.133167743682861,19.32724813237554
E.K. Chalki,PhotovoltaicArray,2024-07-23 03:45:00,2.703575849533081,10.814303398132324,25.769664176500722
E.K. Chalki,PhotovoltaicArray,2024-07-23 04:00:00,5.855616092681885,23.42246437072754,62.87798059066175
E.K. Chalki,PhotovoltaicArray,2024-07-23 04:15:00,9.655379295349121,38.621517181396484,99.98629700482277
E.K. Chalki,PhotovoltaicArray,2024-07-23 04:30:00,14.387900352478027,57.55160140991211,137.09461341898378
E.K. Chalki,PhotovoltaicArray,2024-07-23 04:45:00,18.279399871826172,73.11759948730469,174.20292983314485
E.K. Chalki,PhotovoltaicArray,2024-07-23 05:00:00,31.2204647064209,124.8818588256836,223.93838169379123
E.K. Chalki,PhotovoltaicArray,2024-07-23 05:15:00,42.905635833740234,171.62254333496094,273.6738335544377
E.K. Chalki,PhotovoltaicArray,2024-07-23 05:30:00,54.113014221191406,216.45205688476562,323.409285415084
E.K. Chalki,PhotovoltaicArray,2024-07-23 05:45:00,64.55047607421875,258.201904296875,373.1447372757304
E.K. Chalki,PhotovoltaicArray,2024-07-23 06:00:00,76.0281982421875,304.11279296875,422.3647958528468
E.K. Chalki,PhotovoltaicArray,2024-07-23 06:15:00,84.50169372558594,338.00677490234375,471.5848544299631
E.K. Chalki,PhotovoltaicArray,2024-07-23 06:30:00,93.30900573730469,373.23602294921875,520.8049130070794
E.K. Chalki,PhotovoltaicArray,2024-07-23 06:45:00,108.77399444580078,435.0959777832031,570.0249715841958
E.K. Chalki,PhotovoltaicArray,2024-07-23 07:00:00,119.29130554199219,477.16522216796875,613.318007400717
E.K. Chalki,PhotovoltaicArray,2024-07-23 07:15:00,126.46257019042969,505.85028076171875,656.6110432172384
E.K. Chalki,PhotovoltaicArray,2024-07-23 07:30:00,119.23664093017578,476.9465637207031,699.9040790337596
E.K. Chalki,PhotovoltaicArray,2024-07-23 07:45:00,133.4779510498047,533.9118041992188,743.1971148502809
E.K. Chalki,PhotovoltaicArray,2024-07-23 08:00:00,152.61949157714844,610.4779663085938,775.6668917126717
E.K. Chalki,PhotovoltaicArray,2024-07-23 08:15:00,145.3219451904297,581.2877807617188,808.1366685750626
E.K. Chalki,PhotovoltaicArray,2024-07-23 08:30:00,124.43423461914062,497.7369384765625,840.6064454374533
E.K. Chalki,PhotovoltaicArray,2024-07-23 08:45:00,163.8479766845703,655.3919067382812,873.0762222998443
E.K. Chalki,PhotovoltaicArray,2024-07-23 09:00:00,163.76600646972656,655.0640258789062,892.6611670739849
E.K. Chalki,PhotovoltaicArray,2024-07-23 09:15:00,174.18690490722656,696.7476196289062,912.2461118481255
E.K. Chalki,PhotovoltaicArray,2024-07-23 09:30:00,174.67257690429688,698.6903076171875,931.8310566222661
E.K. Chalki,PhotovoltaicArray,2024-07-23 09:45:00,108.90001678466797,435.6000671386719,951.4160013964067
E.K. Chalki,PhotovoltaicArray,2024-07-23 10:00:00,121.74073791503906,486.96295166015625,956.3122375899418
E.K. Chalki,PhotovoltaicArray,2024-07-23 10:15:00,164.13870239257812,656.5548095703125,961.2084737834768
E.K. Chalki,PhotovoltaicArray,2024-07-23 10:30:00,157.31680297851562,629.2672119140625,966.104709977012
E.K. Chalki,PhotovoltaicArray,2024-07-23 10:45:00,154.0022430419922,616.0089721679688,971.0009461705471
E.K. Chalki,PhotovoltaicArray,2024-07-23 11:00:00,182.69003295898438,730.7601318359375,960.6930804999469
E.K. Chalki,PhotovoltaicArray,2024-07-23 11:15:00,179.12757873535156,716.5103149414062,950.3852148293465
E.K. Chalki,PhotovoltaicArray,2024-07-23 11:30:00,170.61648559570312,682.4659423828125,940.0773491587461
E.K. Chalki,PhotovoltaicArray,2024-07-23 11:45:00,175.82875061035156,703.3150024414062,929.7694834881459
E.K. Chalki,PhotovoltaicArray,2024-07-23 12:00:00,172.91830444335938,691.6732177734375,905.2883025204701
E.K. Chalki,PhotovoltaicArray,2024-07-23 12:15:00,171.5300750732422,686.1203002929688,880.8071215527947
E.K. Chalki,PhotovoltaicArray,2024-07-23 12:30:00,143.55587768554688,574.2235107421875,856.3259405851189
E.K. Chalki,PhotovoltaicArray,2024-07-23 12:45:00,145.53553771972656,582.1421508789062,829.7831864833233
E.K. Chalki,PhotovoltaicArray,2024-07-23 13:00:00,145.43606567382812,581.7442626953125,792.9325667109272
E.K. Chalki,PhotovoltaicArray,2024-07-23 13:15:00,137.1896514892578,548.7586059570312,756.0819469385311
E.K. Chalki,PhotovoltaicArray,2024-07-23 13:30:00,122.03535461425781,488.14141845703125,719.2313271661351
E.K. Chalki,PhotovoltaicArray,2024-07-23 13:45:00,120.29072570800781,481.16290283203125,682.380707393739
E.K. Chalki,PhotovoltaicArray,2024-07-23 14:00:00,123.21192932128906,492.84771728515625,636.2530085178029
E.K. Chalki,PhotovoltaicArray,2024-07-23 14:15:00,105.79041290283203,423.1616516113281,590.1253096418665
E.K. Chalki,PhotovoltaicArray,2024-07-23 14:30:00,90.0548324584961,360.2193298339844,543.9976107659302
E.K. Chalki,PhotovoltaicArray,2024-07-23 14:45:00,78.02470397949219,312.09881591796875,497.86991188999394
E.K. Chalki,PhotovoltaicArray,2024-07-23 15:00:00,69.77107238769531,279.08428955078125,447.1036734622875
E.K. Chalki,PhotovoltaicArray,2024-07-23 15:15:00,59.09669494628906,236.38677978515625,396.3374350345811
E.K. Chalki,PhotovoltaicArray,2024-07-23 15:30:00,43.121238708496094,172.48495483398438,345.5711966068746
E.K. Chalki,PhotovoltaicArray,2024-07-23 15:45:00,33.676944732666016,134.70777893066406,294.8049581791682
E.K. Chalki,PhotovoltaicArray,2024-07-23 16:00:00,27.35685157775879,109.42740631103516,247.38877609440684
E.K. Chalki,PhotovoltaicArray,2024-07-23 16:15:00,16.487119674682617,65.94847869873047,199.97259400964555
E.K. Chalki,PhotovoltaicArray,2024-07-23 16:30:00,12.381367683410645,49.52547073364258,152.5564119248843
E.K. Chalki,PhotovoltaicArray,2024-07-23 16:45:00,7.542280197143555,30.16912078857422,105.14022984012294
E.K. Chalki,PhotovoltaicArray,2024-07-23 17:00:00,4.498958587646484,17.995834350585938,79.88595894715223
E.K. Chalki,PhotovoltaicArray,2024-07-23 17:15:00,0.0,0.0,54.63168805418153
E.K. Chalki,PhotovoltaicArray,2024-07-23 17:30:00,0.0,0.0,29.37741716121082
E.K. Chalki,PhotovoltaicArray,2024-07-23 17:45:00,0.0,0.0,4.123146268240116
E.K. Chalki,PhotovoltaicArray,2024-07-23 18:00:00,0.0,0.0,3.0923597011800865
E.K. Chalki,PhotovoltaicArray,2024-07-23 18:15:00,0.0,0.0,2.061573134120058
E.K. Chalki,PhotovoltaicArray,2024-07-23 18:30:00,0.0,0.0,1.030786567060029
E.K. Chalki,PhotovoltaicArray,2024-07-23 18:45:00,0.0,0.0,0.0
E.K. Chalki,PhotovoltaicArray,2024-07-23 19:00:00,0.0,0.0,0.0
E.K. Chalki,PhotovoltaicArray,2024-07-23 19:15:00,0.0,0.0,0.0
E.K. Chalki,PhotovoltaicArray,2024-07-23 19:30:00,0.0,0.0,0.0
E.K. Chalki,PhotovoltaicArray,2024-07-23 19:45:00,0.0,0.0,0.0
E.K. Chalki,PhotovoltaicArray,2024-07-23 20:00:00,0.0,0.0,0.0
E.K. Chalki,PhotovoltaicArray,2024-07-23 20:15:00,0.0,0.0,0.0
E.K. Chalki,PhotovoltaicArray,2024-07-23 20:30:00,0.0,0.0,0.0
E.K. Chalki,PhotovoltaicArray,2024-07-23 20:45:00,0.0,0.0,0.0
E.K. Chalki,PhotovoltaicArray,2024-07-23 21:00:00,0.0,0.0,0.0
E.K. Chalki,PhotovoltaicArray,2024-07-23 21:15:00,0.0,0.0,0.0
E.K. Chalki,PhotovoltaicArray,2024-07-23 21:30:00,0.0,0.0,0.0
E.K. Chalki,PhotovoltaicArray,2024-07-23 21:45:00,0.0,0.0,0.0
E.K. Chalki,PhotovoltaicArray,2024-07-23 22:00:00,0.0,0.0,0.0
E.K. Chalki,PhotovoltaicArray,2024-07-23 22:15:00,0.0,0.0,0.0
E.K. Chalki,PhotovoltaicArray,2024-07-23 22:30:00,0.0,0.0,0.0
E.K. Chalki,PhotovoltaicArray,2024-07-23 22:45:00,0.0,0.0,0.0
E.K. Chalki,PhotovoltaicArray,2024-07-23 23:00:00,0.0,0.0,0.0
E.K. Chalki,PhotovoltaicArray,2024-07-23 23:15:00,0.0,0.0,0.0
E.K. Chalki,PhotovoltaicArray,2024-07-23 23:30:00,0.0,0.0,0.0
E.K. Chalki,PhotovoltaicArray,2024-07-23 23:45:00,0.0,0.0,0.0
E.K. Chalki,PhotovoltaicArray,2024-07-24 00:00:00,0.0,0.0,0.0
E.K. Chalki,PhotovoltaicArray,2024-07-24 00:15:00,0.0,0.0,0.0
E.K. Chalki,PhotovoltaicArray,2024-07-24 00:30:00,0.0,0.0,0.0
E.K. Chalki,PhotovoltaicArray,2024-07-24 00:45:00,0.0,0.0,0.0
E.K. Chalki,PhotovoltaicArray,2024-07-24 01:00:00,0.0,0.0,0.0
E.K. Chalki,PhotovoltaicArray,2024-07-24 01:15:00,0.0,0.0,0.0
E.K. Chalki,PhotovoltaicArray,2024-07-24 01:30:00,0.0,0.0,0.0
E.K. Chalki,PhotovoltaicArray,2024-07-24 01:45:00,0.0,0.0,0.0
E.K. Chalki,PhotovoltaicArray,2024-07-24 02:00:00,0.0,0.0,0.0
E.K. Chalki,PhotovoltaicArray,2024-07-24 02:15:00,0.0,0.0,0.0
E.K. Chalki,PhotovoltaicArray,2024-07-24 02:30:00,0.0,0.0,0.0
E.K. Chalki,PhotovoltaicArray,2024-07-24 02:45:00,0.0,0.0,0.0
E.K. Chalki,PhotovoltaicArray,2024-07-24 03:00:00,0.0,0.0,6.195246883193056
E.K. Chalki,PhotovoltaicArray,2024-07-24 03:15:00,0.0,0.0,12.390493766386111
E.K. Chalki,PhotovoltaicArray,2024-07-24 03:30:00,0.6312331557273865,2.524932622909546,18.58574064957917
E.K. Chalki,PhotovoltaicArray,2024-07-24 03:45:00,2.703575849533081,10.814303398132324,24.780987532772222
E.K. Chalki,PhotovoltaicArray,2024-07-24 04:00:00,5.8415985107421875,23.36639404296875,60.91992768473172
E.K. Chalki,PhotovoltaicArray,2024-07-24 04:15:00,9.549745559692383,38.19898223876953,97.05886783669123
E.K. Chalki,PhotovoltaicArray,2024-07-24 04:30:00,14.098647117614746,56.394588470458984,133.1978079886507
E.K. Chalki,PhotovoltaicArray,2024-07-24 04:45:00,20.434459686279297,81.73783874511719,169.33674814061024
E.K. Chalki,PhotovoltaicArray,2024-07-24 05:00:00,28.391637802124023,113.5665512084961,219.1568584929544
E.K. Chalki,PhotovoltaicArray,2024-07-24 05:15:00,39.60308074951172,158.41232299804688,268.9769688452986
E.K. Chalki,PhotovoltaicArray,2024-07-24 05:30:00,49.79724884033203,199.18899536132812,318.79707919764274
E.K. Chalki,PhotovoltaicArray,2024-07-24 05:45:00,63.418128967285156,253.67251586914062,368.61718954998685
E.K. Chalki,PhotovoltaicArray,2024-07-24 06:00:00,75.1675033569336,300.6700134277344,418.437299902331
E.K. Chalki,PhotovoltaicArray,2024-07-24 06:15:00,83.4162826538086,333.6651306152344,468.2574102546751
E.K. Chalki,PhotovoltaicArray,2024-07-24 06:30:00,100.73170471191406,402.92681884765625,518.0775206070191
E.K. Chalki,PhotovoltaicArray,2024-07-24 06:45:00,108.77899169921875,435.115966796875,569.9627132537611
E.K. Chalki,PhotovoltaicArray,2024-07-24 07:00:00,117.25586700439453,469.0234680175781,613.8457120097119
E.K. Chalki,PhotovoltaicArray,2024-07-24 07:15:00,120.4539566040039,481.8158264160156,657.7287107656628
E.K. Chalki,PhotovoltaicArray,2024-07-24 07:30:00,117.95012664794922,471.8005065917969,701.6117095216136
E.K. Chalki,PhotovoltaicArray,2024-07-24 07:45:00,131.93515014648438,527.7406005859375,745.4947082775644
E.K. Chalki,PhotovoltaicArray,2024-07-24 08:00:00,149.10316467285156,596.4126586914062,779.0522955615268
E.K. Chalki,PhotovoltaicArray,2024-07-24 08:15:00,154.40261840820312,617.6104736328125,812.6098828454892
E.K. Chalki,PhotovoltaicArray,2024-07-24 08:30:00,154.72738647460938,618.9095458984375,846.1674701294515
E.K. Chalki,PhotovoltaicArray,2024-07-24 08:45:00,175.0664520263672,700.2658081054688,879.725057413414
E.K. Chalki,PhotovoltaicArray,2024-07-24 09:00:00,171.70144653320312,686.8057861328125,899.6014744969916
E.K. Chalki,PhotovoltaicArray,2024-07-24 09:15:00,136.492919921875,545.9716796875,919.4778915805693
E.K. Chalki,PhotovoltaicArray,2024-07-24 09:30:00,181.116455078125,724.4658203125,939.3543086641471
E.K. Chalki,PhotovoltaicArray,2024-07-24 09:45:00,127.74337005615234,510.9734802246094,959.2307257477247
E.K. Chalki,PhotovoltaicArray,2024-07-24 10:00:00,164.6630859375,658.65234375,964.1352961969193
E.K. Chalki,PhotovoltaicArray,2024-07-24 10:15:00,177.02542114257812,708.1016845703125,969.0398666461138
E.K. Chalki,PhotovoltaicArray,2024-07-24 10:30:00,159.90200805664062,639.6080322265625,973.9444370953082
E.K. Chalki,PhotovoltaicArray,2024-07-24 10:45:00,160.92138671875,643.685546875,978.8490075445028
E.K. Chalki,PhotovoltaicArray,2024-07-24 11:00:00,196.1352081298828,784.5408325195312,967.7491902121152
E.K. Chalki,PhotovoltaicArray,2024-07-24 11:15:00,162.2421417236328,648.9685668945312,956.6493728797277
E.K. Chalki,PhotovoltaicArray,2024-07-24 11:30:00,162.25901794433594,649.0360717773438,945.5495555473402
E.K. Chalki,PhotovoltaicArray,2024-07-24 11:45:00,171.51219177246094,686.0487670898438,934.4497382149527
E.K. Chalki,PhotovoltaicArray,2024-07-24 12:00:00,173.58253479003906,694.3301391601562,908.8943448217814
E.K. Chalki,PhotovoltaicArray,2024-07-24 12:15:00,172.3226318359375,689.29052734375,883.3389514286098
E.K. Chalki,PhotovoltaicArray,2024-07-24 12:30:00,147.55807495117188,590.2322998046875,857.7835580354385
E.K. Chalki,PhotovoltaicArray,2024-07-24 12:45:00,136.86537170410156,547.4614868164062,832.2281646422672
E.K. Chalki,PhotovoltaicArray,2024-07-24 13:00:00,121.23261260986328,484.9304504394531,794.5404127695094
E.K. Chalki,PhotovoltaicArray,2024-07-24 13:15:00,136.4270477294922,545.7081909179688,756.8526608967516
E.K. Chalki,PhotovoltaicArray,2024-07-24 13:30:00,122.93009948730469,491.72039794921875,719.1649090239939
E.K. Chalki,PhotovoltaicArray,2024-07-24 13:45:00,118.3555679321289,473.4222717285156,681.4771571512362
E.K. Chalki,PhotovoltaicArray,2024-07-24 14:00:00,117.31218719482422,469.2487487792969,635.0128055272882
E.K. Chalki,PhotovoltaicArray,2024-07-24 14:15:00,105.96428680419922,423.8571472167969,588.5484539033404
E.K. Chalki,PhotovoltaicArray,2024-07-24 14:30:00,90.0548324584961,360.2193298339844,542.0841022793924
E.K. Chalki,PhotovoltaicArray,2024-07-24 14:45:00,83.032470703125,332.1298828125,495.6197506554444
E.K. Chalki,PhotovoltaicArray,2024-07-24 15:00:00,69.77107238769531,279.08428955078125,444.50896386910176
E.K. Chalki,PhotovoltaicArray,2024-07-24 15:15:00,57.179744720458984,228.71897888183594,393.39817708275905
E.K. Chalki,PhotovoltaicArray,2024-07-24 15:30:00,41.71820831298828,166.87283325195312,342.28739029641633
E.K. Chalki,PhotovoltaicArray,2024-07-24 15:45:00,33.676944732666016,134.70777893066406,291.1766035100736
E.K. Chalki,PhotovoltaicArray,2024-07-24 16:00:00,25.068965911865234,100.27586364746094,244.19598131252627
E.K. Chalki,PhotovoltaicArray,2024-07-24 16:15:00,16.341812133789062,65.36724853515625,197.21535911497892
E.K. Chalki,PhotovoltaicArray,2024-07-24 16:30:00,12.381367683410645,49.52547073364258,150.2347369174316
E.K. Chalki,PhotovoltaicArray,2024-07-24 16:45:00,7.398468017578125,29.5938720703125,103.25411471988426
E.K. Chalki,PhotovoltaicArray,2024-07-24 17:00:00,4.302578449249268,17.21031379699707,78.47312718711204
E.K. Chalki,PhotovoltaicArray,2024-07-24 17:15:00,0.0,0.0,53.69213965433981
E.K. Chalki,PhotovoltaicArray,2024-07-24 17:30:00,0.0,0.0,28.911152121567593
E.K. Chalki,PhotovoltaicArray,2024-07-24 17:45:00,0.0,0.0,4.13016458879537
E.K. Chalki,PhotovoltaicArray,2024-07-24 18:00:00,0.0,0.0,3.097623441596528
E.K. Chalki,PhotovoltaicArray,2024-07-24 18:15:00,0.0,0.0,2.065082294397685
E.K. Chalki,PhotovoltaicArray,2024-07-24 18:30:00,0.0,0.0,1.0325411471988426
E.K. Chalki,PhotovoltaicArray,2024-07-24 18:45:00,0.0,0.0,0.0
E.K. Chalki,PhotovoltaicArray,2024-07-24 19:00:00,0.0,0.0,0.0
E.K. Chalki,PhotovoltaicArray,2024-07-24 19:15:00,0.0,0.0,0.0
E.K. Chalki,PhotovoltaicArray,2024-07-24 19:30:00,0.0,0.0,0.0
E.K. Chalki,PhotovoltaicArray,2024-07-24 19:45:00,0.0,0.0,0.0
E.K. Chalki,PhotovoltaicArray,2024-07-24 20:00:00,0.0,0.0,0.0
E.K. Chalki,PhotovoltaicArray,2024-07-24 20:15:00,0.0,0.0,0.0
E.K. Chalki,PhotovoltaicArray,2024-07-24 20:30:00,0.0,0.0,0.0
E.K. Chalki,PhotovoltaicArray,2024-07-24 20:45:00,0.0,0.0,0.0
E.K. Chalki,PhotovoltaicArray,2024-07-24 21:00:00,0.0,0.0,0.0
E.K. Chalki,PhotovoltaicArray,2024-07-24 21:15:00,0.0,0.0,0.0
E.K. Chalki,PhotovoltaicArray,2024-07-24 21:30:00,0.0,0.0,0.0
E.K. Chalki,PhotovoltaicArray,2024-07-24 21:45:00,0.0,0.0,0.0
E.K. Chalki,PhotovoltaicArray,2024-07-24 22:00:00,0.0,0.0,0.0
E.K. Chalki,PhotovoltaicArray,2024-07-24 22:15:00,0.0,0.0,0.0
E.K. Chalki,PhotovoltaicArray,2024-07-24 22:30:00,0.0,0.0,0.0
E.K. Chalki,PhotovoltaicArray,2024-07-24 22:45:00,0.0,0.0,0.0
E.K. Chalki,PhotovoltaicArray,2024-07-24 23:00:00,0.0,0.0,0.0
E.K. Chalki,PhotovoltaicArray,2024-07-24 23:15:00,0.0,0.0,0.0
E.K. Chalki,PhotovoltaicArray,2024-07-24 23:30:00,0.0,0.0,0.0
E.K. Chalki,PhotovoltaicArray,2024-07-24 23:45:00,0.0,0.0,0.0
E.K. Chalki,PhotovoltaicArray,2024-07-25 00:00:00,0.0,0.0,0.0
E.K. Chalki,PhotovoltaicArray,2024-07-25 00:15:00,0.0,0.0,0.0
E.K. Chalki,PhotovoltaicArray,2024-07-25 00:30:00,0.0,0.0,0.0
E.K. Chalki,PhotovoltaicArray,2024-07-25 00:45:00,0.0,0.0,0.0
E.K. Chalki,PhotovoltaicArray,2024-07-25 01:00:00,0.0,0.0,0.0
E.K. Chalki,PhotovoltaicArray,2024-07-25 01:15:00,0.0,0.0,0.0
E.K. Chalki,PhotovoltaicArray,2024-07-25 01:30:00,0.0,0.0,0.0
E.K. Chalki,PhotovoltaicArray,2024-07-25 01:45:00,0.0,0.0,0.0
E.K. Chalki,PhotovoltaicArray,2024-07-25 02:00:00,0.0,0.0,0.0
E.K. Chalki,PhotovoltaicArray,2024-07-25 02:15:00,0.0,0.0,0.0
E.K. Chalki,PhotovoltaicArray,2024-07-25 02:30:00,0.0,0.0,0.0
E.K. Chalki,PhotovoltaicArray,2024-07-25 02:45:00,0.0,0.0,0.0
E.K. Chalki,PhotovoltaicArray,2024-07-25 03:00:00,0.0,0.0,5.947492419826297
E.K. Chalki,PhotovoltaicArray,2024-07-25 03:15:00,0.0,0.0,11.894984839652594
E.K. Chalki,PhotovoltaicArray,2024-07-25 03:30:00,0.6312331557273865,2.524932622909546,17.84247725947889
E.K. Chalki,PhotovoltaicArray,2024-07-25 03:45:00,2.703575849533081,10.814303398132324,23.789969679305187
E.K. Chalki,PhotovoltaicArray,2024-07-25 04:00:00,5.5510172843933105,22.204069137573242,59.99209745216092
E.K. Chalki,PhotovoltaicArray,2024-07-25 04:15:00,9.549745559692383,38.19898223876953,96.19422522501664
E.K. Chalki,PhotovoltaicArray,2024-07-25 04:30:00,13.564146995544434,54.256587982177734,132.39635299787236
E.K. Chalki,PhotovoltaicArray,2024-07-25 04:45:00,20.434459686279297,81.73783874511719,168.5984807707281
E.K. Chalki,PhotovoltaicArray,2024-07-25 05:00:00,28.391637802124023,113.5665512084961,218.5056997718792
E.K. Chalki,PhotovoltaicArray,2024-07-25 05:15:00,41.98600387573242,167.9440155029297,268.4129187730303
E.K. Chalki,PhotovoltaicArray,2024-07-25 05:30:00,49.79724884033203,199.18899536132812,318.3201377741813
E.K. Chalki,PhotovoltaicArray,2024-07-25 05:45:00,63.418128967285156,253.67251586914062,368.22735677533245
E.K. Chalki,PhotovoltaicArray,2024-07-25 06:00:00,77.78489685058594,311.13958740234375,418.1345757764836
E.K. Chalki,PhotovoltaicArray,2024-07-25 06:15:00,83.75962829589844,335.03851318359375,468.0417947776347
E.K. Chalki,PhotovoltaicArray,2024-07-25 06:30:00,101.04374694824219,404.17498779296875,517.9490137787859
E.K. Chalki,PhotovoltaicArray,2024-07-25 06:45:00,108.77899169921875,435.115966796875,568.8905792877326
E.K. Chalki,PhotovoltaicArray,2024-07-25 07:00:00,113.09061431884766,452.3624572753906,612.0745459882106
E.K. Chalki,PhotovoltaicArray,2024-07-25 07:15:00,117.79340362548828,471.1736145019531,655.2585126886886
E.K. Chalki,PhotovoltaicArray,2024-07-25 07:30:00,122.06431579589844,488.25726318359375,698.4424793891666
E.K. Chalki,PhotovoltaicArray,2024-07-25 07:45:00,120.30326080322266,481.2130432128906,741.6264460896444
E.K. Chalki,PhotovoltaicArray,2024-07-25 08:00:00,148.6841278076172,594.7365112304688,774.4669477121636
E.K. Chalki,PhotovoltaicArray,2024-07-25 08:15:00,146.9816131591797,587.9264526367188,807.3074493346827
E.K. Chalki,PhotovoltaicArray,2024-07-25 08:30:00,123.28462982177734,493.1385192871094,840.1479509572018
E.K. Chalki,PhotovoltaicArray,2024-07-25 08:45:00,163.9582977294922,655.8331909179688,872.988452579721
E.K. Chalki,PhotovoltaicArray,2024-07-25 09:00:00,170.1935272216797,680.7741088867188,892.3824496008937
E.K. Chalki,PhotovoltaicArray,2024-07-25 09:15:00,137.18589782714844,548.7435913085938,911.7764466220663
E.K. Chalki,PhotovoltaicArray,2024-07-25 09:30:00,174.75830078125,699.033203125,931.170443643239
E.K. Chalki,PhotovoltaicArray,2024-07-25 09:45:00,159.249267578125,636.9970703125,950.5644406644118
E.K. Chalki,PhotovoltaicArray,2024-07-25 10:00:00,123.10197448730469,492.40789794921875,955.2189999494933
E.K. Chalki,PhotovoltaicArray,2024-07-25 10:15:00,121.9952392578125,487.98095703125,959.8735592345747
E.K. Chalki,PhotovoltaicArray,2024-07-25 10:30:00,158.61001586914062,634.4400634765625,964.528118519656
E.K. Chalki,PhotovoltaicArray,2024-07-25 10:45:00,161.1093292236328,644.4373168945312,969.1826778047375
E.K. Chalki,PhotovoltaicArray,2024-07-25 11:00:00,176.3474884033203,705.3899536132812,958.0634528459319
E.K. Chalki,PhotovoltaicArray,2024-07-25 11:15:00,174.6630096435547,698.6520385742188,946.9442278871262
E.K. Chalki,PhotovoltaicArray,2024-07-25 11:30:00,172.69277954101562,690.7711181640625,935.8250029283205
E.K. Chalki,PhotovoltaicArray,2024-07-25 11:45:00,158.85702514648438,635.4281005859375,924.7057779695148
E.K. Chalki,PhotovoltaicArray,2024-07-25 12:00:00,145.02931213378906,580.1172485351562,899.8814617824137
E.K. Chalki,PhotovoltaicArray,2024-07-25 12:15:00,174.3592529296875,697.43701171875,875.0571455953127
E.K. Chalki,PhotovoltaicArray,2024-07-25 12:30:00,151.57518005371094,606.3007202148438,850.2328294082116
E.K. Chalki,PhotovoltaicArray,2024-07-25 12:45:00,152.4075469970703,609.6301879882812,825.4085132211106
E.K. Chalki,PhotovoltaicArray,2024-07-25 13:00:00,122.11083221435547,488.4433288574219,787.654865686561
E.K. Chalki,PhotovoltaicArray,2024-07-25 13:15:00,134.76663208007812,539.0665283203125,749.9012181520114
E.K. Chalki,PhotovoltaicArray,2024-07-25 13:30:00,107.05220794677734,428.2088317871094,712.1475706174618
E.K. Chalki,PhotovoltaicArray,2024-07-25 13:45:00,124.8453369140625,499.38134765625,674.3939230829124
E.K. Chalki,PhotovoltaicArray,2024-07-25 14:00:00,116.41116333007812,465.6446533203125,628.1069168590468
E.K. Chalki,PhotovoltaicArray,2024-07-25 14:15:00,98.64775085449219,394.59100341796875,581.8199106351813
E.K. Chalki,PhotovoltaicArray,2024-07-25 14:30:00,88.18571472167969,352.74285888671875,535.5329044113157
E.K. Chalki,PhotovoltaicArray,2024-07-25 14:45:00,82.1394271850586,328.5577087402344,489.24589818745017
E.K. Chalki,PhotovoltaicArray,2024-07-25 15:00:00,69.20320129394531,276.81280517578125,438.8215059324011
E.K. Chalki,PhotovoltaicArray,2024-07-25 15:15:00,52.167659759521484,208.67063903808594,388.3971136773521
E.K. Chalki,PhotovoltaicArray,2024-07-25 15:30:00,40.93586349487305,163.7434539794922,337.97272142230304
E.K. Chalki,PhotovoltaicArray,2024-07-25 15:45:00,32.68198013305664,130.72792053222656,287.548329167254
E.K. Chalki,PhotovoltaicArray,2024-07-25 16:00:00,24.385757446289062,97.54302978515625,241.00273631643947
E.K. Chalki,PhotovoltaicArray,2024-07-25 16:15:00,16.341812133789062,65.36724853515625,194.457143465625
E.K. Chalki,PhotovoltaicArray,2024-07-25 16:30:00,10.500046730041504,42.000186920166016,147.91155061481052
E.K. Chalki,PhotovoltaicArray,2024-07-25 16:45:00,5.444030284881592,21.776121139526367,101.36595776399604
E.K. Chalki,PhotovoltaicArray,2024-07-25 17:00:00,3.939328670501709,15.757314682006836,77.05881483079291
E.K. Chalki,PhotovoltaicArray,2024-07-25 17:15:00,0.0,0.0,52.751671897589766
E.K. Chalki,PhotovoltaicArray,2024-07-25 17:30:00,0.0,0.0,28.44452896438664
E.K. Chalki,PhotovoltaicArray,2024-07-25 17:45:00,0.0,0.0,4.137386031183511
E.K. Chalki,PhotovoltaicArray,2024-07-25 18:00:00,0.0,0.0,3.1030395233876336
E.K. Chalki,PhotovoltaicArray,2024-07-25 18:15:00,0.0,0.0,2.0686930155917556
E.K. Chalki,PhotovoltaicArray,2024-07-25 18:30:00,0.0,0.0,1.0343465077958778
E.K. Chalki,PhotovoltaicArray,2024-07-25 18:45:00,0.0,0.0,0.0
E.K. Chalki,PhotovoltaicArray,2024-07-25 19:00:00,0.0,0.0,0.0
E.K. Chalki,PhotovoltaicArray,2024-07-25 19:15:00,0.0,0.0,0.0
E.K. Chalki,PhotovoltaicArray,2024-07-25 19:30:00,0.0,0.0,0.0
E.K. Chalki,PhotovoltaicArray,2024-07-25 19:45:00,0.0,0.0,0.0
E.K. Chalki,PhotovoltaicArray,2024-07-25 20:00:00,0.0,0.0,0.0
E.K. Chalki,PhotovoltaicArray,2024-07-25 20:15:00,0.0,0.0,0.0
E.K. Chalki,PhotovoltaicArray,2024-07-25 20:30:00,0.0,0.0,0.0
E.K. Chalki,PhotovoltaicArray,2024-07-25 20:45:00,0.0,0.0,0.0
E.K. Chalki,PhotovoltaicArray,2024-07-25 21:00:00,0.0,0.0,0.0
E.K. Chalki,PhotovoltaicArray,2024-07-25 21:15:00,0.0,0.0,0.0
E.K. Chalki,PhotovoltaicArray,2024-07-25 21:30:00,0.0,0.0,0.0
E.K. Chalki,PhotovoltaicArray,2024-07-25 21:45:00,0.0,0.0,0.0
E.K. Chalki,PhotovoltaicArray,2024-07-25 22:00:00,0.0,0.0,0.0
E.K. Chalki,PhotovoltaicArray,2024-07-25 22:15:00,0.0,0.0,0.0
E.K. Chalki,PhotovoltaicArray,2024-07-25 22:30:00,0.0,0.0,0.0
E.K. Chalki,PhotovoltaicArray,2024-07-25 22:45:00,0.0,0.0,0.0
E.K. Chalki,PhotovoltaicArray,2024-07-25 23:00:00,0.0,0.0,0.0
E.K. Chalki,PhotovoltaicArray,2024-07-25 23:15:00,0.0,0.0,0.0
E.K. Chalki,PhotovoltaicArray,2024-07-25 23:30:00,0.0,0.0,0.0
E.K. Chalki,PhotovoltaicArray,2024-07-25 23:45:00,0.0,0.0,0.0
E.K. Chalki,PhotovoltaicArray,2024-07-26 00:00:00,0.0,0.0,0.0
E.K. Chalki,PhotovoltaicArray,2024-07-26 00:15:00,0.0,0.0,0.0
E.K. Chalki,PhotovoltaicArray,2024-07-26 00:30:00,0.0,0.0,0.0
E.K. Chalki,PhotovoltaicArray,2024-07-26 00:45:00,0.0,0.0,0.0
E.K. Chalki,PhotovoltaicArray,2024-07-26 01:00:00,0.0,0.0,0.0
E.K. Chalki,PhotovoltaicArray,2024-07-26 01:15:00,0.0,0.0,0.0
E.K. Chalki,PhotovoltaicArray,2024-07-26 01:30:00,0.0,0.0,0.0
E.K. Chalki,PhotovoltaicArray,2024-07-26 01:45:00,0.0,0.0,0.0
E.K. Chalki,PhotovoltaicArray,2024-07-26 02:00:00,0.0,0.0,0.0
E.K. Chalki,PhotovoltaicArray,2024-07-26 02:15:00,0.0,0.0,0.0
E.K. Chalki,PhotovoltaicArray,2024-07-26 02:30:00,0.0,0.0,0.0
E.K. Chalki,PhotovoltaicArray,2024-07-26 02:45:00,0.0,0.0,0.0
E.K. Chalki,PhotovoltaicArray,2024-07-26 03:00:00,0.0,0.0,5.69911382059083
E.K. Chalki,PhotovoltaicArray,2024-07-26 03:15:00,0.0,0.0,11.39822764118166
E.K. Chalki,PhotovoltaicArray,2024-07-26 03:30:00,0.0,0.0,17.09734146177249
E.K. Chalki,PhotovoltaicArray,2024-07-26 03:45:00,2.6379194259643555,10.551677703857422,22.79645528236332
E.K. Chalki,PhotovoltaicArray,2024-07-26 04:00:00,5.5510172843933105,22.204069137573242,59.06354323157769
E.K. Chalki,PhotovoltaicArray,2024-07-26 04:15:00,9.549745559692383,38.19898223876953,95.33063118079205
E.K. Chalki,PhotovoltaicArray,2024-07-26 04:30:00,13.564146995544434,54.256587982177734,131.59771913000642
E.K. Chalki,PhotovoltaicArray,2024-07-26 04:45:00,20.434459686279297,81.73783874511719,167.8648070792208
E.K. Chalki,PhotovoltaicArray,2024-07-26 05:00:00,28.391637802124023,113.5665512084961,217.60252769528623
E.K. Chalki,PhotovoltaicArray,2024-07-26 05:15:00,40.208702087402344,160.83480834960938,267.3402483113517
E.K. Chalki,PhotovoltaicArray,2024-07-26 05:30:00,49.79724884033203,199.18899536132812,317.07796892741703
E.K. Chalki,PhotovoltaicArray,2024-07-26 05:45:00,62.855995178222656,251.42398071289062,366.8156895434825
E.K. Chalki,PhotovoltaicArray,2024-07-26 06:00:00,75.1675033569336,300.6700134277344,417.07151141596523
E.K. Chalki,PhotovoltaicArray,2024-07-26 06:15:00,83.72056579589844,334.88226318359375,467.3273332884481
E.K. Chalki,PhotovoltaicArray,2024-07-26 06:30:00,99.93440246582031,399.73760986328125,517.5831551609308
E.K. Chalki,PhotovoltaicArray,2024-07-26 06:45:00,108.77899169921875,435.115966796875,567.8389770334136
E.K. Chalki,PhotovoltaicArray,2024-07-26 07:00:00,117.25586700439453,469.0234680175781,611.6185332006795
E.K. Chalki,PhotovoltaicArray,2024-07-26 07:15:00,120.21162414550781,480.84649658203125,655.3980893679454
E.K. Chalki,PhotovoltaicArray,2024-07-26 07:30:00,123.61138916015625,494.445556640625,699.1776455352114
E.K. Chalki,PhotovoltaicArray,2024-07-26 07:45:00,133.4779510498047,533.9118041992188,742.9572017024773
E.K. Chalki,PhotovoltaicArray,2024-07-26 08:00:00,150.96250915527344,603.8500366210938,776.8928339978136
E.K. Chalki,PhotovoltaicArray,2024-07-26 08:15:00,151.88760375976562,607.5504150390625,810.8284662931499
E.K. Chalki,PhotovoltaicArray,2024-07-26 08:30:00,149.30715942382812,597.2286376953125,844.7640985884861
E.K. Chalki,PhotovoltaicArray,2024-07-26 08:45:00,174.79428100585938,699.1771240234375,878.6997308838224
E.K. Chalki,PhotovoltaicArray,2024-07-26 09:00:00,176.4707489013672,705.8829956054688,898.6466292558904
E.K. Chalki,PhotovoltaicArray,2024-07-26 09:15:00,173.3572235107422,693.4288940429688,918.5935276279583
E.K. Chalki,PhotovoltaicArray,2024-07-26 09:30:00,181.116455078125,724.4658203125,938.5404260000262
E.K. Chalki,PhotovoltaicArray,2024-07-26 09:45:00,168.93850708007812,675.7540283203125,958.4873243720941
E.K. Chalki,PhotovoltaicArray,2024-07-26 10:00:00,163.0180206298828,652.0720825195312,963.9273875644764
E.K. Chalki,PhotovoltaicArray,2024-07-26 10:15:00,177.02542114257812,708.1016845703125,969.3674507568585
E.K. Chalki,PhotovoltaicArray,2024-07-26 10:30:00,159.90200805664062,639.6080322265625,974.8075139492404
E.K. Chalki,PhotovoltaicArray,2024-07-26 10:45:00,196.00697326660156,784.0278930664062,980.2475771416225
E.K. Chalki,PhotovoltaicArray,2024-07-26 11:00:00,204.4740447998047,817.8961791992188,970.6627038979017
E.K. Chalki,PhotovoltaicArray,2024-07-26 11:15:00,180.12191772460938,720.4876708984375,961.0778306541807
E.K. Chalki,PhotovoltaicArray,2024-07-26 11:30:00,170.9849853515625,683.93994140625,951.4929574104598
E.K. Chalki,PhotovoltaicArray,2024-07-26 11:45:00,156.86502075195312,627.4600830078125,941.9080841667388
E.K. Chalki,PhotovoltaicArray,2024-07-26 12:00:00,173.3675537109375,693.47021484375,917.0392238587061
E.K. Chalki,PhotovoltaicArray,2024-07-26 12:15:00,179.45068359375,717.802734375,892.1703635506735
E.K. Chalki,PhotovoltaicArray,2024-07-26 12:30:00,153.9022979736328,615.6091918945312,867.3015032426408
E.K. Chalki,PhotovoltaicArray,2024-07-26 12:45:00,141.56863403320312,566.2745361328125,841.3964404217733
E.K. Chalki,PhotovoltaicArray,2024-07-26 13:00:00,130.30104064941406,521.2041625976562,803.8340993315155
E.K. Chalki,PhotovoltaicArray,2024-07-26 13:15:00,131.9096221923828,527.6384887695312,766.2717582412579
E.K. Chalki,PhotovoltaicArray,2024-07-26 13:30:00,132.3240203857422,529.2960815429688,728.7094171510003
E.K. Chalki,PhotovoltaicArray,2024-07-26 13:45:00,134.28416442871094,537.1366577148438,691.1470760607426
E.K. Chalki,PhotovoltaicArray,2024-07-26 14:00:00,117.31218719482422,469.2487487792969,643.9998617267638
E.K. Chalki,PhotovoltaicArray,2024-07-26 14:15:00,106.61006164550781,426.44024658203125,596.8526473927852
E.K. Chalki,PhotovoltaicArray,2024-07-26 14:30:00,89.32987213134766,357.3194885253906,549.7054330588065
E.K. Chalki,PhotovoltaicArray,2024-07-26 14:45:00,78.12004089355469,312.48016357421875,502.5582187248278
E.K. Chalki,PhotovoltaicArray,2024-07-26 15:00:00,68.48519134521484,273.9407653808594,450.74809308309295
E.K. Chalki,PhotovoltaicArray,2024-07-26 15:15:00,53.68519973754883,214.7407989501953,398.9379674413581
E.K. Chalki,PhotovoltaicArray,2024-07-26 15:30:00,44.57859802246094,178.31439208984375,347.12784179962324
E.K. Chalki,PhotovoltaicArray,2024-07-26 15:45:00,33.676944732666016,134.70777893066406,295.31771615788847
E.K. Chalki,PhotovoltaicArray,2024-07-26 16:00:00,26.6818904876709,106.7275619506836,247.1342993110751
E.K. Chalki,PhotovoltaicArray,2024-07-26 16:15:00,16.288713455200195,65.15485382080078,198.9508824642617
E.K. Chalki,PhotovoltaicArray,2024-07-26 16:30:00,10.500046730041504,42.000186920166016,150.7674656174483
E.K. Chalki,PhotovoltaicArray,2024-07-26 16:45:00,7.398468017578125,29.5938720703125,102.58404877063494
E.K. Chalki,PhotovoltaicArray,2024-07-26 17:00:00,3.939328670501709,15.757314682006836,77.71518846260223
E.K. Chalki,PhotovoltaicArray,2024-07-26 17:15:00,0.0,0.0,52.84632815456951
E.K. Chalki,PhotovoltaicArray,2024-07-26 17:30:00,0.0,0.0,27.9774678465368
E.K. Chalki,PhotovoltaicArray,2024-07-26 17:45:00,0.0,0.0,3.108607538504089
E.K. Chalki,PhotovoltaicArray,2024-07-26 18:00:00,0.0,0.0,2.331455653878067
E.K. Chalki,PhotovoltaicArray,2024-07-26 18:15:00,0.0,0.0,1.5543037692520445
E.K. Chalki,PhotovoltaicArray,2024-07-26 18:30:00,0.0,0.0,0.7771518846260222
E.K. Chalki,PhotovoltaicArray,2024-07-26 18:45:00,0.0,0.0,0.0
E.K. Chalki,PhotovoltaicArray,2024-07-26 19:00:00,0.0,0.0,0.0
E.K. Chalki,PhotovoltaicArray,2024-07-26 19:15:00,0.0,0.0,0.0
E.K. Chalki,PhotovoltaicArray,2024-07-26 19:30:00,0.0,0.0,0.0
E.K. Chalki,PhotovoltaicArray,2024-07-26 19:45:00,0.0,0.0,0.0
E.K. Chalki,PhotovoltaicArray,2024-07-26 20:00:00,0.0,0.0,0.0
E.K. Chalki,PhotovoltaicArray,2024-07-26 20:15:00,0.0,0.0,0.0
E.K. Chalki,PhotovoltaicArray,2024-07-26 20:30:00,0.0,0.0,0.0
E.K. Chalki,PhotovoltaicArray,2024-07-26 20:45:00,0.0,0.0,0.0
E.K. Chalki,PhotovoltaicArray,2024-07-26 21:00:00,0.0,0.0,0.0
E.K. Chalki,PhotovoltaicArray,2024-07-26 21:15:00,0.0,0.0,0.0
E.K. Chalki,PhotovoltaicArray,2024-07-26 21:30:00,0.0,0.0,0.0
E.K. Chalki,PhotovoltaicArray,2024-07-26 21:45:00,0.0,0.0,0.0
E.K. Chalki,PhotovoltaicArray,2024-07-26 22:00:00,0.0,0.0,0.0
E.K. Chalki,PhotovoltaicArray,2024-07-26 22:15:00,0.0,0.0,0.0
E.K. Chalki,PhotovoltaicArray,2024-07-26 22:30:00,0.0,0.0,0.0
E.K. Chalki,PhotovoltaicArray,2024-07-26 22:45:00,0.0,0.0,0.0
E.K. Chalki,PhotovoltaicArray,2024-07-26 23:00:00,0.0,0.0,0.0
E.K. Chalki,PhotovoltaicArray,2024-07-26 23:15:00,0.0,0.0,0.0
E.K. Chalki,PhotovoltaicArray,2024-07-26 23:30:00,0.0,0.0,0.0
E.K. Chalki,PhotovoltaicArray,2024-07-26 23:45:00,0.0,0.0,0.0
E.K. Chalki,PhotovoltaicArray,2024-07-27 00:00:00,0.0,0.0,0.0
E.K. Chalki,PhotovoltaicArray,2024-07-27 00:15:00,0.0,0.0,0.0
E.K. Chalki,PhotovoltaicArray,2024-07-27 00:30:00,0.0,0.0,0.0
E.K. Chalki,PhotovoltaicArray,2024-07-27 00:45:00,0.0,0.0,0.0
E.K. Chalki,PhotovoltaicArray,2024-07-27 01:00:00,0.0,0.0,0.0
E.K. Chalki,PhotovoltaicArray,2024-07-27 01:15:00,0.0,0.0,0.0
E.K. Chalki,PhotovoltaicArray,2024-07-27 01:30:00,0.0,0.0,0.0
E.K. Chalki,PhotovoltaicArray,2024-07-27 01:45:00,0.0,0.0,0.0
E.K. Chalki,PhotovoltaicArray,2024-07-27 02:00:00,0.0,0.0,0.0
E.K. Chalki,PhotovoltaicArray,2024-07-27 02:15:00,0.0,0.0,0.0
E.K. Chalki,PhotovoltaicArray,2024-07-27 02:30:00,0.0,0.0,0.0
E.K. Chalki,PhotovoltaicArray,2024-07-27 02:45:00,0.0,0.0,0.0
E.K. Chalki,PhotovoltaicArray,2024-07-27 03:00:00,0.0,0.0,5.7095996516574825
E.K. Chalki,PhotovoltaicArray,2024-07-27 03:15:00,0.0,0.0,11.419199303314965
E.K. Chalki,PhotovoltaicArray,2024-07-27 03:30:00,0.0,0.0,17.12879895497245
E.K. Chalki,PhotovoltaicArray,2024-07-27 03:45:00,2.4105567932128906,9.642227172851562,22.83839860662993
E.K. Chalki,PhotovoltaicArray,2024-07-27 04:00:00,5.5510172843933105,22.204069137573242,59.950796342403564
E.K. Chalki,PhotovoltaicArray,2024-07-27 04:15:00,9.549745559692383,38.19898223876953,97.0631940781772
E.K. Chalki,PhotovoltaicArray,2024-07-27 04:30:00,14.098647117614746,56.394588470458984,134.17559181395083
E.K. Chalki,PhotovoltaicArray,2024-07-27 04:45:00,20.434459686279297,81.73783874511719,171.28798954972447
E.K. Chalki,PhotovoltaicArray,2024-07-27 05:00:00,31.2204647064209,124.8818588256836,222.15533190085478
E.K. Chalki,PhotovoltaicArray,2024-07-27 05:15:00,39.60308074951172,158.41232299804688,273.0226742519851
E.K. Chalki,PhotovoltaicArray,2024-07-27 05:30:00,54.113014221191406,216.45205688476562,323.8900166031154
E.K. Chalki,PhotovoltaicArray,2024-07-27 05:45:00,68.0705337524414,272.2821350097656,374.75735895424566
E.K. Chalki,PhotovoltaicArray,2024-07-27 06:00:00,82.69998168945312,330.7999267578125,425.62470130537594
E.K. Chalki,PhotovoltaicArray,2024-07-27 06:15:00,85.43036651611328,341.7214660644531,476.4920436565063
E.K. Chalki,PhotovoltaicArray,2024-07-27 06:30:00,106.13777923583984,424.5511169433594,527.3593860076365
E.K. Chalki,PhotovoltaicArray,2024-07-27 06:45:00,110.08457946777344,440.33831787109375,580.3029464139149
E.K. Chalki,PhotovoltaicArray,2024-07-27 07:00:00,122.16786193847656,488.67144775390625,624.9416345996008
E.K. Chalki,PhotovoltaicArray,2024-07-27 07:15:00,131.2896728515625,525.15869140625,669.5803227852866
E.K. Chalki,PhotovoltaicArray,2024-07-27 07:30:00,126.64814758300781,506.59259033203125,714.2190109709724
E.K. Chalki,PhotovoltaicArray,2024-07-27 07:45:00,157.42105102539062,629.6842041015625,758.8576991566581
E.K. Chalki,PhotovoltaicArray,2024-07-27 08:00:00,150.09024047851562,600.3609619140625,793.115297066603
E.K. Chalki,PhotovoltaicArray,2024-07-27 08:15:00,149.75289916992188,599.0115966796875,827.372894976548
E.K. Chalki,PhotovoltaicArray,2024-07-27 08:30:00,161.127197265625,644.5087890625,861.6304928864929
E.K. Chalki,PhotovoltaicArray,2024-07-27 08:45:00,179.88824462890625,719.552978515625,895.8880907964377
E.K. Chalki,PhotovoltaicArray,2024-07-27 09:00:00,183.8104705810547,735.2418823242188,915.8716895772388
E.K. Chalki,PhotovoltaicArray,2024-07-27 09:15:00,172.39468383789062,689.5787353515625,935.8552883580402
E.K. Chalki,PhotovoltaicArray,2024-07-27 09:30:00,153.89569091796875,615.582763671875,955.8388871388413
E.K. Chalki,PhotovoltaicArray,2024-07-27 09:45:00,195.16221618652344,780.6488647460938,975.8224859196425
E.K. Chalki,PhotovoltaicArray,2024-07-27 10:00:00,178.64430236816406,714.5772094726562,980.2344492868324
E.K. Chalki,PhotovoltaicArray,2024-07-27 10:15:00,198.62745666503906,794.5098266601562,984.6464126540222
E.K. Chalki,PhotovoltaicArray,2024-07-27 10:30:00,183.51095581054688,734.0438232421875,989.0583760212121
E.K. Chalki,PhotovoltaicArray,2024-07-27 10:45:00,170.41432189941406,681.6572875976562,993.470339388402
E.K. Chalki,PhotovoltaicArray,2024-07-27 11:00:00,187.1342315673828,748.5369262695312,982.3106673419804
E.K. Chalki,PhotovoltaicArray,2024-07-27 11:15:00,178.69818115234375,714.792724609375,971.1509952955591
E.K. Chalki,PhotovoltaicArray,2024-07-27 11:30:00,173.31790161132812,693.2716064453125,959.9913232491375
E.K. Chalki,PhotovoltaicArray,2024-07-27 11:45:00,169.7855682373047,679.1422729492188,948.8316512027161
E.K. Chalki,PhotovoltaicArray,2024-07-27 12:00:00,153.61318969726562,614.4527587890625,923.1384527702573
E.K. Chalki,PhotovoltaicArray,2024-07-27 12:15:00,131.63975524902344,526.5590209960938,897.4452543377988
E.K. Chalki,PhotovoltaicArray,2024-07-27 12:30:00,159.5557403564453,638.2229614257812,871.7520559053402
E.K. Chalki,PhotovoltaicArray,2024-07-27 12:45:00,150.9230194091797,603.6920776367188,849.1731845556038
E.K. Chalki,PhotovoltaicArray,2024-07-27 13:00:00,139.7377166748047,558.9508666992188,810.7631505353626
E.K. Chalki,PhotovoltaicArray,2024-07-27 13:15:00,137.38548278808594,549.5419311523438,772.3531165151212
E.K. Chalki,PhotovoltaicArray,2024-07-27 13:30:00,133.0902557373047,532.3610229492188,733.9430824948801
E.K. Chalki,PhotovoltaicArray,2024-07-27 13:45:00,133.19332885742188,532.7733154296875,695.5330484746387
E.K. Chalki,PhotovoltaicArray,2024-07-27 14:00:00,118.58698272705078,474.3479309082031,647.5205059493372
E.K. Chalki,PhotovoltaicArray,2024-07-27 14:15:00,107.39651489257812,429.5860595703125,599.5079634240358
E.K. Chalki,PhotovoltaicArray,2024-07-27 14:30:00,89.36129760742188,357.4451904296875,551.4954208987341
E.K. Chalki,PhotovoltaicArray,2024-07-27 14:45:00,78.12004089355469,312.48016357421875,503.4828783734326
E.K. Chalki,PhotovoltaicArray,2024-07-27 15:00:00,68.48519134521484,273.9407653808594,451.05837248094116
E.K. Chalki,PhotovoltaicArray,2024-07-27 15:15:00,53.68519973754883,214.7407989501953,398.63386658844973
E.K. Chalki,PhotovoltaicArray,2024-07-27 15:30:00,44.57859802246094,178.31439208984375,346.20936069595825
E.K. Chalki,PhotovoltaicArray,2024-07-27 15:45:00,33.676944732666016,134.70777893066406,293.7848548034668
E.K. Chalki,PhotovoltaicArray,2024-07-27 16:00:00,26.6818904876709,106.7275619506836,245.51278502127175
E.K. Chalki,PhotovoltaicArray,2024-07-27 16:15:00,16.14340591430664,64.57362365722656,197.24071523907668
E.K. Chalki,PhotovoltaicArray,2024-07-27 16:30:00,10.500046730041504,42.000186920166016,148.9686454568816
E.K. Chalki,PhotovoltaicArray,2024-07-27 16:45:00,5.444030284881592,21.776121139526367,100.6965756746865
E.K. Chalki,PhotovoltaicArray,2024-07-27 17:00:00,3.939328670501709,15.757314682006836,76.30101352669544
E.K. Chalki,PhotovoltaicArray,2024-07-27 17:15:00,0.0,0.0,51.90545137870438
E.K. Chalki,PhotovoltaicArray,2024-07-27 17:30:00,0.0,0.0,27.50988923071332
E.K. Chalki,PhotovoltaicArray,2024-07-27 17:45:00,0.0,0.0,3.1143270827222636
E.K. Chalki,PhotovoltaicArray,2024-07-27 18:00:00,0.0,0.0,2.3357453120416976
E.K. Chalki,PhotovoltaicArray,2024-07-27 18:15:00,0.0,0.0,1.5571635413611318
E.K. Chalki,PhotovoltaicArray,2024-07-27 18:30:00,0.0,0.0,0.7785817706805659
E.K. Chalki,PhotovoltaicArray,2024-07-27 18:45:00,0.0,0.0,0.0
E.K. Chalki,PhotovoltaicArray,2024-07-27 19:00:00,0.0,0.0,0.0
E.K. Chalki,PhotovoltaicArray,2024-07-27 19:15:00,0.0,0.0,0.0
E.K. Chalki,PhotovoltaicArray,2024-07-27 19:30:00,0.0,0.0,0.0
E.K. Chalki,PhotovoltaicArray,2024-07-27 19:45:00,0.0,0.0,0.0
E.K. Chalki,PhotovoltaicArray,2024-07-27 20:00:00,0.0,0.0,0.0
E.K. Chalki,PhotovoltaicArray,2024-07-27 20:15:00,0.0,0.0,0.0
E.K. Chalki,PhotovoltaicArray,2024-07-27 20:30:00,0.0,0.0,0.0
E.K. Chalki,PhotovoltaicArray,2024-07-27 20:45:00,0.0,0.0,0.0
E.K. Chalki,PhotovoltaicArray,2024-07-27 21:00:00,0.0,0.0,0.0
E.K. Chalki,PhotovoltaicArray,2024-07-27 21:15:00,0.0,0.0,0.0
E.K. Chalki,PhotovoltaicArray,2024-07-27 21:30:00,0.0,0.0,0.0
E.K. Chalki,PhotovoltaicArray,2024-07-27 21:45:00,0.0,0.0,0.0
E.K. Chalki,PhotovoltaicArray,2024-07-27 22:00:00,0.0,0.0,0.0
E.K. Chalki,PhotovoltaicArray,2024-07-27 22:15:00,0.0,0.0,0.0
E.K. Chalki,PhotovoltaicArray,2024-07-27 22:30:00,0.0,0.0,0.0
E.K. Chalki,PhotovoltaicArray,2024-07-27 22:45:00,0.0,0.0,0.0
E.K. Chalki,PhotovoltaicArray,2024-07-27 23:00:00,0.0,0.0,0.0
E.K. Chalki,PhotovoltaicArray,2024-07-27 23:15:00,0.0,0.0,0.0
E.K. Chalki,PhotovoltaicArray,2024-07-27 23:30:00,0.0,0.0,0.0
E.K. Chalki,PhotovoltaicArray,2024-07-27 23:45:00,0.0,0.0,0.0
E.K. Chalki,PhotovoltaicArray,2024-07-28 00:00:00,0.0,0.0,0.0
E.K. Chalki,PhotovoltaicArray,2024-07-28 00:15:00,0.0,0.0,0.0
E.K. Chalki,PhotovoltaicArray,2024-07-28 00:30:00,0.0,0.0,0.0
E.K. Chalki,PhotovoltaicArray,2024-07-28 00:45:00,0.0,0.0,0.0
E.K. Chalki,PhotovoltaicArray,2024-07-28 01:00:00,0.0,0.0,0.0
E.K. Chalki,PhotovoltaicArray,2024-07-28 01:15:00,0.0,0.0,0.0
E.K. Chalki,PhotovoltaicArray,2024-07-28 01:30:00,0.0,0.0,0.0
E.K. Chalki,PhotovoltaicArray,2024-07-28 01:45:00,0.0,0.0,0.0
E.K. Chalki,PhotovoltaicArray,2024-07-28 02:00:00,0.0,0.0,0.0
E.K. Chalki,PhotovoltaicArray,2024-07-28 02:15:00,0.0,0.0,0.0
E.K. Chalki,PhotovoltaicArray,2024-07-28 02:30:00,0.0,0.0,0.0
E.K. Chalki,PhotovoltaicArray,2024-07-28 02:45:00,0.0,0.0,0.0
E.K. Chalki,PhotovoltaicArray,2024-07-28 03:00:00,0.0,0.0,5.460346074061554
E.K. Chalki,PhotovoltaicArray,2024-07-28 03:15:00,0.0,0.0,10.920692148123107
E.K. Chalki,PhotovoltaicArray,2024-07-28 03:30:00,0.0,0.0,16.38103822218466
E.K. Chalki,PhotovoltaicArray,2024-07-28 03:45:00,2.1908681392669678,8.763472557067871,21.841384296246215
E.K. Chalki,PhotovoltaicArray,2024-07-28 04:00:00,5.5510172843933105,22.204069137573242,58.24369145665658
E.K. Chalki,PhotovoltaicArray,2024-07-28 04:15:00,9.549745559692383,38.19898223876953,94.64599861706695
E.K. Chalki,PhotovoltaicArray,2024-07-28 04:30:00,13.564146995544434,54.256587982177734,131.0483057774773
E.K. Chalki,PhotovoltaicArray,2024-07-28 04:45:00,20.434459686279297,81.73783874511719,167.45061293788768
E.K. Chalki,PhotovoltaicArray,2024-07-28 05:00:00,28.391637802124023,113.5665512084961,218.4138429624622
E.K. Chalki,PhotovoltaicArray,2024-07-28 05:15:00,41.98600387573242,167.9440155029297,269.37707298703674
E.K. Chalki,PhotovoltaicArray,2024-07-28 05:30:00,49.79724884033203,199.18899536132812,320.3403030116112
E.K. Chalki,PhotovoltaicArray,2024-07-28 05:45:00,63.418128967285156,253.67251586914062,371.3035330361857
E.K. Chalki,PhotovoltaicArray,2024-07-28 06:00:00,77.23918914794922,308.9567565917969,422.2667630607601
E.K. Chalki,PhotovoltaicArray,2024-07-28 06:15:00,84.34496307373047,337.3798522949219,473.2299930853347
E.K. Chalki,PhotovoltaicArray,2024-07-28 06:30:00,101.9304428100586,407.7217712402344,524.193223109909
E.K. Chalki,PhotovoltaicArray,2024-07-28 06:45:00,110.86906433105469,443.47625732421875,576.1965190533525
E.K. Chalki,PhotovoltaicArray,2024-07-28 07:00:00,115.63727569580078,462.5491027832031,620.9193535647138
E.K. Chalki,PhotovoltaicArray,2024-07-28 07:15:00,132.7818145751953,531.1272583007812,665.6421880760751
E.K. Chalki,PhotovoltaicArray,2024-07-28 07:30:00,122.22386169433594,488.89544677734375,710.3650225874363
E.K. Chalki,PhotovoltaicArray,2024-07-28 07:45:00,145.1366729736328,580.5466918945312,755.0878570987976
E.K. Chalki,PhotovoltaicArray,2024-07-28 08:00:00,149.511474609375,598.0458984375,788.8899994620358
E.K. Chalki,PhotovoltaicArray,2024-07-28 08:15:00,144.5617218017578,578.2468872070312,822.6921418252741
E.K. Chalki,PhotovoltaicArray,2024-07-28 08:30:00,160.58314514160156,642.3325805664062,856.4942841885122
E.K. Chalki,PhotovoltaicArray,2024-07-28 08:45:00,171.6265411376953,686.5061645507812,890.2964265517504
E.K. Chalki,PhotovoltaicArray,2024-07-28 09:00:00,182.3817596435547,729.5270385742188,910.5777119696934
E.K. Chalki,PhotovoltaicArray,2024-07-28 09:15:00,176.84356689453125,707.374267578125,930.8589973876362
E.K. Chalki,PhotovoltaicArray,2024-07-28 09:30:00,190.36566162109375,761.462646484375,951.1402828055792
E.K. Chalki,PhotovoltaicArray,2024-07-28 09:45:00,195.16221618652344,780.6488647460938,971.4215682235222
E.K. Chalki,PhotovoltaicArray,2024-07-28 10:00:00,198.56484985351562,794.2593994140625,976.3618813381493
E.K. Chalki,PhotovoltaicArray,2024-07-28 10:15:00,198.62745666503906,794.5098266601562,981.3021944527763
E.K. Chalki,PhotovoltaicArray,2024-07-28 10:30:00,173.4633026123047,693.8532104492188,986.2425075674034
E.K. Chalki,PhotovoltaicArray,2024-07-28 10:45:00,196.2324981689453,784.9299926757812,991.1828206820306
E.K. Chalki,PhotovoltaicArray,2024-07-28 11:00:00,186.9002227783203,747.6008911132812,980.2621285339076
E.K. Chalki,PhotovoltaicArray,2024-07-28 11:15:00,144.33450317382812,577.3380126953125,969.3414363857844
E.K. Chalki,PhotovoltaicArray,2024-07-28 11:30:00,173.35513305664062,693.4205322265625,958.4207442376613
E.K. Chalki,PhotovoltaicArray,2024-07-28 11:45:00,169.5343780517578,678.1375122070312,947.5000520895384
E.K. Chalki,PhotovoltaicArray,2024-07-28 12:00:00,163.57142639160156,654.2857055664062,921.7584205975339
E.K. Chalki,PhotovoltaicArray,2024-07-28 12:15:00,153.81015014648438,615.2406005859375,896.0167891055293
E.K. Chalki,PhotovoltaicArray,2024-07-28 12:30:00,154.1176300048828,616.4705200195312,870.2751576135247
E.K. Chalki,PhotovoltaicArray,2024-07-28 12:45:00,148.478759765625,593.9150390625,843.4934602026514
E.K. Chalki,PhotovoltaicArray,2024-07-28 13:00:00,115.56063079833984,462.2425231933594,804.751004724786
E.K. Chalki,PhotovoltaicArray,2024-07-28 13:15:00,136.22560119628906,544.9024047851562,766.0085492469209
E.K. Chalki,PhotovoltaicArray,2024-07-28 13:30:00,129.16018676757812,516.6407470703125,727.2660937690555
E.K. Chalki,PhotovoltaicArray,2024-07-28 13:45:00,116.71942138671875,466.877685546875,688.5236382911901
E.K. Chalki,PhotovoltaicArray,2024-07-28 14:00:00,118.57154083251953,474.2861633300781,640.9406225029395
E.K. Chalki,PhotovoltaicArray,2024-07-28 14:15:00,107.27700805664062,429.1080322265625,593.3576067146888
E.K. Chalki,PhotovoltaicArray,2024-07-28 14:30:00,90.02339935302734,360.0935974121094,545.7745909264381
E.K. Chalki,PhotovoltaicArray,2024-07-28 14:45:00,72.94644165039062,291.7857666015625,498.19157513818743
E.K. Chalki,PhotovoltaicArray,2024-07-28 15:00:00,69.77107238769531,279.08428955078125,446.18827919474404
E.K. Chalki,PhotovoltaicArray,2024-07-28 15:15:00,52.06248474121094,208.24993896484375,394.1849832513007
E.K. Chalki,PhotovoltaicArray,2024-07-28 15:30:00,40.65098571777344,162.60394287109375,342.1816873078574
E.K. Chalki,PhotovoltaicArray,2024-07-28 15:45:00,33.676944732666016,134.70777893066406,290.178391364414
E.K. Chalki,PhotovoltaicArray,2024-07-28 16:00:00,24.144739151000977,96.5789566040039,242.3353590964461
E.K. Chalki,PhotovoltaicArray,2024-07-28 16:15:00,16.03777313232422,64.15109252929688,194.49232682847818
E.K. Chalki,PhotovoltaicArray,2024-07-28 16:30:00,10.166292190551758,40.66516876220703,146.6492945605103
E.K. Chalki,PhotovoltaicArray,2024-07-28 16:45:00,5.444030284881592,21.776121139526367,98.8062622925424
E.K. Chalki,PhotovoltaicArray,2024-07-28 17:00:00,3.939328670501709,15.757314682006836,74.88474615855846
E.K. Chalki,PhotovoltaicArray,2024-07-28 17:15:00,0.0,0.0,50.9632300245745
E.K. Chalki,PhotovoltaicArray,2024-07-28 17:30:00,0.0,0.0,27.04171389059055
E.K. Chalki,PhotovoltaicArray,2024-07-28 17:45:00,0.0,0.0,3.1201977566066024
E.K. Chalki,PhotovoltaicArray,2024-07-28 18:00:00,0.0,0.0,2.3401483174549518
E.K. Chalki,PhotovoltaicArray,2024-07-28 18:15:00,0.0,0.0,1.5600988783033012
E.K. Chalki,PhotovoltaicArray,2024-07-28 18:30:00,0.0,0.0,0.7800494391516506
E.K. Chalki,PhotovoltaicArray,2024-07-28 18:45:00,0.0,0.0,0.0
E.K. Chalki,PhotovoltaicArray,2024-07-28 19:00:00,0.0,0.0,0.0
E.K. Chalki,PhotovoltaicArray,2024-07-28 19:15:00,0.0,0.0,0.0
E.K. Chalki,PhotovoltaicArray,2024-07-28 19:30:00,0.0,0.0,0.0
E.K. Chalki,PhotovoltaicArray,2024-07-28 19:45:00,0.0,0.0,0.0
E.K. Chalki,PhotovoltaicArray,2024-07-28 20:00:00,0.0,0.0,0.0
E.K. Chalki,PhotovoltaicArray,2024-07-28 20:15:00,0.0,0.0,0.0
E.K. Chalki,PhotovoltaicArray,2024-07-28 20:30:00,0.0,0.0,0.0
E.K. Chalki,PhotovoltaicArray,2024-07-28 20:45:00,0.0,0.0,0.0
E.K. Chalki,PhotovoltaicArray,2024-07-28 21:00:00,0.0,0.0,0.0
E.K. Chalki,PhotovoltaicArray,2024-07-28 21:15:00,0.0,0.0,0.0
E.K. Chalki,PhotovoltaicArray,2024-07-28 21:30:00,0.0,0.0,0.0
E.K. Chalki,PhotovoltaicArray,2024-07-28 21:45:00,0.0,0.0,0.0
E.K. Chalki,PhotovoltaicArray,2024-07-28 22:00:00,0.0,0.0,0.0
E.K. Chalki,PhotovoltaicArray,2024-07-28 22:15:00,0.0,0.0,0.0
E.K. Chalki,PhotovoltaicArray,2024-07-28 22:30:00,0.0,0.0,0.0
E.K. Chalki,PhotovoltaicArray,2024-07-28 22:45:00,0.0,0.0,0.0
E.K. Chalki,PhotovoltaicArray,2024-07-28 23:00:00,0.0,0.0,0.0
E.K. Chalki,PhotovoltaicArray,2024-07-28 23:15:00,0.0,0.0,0.0
E.K. Chalki,PhotovoltaicArray,2024-07-28 23:30:00,0.0,0.0,0.0
E.K. Chalki,PhotovoltaicArray,2024-07-28 23:45:00,0.0,0.0,0.0
E.K. Chalki,PhotovoltaicArray,2024-07-29 00:00:00,0.0,0.0,0.0
E.K. Chalki,PhotovoltaicArray,2024-07-29 00:15:00,0.0,0.0,0.0
E.K. Chalki,PhotovoltaicArray,2024-07-29 00:30:00,0.0,0.0,0.0
E.K. Chalki,PhotovoltaicArray,2024-07-29 00:45:00,0.0,0.0,0.0
E.K. Chalki,PhotovoltaicArray,2024-07-29 01:00:00,0.0,0.0,0.0
E.K. Chalki,PhotovoltaicArray,2024-07-29 01:15:00,0.0,0.0,0.0
E.K. Chalki,PhotovoltaicArray,2024-07-29 01:30:00,0.0,0.0,0.0
E.K. Chalki,PhotovoltaicArray,2024-07-29 01:45:00,0.0,0.0,0.0
E.K. Chalki,PhotovoltaicArray,2024-07-29 02:00:00,0.0,0.0,0.0
E.K. Chalki,PhotovoltaicArray,2024-07-29 02:15:00,0.0,0.0,0.0
E.K. Chalki,PhotovoltaicArray,2024-07-29 02:30:00,0.0,0.0,0.0
E.K. Chalki,PhotovoltaicArray,2024-07-29 02:45:00,0.0,0.0,0.0
E.K. Chalki,PhotovoltaicArray,2024-07-29 03:00:00,0.0,0.0,5.210365277416556
E.K. Chalki,PhotovoltaicArray,2024-07-29 03:15:00,0.0,0.0,10.420730554833112
E.K. Chalki,PhotovoltaicArray,2024-07-29 03:30:00,0.0,0.0,15.631095832249668
E.K. Chalki,PhotovoltaicArray,2024-07-29 03:45:00,2.09399676322937,8.37598705291748,20.841461109666223
E.K. Chalki,PhotovoltaicArray,2024-07-29 04:00:00,5.137202739715576,20.548810958862305,56.2719449960988
E.K. Chalki,PhotovoltaicArray,2024-07-29 04:15:00,9.549745559692383,38.19898223876953,91.7024288825314
E.K. Chalki,PhotovoltaicArray,2024-07-29 04:30:00,13.506112098693848,54.02444839477539,127.13291276896396
E.K. Chalki,PhotovoltaicArray,2024-07-29 04:45:00,19.778257369995117,79.11302947998047,162.56339665539656
E.K. Chalki,PhotovoltaicArray,2024-07-29 05:00:00,27.79990005493164,111.19960021972656,212.5829033185955
E.K. Chalki,PhotovoltaicArray,2024-07-29 05:15:00,42.59162139892578,170.36648559570312,262.60240998179444
E.K. Chalki,PhotovoltaicArray,2024-07-29 05:30:00,51.57010269165039,206.28041076660156,312.62191664499346
E.K. Chalki,PhotovoltaicArray,2024-07-29 05:45:00,65.43598937988281,261.74395751953125,362.6414233081924
E.K. Chalki,PhotovoltaicArray,2024-07-29 06:00:00,78.3075942993164,313.2303771972656,412.9214482352621
E.K. Chalki,PhotovoltaicArray,2024-07-29 06:15:00,83.72056579589844,334.88226318359375,463.20147316233187
E.K. Chalki,PhotovoltaicArray,2024-07-29 06:30:00,100.11402893066406,400.45611572265625,513.4814980894016
E.K. Chalki,PhotovoltaicArray,2024-07-29 06:45:00,108.9183120727539,435.6732482910156,563.7615230164714
E.K. Chalki,PhotovoltaicArray,2024-07-29 07:00:00,113.16551208496094,452.66204833984375,607.7891096106413
E.K. Chalki,PhotovoltaicArray,2024-07-29 07:15:00,120.21162414550781,480.84649658203125,651.8166962048113
E.K. Chalki,PhotovoltaicArray,2024-07-29 07:30:00,122.31157684326172,489.2463073730469,695.844282798981
E.K. Chalki,PhotovoltaicArray,2024-07-29 07:45:00,132.6463623046875,530.58544921875,739.871869393151
E.K. Chalki,PhotovoltaicArray,2024-07-29 08:00:00,149.11395263671875,596.455810546875,773.2182071686169
E.K. Chalki,PhotovoltaicArray,2024-07-29 08:15:00,145.00131225585938,580.0052490234375,806.5645449440829
E.K. Chalki,PhotovoltaicArray,2024-07-29 08:30:00,124.43423461914062,497.7369384765625,839.9108827195487
E.K. Chalki,PhotovoltaicArray,2024-07-29 08:45:00,168.70526123046875,674.821044921875,873.2572204950146
E.K. Chalki,PhotovoltaicArray,2024-07-29 09:00:00,178.00914001464844,712.0365600585938,893.5776450769392
E.K. Chalki,PhotovoltaicArray,2024-07-29 09:15:00,171.89437866210938,687.5775146484375,913.8980696588638
E.K. Chalki,PhotovoltaicArray,2024-07-29 09:30:00,175.8046112060547,703.2184448242188,934.2184942407885
E.K. Chalki,PhotovoltaicArray,2024-07-29 09:45:00,169.56089782714844,678.2435913085938,954.5389188227131
E.K. Chalki,PhotovoltaicArray,2024-07-29 10:00:00,121.74073791503906,486.96295166015625,959.4887658362588
E.K. Chalki,PhotovoltaicArray,2024-07-29 10:15:00,164.13870239257812,656.5548095703125,964.4386128498045
E.K. Chalki,PhotovoltaicArray,2024-07-29 10:30:00,162.97360229492188,651.8944091796875,969.3884598633502
E.K. Chalki,PhotovoltaicArray,2024-07-29 10:45:00,190.6065673828125,762.42626953125,974.338306876896
E.K. Chalki,PhotovoltaicArray,2024-07-29 11:00:00,183.67474365234375,734.698974609375,963.6570580581921
E.K. Chalki,PhotovoltaicArray,2024-07-29 11:15:00,162.6550750732422,650.6203002929688,952.9758092394882
E.K. Chalki,PhotovoltaicArray,2024-07-29 11:30:00,150.8762969970703,603.5051879882812,942.2945604207841
E.K. Chalki,PhotovoltaicArray,2024-07-29 11:45:00,175.82875061035156,703.3150024414062,931.6133116020802
E.K. Chalki,PhotovoltaicArray,2024-07-29 12:00:00,172.91830444335938,691.6732177734375,906.0825217427391
E.K. Chalki,PhotovoltaicArray,2024-07-29 12:15:00,171.5300750732422,686.1203002929688,880.5517318833979
E.K. Chalki,PhotovoltaicArray,2024-07-29 12:30:00,156.91864013671875,627.674560546875,855.0209420240568
E.K. Chalki,PhotovoltaicArray,2024-07-29 12:45:00,132.56178283691406,530.2471313476562,830.532225220199
E.K. Chalki,PhotovoltaicArray,2024-07-29 13:00:00,111.07306671142578,444.2922668457031,792.757076958929
E.K. Chalki,PhotovoltaicArray,2024-07-29 13:15:00,132.8736572265625,531.49462890625,754.981928697659
E.K. Chalki,PhotovoltaicArray,2024-07-29 13:30:00,125.73529815673828,502.9411926269531,717.206780436389
E.K. Chalki,PhotovoltaicArray,2024-07-29 13:45:00,128.54063415527344,514.1625366210938,679.4316321751189
E.K. Chalki,PhotovoltaicArray,2024-07-29 14:00:00,117.60179138183594,470.40716552734375,632.53834467837
E.K. Chalki,PhotovoltaicArray,2024-07-29 14:15:00,95.4222183227539,381.6888732910156,585.6450571816208
E.K. Chalki,PhotovoltaicArray,2024-07-29 14:30:00,88.18571472167969,352.74285888671875,538.7517696848719
E.K. Chalki,PhotovoltaicArray,2024-07-29 14:45:00,77.62110137939453,310.4844055175781,491.8584821881229
E.K. Chalki,PhotovoltaicArray,2024-07-29 15:00:00,69.20320129394531,276.81280517578125,440.27586594169895
E.K. Chalki,PhotovoltaicArray,2024-07-29 15:15:00,51.36825942993164,205.47303771972656,388.6932496952751
E.K. Chalki,PhotovoltaicArray,2024-07-29 15:30:00,39.8686408996582,159.4745635986328,337.11063344885116
E.K. Chalki,PhotovoltaicArray,2024-07-29 15:45:00,32.68198013305664,130.72792053222656,285.5280172024273
E.K. Chalki,PhotovoltaicArray,2024-07-29 16:00:00,24.144739151000977,96.5789566040039,238.11369317793663
E.K. Chalki,PhotovoltaicArray,2024-07-29 16:15:00,14.63791561126709,58.55166244506836,190.69936915344593
E.K. Chalki,PhotovoltaicArray,2024-07-29 16:30:00,10.287849426269531,41.151397705078125,143.2850451289553
E.K. Chalki,PhotovoltaicArray,2024-07-29 16:45:00,5.444030284881592,21.776121139526367,95.87072110446464
E.K. Chalki,PhotovoltaicArray,2024-07-29 17:00:00,0.0,0.0,72.42407735609012
E.K. Chalki,PhotovoltaicArray,2024-07-29 17:15:00,0.0,0.0,48.977433607715625
E.K. Chalki,PhotovoltaicArray,2024-07-29 17:30:00,0.0,0.0,25.530789859341127
E.K. Chalki,PhotovoltaicArray,2024-07-29 17:45:00,0.0,0.0,2.0841461109666226
E.K. Chalki,PhotovoltaicArray,2024-07-29 18:00:00,0.0,0.0,1.5631095832249668
E.K. Chalki,PhotovoltaicArray,2024-07-29 18:15:00,0.0,0.0,1.0420730554833113
E.K. Chalki,PhotovoltaicArray,2024-07-29 18:30:00,0.0,0.0,0.5210365277416557
E.K. Chalki,PhotovoltaicArray,2024-07-29 18:45:00,0.0,0.0,0.0
E.K. Chalki,PhotovoltaicArray,2024-07-29 19:00:00,0.0,0.0,0.0
E.K. Chalki,PhotovoltaicArray,2024-07-29 19:15:00,0.0,0.0,0.0
E.K. Chalki,PhotovoltaicArray,2024-07-29 19:30:00,0.0,0.0,0.0
E.K. Chalki,PhotovoltaicArray,2024-07-29 19:45:00,0.0,0.0,0.0
E.K. Chalki,PhotovoltaicArray,2024-07-29 20:00:00,0.0,0.0,0.0
E.K. Chalki,PhotovoltaicArray,2024-07-29 20:15:00,0.0,0.0,0.0
E.K. Chalki,PhotovoltaicArray,2024-07-29 20:30:00,0.0,0.0,0.0
E.K. Chalki,PhotovoltaicArray,2024-07-29 20:45:00,0.0,0.0,0.0
E.K. Chalki,PhotovoltaicArray,2024-07-29 21:00:00,0.0,0.0,0.0
E.K. Chalki,PhotovoltaicArray,2024-07-29 21:15:00,0.0,0.0,0.0
E.K. Chalki,PhotovoltaicArray,2024-07-29 21:30:00,0.0,0.0,0.0
E.K. Chalki,PhotovoltaicArray,2024-07-29 21:45:00,0.0,0.0,0.0
E.K. Chalki,PhotovoltaicArray,2024-07-29 22:00:00,0.0,0.0,0.0
E.K. Chalki,PhotovoltaicArray,2024-07-29 22:15:00,0.0,0.0,0.0
E.K. Chalki,PhotovoltaicArray,2024-07-29 22:30:00,0.0,0.0,0.0
E.K. Chalki,PhotovoltaicArray,2024-07-29 22:45:00,0.0,0.0,0.0
E.K. Chalki,PhotovoltaicArray,2024-07-29 23:00:00,0.0,0.0,0.0
E.K. Chalki,PhotovoltaicArray,2024-07-29 23:15:00,0.0,0.0,0.0
E.K. Chalki,PhotovoltaicArray,2024-07-29 23:30:00,0.0,0.0,0.0
E.K. Chalki,PhotovoltaicArray,2024-07-29 23:45:00,0.0,0.0,0.0
E.K. Chalki,PhotovoltaicArray,2024-07-30 00:00:00,0.0,0.0,0.0
E.K. Chalki,PhotovoltaicArray,2024-07-30 00:15:00,0.0,0.0,0.0
E.K. Chalki,PhotovoltaicArray,2024-07-30 00:30:00,0.0,0.0,0.0
E.K. Chalki,PhotovoltaicArray,2024-07-30 00:45:00,0.0,0.0,0.0
E.K. Chalki,PhotovoltaicArray,2024-07-30 01:00:00,0.0,0.0,0.0
E.K. Chalki,PhotovoltaicArray,2024-07-30 01:15:00,0.0,0.0,0.0
E.K. Chalki,PhotovoltaicArray,2024-07-30 01:30:00,0.0,0.0,0.0
E.K. Chalki,PhotovoltaicArray,2024-07-30 01:45:00,0.0,0.0,0.0
E.K. Chalki,PhotovoltaicArray,2024-07-30 02:00:00,0.0,0.0,0.0
E.K. Chalki,PhotovoltaicArray,2024-07-30 02:15:00,0.0,0.0,0.0
E.K. Chalki,PhotovoltaicArray,2024-07-30 02:30:00,0.0,0.0,0.0
E.K. Chalki,PhotovoltaicArray,2024-07-30 02:45:00,0.0,0.0,0.0
E.K. Chalki,PhotovoltaicArray,2024-07-30 03:00:00,0.0,0.0,5.220651541981037
E.K. Chalki,PhotovoltaicArray,2024-07-30 03:15:00,0.0,0.0,10.441303083962074
E.K. Chalki,PhotovoltaicArray,2024-07-30 03:30:00,0.0,0.0,15.661954625943112
E.K. Chalki,PhotovoltaicArray,2024-07-30 03:45:00,2.0152394771575928,8.060957908630371,20.88260616792415
E.K. Chalki,PhotovoltaicArray,2024-07-30 04:00:00,5.137202739715576,20.548810958862305,57.166134384692356
E.K. Chalki,PhotovoltaicArray,2024-07-30 04:15:00,9.549745559692383,38.19898223876953,93.44966260146057
E.K. Chalki,PhotovoltaicArray,2024-07-30 04:30:00,13.506112098693848,54.02444839477539,129.73319081822876
E.K. Chalki,PhotovoltaicArray,2024-07-30 04:45:00,19.778257369995117,79.11302947998047,166.016719034997
E.K. Chalki,PhotovoltaicArray,2024-07-30 05:00:00,28.391637802124023,113.5665512084961,217.17910414641116
E.K. Chalki,PhotovoltaicArray,2024-07-30 05:15:00,41.98600387573242,167.9440155029297,268.34148925782534
E.K. Chalki,PhotovoltaicArray,2024-07-30 05:30:00,49.79724884033203,199.18899536132812,319.5038743692395
E.K. Chalki,PhotovoltaicArray,2024-07-30 05:45:00,65.99811553955078,263.9924621582031,370.66625948065365
E.K. Chalki,PhotovoltaicArray,2024-07-30 06:00:00,79.8565902709961,319.4263610839844,421.82864459206786
E.K. Chalki,PhotovoltaicArray,2024-07-30 06:15:00,84.34496307373047,337.3798522949219,472.991029703482
E.K. Chalki,PhotovoltaicArray,2024-07-30 06:30:00,101.9304428100586,407.7217712402344,524.1534148148961
E.K. Chalki,PhotovoltaicArray,2024-07-30 06:45:00,112.95648193359375,451.825927734375,575.3157999263103
E.K. Chalki,PhotovoltaicArray,2024-07-30 07:00:00,115.63727569580078,462.5491027832031,619.6913380331491
E.K. Chalki,PhotovoltaicArray,2024-07-30 07:15:00,128.00013732910156,512.0005493164062,664.066876139988
E.K. Chalki,PhotovoltaicArray,2024-07-30 07:30:00,122.2163314819336,488.8653259277344,708.4424142468267
E.K. Chalki,PhotovoltaicArray,2024-07-30 07:45:00,152.7170867919922,610.8683471679688,752.8179523536656
E.K. Chalki,PhotovoltaicArray,2024-07-30 08:00:00,149.511474609375,598.0458984375,786.7521873765423
E.K. Chalki,PhotovoltaicArray,2024-07-30 08:15:00,150.24000549316406,600.9600219726562,820.6864223994191
E.K. Chalki,PhotovoltaicArray,2024-07-30 08:30:00,161.181396484375,644.7255859375,854.6206574222958
E.K. Chalki,PhotovoltaicArray,2024-07-30 08:45:00,174.27586364746094,697.1034545898438,888.5548924451726
E.K. Chalki,PhotovoltaicArray,2024-07-30 09:00:00,181.5570068359375,726.22802734375,909.1764660359976
E.K. Chalki,PhotovoltaicArray,2024-07-30 09:15:00,178.92247009277344,715.6898803710938,929.7980396268227
E.K. Chalki,PhotovoltaicArray,2024-07-30 09:30:00,153.87881469726562,615.5152587890625,950.4196132176478
E.K. Chalki,PhotovoltaicArray,2024-07-30 09:45:00,198.2338104248047,792.9352416992188,971.041186808473
E.K. Chalki,PhotovoltaicArray,2024-07-30 10:00:00,164.1196746826172,656.4786987304688,976.5228709275531
E.K. Chalki,PhotovoltaicArray,2024-07-30 10:15:00,198.62745666503906,794.5098266601562,982.0045550466332
E.K. Chalki,PhotovoltaicArray,2024-07-30 10:30:00,176.2660675048828,705.0642700195312,987.4862391657132
E.K. Chalki,PhotovoltaicArray,2024-07-30 10:45:00,169.2559051513672,677.0236206054688,992.9679232847933
E.K. Chalki,PhotovoltaicArray,2024-07-30 11:00:00,178.4077606201172,713.6310424804688,982.0045550466332
E.K. Chalki,PhotovoltaicArray,2024-07-30 11:15:00,178.6103057861328,714.4412231445312,971.041186808473
E.K. Chalki,PhotovoltaicArray,2024-07-30 11:30:00,173.31790161132812,693.2716064453125,960.0778185703126
E.K. Chalki,PhotovoltaicArray,2024-07-30 11:45:00,169.7855682373047,679.1422729492188,949.1144503321525
E.K. Chalki,PhotovoltaicArray,2024-07-30 12:00:00,153.61318969726562,614.4527587890625,923.0111926222472
E.K. Chalki,PhotovoltaicArray,2024-07-30 12:15:00,116.94017028808594,467.76068115234375,896.9079349123423
E.K. Chalki,PhotovoltaicArray,2024-07-30 12:30:00,154.1176300048828,616.4705200195312,870.804677202437
E.K. Chalki,PhotovoltaicArray,2024-07-30 12:45:00,142.61233520507812,570.4493408203125,843.6572891841357
E.K. Chalki,PhotovoltaicArray,2024-07-30 13:00:00,115.57321166992188,462.2928466796875,805.024467773476
E.K. Chalki,PhotovoltaicArray,2024-07-30 13:15:00,136.22560119628906,544.9024047851562,766.3916463628162
E.K. Chalki,PhotovoltaicArray,2024-07-30 13:30:00,130.12698364257812,520.5079345703125,727.7588249521566
E.K. Chalki,PhotovoltaicArray,2024-07-30 13:45:00,122.37388610839844,489.49554443359375,689.126003541497
E.K. Chalki,PhotovoltaicArray,2024-07-30 14:00:00,117.31218719482422,469.2487487792969,641.3570419323705
E.K. Chalki,PhotovoltaicArray,2024-07-30 14:15:00,107.27700805664062,429.1080322265625,593.588080323244
E.K. Chalki,PhotovoltaicArray,2024-07-30 14:30:00,93.07498168945312,372.2999267578125,545.8191187141174
E.K. Chalki,PhotovoltaicArray,2024-07-30 14:45:00,72.61332702636719,290.45330810546875,498.05015710499094
E.K. Chalki,PhotovoltaicArray,2024-07-30 15:00:00,68.61456298828125,274.458251953125,445.58260910808156
E.K. Chalki,PhotovoltaicArray,2024-07-30 15:15:00,51.263084411621094,205.05233764648438,393.1150611111721
E.K. Chalki,PhotovoltaicArray,2024-07-30 15:30:00,46.798606872558594,187.19442749023438,340.64751311426267
E.K. Chalki,PhotovoltaicArray,2024-07-30 15:45:00,32.68198013305664,130.72792053222656,288.1799651173533
E.K. Chalki,PhotovoltaicArray,2024-07-30 16:00:00,24.65743064880371,98.62972259521484,240.14997093112774
E.K. Chalki,PhotovoltaicArray,2024-07-30 16:15:00,14.63791561126709,58.55166244506836,192.11997674490217
E.K. Chalki,PhotovoltaicArray,2024-07-30 16:30:00,10.166292190551758,40.66516876220703,144.08998255867664
E.K. Chalki,PhotovoltaicArray,2024-07-30 16:45:00,5.444030284881592,21.776121139526367,96.05998837245109
E.K. Chalki,PhotovoltaicArray,2024-07-30 17:00:00,0.0,0.0,72.56705643353642
E.K. Chalki,PhotovoltaicArray,2024-07-30 17:15:00,0.0,0.0,49.07412449462175
E.K. Chalki,PhotovoltaicArray,2024-07-30 17:30:00,0.0,0.0,25.581192555707084
E.K. Chalki,PhotovoltaicArray,2024-07-30 17:45:00,0.0,0.0,2.088260616792415
E.K. Chalki,PhotovoltaicArray,2024-07-30 18:00:00,0.0,0.0,1.5661954625943113
E.K. Chalki,PhotovoltaicArray,2024-07-30 18:15:00,0.0,0.0,1.0441303083962075
E.K. Chalki,PhotovoltaicArray,2024-07-30 18:30:00,0.0,0.0,0.5220651541981037
E.K. Chalki,PhotovoltaicArray,2024-07-30 18:45:00,0.0,0.0,0.0
E.K. Chalki,PhotovoltaicArray,2024-07-30 19:00:00,0.0,0.0,0.0
E.K. Chalki,PhotovoltaicArray,2024-07-30 19:15:00,0.0,0.0,0.0
E.K. Chalki,PhotovoltaicArray,2024-07-30 19:30:00,0.0,0.0,0.0
E.K. Chalki,PhotovoltaicArray,2024-07-30 19:45:00,0.0,0.0,0.0
E.K. Chalki,PhotovoltaicArray,2024-07-30 20:00:00,0.0,0.0,0.0
E.K. Chalki,PhotovoltaicArray,2024-07-30 20:15:00,0.0,0.0,0.0
E.K. Chalki,PhotovoltaicArray,2024-07-30 20:30:00,0.0,0.0,0.0
E.K. Chalki,PhotovoltaicArray,2024-07-30 20:45:00,0.0,0.0,0.0
E.K. Chalki,PhotovoltaicArray,2024-07-30 21:00:00,0.0,0.0,0.0
E.K. Chalki,PhotovoltaicArray,2024-07-30 21:15:00,0.0,0.0,0.0
E.K. Chalki,PhotovoltaicArray,2024-07-30 21:30:00,0.0,0.0,0.0
E.K. Chalki,PhotovoltaicArray,2024-07-30 21:45:00,0.0,0.0,0.0
E.K. Chalki,PhotovoltaicArray,2024-07-30 22:00:00,0.0,0.0,0.0
E.K. Chalki,PhotovoltaicArray,2024-07-30 22:15:00,0.0,0.0,0.0
E.K. Chalki,PhotovoltaicArray,2024-07-30 22:30:00,0.0,0.0,0.0
E.K. Chalki,PhotovoltaicArray,2024-07-30 22:45:00,0.0,0.0,0.0
E.K. Chalki,PhotovoltaicArray,2024-07-30 23:00:00,0.0,0.0,0.0
E.K. Chalki,PhotovoltaicArray,2024-07-30 23:15:00,0.0,0.0,0.0
E.K. Chalki,PhotovoltaicArray,2024-07-30 23:30:00,0.0,0.0,0.0
E.K. Chalki,PhotovoltaicArray,2024-07-30 23:45:00,0.0,0.0,0.0
E.K. Chalki,PhotovoltaicArray,2024-07-31 00:00:00,0.0,0.0,0.0
E.K. Chalki,PhotovoltaicArray,2024-07-31 00:15:00,0.0,0.0,0.0
E.K. Chalki,PhotovoltaicArray,2024-07-31 00:30:00,0.0,0.0,0.0
E.K. Chalki,PhotovoltaicArray,2024-07-31 00:45:00,0.0,0.0,0.0
E.K. Chalki,PhotovoltaicArray,2024-07-31 01:00:00,0.0,0.0,0.0
E.K. Chalki,PhotovoltaicArray,2024-07-31 01:15:00,0.0,0.0,0.0
E.K. Chalki,PhotovoltaicArray,2024-07-31 01:30:00,0.0,0.0,0.0
E.K. Chalki,PhotovoltaicArray,2024-07-31 01:45:00,0.0,0.0,0.0
E.K. Chalki,PhotovoltaicArray,2024-07-31 02:00:00,0.0,0.0,0.0
E.K. Chalki,PhotovoltaicArray,2024-07-31 02:15:00,0.0,0.0,0.0
E.K. Chalki,PhotovoltaicArray,2024-07-31 02:30:00,0.0,0.0,0.0
E.K. Chalki,PhotovoltaicArray,2024-07-31 02:45:00,0.0,0.0,0.0
E.K. Chalki,PhotovoltaicArray,2024-07-31 03:00:00,0.0,0.0,4.708068979934339
E.K. Chalki,PhotovoltaicArray,2024-07-31 03:15:00,0.0,0.0,9.416137959868678
E.K. Chalki,PhotovoltaicArray,2024-07-31 03:30:00,0.0,0.0,14.124206939803017
E.K. Chalki,PhotovoltaicArray,2024-07-31 03:45:00,2.0152394771575928,8.060957908630371,18.832275919737356
E.K. Chalki,PhotovoltaicArray,2024-07-31 04:00:00,4.814034461975098,19.25613784790039,54.66591204479316
E.K. Chalki,PhotovoltaicArray,2024-07-31 04:15:00,9.394793510437012,37.57917404174805,90.49954816984896
E.K. Chalki,PhotovoltaicArray,2024-07-31 04:30:00,13.506112098693848,54.02444839477539,126.33318429490477
E.K. Chalki,PhotovoltaicArray,2024-07-31 04:45:00,19.778257369995117,79.11302947998047,162.16682041996057
E.K. Chalki,PhotovoltaicArray,2024-07-31 05:00:00,29.481897354125977,117.9275894165039,212.90934164814178
E.K. Chalki,PhotovoltaicArray,2024-07-31 05:15:00,38.48359298706055,153.9343719482422,263.651862876323
E.K. Chalki,PhotovoltaicArray,2024-07-31 05:30:00,50.22341537475586,200.89366149902344,314.3943841045042
E.K. Chalki,PhotovoltaicArray,2024-07-31 05:45:00,65.43598937988281,261.74395751953125,365.1369053326854
E.K. Chalki,PhotovoltaicArray,2024-07-31 06:00:00,78.99588775634766,315.9835510253906,416.4025453364149
E.K. Chalki,PhotovoltaicArray,2024-07-31 06:15:00,83.4162826538086,333.6651306152344,467.66818534014436
E.K. Chalki,PhotovoltaicArray,2024-07-31 06:30:00,99.93440246582031,399.73760986328125,518.9338253438738
E.K. Chalki,PhotovoltaicArray,2024-07-31 06:45:00,110.86641693115234,443.4656677246094,569.1532277965068
E.K. Chalki,PhotovoltaicArray,2024-07-31 07:00:00,114.71004486083984,458.8401794433594,613.8798831058831
E.K. Chalki,PhotovoltaicArray,2024-07-31 07:15:00,126.46257019042969,505.85028076171875,658.6065384152591
E.K. Chalki,PhotovoltaicArray,2024-07-31 07:30:00,119.22911071777344,476.91644287109375,703.3331937246355
E.K. Chalki,PhotovoltaicArray,2024-07-31 07:45:00,139.20472717285156,556.8189086914062,748.0598490340117
E.K. Chalki,PhotovoltaicArray,2024-07-31 08:00:00,149.77215576171875,599.088623046875,781.8010100568745
E.K. Chalki,PhotovoltaicArray,2024-07-31 08:15:00,149.1536865234375,596.61474609375,815.5421710797373
E.K. Chalki,PhotovoltaicArray,2024-07-31 08:30:00,153.8434600830078,615.3738403320312,849.2833321026
E.K. Chalki,PhotovoltaicArray,2024-07-31 08:45:00,178.3679656982422,713.4718627929688,883.0244931254628
E.K. Chalki,PhotovoltaicArray,2024-07-31 09:00:00,178.1359405517578,712.5437622070312,903.1645659840708
E.K. Chalki,PhotovoltaicArray,2024-07-31 09:15:00,173.2476348876953,692.9905395507812,923.3046388426787
E.K. Chalki,PhotovoltaicArray,2024-07-31 09:30:00,175.52743530273438,702.1097412109375,943.4447117012867
E.K. Chalki,PhotovoltaicArray,2024-07-31 09:45:00,176.2188720703125,704.87548828125,963.5847845598947
E.K. Chalki,PhotovoltaicArray,2024-07-31 10:00:00,168.6414031982422,674.5656127929688,968.292853539829
E.K. Chalki,PhotovoltaicArray,2024-07-31 10:15:00,183.04627990722656,732.1851196289062,973.0009225197634
E.K. Chalki,PhotovoltaicArray,2024-07-31 10:30:00,179.5118865966797,718.0475463867188,977.7089914996977
E.K. Chalki,PhotovoltaicArray,2024-07-31 10:45:00,196.00697326660156,784.0278930664062,982.4170604796321
E.K. Chalki,PhotovoltaicArray,2024-07-31 11:00:00,188.31016540527344,753.2406616210938,971.4315661931187
E.K. Chalki,PhotovoltaicArray,2024-07-31 11:15:00,162.39596557617188,649.5838623046875,960.4460719066052
E.K. Chalki,PhotovoltaicArray,2024-07-31 11:30:00,175.25038146972656,701.0015258789062,949.4605776200916
E.K. Chalki,PhotovoltaicArray,2024-07-31 11:45:00,167.59022521972656,670.3609008789062,938.4750833335781
E.K. Chalki,PhotovoltaicArray,2024-07-31 12:00:00,165.81459045410156,663.2583618164062,912.3191445561652
E.K. Chalki,PhotovoltaicArray,2024-07-31 12:15:00,162.79998779296875,651.199951171875,886.1632057787523
E.K. Chalki,PhotovoltaicArray,2024-07-31 12:30:00,136.17654418945312,544.7061767578125,860.0072670013393
E.K. Chalki,PhotovoltaicArray,2024-07-31 12:45:00,131.20999145507812,524.8399658203125,833.8513282239263
E.K. Chalki,PhotovoltaicArray,2024-07-31 13:00:00,123.09688568115234,492.3875427246094,795.6636576089033
E.K. Chalki,PhotovoltaicArray,2024-07-31 13:15:00,132.11105346679688,528.4442138671875,757.4759869938803
E.K. Chalki,PhotovoltaicArray,2024-07-31 13:30:00,104.0023422241211,416.0093688964844,719.2883163788574
E.K. Chalki,PhotovoltaicArray,2024-07-31 13:45:00,128.34657287597656,513.3862915039062,681.1006457638343
E.K. Chalki,PhotovoltaicArray,2024-07-31 14:00:00,119.6438217163086,478.5752868652344,633.2352778011686
E.K. Chalki,PhotovoltaicArray,2024-07-31 14:15:00,95.4222183227539,381.6888732910156,585.3699098385028
E.K. Chalki,PhotovoltaicArray,2024-07-31 14:30:00,90.45023345947266,361.8009338378906,537.504541875837
E.K. Chalki,PhotovoltaicArray,2024-07-31 14:45:00,76.62969970703125,306.518798828125,489.63917391317136
E.K. Chalki,PhotovoltaicArray,2024-07-31 15:00:00,66.3548355102539,265.4193420410156,437.85041513389365
E.K. Chalki,PhotovoltaicArray,2024-07-31 15:15:00,51.36825942993164,205.47303771972656,386.06165635461576
E.K. Chalki,PhotovoltaicArray,2024-07-31 15:30:00,43.9850959777832,175.9403839111328,334.27289757533805
E.K. Chalki,PhotovoltaicArray,2024-07-31 15:45:00,34.71063995361328,138.84255981445312,282.48413879606034
E.K. Chalki,PhotovoltaicArray,2024-07-31 16:00:00,24.350561141967773,97.4022445678711,234.8803302211687
E.K. Chalki,PhotovoltaicArray,2024-07-31 16:15:00,14.581865310668945,58.32746124267578,187.27652164627705
E.K. Chalki,PhotovoltaicArray,2024-07-31 16:30:00,10.287849426269531,41.151397705078125,139.67271307138537
E.K. Chalki,PhotovoltaicArray,2024-07-31 16:45:00,5.378373622894287,21.51349449157715,92.06890449649374
E.K. Chalki,PhotovoltaicArray,2024-07-31 17:00:00,0.0,0.0,69.57479714791856
E.K. Chalki,PhotovoltaicArray,2024-07-31 17:15:00,0.0,0.0,47.080689799343396
E.K. Chalki,PhotovoltaicArray,2024-07-31 17:30:00,0.0,0.0,24.586582450768216
E.K. Chalki,PhotovoltaicArray,2024-07-31 17:45:00,0.0,0.0,2.0924751021930397
E.K. Chalki,PhotovoltaicArray,2024-07-31 18:00:00,0.0,0.0,1.5693563266447796
E.K. Chalki,PhotovoltaicArray,2024-07-31 18:15:00,0.0,0.0,1.0462375510965198
E.K. Chalki,PhotovoltaicArray,2024-07-31 18:30:00,0.0,0.0,0.5231187755482599
E.K. Chalki,PhotovoltaicArray,2024-07-31 18:45:00,0.0,0.0,0.0
E.K. Chalki,PhotovoltaicArray,2024-07-31 19:00:00,0.0,0.0,0.0
E.K. Chalki,PhotovoltaicArray,2024-07-31 19:15:00,0.0,0.0,0.0
E.K. Chalki,PhotovoltaicArray,2024-07-31 19:30:00,0.0,0.0,0.0
E.K. Chalki,PhotovoltaicArray,2024-07-31 19:45:00,0.0,0.0,0.0
E.K. Chalki,PhotovoltaicArray,2024-07-31 20:00:00,0.0,0.0,0.0
E.K. Chalki,PhotovoltaicArray,2024-07-31 20:15:00,0.0,0.0,0.0
E.K. Chalki,PhotovoltaicArray,2024-07-31 20:30:00,0.0,0.0,0.0
E.K. Chalki,PhotovoltaicArray,2024-07-31 20:45:00,0.0,0.0,0.0
E.K. Chalki,PhotovoltaicArray,2024-07-31 21:00:00,0.0,0.0,0.0
E.K. Chalki,PhotovoltaicArray,2024-07-31 21:15:00,0.0,0.0,0.0
E.K. Chalki,PhotovoltaicArray,2024-07-31 21:30:00,0.0,0.0,0.0
E.K. Chalki,PhotovoltaicArray,2024-07-31 21:45:00,0.0,0.0,0.0
E.K. Chalki,PhotovoltaicArray,2024-07-31 22:00:00,0.0,0.0,0.0
E.K. Chalki,PhotovoltaicArray,2024-07-31 22:15:00,0.0,0.0,0.0
E.K. Chalki,PhotovoltaicArray,2024-07-31 22:30:00,0.0,0.0,0.0
E.K. Chalki,PhotovoltaicArray,2024-07-31 22:45:00,0.0,0.0,0.0
E.K. Chalki,PhotovoltaicArray,2024-07-31 23:00:00,0.0,0.0,0.0
E.K. Chalki,PhotovoltaicArray,2024-07-31 23:15:00,0.0,0.0,0.0
E.K. Chalki,PhotovoltaicArray,2024-07-31 23:30:00,0.0,0.0,0.0
E.K. Chalki,PhotovoltaicArray,2024-07-31 23:45:00,0.0,0.0,0.0
E.K. Chalki,PhotovoltaicArray,2024-08-01 00:00:00,0.0,0.0,0.0
E.K. Chalki,PhotovoltaicArray,2024-08-01 00:15:00,0.0,0.0,0.0
E.K. Chalki,PhotovoltaicArray,2024-08-01 00:30:00,0.0,0.0,0.0
E.K. Chalki,PhotovoltaicArray,2024-08-01 00:45:00,0.0,0.0,0.0
E.K. Chalki,PhotovoltaicArray,2024-08-01 01:00:00,0.0,0.0,0.0
E.K. Chalki,PhotovoltaicArray,2024-08-01 01:15:00,0.0,0.0,0.0
E.K. Chalki,PhotovoltaicArray,2024-08-01 01:30:00,0.0,0.0,0.0
E.K. Chalki,PhotovoltaicArray,2024-08-01 01:45:00,0.0,0.0,0.0
E.K. Chalki,PhotovoltaicArray,2024-08-01 02:00:00,0.0,0.0,0.0
E.K. Chalki,PhotovoltaicArray,2024-08-01 02:15:00,0.0,0.0,0.0
E.K. Chalki,PhotovoltaicArray,2024-08-01 02:30:00,0.0,0.0,0.0
E.K. Chalki,PhotovoltaicArray,2024-08-01 02:45:00,0.0,0.0,0.0
E.K. Chalki,PhotovoltaicArray,2024-08-01 03:00:00,0.0,0.0,4.455677304441803
E.K. Chalki,PhotovoltaicArray,2024-08-01 03:15:00,0.0,0.0,8.911354608883606
E.K. Chalki,PhotovoltaicArray,2024-08-01 03:30:00,0.0,0.0,13.36703191332541
E.K. Chalki,PhotovoltaicArray,2024-08-01 03:45:00,2.0152394771575928,8.060957908630371,17.822709217767212
E.K. Chalki,PhotovoltaicArray,2024-08-01 04:00:00,4.814034461975098,19.25613784790039,53.46812765330164
E.K. Chalki,PhotovoltaicArray,2024-08-01 04:15:00,10.784640312194824,43.1385612487793,89.11354608883605
E.K. Chalki,PhotovoltaicArray,2024-08-01 04:30:00,13.506112098693848,54.02444839477539,124.7589645243705
E.K. Chalki,PhotovoltaicArray,2024-08-01 04:45:00,19.778257369995117,79.11302947998047,160.40438295990492
E.K. Chalki,PhotovoltaicArray,2024-08-01 05:00:00,29.481897354125977,117.9275894165039,211.51362262850208
E.K. Chalki,PhotovoltaicArray,2024-08-01 05:15:00,38.48359298706055,153.9343719482422,262.62286229709923
E.K. Chalki,PhotovoltaicArray,2024-08-01 05:30:00,50.22341537475586,200.89366149902344,313.73210196569636
E.K. Chalki,PhotovoltaicArray,2024-08-01 05:45:00,67.35332489013672,269.4132995605469,364.8413416342935
E.K. Chalki,PhotovoltaicArray,2024-08-01 06:00:00,78.99588775634766,315.9835510253906,415.9505813028906
E.K. Chalki,PhotovoltaicArray,2024-08-01 06:15:00,84.06391143798828,336.2556457519531,467.05982097148774
E.K. Chalki,PhotovoltaicArray,2024-08-01 06:30:00,101.04374694824219,404.17498779296875,518.1690606400849
E.K. Chalki,PhotovoltaicArray,2024-08-01 06:45:00,110.86641693115234,443.4656677246094,569.2783003086821
E.K. Chalki,PhotovoltaicArray,2024-08-01 07:00:00,113.16551208496094,452.66204833984375,614.0971720180672
E.K. Chalki,PhotovoltaicArray,2024-08-01 07:15:00,120.4539566040039,481.8158264160156,658.9160437274525
E.K. Chalki,PhotovoltaicArray,2024-08-01 07:30:00,119.22180938720703,476.8872375488281,703.7349154368377
E.K. Chalki,PhotovoltaicArray,2024-08-01 07:45:00,141.01986694335938,564.0794677734375,748.5537871462229
E.K. Chalki,PhotovoltaicArray,2024-08-01 08:00:00,149.04550170898438,596.1820068359375,782.6266135919543
E.K. Chalki,PhotovoltaicArray,2024-08-01 08:15:00,155.51698303222656,622.0679321289062,816.6994400376856
E.K. Chalki,PhotovoltaicArray,2024-08-01 08:30:00,157.12120056152344,628.4848022460938,850.7722664834171
E.K. Chalki,PhotovoltaicArray,2024-08-01 08:45:00,178.3679656982422,713.4718627929688,884.8450929291484
E.K. Chalki,PhotovoltaicArray,2024-08-01 09:00:00,181.5570068359375,726.22802734375,905.2887887965873
E.K. Chalki,PhotovoltaicArray,2024-08-01 09:15:00,175.06454467773438,700.2581787109375,925.7324846640262
E.K. Chalki,PhotovoltaicArray,2024-08-01 09:30:00,171.53018188476562,686.1207275390625,946.176180531465
E.K. Chalki,PhotovoltaicArray,2024-08-01 09:45:00,175.724365234375,702.8974609375,966.6198763989039
E.K. Chalki,PhotovoltaicArray,2024-08-01 10:00:00,189.5753631591797,758.3014526367188,971.5997510332801
E.K. Chalki,PhotovoltaicArray,2024-08-01 10:15:00,188.02772521972656,752.1109008789062,976.5796256676562
E.K. Chalki,PhotovoltaicArray,2024-08-01 10:30:00,176.2660675048828,705.0642700195312,981.5595003020322
E.K. Chalki,PhotovoltaicArray,2024-08-01 10:45:00,200.0712432861328,800.2849731445312,986.5393749364084
E.K. Chalki,PhotovoltaicArray,2024-08-01 11:00:00,172.20770263671875,688.830810546875,975.7933296727547
E.K. Chalki,PhotovoltaicArray,2024-08-01 11:15:00,165.40367126464844,661.6146850585938,965.0472844091009
E.K. Chalki,PhotovoltaicArray,2024-08-01 11:30:00,173.31790161132812,693.2716064453125,954.3012391454472
E.K. Chalki,PhotovoltaicArray,2024-08-01 11:45:00,172.22755432128906,688.9102172851562,943.5551938817935
E.K. Chalki,PhotovoltaicArray,2024-08-01 12:00:00,158.15367126464844,632.6146850585938,917.8695247150113
E.K. Chalki,PhotovoltaicArray,2024-08-01 12:15:00,162.74720764160156,650.9888305664062,892.1838555482292
E.K. Chalki,PhotovoltaicArray,2024-08-01 12:30:00,140.12197875976562,560.4879150390625,866.498186381447
E.K. Chalki,PhotovoltaicArray,2024-08-01 12:45:00,143.8778076171875,575.51123046875,840.8125172146648
E.K. Chalki,PhotovoltaicArray,2024-08-01 13:00:00,127.76731872558594,511.06927490234375,802.2840134644915
E.K. Chalki,PhotovoltaicArray,2024-08-01 13:15:00,135.09693908691406,540.3877563476562,763.7555097143184
E.K. Chalki,PhotovoltaicArray,2024-08-01 13:30:00,129.16018676757812,516.6407470703125,725.2270059641451
E.K. Chalki,PhotovoltaicArray,2024-08-01 13:45:00,120.03138732910156,480.12554931640625,686.6985022139719
E.K. Chalki,PhotovoltaicArray,2024-08-01 14:00:00,117.31218719482422,469.2487487792969,638.7344465249807
E.K. Chalki,PhotovoltaicArray,2024-08-01 14:15:00,105.96428680419922,423.8571472167969,590.7703908359895
E.K. Chalki,PhotovoltaicArray,2024-08-01 14:30:00,93.07498168945312,372.2999267578125,542.8063351469984
E.K. Chalki,PhotovoltaicArray,2024-08-01 14:45:00,77.62110137939453,310.4844055175781,494.8422794580072
E.K. Chalki,PhotovoltaicArray,2024-08-01 15:00:00,66.3548355102539,265.4193420410156,442.160447799607
E.K. Chalki,PhotovoltaicArray,2024-08-01 15:15:00,50.62910842895508,202.5164337158203,389.47861614120694
E.K. Chalki,PhotovoltaicArray,2024-08-01 15:30:00,46.01626205444336,184.06504821777344,336.7967844828068
E.K. Chalki,PhotovoltaicArray,2024-08-01 15:45:00,34.71063995361328,138.84255981445312,284.1149528244067
E.K. Chalki,PhotovoltaicArray,2024-08-01 16:00:00,24.350561141967773,97.4022445678711,235.88879847044836
E.K. Chalki,PhotovoltaicArray,2024-08-01 16:15:00,16.89999008178711,67.59996032714844,187.66264411649001
E.K. Chalki,PhotovoltaicArray,2024-08-01 16:30:00,9.430551528930664,37.722206115722656,139.4364897625317
E.K. Chalki,PhotovoltaicArray,2024-08-01 16:45:00,5.378373622894287,21.51349449157715,91.21033540857337
E.K. Chalki,PhotovoltaicArray,2024-08-01 17:00:00,0.0,0.0,68.93194888636437
E.K. Chalki,PhotovoltaicArray,2024-08-01 17:15:00,0.0,0.0,46.65356236415535
E.K. Chalki,PhotovoltaicArray,2024-08-01 17:30:00,0.0,0.0,24.375175841946334
E.K. Chalki,PhotovoltaicArray,2024-08-01 17:45:00,0.0,0.0,2.0967893197373186
E.K. Chalki,PhotovoltaicArray,2024-08-01 18:00:00,0.0,0.0,1.572591989802989
E.K. Chalki,PhotovoltaicArray,2024-08-01 18:15:00,0.0,0.0,1.0483946598686593
E.K. Chalki,PhotovoltaicArray,2024-08-01 18:30:00,0.0,0.0,0.5241973299343297
E.K. Chalki,PhotovoltaicArray,2024-08-01 18:45:00,0.0,0.0,0.0
E.K. Chalki,PhotovoltaicArray,2024-08-01 19:00:00,0.0,0.0,0.0
E.K. Chalki,PhotovoltaicArray,2024-08-01 19:15:00,0.0,0.0,0.0
E.K. Chalki,PhotovoltaicArray,2024-08-01 19:30:00,0.0,0.0,0.0
E.K. Chalki,PhotovoltaicArray,2024-08-01 19:45:00,0.0,0.0,0.0
E.K. Chalki,PhotovoltaicArray,2024-08-01 20:00:00,0.0,0.0,0.0
E.K. Chalki,PhotovoltaicArray,2024-08-01 20:15:00,0.0,0.0,0.0
E.K. Chalki,PhotovoltaicArray,2024-08-01 20:30:00,0.0,0.0,0.0
E.K. Chalki,PhotovoltaicArray,2024-08-01 20:45:00,0.0,0.0,0.0
E.K. Chalki,PhotovoltaicArray,2024-08-01 21:00:00,0.0,0.0,0.0
E.K. Chalki,PhotovoltaicArray,2024-08-01 21:15:00,0.0,0.0,0.0
E.K. Chalki,PhotovoltaicArray,2024-08-01 21:30:00,0.0,0.0,0.0
E.K. Chalki,PhotovoltaicArray,2024-08-01 21:45:00,0.0,0.0,0.0
E.K. Chalki,PhotovoltaicArray,2024-08-01 22:00:00,0.0,0.0,0.0
E.K. Chalki,PhotovoltaicArray,2024-08-01 22:15:00,0.0,0.0,0.0
E.K. Chalki,PhotovoltaicArray,2024-08-01 22:30:00,0.0,0.0,0.0
E.K. Chalki,PhotovoltaicArray,2024-08-01 22:45:00,0.0,0.0,0.0
E.K. Chalki,PhotovoltaicArray,2024-08-01 23:00:00,0.0,0.0,0.0
E.K. Chalki,PhotovoltaicArray,2024-08-01 23:15:00,0.0,0.0,0.0
E.K. Chalki,PhotovoltaicArray,2024-08-01 23:30:00,0.0,0.0,0.0
E.K. Chalki,PhotovoltaicArray,2024-08-01 23:45:00,0.0,0.0,0.0
E.K. Chalki,PhotovoltaicArray,2024-08-02 00:00:00,0.0,0.0,0.0
E.K. Chalki,PhotovoltaicArray,2024-08-02 00:15:00,0.0,0.0,0.0
E.K. Chalki,PhotovoltaicArray,2024-08-02 00:30:00,0.0,0.0,0.0
E.K. Chalki,PhotovoltaicArray,2024-08-02 00:45:00,0.0,0.0,0.0
E.K. Chalki,PhotovoltaicArray,2024-08-02 01:00:00,0.0,0.0,0.0
E.K. Chalki,PhotovoltaicArray,2024-08-02 01:15:00,0.0,0.0,0.0
E.K. Chalki,PhotovoltaicArray,2024-08-02 01:30:00,0.0,0.0,0.0
E.K. Chalki,PhotovoltaicArray,2024-08-02 01:45:00,0.0,0.0,0.0
E.K. Chalki,PhotovoltaicArray,2024-08-02 02:00:00,0.0,0.0,0.0
E.K. Chalki,PhotovoltaicArray,2024-08-02 02:15:00,0.0,0.0,0.0
E.K. Chalki,PhotovoltaicArray,2024-08-02 02:30:00,0.0,0.0,0.0
E.K. Chalki,PhotovoltaicArray,2024-08-02 02:45:00,0.0,0.0,0.0
E.K. Chalki,PhotovoltaicArray,2024-08-02 03:00:00,0.0,0.0,4.465056434782084
E.K. Chalki,PhotovoltaicArray,2024-08-02 03:15:00,0.0,0.0,8.930112869564168
E.K. Chalki,PhotovoltaicArray,2024-08-02 03:30:00,0.0,0.0,13.395169304346252
E.K. Chalki,PhotovoltaicArray,2024-08-02 03:45:00,2.0152394771575928,8.060957908630371,17.860225739128335
E.K. Chalki,PhotovoltaicArray,2024-08-02 04:00:00,4.814034461975098,19.25613784790039,52.53007570331862
E.K. Chalki,PhotovoltaicArray,2024-08-02 04:15:00,10.588480949401855,42.35392379760742,87.19992566750892
E.K. Chalki,PhotovoltaicArray,2024-08-02 04:30:00,13.591090202331543,54.36436080932617,121.8697756316992
E.K. Chalki,PhotovoltaicArray,2024-08-02 04:45:00,16.07331657409668,64.29326629638672,156.5396255958895
E.K. Chalki,PhotovoltaicArray,2024-08-02 05:00:00,29.880950927734375,119.5238037109375,207.23114864959194
E.K. Chalki,PhotovoltaicArray,2024-08-02 05:15:00,38.48490524291992,153.9396209716797,257.92267170329444
E.K. Chalki,PhotovoltaicArray,2024-08-02 05:30:00,49.90520477294922,199.62081909179688,308.614194756997
E.K. Chalki,PhotovoltaicArray,2024-08-02 05:45:00,64.2659683227539,257.0638732910156,359.30571781069943
E.K. Chalki,PhotovoltaicArray,2024-08-02 06:00:00,78.3075942993164,313.2303771972656,410.25989124291846
E.K. Chalki,PhotovoltaicArray,2024-08-02 06:15:00,81.85973358154297,327.4389343261719,461.2140646751375
E.K. Chalki,PhotovoltaicArray,2024-08-02 06:30:00,98.9697494506836,395.8789978027344,512.1682381073566
E.K. Chalki,PhotovoltaicArray,2024-08-02 06:45:00,109.7802734375,439.12109375,563.1224115395756
E.K. Chalki,PhotovoltaicArray,2024-08-02 07:00:00,109.000244140625,436.0009765625,608.035626265913
E.K. Chalki,PhotovoltaicArray,2024-08-02 07:15:00,117.79340362548828,471.1736145019531,652.9488409922504
E.K. Chalki,PhotovoltaicArray,2024-08-02 07:30:00,123.60385131835938,494.4154052734375,697.8620557185878
E.K. Chalki,PhotovoltaicArray,2024-08-02 07:45:00,138.78131103515625,555.125244140625,742.7752704449254
E.K. Chalki,PhotovoltaicArray,2024-08-02 08:00:00,150.96250915527344,603.8500366210938,776.9198196520823
E.K. Chalki,PhotovoltaicArray,2024-08-02 08:15:00,155.21719360351562,620.8687744140625,811.0643688592395
E.K. Chalki,PhotovoltaicArray,2024-08-02 08:30:00,152.24957275390625,608.998291015625,845.2089180663966
E.K. Chalki,PhotovoltaicArray,2024-08-02 08:45:00,175.9180145263672,703.6720581054688,879.3534672735537
E.K. Chalki,PhotovoltaicArray,2024-08-02 09:00:00,176.19354248046875,704.774169921875,899.840196797848
E.K. Chalki,PhotovoltaicArray,2024-08-02 09:15:00,171.33534240722656,685.3413696289062,920.3269263221423
E.K. Chalki,PhotovoltaicArray,2024-08-02 09:30:00,175.52743530273438,702.1097412109375,940.8136558464363
E.K. Chalki,PhotovoltaicArray,2024-08-02 09:45:00,176.2188720703125,704.87548828125,961.3003853707306
E.K. Chalki,PhotovoltaicArray,2024-08-02 10:00:00,168.6414031982422,674.5656127929688,966.0280921840293
E.K. Chalki,PhotovoltaicArray,2024-08-02 10:15:00,183.04627990722656,732.1851196289062,970.755798997328
E.K. Chalki,PhotovoltaicArray,2024-08-02 10:30:00,179.5118865966797,718.0475463867188,975.4835058106269
E.K. Chalki,PhotovoltaicArray,2024-08-02 10:45:00,196.00697326660156,784.0278930664062,980.2112126239255
E.K. Chalki,PhotovoltaicArray,2024-08-02 11:00:00,188.31016540527344,753.2406616210938,969.4425471047451
E.K. Chalki,PhotovoltaicArray,2024-08-02 11:15:00,179.74871826171875,718.994873046875,958.6738815855649
E.K. Chalki,PhotovoltaicArray,2024-08-02 11:30:00,175.25038146972656,701.0015258789062,947.9052160663846
E.K. Chalki,PhotovoltaicArray,2024-08-02 11:45:00,165.8052520751953,663.2210083007812,937.1365505472043
E.K. Chalki,PhotovoltaicArray,2024-08-02 12:00:00,126.38397979736328,505.5359191894531,911.396813452578
E.K. Chalki,PhotovoltaicArray,2024-08-02 12:15:00,164.0243377685547,656.0973510742188,885.657076357952
E.K. Chalki,PhotovoltaicArray,2024-08-02 12:30:00,150.5760955810547,602.3043823242188,859.9173392633257
E.K. Chalki,PhotovoltaicArray,2024-08-02 12:45:00,133.97225952148438,535.8890380859375,835.2282036827661
E.K. Chalki,PhotovoltaicArray,2024-08-02 13:00:00,127.65241241455078,510.6096496582031,796.6185980408269
E.K. Chalki,PhotovoltaicArray,2024-08-02 13:15:00,132.11105346679688,528.4442138671875,758.0089923988877
E.K. Chalki,PhotovoltaicArray,2024-08-02 13:30:00,104.0023422241211,416.0093688964844,719.3993867569486
E.K. Chalki,PhotovoltaicArray,2024-08-02 13:45:00,124.06892395019531,496.27569580078125,680.7897811150094
E.K. Chalki,PhotovoltaicArray,2024-08-02 14:00:00,119.6438217163086,478.5752868652344,632.9874122249894
E.K. Chalki,PhotovoltaicArray,2024-08-02 14:15:00,95.22693634033203,380.9077453613281,585.1850433349695
E.K. Chalki,PhotovoltaicArray,2024-08-02 14:30:00,87.71703338623047,350.8681335449219,537.3826744449494
E.K. Chalki,PhotovoltaicArray,2024-08-02 14:45:00,76.62969970703125,306.518798828125,489.58030555492945
E.K. Chalki,PhotovoltaicArray,2024-08-02 15:00:00,66.3548355102539,265.4193420410156,437.31288023012746
E.K. Chalki,PhotovoltaicArray,2024-08-02 15:15:00,50.16608428955078,200.66433715820312,385.0454549053255
E.K. Chalki,PhotovoltaicArray,2024-08-02 15:30:00,43.9850959777832,175.9403839111328,332.7780295805235
E.K. Chalki,PhotovoltaicArray,2024-08-02 15:45:00,29.502077102661133,118.00830841064453,280.5106042557215
E.K. Chalki,PhotovoltaicArray,2024-08-02 16:00:00,24.350561141967773,97.4022445678711,232.70823536570148
E.K. Chalki,PhotovoltaicArray,2024-08-02 16:15:00,16.377347946166992,65.50939178466797,184.90586647568153
E.K. Chalki,PhotovoltaicArray,2024-08-02 16:30:00,9.277456283569336,37.109825134277344,137.1034975856616
E.K. Chalki,PhotovoltaicArray,2024-08-02 16:45:00,5.223421573638916,20.893686294555664,89.30112869564165
E.K. Chalki,PhotovoltaicArray,2024-08-02 17:00:00,0.0,0.0,67.23849690024784
E.K. Chalki,PhotovoltaicArray,2024-08-02 17:15:00,0.0,0.0,45.17586510485401
E.K. Chalki,PhotovoltaicArray,2024-08-02 17:30:00,0.0,0.0,23.113233309460192
E.K. Chalki,PhotovoltaicArray,2024-08-02 17:45:00,0.0,0.0,1.0506015140663725
E.K. Chalki,PhotovoltaicArray,2024-08-02 18:00:00,0.0,0.0,0.7879511355497792
E.K. Chalki,PhotovoltaicArray,2024-08-02 18:15:00,0.0,0.0,0.5253007570331862
E.K. Chalki,PhotovoltaicArray,2024-08-02 18:30:00,0.0,0.0,0.2626503785165931
E.K. Chalki,PhotovoltaicArray,2024-08-02 18:45:00,0.0,0.0,0.0
E.K. Chalki,PhotovoltaicArray,2024-08-02 19:00:00,0.0,0.0,0.0
E.K. Chalki,PhotovoltaicArray,2024-08-02 19:15:00,0.0,0.0,0.0
E.K. Chalki,PhotovoltaicArray,2024-08-02 19:30:00,0.0,0.0,0.0
E.K. Chalki,PhotovoltaicArray,2024-08-02 19:45:00,0.0,0.0,0.0
E.K. Chalki,PhotovoltaicArray,2024-08-02 20:00:00,0.0,0.0,0.0
E.K. Chalki,PhotovoltaicArray,2024-08-02 20:15:00,0.0,0.0,0.0
E.K. Chalki,PhotovoltaicArray,2024-08-02 20:30:00,0.0,0.0,0.0
E.K. Chalki,PhotovoltaicArray,2024-08-02 20:45:00,0.0,0.0,0.0
E.K. Chalki,PhotovoltaicArray,2024-08-02 21:00:00,0.0,0.0,0.0
E.K. Chalki,PhotovoltaicArray,2024-08-02 21:15:00,0.0,0.0,0.0
E.K. Chalki,PhotovoltaicArray,2024-08-02 21:30:00,0.0,0.0,0.0
E.K. Chalki,PhotovoltaicArray,2024-08-02 21:45:00,0.0,0.0,0.0
E.K. Chalki,PhotovoltaicArray,2024-08-02 22:00:00,0.0,0.0,0.0
E.K. Chalki,PhotovoltaicArray,2024-08-02 22:15:00,0.0,0.0,0.0
E.K. Chalki,PhotovoltaicArray,2024-08-02 22:30:00,0.0,0.0,0.0
E.K. Chalki,PhotovoltaicArray,2024-08-02 22:45:00,0.0,0.0,0.0
E.K. Chalki,PhotovoltaicArray,2024-08-02 23:00:00,0.0,0.0,0.0
E.K. Chalki,PhotovoltaicArray,2024-08-02 23:15:00,0.0,0.0,0.0
E.K. Chalki,PhotovoltaicArray,2024-08-02 23:30:00,0.0,0.0,0.0
E.K. Chalki,PhotovoltaicArray,2024-08-02 23:45:00,0.0,0.0,0.0
E.K. Chalki,PhotovoltaicArray,2024-08-03 00:00:00,0.0,0.0,0.0
E.K. Chalki,PhotovoltaicArray,2024-08-03 00:15:00,0.0,0.0,0.0
E.K. Chalki,PhotovoltaicArray,2024-08-03 00:30:00,0.0,0.0,0.0
E.K. Chalki,PhotovoltaicArray,2024-08-03 00:45:00,0.0,0.0,0.0
E.K. Chalki,PhotovoltaicArray,2024-08-03 01:00:00,0.0,0.0,0.0
E.K. Chalki,PhotovoltaicArray,2024-08-03 01:15:00,0.0,0.0,0.0
E.K. Chalki,PhotovoltaicArray,2024-08-03 01:30:00,0.0,0.0,0.0
E.K. Chalki,PhotovoltaicArray,2024-08-03 01:45:00,0.0,0.0,0.0
E.K. Chalki,PhotovoltaicArray,2024-08-03 02:00:00,0.0,0.0,0.0
E.K. Chalki,PhotovoltaicArray,2024-08-03 02:15:00,0.0,0.0,0.0
E.K. Chalki,PhotovoltaicArray,2024-08-03 02:30:00,0.0,0.0,0.0
E.K. Chalki,PhotovoltaicArray,2024-08-03 02:45:00,0.0,0.0,0.0
E.K. Chalki,PhotovoltaicArray,2024-08-03 03:00:00,0.0,0.0,4.211431985497006
E.K. Chalki,PhotovoltaicArray,2024-08-03 03:15:00,0.0,0.0,8.422863970994012
E.K. Chalki,PhotovoltaicArray,2024-08-03 03:30:00,0.0,0.0,12.634295956491018
E.K. Chalki,PhotovoltaicArray,2024-08-03 03:45:00,2.0152394771575928,8.060957908630371,16.845727941988024
E.K. Chalki,PhotovoltaicArray,2024-08-03 04:00:00,4.814034461975098,19.25613784790039,52.37968531961901
E.K. Chalki,PhotovoltaicArray,2024-08-03 04:15:00,10.588480949401855,42.35392379760742,87.91364269725
E.K. Chalki,PhotovoltaicArray,2024-08-03 04:30:00,13.416842460632324,53.6673698425293,123.44760007488098
E.K. Chalki,PhotovoltaicArray,2024-08-03 04:45:00,16.638641357421875,66.5545654296875,158.98155745251196
E.K. Chalki,PhotovoltaicArray,2024-08-03 05:00:00,28.694887161254883,114.77954864501953,210.83481377394386
E.K. Chalki,PhotovoltaicArray,2024-08-03 05:15:00,38.48359298706055,153.9343719482422,262.6880700953758
E.K. Chalki,PhotovoltaicArray,2024-08-03 05:30:00,50.22341537475586,200.89366149902344,314.5413264168077
E.K. Chalki,PhotovoltaicArray,2024-08-03 05:45:00,67.35332489013672,269.4132995605469,366.39458273823954
E.K. Chalki,PhotovoltaicArray,2024-08-03 06:00:00,78.99588775634766,315.9835510253906,418.7742680578585
E.K. Chalki,PhotovoltaicArray,2024-08-03 06:15:00,88.11772155761719,352.47088623046875,471.15395337747754
E.K. Chalki,PhotovoltaicArray,2024-08-03 06:30:00,100.8826675415039,403.5306701660156,523.5336386970964
E.K. Chalki,PhotovoltaicArray,2024-08-03 06:45:00,111.73603057861328,446.9441223144531,576.9661820130898
E.K. Chalki,PhotovoltaicArray,2024-08-03 07:00:00,109.92747497558594,439.70989990234375,622.5022903562763
E.K. Chalki,PhotovoltaicArray,2024-08-03 07:15:00,130.3694610595703,521.4778442382812,668.0383986994625
E.K. Chalki,PhotovoltaicArray,2024-08-03 07:30:00,124.0626220703125,496.25048828125,713.574507042649
E.K. Chalki,PhotovoltaicArray,2024-08-03 07:45:00,155.13357543945312,620.5343017578125,759.1106153858353
E.K. Chalki,PhotovoltaicArray,2024-08-03 08:00:00,148.91049194335938,595.6419677734375,794.1181437652792
E.K. Chalki,PhotovoltaicArray,2024-08-03 08:15:00,152.9461212158203,611.7844848632812,829.125672144723
E.K. Chalki,PhotovoltaicArray,2024-08-03 08:30:00,161.02537536621094,644.1015014648438,864.1332005241669
E.K. Chalki,PhotovoltaicArray,2024-08-03 08:45:00,180.13421630859375,720.536865234375,899.1407289036107
E.K. Chalki,PhotovoltaicArray,2024-08-03 09:00:00,181.55206298828125,726.208251953125,919.9346743320023
E.K. Chalki,PhotovoltaicArray,2024-08-03 09:15:00,180.65386962890625,722.615478515625,940.7286197603937
E.K. Chalki,PhotovoltaicArray,2024-08-03 09:30:00,171.67062377929688,686.6824951171875,961.522565188785
E.K. Chalki,PhotovoltaicArray,2024-08-03 09:45:00,210.69842529296875,842.793701171875,982.3165106171766
E.K. Chalki,PhotovoltaicArray,2024-08-03 10:00:00,164.73114013671875,658.924560546875,987.5808005990478
E.K. Chalki,PhotovoltaicArray,2024-08-03 10:15:00,118.77986907958984,475.1194763183594,992.8450905809191
E.K. Chalki,PhotovoltaicArray,2024-08-03 10:30:00,154.70411682128906,618.8164672851562,998.1093805627903
E.K. Chalki,PhotovoltaicArray,2024-08-03 10:45:00,170.41432189941406,681.6572875976562,1003.3736705446616
E.K. Chalki,PhotovoltaicArray,2024-08-03 11:00:00,178.4077606201172,713.6310424804688,992.318661582732
E.K. Chalki,PhotovoltaicArray,2024-08-03 11:15:00,175.04058837890625,700.162353515625,981.2636526208023
E.K. Chalki,PhotovoltaicArray,2024-08-03 11:30:00,167.62327575683594,670.4931030273438,970.2086436588728
E.K. Chalki,PhotovoltaicArray,2024-08-03 11:45:00,148.04351806640625,592.174072265625,959.1536346969432
E.K. Chalki,PhotovoltaicArray,2024-08-03 12:00:00,158.46505737304688,633.8602294921875,932.5689702884932
E.K. Chalki,PhotovoltaicArray,2024-08-03 12:15:00,164.2364501953125,656.94580078125,905.9843058800434
E.K. Chalki,PhotovoltaicArray,2024-08-03 12:30:00,159.23692321777344,636.9476928710938,879.3996414715937
E.K. Chalki,PhotovoltaicArray,2024-08-03 12:45:00,150.97703552246094,603.9081420898438,853.8678350595178
E.K. Chalki,PhotovoltaicArray,2024-08-03 13:00:00,135.4273223876953,541.7092895507812,814.648874694577
E.K. Chalki,PhotovoltaicArray,2024-08-03 13:15:00,139.48863220214844,557.9545288085938,775.4299143296362
E.K. Chalki,PhotovoltaicArray,2024-08-03 13:30:00,133.98500061035156,535.9400024414062,736.2109539646954
E.K. Chalki,PhotovoltaicArray,2024-08-03 13:45:00,132.42015075683594,529.6806030273438,696.9919935997544
E.K. Chalki,PhotovoltaicArray,2024-08-03 14:00:00,117.32763671875,469.310546875,647.7708822692582
E.K. Chalki,PhotovoltaicArray,2024-08-03 14:15:00,106.4147720336914,425.6590881347656,598.5497709387619
E.K. Chalki,PhotovoltaicArray,2024-08-03 14:30:00,90.640869140625,362.5634765625,549.3286596082656
E.K. Chalki,PhotovoltaicArray,2024-08-03 14:45:00,70.14535522460938,280.5814208984375,500.10754827776947
E.K. Chalki,PhotovoltaicArray,2024-08-03 15:00:00,65.76619720458984,263.0647888183594,446.6750049617762
E.K. Chalki,PhotovoltaicArray,2024-08-03 15:15:00,50.523929595947266,202.09571838378906,393.24246164578295
E.K. Chalki,PhotovoltaicArray,2024-08-03 15:30:00,46.798606872558594,187.19442749023438,339.8099183297897
E.K. Chalki,PhotovoltaicArray,2024-08-03 15:45:00,30.129486083984375,120.5179443359375,286.37737501379644
E.K. Chalki,PhotovoltaicArray,2024-08-03 16:00:00,24.65743064880371,98.62972259521484,237.1562636833002
E.K. Chalki,PhotovoltaicArray,2024-08-03 16:15:00,16.89999008178711,67.59996032714844,187.93515235280393
E.K. Chalki,PhotovoltaicArray,2024-08-03 16:30:00,9.277456283569336,37.109825134277344,138.7140410223076
E.K. Chalki,PhotovoltaicArray,2024-08-03 16:45:00,5.174111366271973,20.69644546508789,89.49292969181137
E.K. Chalki,PhotovoltaicArray,2024-08-03 17:00:00,0.0,0.0,67.3829117679521
E.K. Chalki,PhotovoltaicArray,2024-08-03 17:15:00,0.0,0.0,45.27289384409281
E.K. Chalki,PhotovoltaicArray,2024-08-03 17:30:00,0.0,0.0,23.162875920233535
E.K. Chalki,PhotovoltaicArray,2024-08-03 17:45:00,0.0,0.0,1.0528579963742515
E.K. Chalki,PhotovoltaicArray,2024-08-03 18:00:00,0.0,0.0,0.7896434972806886
E.K. Chalki,PhotovoltaicArray,2024-08-03 18:15:00,0.0,0.0,0.5264289981871257
E.K. Chalki,PhotovoltaicArray,2024-08-03 18:30:00,0.0,0.0,0.26321449909356287
E.K. Chalki,PhotovoltaicArray,2024-08-03 18:45:00,0.0,0.0,0.0
E.K. Chalki,PhotovoltaicArray,2024-08-03 19:00:00,0.0,0.0,0.0
E.K. Chalki,PhotovoltaicArray,2024-08-03 19:15:00,0.0,0.0,0.0
E.K. Chalki,PhotovoltaicArray,2024-08-03 19:30:00,0.0,0.0,0.0
E.K. Chalki,PhotovoltaicArray,2024-08-03 19:45:00,0.0,0.0,0.0
E.K. Chalki,PhotovoltaicArray,2024-08-03 20:00:00,0.0,0.0,0.0
E.K. Chalki,PhotovoltaicArray,2024-08-03 20:15:00,0.0,0.0,0.0
E.K. Chalki,PhotovoltaicArray,2024-08-03 20:30:00,0.0,0.0,0.0
E.K. Chalki,PhotovoltaicArray,2024-08-03 20:45:00,0.0,0.0,0.0
E.K. Chalki,PhotovoltaicArray,2024-08-03 21:00:00,0.0,0.0,0.0
E.K. Chalki,PhotovoltaicArray,2024-08-03 21:15:00,0.0,0.0,0.0
E.K. Chalki,PhotovoltaicArray,2024-08-03 21:30:00,0.0,0.0,0.0
E.K. Chalki,PhotovoltaicArray,2024-08-03 21:45:00,0.0,0.0,0.0
E.K. Chalki,PhotovoltaicArray,2024-08-03 22:00:00,0.0,0.0,0.0
E.K. Chalki,PhotovoltaicArray,2024-08-03 22:15:00,0.0,0.0,0.0
E.K. Chalki,PhotovoltaicArray,2024-08-03 22:30:00,0.0,0.0,0.0
E.K. Chalki,PhotovoltaicArray,2024-08-03 22:45:00,0.0,0.0,0.0
E.K. Chalki,PhotovoltaicArray,2024-08-03 23:00:00,0.0,0.0,0.0
E.K. Chalki,PhotovoltaicArray,2024-08-03 23:15:00,0.0,0.0,0.0
E.K. Chalki,PhotovoltaicArray,2024-08-03 23:30:00,0.0,0.0,0.0
E.K. Chalki,PhotovoltaicArray,2024-08-03 23:45:00,0.0,0.0,0.0
E.K. Chalki,PhotovoltaicArray,2024-08-04 00:00:00,0.0,0.0,0.0
E.K. Chalki,PhotovoltaicArray,2024-08-04 00:15:00,0.0,0.0,0.0
E.K. Chalki,PhotovoltaicArray,2024-08-04 00:30:00,0.0,0.0,0.0
E.K. Chalki,PhotovoltaicArray,2024-08-04 00:45:00,0.0,0.0,0.0
E.K. Chalki,PhotovoltaicArray,2024-08-04 01:00:00,0.0,0.0,0.0
E.K. Chalki,PhotovoltaicArray,2024-08-04 01:15:00,0.0,0.0,0.0
E.K. Chalki,PhotovoltaicArray,2024-08-04 01:30:00,0.0,0.0,0.0
E.K. Chalki,PhotovoltaicArray,2024-08-04 01:45:00,0.0,0.0,0.0
E.K. Chalki,PhotovoltaicArray,2024-08-04 02:00:00,0.0,0.0,0.0
E.K. Chalki,PhotovoltaicArray,2024-08-04 02:15:00,0.0,0.0,0.0
E.K. Chalki,PhotovoltaicArray,2024-08-04 02:30:00,0.0,0.0,0.0
E.K. Chalki,PhotovoltaicArray,2024-08-04 02:45:00,0.0,0.0,0.0
E.K. Chalki,PhotovoltaicArray,2024-08-04 03:00:00,0.0,0.0,4.2206559722235655
E.K. Chalki,PhotovoltaicArray,2024-08-04 03:15:00,0.0,0.0,8.441311944447131
E.K. Chalki,PhotovoltaicArray,2024-08-04 03:30:00,0.0,0.0,12.661967916670697
E.K. Chalki,PhotovoltaicArray,2024-08-04 03:45:00,2.0012223720550537,8.004889488220215,16.882623888894262
E.K. Chalki,PhotovoltaicArray,2024-08-04 04:00:00,4.814034461975098,19.25613784790039,52.23061765626663
E.K. Chalki,PhotovoltaicArray,2024-08-04 04:15:00,10.588480949401855,42.35392379760742,87.578611423639
E.K. Chalki,PhotovoltaicArray,2024-08-04 04:30:00,13.416842460632324,53.6673698425293,122.92660519101138
E.K. Chalki,PhotovoltaicArray,2024-08-04 04:45:00,19.212932586669922,76.85173034667969,158.27459895838373
E.K. Chalki,PhotovoltaicArray,2024-08-04 05:00:00,29.880950927734375,119.5238037109375,210.24142561638635
E.K. Chalki,PhotovoltaicArray,2024-08-04 05:15:00,38.48359298706055,153.9343719482422,262.208252274389
E.K. Chalki,PhotovoltaicArray,2024-08-04 05:30:00,50.22341537475586,200.89366149902344,314.17507893239156
E.K. Chalki,PhotovoltaicArray,2024-08-04 05:45:00,65.43598937988281,261.74395751953125,366.14190559039423
E.K. Chalki,PhotovoltaicArray,2024-08-04 06:00:00,78.99588775634766,315.9835510253906,418.10873224839696
E.K. Chalki,PhotovoltaicArray,2024-08-04 06:15:00,85.19087219238281,340.76348876953125,470.07555890639964
E.K. Chalki,PhotovoltaicArray,2024-08-04 06:30:00,99.77332305908203,399.0932922363281,522.0423855644024
E.K. Chalki,PhotovoltaicArray,2024-08-04 06:45:00,112.17200469970703,448.6880187988281,581.3953601737961
E.K. Chalki,PhotovoltaicArray,2024-08-04 07:00:00,115.63727569580078,462.5491027832031,627.0312028734635
E.K. Chalki,PhotovoltaicArray,2024-08-04 07:15:00,131.31324768066406,525.2529907226562,672.6670455731307
E.K. Chalki,PhotovoltaicArray,2024-08-04 07:30:00,121.36629486083984,485.4651794433594,718.3028882727981
E.K. Chalki,PhotovoltaicArray,2024-08-04 07:45:00,159.89266967773438,639.5706787109375,763.9387309724654
E.K. Chalki,PhotovoltaicArray,2024-08-04 08:00:00,138.59579467773438,554.3831787109375,797.9677697485179
E.K. Chalki,PhotovoltaicArray,2024-08-04 08:15:00,156.1011505126953,624.4046020507812,831.9968085245704
E.K. Chalki,PhotovoltaicArray,2024-08-04 08:30:00,162.62786865234375,650.511474609375,866.0258473006228
E.K. Chalki,PhotovoltaicArray,2024-08-04 08:45:00,174.34291076660156,697.3716430664062,900.0548860766753
E.K. Chalki,PhotovoltaicArray,2024-08-04 09:00:00,136.492919921875,545.9716796875,920.1030019447373
E.K. Chalki,PhotovoltaicArray,2024-08-04 09:15:00,181.0600128173828,724.2400512695312,940.1511178127993
E.K. Chalki,PhotovoltaicArray,2024-08-04 09:30:00,170.9358673095703,683.7434692382812,960.1992336808612
E.K. Chalki,PhotovoltaicArray,2024-08-04 09:45:00,201.71505737304688,806.8602294921875,980.247349548923
E.K. Chalki,PhotovoltaicArray,2024-08-04 10:00:00,154.4188995361328,617.6755981445312,984.7317965194106
E.K. Chalki,PhotovoltaicArray,2024-08-04 10:15:00,163.26596069335938,653.0638427734375,989.2162434898981
E.K. Chalki,PhotovoltaicArray,2024-08-04 10:30:00,156.7239990234375,626.89599609375,993.7006904603855
E.K. Chalki,PhotovoltaicArray,2024-08-04 10:45:00,183.76869201660156,735.0747680664062,998.1851374308732
E.K. Chalki,PhotovoltaicArray,2024-08-04 11:00:00,178.63330078125,714.533203125,986.3145425089944
E.K. Chalki,PhotovoltaicArray,2024-08-04 11:15:00,178.6103057861328,714.4412231445312,974.4439475871158
E.K. Chalki,PhotovoltaicArray,2024-08-04 11:30:00,156.24786376953125,624.991455078125,962.5733526652369
E.K. Chalki,PhotovoltaicArray,2024-08-04 11:45:00,171.82931518554688,687.3172607421875,950.7027577433581
E.K. Chalki,PhotovoltaicArray,2024-08-04 12:00:00,160.58840942382812,642.3536376953125,923.7960759204329
E.K. Chalki,PhotovoltaicArray,2024-08-04 12:15:00,167.16624450683594,668.6649780273438,896.8893940975076
E.K. Chalki,PhotovoltaicArray,2024-08-04 12:30:00,154.1176300048828,616.4705200195312,869.9827122745825
E.K. Chalki,PhotovoltaicArray,2024-08-04 12:45:00,143.40570068359375,573.622802734375,848.3518504169367
E.K. Chalki,PhotovoltaicArray,2024-08-04 13:00:00,135.30296325683594,541.2118530273438,808.5194096790767
E.K. Chalki,PhotovoltaicArray,2024-08-04 13:15:00,137.38548278808594,549.5419311523438,768.6869689412168
E.K. Chalki,PhotovoltaicArray,2024-08-04 13:30:00,131.021728515625,524.0869140625,728.8545282033568
E.K. Chalki,PhotovoltaicArray,2024-08-04 13:45:00,117.90217590332031,471.60870361328125,689.022087465497
E.K. Chalki,PhotovoltaicArray,2024-08-04 14:00:00,119.3542251586914,477.4169006347656,639.956961788398
E.K. Chalki,PhotovoltaicArray,2024-08-04 14:15:00,104.80867767333984,419.2347106933594,590.8918361112992
E.K. Chalki,PhotovoltaicArray,2024-08-04 14:30:00,93.41817474365234,373.6726989746094,541.8267104342002
E.K. Chalki,PhotovoltaicArray,2024-08-04 14:45:00,77.18963623046875,308.758544921875,492.7615847571013
E.K. Chalki,PhotovoltaicArray,2024-08-04 15:00:00,67.42381286621094,269.69525146484375,438.9482211112508
E.K. Chalki,PhotovoltaicArray,2024-08-04 15:15:00,50.54482650756836,202.17930603027344,385.13485746540033
E.K. Chalki,PhotovoltaicArray,2024-08-04 15:30:00,43.9850959777832,175.9403839111328,331.3214938195499
E.K. Chalki,PhotovoltaicArray,2024-08-04 15:45:00,29.367048263549805,117.46819305419922,277.50813017369944
E.K. Chalki,PhotovoltaicArray,2024-08-04 16:00:00,23.908546447753906,95.63418579101562,229.2343774913924
E.K. Chalki,PhotovoltaicArray,2024-08-04 16:15:00,16.377347946166992,65.50939178466797,180.96062480908537
E.K. Chalki,PhotovoltaicArray,2024-08-04 16:30:00,9.277456283569336,37.109825134277344,132.68687212677833
E.K. Chalki,PhotovoltaicArray,2024-08-04 16:45:00,5.158754348754883,20.63501739501953,84.41311944447132
E.K. Chalki,PhotovoltaicArray,2024-08-04 17:00:00,0.0,0.0,63.57363058161746
E.K. Chalki,PhotovoltaicArray,2024-08-04 17:15:00,0.0,0.0,42.7341417187636
E.K. Chalki,PhotovoltaicArray,2024-08-04 17:30:00,0.0,0.0,21.894652855909747
E.K. Chalki,PhotovoltaicArray,2024-08-04 17:45:00,0.0,0.0,1.0551639930558914
E.K. Chalki,PhotovoltaicArray,2024-08-04 18:00:00,0.0,0.0,0.7913729947919186
E.K. Chalki,PhotovoltaicArray,2024-08-04 18:15:00,0.0,0.0,0.5275819965279457
E.K. Chalki,PhotovoltaicArray,2024-08-04 18:30:00,0.0,0.0,0.26379099826397284
E.K. Chalki,PhotovoltaicArray,2024-08-04 18:45:00,0.0,0.0,0.0
E.K. Chalki,PhotovoltaicArray,2024-08-04 19:00:00,0.0,0.0,0.0
E.K. Chalki,PhotovoltaicArray,2024-08-04 19:15:00,0.0,0.0,0.0
E.K. Chalki,PhotovoltaicArray,2024-08-04 19:30:00,0.0,0.0,0.0
E.K. Chalki,PhotovoltaicArray,2024-08-04 19:45:00,0.0,0.0,0.0
E.K. Chalki,PhotovoltaicArray,2024-08-04 20:00:00,0.0,0.0,0.0
E.K. Chalki,PhotovoltaicArray,2024-08-04 20:15:00,0.0,0.0,0.0
E.K. Chalki,PhotovoltaicArray,2024-08-04 20:30:00,0.0,0.0,0.0
E.K. Chalki,PhotovoltaicArray,2024-08-04 20:45:00,0.0,0.0,0.0
E.K. Chalki,PhotovoltaicArray,2024-08-04 21:00:00,0.0,0.0,0.0
E.K. Chalki,PhotovoltaicArray,2024-08-04 21:15:00,0.0,0.0,0.0
E.K. Chalki,PhotovoltaicArray,2024-08-04 21:30:00,0.0,0.0,0.0
E.K. Chalki,PhotovoltaicArray,2024-08-04 21:45:00,0.0,0.0,0.0
E.K. Chalki,PhotovoltaicArray,2024-08-04 22:00:00,0.0,0.0,0.0
E.K. Chalki,PhotovoltaicArray,2024-08-04 22:15:00,0.0,0.0,0.0
E.K. Chalki,PhotovoltaicArray,2024-08-04 22:30:00,0.0,0.0,0.0
E.K. Chalki,PhotovoltaicArray,2024-08-04 22:45:00,0.0,0.0,0.0
E.K. Chalki,PhotovoltaicArray,2024-08-04 23:00:00,0.0,0.0,0.0
E.K. Chalki,PhotovoltaicArray,2024-08-04 23:15:00,0.0,0.0,0.0
E.K. Chalki,PhotovoltaicArray,2024-08-04 23:30:00,0.0,0.0,0.0
E.K. Chalki,PhotovoltaicArray,2024-08-04 23:45:00,0.0,0.0,0.0
E.K. Chalki,PhotovoltaicArray,2024-08-05 00:00:00,0.0,0.0,0.0
E.K. Chalki,PhotovoltaicArray,2024-08-05 00:15:00,0.0,0.0,0.0
E.K. Chalki,PhotovoltaicArray,2024-08-05 00:30:00,0.0,0.0,0.0
E.K. Chalki,PhotovoltaicArray,2024-08-05 00:45:00,0.0,0.0,0.0
E.K. Chalki,PhotovoltaicArray,2024-08-05 01:00:00,0.0,0.0,0.0
E.K. Chalki,PhotovoltaicArray,2024-08-05 01:15:00,0.0,0.0,0.0
E.K. Chalki,PhotovoltaicArray,2024-08-05 01:30:00,0.0,0.0,0.0
E.K. Chalki,PhotovoltaicArray,2024-08-05 01:45:00,0.0,0.0,0.0
E.K. Chalki,PhotovoltaicArray,2024-08-05 02:00:00,0.0,0.0,0.0
E.K. Chalki,PhotovoltaicArray,2024-08-05 02:15:00,0.0,0.0,0.0
E.K. Chalki,PhotovoltaicArray,2024-08-05 02:30:00,0.0,0.0,0.0
E.K. Chalki,PhotovoltaicArray,2024-08-05 02:45:00,0.0,0.0,0.0
E.K. Chalki,PhotovoltaicArray,2024-08-05 03:00:00,0.0,0.0,3.7013178796569766
E.K. Chalki,PhotovoltaicArray,2024-08-05 03:15:00,0.0,0.0,7.402635759313953
E.K. Chalki,PhotovoltaicArray,2024-08-05 03:30:00,0.0,0.0,11.10395363897093
E.K. Chalki,PhotovoltaicArray,2024-08-05 03:45:00,1.3588100671768188,5.435240268707275,14.805271518627906
E.K. Chalki,PhotovoltaicArray,2024-08-05 04:00:00,4.292355537414551,17.169422149658203,48.64589213263456
E.K. Chalki,PhotovoltaicArray,2024-08-05 04:15:00,10.439560890197754,41.758243560791016,82.48651274664121
E.K. Chalki,PhotovoltaicArray,2024-08-05 04:30:00,13.348766326904297,53.39506530761719,116.32713336064788
E.K. Chalki,PhotovoltaicArray,2024-08-05 04:45:00,16.963397979736328,67.85359191894531,150.16775397465452
E.K. Chalki,PhotovoltaicArray,2024-08-05 05:00:00,29.1918888092041,116.7675552368164,200.9286848956645
E.K. Chalki,PhotovoltaicArray,2024-08-05 05:15:00,37.91487503051758,151.6595001220703,251.6896158166744
E.K. Chalki,PhotovoltaicArray,2024-08-05 05:30:00,45.259002685546875,181.0360107421875,302.4505467376844
E.K. Chalki,PhotovoltaicArray,2024-08-05 05:45:00,61.78946304321289,247.15785217285156,353.2114776586944
E.K. Chalki,PhotovoltaicArray,2024-08-05 06:00:00,77.4761734008789,309.9046936035156,404.2367884282512
E.K. Chalki,PhotovoltaicArray,2024-08-05 06:15:00,83.63432312011719,334.53729248046875,455.26209919780814
E.K. Chalki,PhotovoltaicArray,2024-08-05 06:30:00,94.10977935791016,376.4391174316406,506.287409967365
E.K. Chalki,PhotovoltaicArray,2024-08-05 06:45:00,111.70319366455078,446.8127746582031,558.3702401311097
E.K. Chalki,PhotovoltaicArray,2024-08-05 07:00:00,110.14326477050781,440.57305908203125,603.3148143840873
E.K. Chalki,PhotovoltaicArray,2024-08-05 07:15:00,120.56587982177734,482.2635192871094,648.2593886370648
E.K. Chalki,PhotovoltaicArray,2024-08-05 07:30:00,135.34556579589844,541.3822631835938,693.2039628900424
E.K. Chalki,PhotovoltaicArray,2024-08-05 07:45:00,137.92481994628906,551.6992797851562,738.14853714302
E.K. Chalki,PhotovoltaicArray,2024-08-05 08:00:00,148.40017700195312,593.6007080078125,772.2535376055736
E.K. Chalki,PhotovoltaicArray,2024-08-05 08:15:00,149.48631286621094,597.9452514648438,806.3585380681271
E.K. Chalki,PhotovoltaicArray,2024-08-05 08:30:00,127.37665557861328,509.5066223144531,840.4635385306806
E.K. Chalki,PhotovoltaicArray,2024-08-05 08:45:00,173.6207733154297,694.4830932617188,874.5685389932341
E.K. Chalki,PhotovoltaicArray,2024-08-05 09:00:00,176.06675720214844,704.2670288085938,894.9257873313476
E.K. Chalki,PhotovoltaicArray,2024-08-05 09:15:00,172.16502380371094,688.6600952148438,915.283035669461
E.K. Chalki,PhotovoltaicArray,2024-08-05 09:30:00,151.12217712402344,604.4887084960938,935.6402840075743
E.K. Chalki,PhotovoltaicArray,2024-08-05 09:45:00,168.89915466308594,675.5966186523438,955.9975323456878
E.K. Chalki,PhotovoltaicArray,2024-08-05 10:00:00,168.6414031982422,674.5656127929688,960.7563696195324
E.K. Chalki,PhotovoltaicArray,2024-08-05 10:15:00,166.64788818359375,666.591552734375,965.515206893377
E.K. Chalki,PhotovoltaicArray,2024-08-05 10:30:00,176.4402618408203,705.7610473632812,970.2740441672217
E.K. Chalki,PhotovoltaicArray,2024-08-05 10:45:00,168.66619873046875,674.664794921875,975.0328814410665
E.K. Chalki,PhotovoltaicArray,2024-08-05 11:00:00,173.7386474609375,694.95458984375,963.6645479535485
E.K. Chalki,PhotovoltaicArray,2024-08-05 11:15:00,177.81515502929688,711.2606201171875,952.2962144660307
E.K. Chalki,PhotovoltaicArray,2024-08-05 11:30:00,147.94876098632812,591.7950439453125,940.9278809785128
E.K. Chalki,PhotovoltaicArray,2024-08-05 11:45:00,163.1123809814453,652.4495239257812,929.5595474909949
E.K. Chalki,PhotovoltaicArray,2024-08-05 12:00:00,111.59610748291016,446.3844299316406,903.1215626363022
E.K. Chalki,PhotovoltaicArray,2024-08-05 12:15:00,163.0795135498047,652.3180541992188,876.6835777816096
E.K. Chalki,PhotovoltaicArray,2024-08-05 12:30:00,151.57518005371094,606.3007202148438,850.2455929269171
E.K. Chalki,PhotovoltaicArray,2024-08-05 12:45:00,153.5215606689453,614.0862426757812,823.8076080722244
E.K. Chalki,PhotovoltaicArray,2024-08-05 13:00:00,118.22998809814453,472.9199523925781,784.9437703358261
E.K. Chalki,PhotovoltaicArray,2024-08-05 13:15:00,134.26426696777344,537.0570678710938,746.0799325994277
E.K. Chalki,PhotovoltaicArray,2024-08-05 13:30:00,126.44292449951172,505.7716979980469,707.2160948630294
E.K. Chalki,PhotovoltaicArray,2024-08-05 13:45:00,121.30467987060547,485.2187194824219,668.3522571266312
E.K. Chalki,PhotovoltaicArray,2024-08-05 14:00:00,108.86978912353516,435.4791564941406,620.2351246910905
E.K. Chalki,PhotovoltaicArray,2024-08-05 14:15:00,99.4720458984375,397.88818359375,572.1179922555498
E.K. Chalki,PhotovoltaicArray,2024-08-05 14:30:00,91.8152847290039,367.2611389160156,524.0008598200092
E.K. Chalki,PhotovoltaicArray,2024-08-05 14:45:00,68.63240814208984,274.5296325683594,475.88372738446844
E.K. Chalki,PhotovoltaicArray,2024-08-05 15:00:00,62.427223205566406,249.70889282226562,423.80089722072387
E.K. Chalki,PhotovoltaicArray,2024-08-05 15:15:00,54.034854888916016,216.13941955566406,371.71806705697924
E.K. Chalki,PhotovoltaicArray,2024-08-05 15:30:00,42.873619079589844,171.49447631835938,319.6352368932346
E.K. Chalki,PhotovoltaicArray,2024-08-05 15:45:00,29.371862411499023,117.4874496459961,267.55240672949003
E.K. Chalki,PhotovoltaicArray,2024-08-05 16:00:00,23.781890869140625,95.1275634765625,220.75717353668398
E.K. Chalki,PhotovoltaicArray,2024-08-05 16:15:00,16.201265335083008,64.80506134033203,173.96194034387793
E.K. Chalki,PhotovoltaicArray,2024-08-05 16:30:00,8.10771369934082,32.43085479736328,127.16670715107185
E.K. Chalki,PhotovoltaicArray,2024-08-05 16:45:00,4.836592197418213,19.34636878967285,80.37147395826578
E.K. Chalki,PhotovoltaicArray,2024-08-05 17:00:00,0.0,0.0,60.54298531724626
E.K. Chalki,PhotovoltaicArray,2024-08-05 17:15:00,0.0,0.0,40.714496676226744
E.K. Chalki,PhotovoltaicArray,2024-08-05 17:30:00,0.0,0.0,20.886008035207226
E.K. Chalki,PhotovoltaicArray,2024-08-05 17:45:00,0.0,0.0,1.0575193941877077
E.K. Chalki,PhotovoltaicArray,2024-08-05 18:00:00,0.0,0.0,0.7931395456407807
E.K. Chalki,PhotovoltaicArray,2024-08-05 18:15:00,0.0,0.0,0.5287596970938538
E.K. Chalki,PhotovoltaicArray,2024-08-05 18:30:00,0.0,0.0,0.2643798485469269
E.K. Chalki,PhotovoltaicArray,2024-08-05 18:45:00,0.0,0.0,0.0
E.K. Chalki,PhotovoltaicArray,2024-08-05 19:00:00,0.0,0.0,0.0
E.K. Chalki,PhotovoltaicArray,2024-08-05 19:15:00,0.0,0.0,0.0
E.K. Chalki,PhotovoltaicArray,2024-08-05 19:30:00,0.0,0.0,0.0
E.K. Chalki,PhotovoltaicArray,2024-08-05 19:45:00,0.0,0.0,0.0
E.K. Chalki,PhotovoltaicArray,2024-08-05 20:00:00,0.0,0.0,0.0
E.K. Chalki,PhotovoltaicArray,2024-08-05 20:15:00,0.0,0.0,0.0
E.K. Chalki,PhotovoltaicArray,2024-08-05 20:30:00,0.0,0.0,0.0
E.K. Chalki,PhotovoltaicArray,2024-08-05 20:45:00,0.0,0.0,0.0
E.K. Chalki,PhotovoltaicArray,2024-08-05 21:00:00,0.0,0.0,0.0
E.K. Chalki,PhotovoltaicArray,2024-08-05 21:15:00,0.0,0.0,0.0
E.K. Chalki,PhotovoltaicArray,2024-08-05 21:30:00,0.0,0.0,0.0
E.K. Chalki,PhotovoltaicArray,2024-08-05 21:45:00,0.0,0.0,0.0
E.K. Chalki,PhotovoltaicArray,2024-08-05 22:00:00,0.0,0.0,0.0
E.K. Chalki,PhotovoltaicArray,2024-08-05 22:15:00,0.0,0.0,0.0
E.K. Chalki,PhotovoltaicArray,2024-08-05 22:30:00,0.0,0.0,0.0
E.K. Chalki,PhotovoltaicArray,2024-08-05 22:45:00,0.0,0.0,0.0
E.K. Chalki,PhotovoltaicArray,2024-08-05 23:00:00,0.0,0.0,0.0
E.K. Chalki,PhotovoltaicArray,2024-08-05 23:15:00,0.0,0.0,0.0
E.K. Chalki,PhotovoltaicArray,2024-08-05 23:30:00,0.0,0.0,0.0
E.K. Chalki,PhotovoltaicArray,2024-08-05 23:45:00,0.0,0.0,0.0
E.K. Chalki,PhotovoltaicArray,2024-08-06 00:00:00,0.0,0.0,0.0
E.K. Chalki,PhotovoltaicArray,2024-08-06 00:15:00,0.0,0.0,0.0
E.K. Chalki,PhotovoltaicArray,2024-08-06 00:30:00,0.0,0.0,0.0
E.K. Chalki,PhotovoltaicArray,2024-08-06 00:45:00,0.0,0.0,0.0
E.K. Chalki,PhotovoltaicArray,2024-08-06 01:00:00,0.0,0.0,0.0
E.K. Chalki,PhotovoltaicArray,2024-08-06 01:15:00,0.0,0.0,0.0
E.K. Chalki,PhotovoltaicArray,2024-08-06 01:30:00,0.0,0.0,0.0
E.K. Chalki,PhotovoltaicArray,2024-08-06 01:45:00,0.0,0.0,0.0
E.K. Chalki,PhotovoltaicArray,2024-08-06 02:00:00,0.0,0.0,0.0
E.K. Chalki,PhotovoltaicArray,2024-08-06 02:15:00,0.0,0.0,0.0
E.K. Chalki,PhotovoltaicArray,2024-08-06 02:30:00,0.0,0.0,0.0
E.K. Chalki,PhotovoltaicArray,2024-08-06 02:45:00,0.0,0.0,0.0
E.K. Chalki,PhotovoltaicArray,2024-08-06 03:00:00,0.0,0.0,3.444753305101725
E.K. Chalki,PhotovoltaicArray,2024-08-06 03:15:00,0.0,0.0,6.88950661020345
E.K. Chalki,PhotovoltaicArray,2024-08-06 03:30:00,0.0,0.0,10.334259915305175
E.K. Chalki,PhotovoltaicArray,2024-08-06 03:45:00,1.3588100671768188,5.435240268707275,13.7790132204069
E.K. Chalki,PhotovoltaicArray,2024-08-06 04:00:00,4.04358434677124,16.17433738708496,47.43160320101605
E.K. Chalki,PhotovoltaicArray,2024-08-06 04:15:00,10.117399215698242,40.46959686279297,81.08419318162521
E.K. Chalki,PhotovoltaicArray,2024-08-06 04:30:00,13.348766326904297,53.39506530761719,114.73678316223437
E.K. Chalki,PhotovoltaicArray,2024-08-06 04:45:00,16.963397979736328,67.85359191894531,148.38937314284354
E.K. Chalki,PhotovoltaicArray,2024-08-06 05:00:00,28.35268211364746,113.41072845458984,198.47078657855323
E.K. Chalki,PhotovoltaicArray,2024-08-06 05:15:00,37.91487503051758,151.6595001220703,248.55220001426292
E.K. Chalki,PhotovoltaicArray,2024-08-06 05:30:00,48.37285232543945,193.4914093017578,298.6336134499726
E.K. Chalki,PhotovoltaicArray,2024-08-06 05:45:00,62.4379768371582,249.7519073486328,348.7150268856823
E.K. Chalki,PhotovoltaicArray,2024-08-06 06:00:00,76.2565689086914,305.0262756347656,399.8563644152694
E.K. Chalki,PhotovoltaicArray,2024-08-06 06:15:00,82.45423889160156,329.81695556640625,450.99770194485654
E.K. Chalki,PhotovoltaicArray,2024-08-06 06:30:00,94.10977935791016,376.4391174316406,502.13903947444373
E.K. Chalki,PhotovoltaicArray,2024-08-06 06:45:00,113.2545394897461,453.0181579589844,554.3403010979084
E.K. Chalki,PhotovoltaicArray,2024-08-06 07:00:00,109.9160385131836,439.6641540527344,599.1220940642307
E.K. Chalki,PhotovoltaicArray,2024-08-06 07:15:00,134.07821655273438,536.3128662109375,643.903887030553
E.K. Chalki,PhotovoltaicArray,2024-08-06 07:30:00,131.79595947265625,527.183837890625,688.6856799968756
E.K. Chalki,PhotovoltaicArray,2024-08-06 07:45:00,136.93994140625,547.759765625,733.467472963198
E.K. Chalki,PhotovoltaicArray,2024-08-06 08:00:00,145.05374145507812,580.2149658203125,767.9150060142152
E.K. Chalki,PhotovoltaicArray,2024-08-06 08:15:00,151.27444458007812,605.0977783203125,802.3625390652325
E.K. Chalki,PhotovoltaicArray,2024-08-06 08:30:00,146.690185546875,586.7607421875,836.8100721162498
E.K. Chalki,PhotovoltaicArray,2024-08-06 08:45:00,168.8174285888672,675.2697143554688,871.257605167267
E.K. Chalki,PhotovoltaicArray,2024-08-06 09:00:00,168.0770721435547,672.3082885742188,891.9261249978773
E.K. Chalki,PhotovoltaicArray,2024-08-06 09:15:00,172.16502380371094,688.6600952148438,912.5946448284877
E.K. Chalki,PhotovoltaicArray,2024-08-06 09:30:00,188.34910583496094,753.3964233398438,933.263164659098
E.K. Chalki,PhotovoltaicArray,2024-08-06 09:45:00,162.37860107421875,649.514404296875,953.9316844897083
E.K. Chalki,PhotovoltaicArray,2024-08-06 10:00:00,163.5841827392578,654.3367309570312,959.2313049590956
E.K. Chalki,PhotovoltaicArray,2024-08-06 10:15:00,169.71949768066406,678.8779907226562,964.5309254284829
E.K. Chalki,PhotovoltaicArray,2024-08-06 10:30:00,176.4402618408203,705.7610473632812,969.8305458978701
E.K. Chalki,PhotovoltaicArray,2024-08-06 10:45:00,169.10028076171875,676.401123046875,975.1301663672573
E.K. Chalki,PhotovoltaicArray,2024-08-06 11:00:00,173.7386474609375,694.95458984375,964.2659444050134
E.K. Chalki,PhotovoltaicArray,2024-08-06 11:15:00,177.81515502929688,711.2606201171875,953.4017224427696
E.K. Chalki,PhotovoltaicArray,2024-08-06 11:30:00,147.94876098632812,591.7950439453125,942.5375004805256
E.K. Chalki,PhotovoltaicArray,2024-08-06 11:45:00,163.1123809814453,652.4495239257812,931.6732785182817
E.K. Chalki,PhotovoltaicArray,2024-08-06 12:00:00,158.91615295410156,635.6646118164062,905.9701192417534
E.K. Chalki,PhotovoltaicArray,2024-08-06 12:15:00,164.45608520507812,657.8243408203125,880.2669599652254
E.K. Chalki,PhotovoltaicArray,2024-08-06 12:30:00,159.91781616210938,639.6712646484375,854.5638006886973
E.K. Chalki,PhotovoltaicArray,2024-08-06 12:45:00,149.7765350341797,599.1061401367188,828.8606414121689
E.K. Chalki,PhotovoltaicArray,2024-08-06 13:00:00,111.27479553222656,445.09918212890625,789.6434499387032
E.K. Chalki,PhotovoltaicArray,2024-08-06 13:15:00,136.26852416992188,545.0740966796875,750.4262584652373
E.K. Chalki,PhotovoltaicArray,2024-08-06 13:30:00,104.3822021484375,417.52880859375,711.2090669917715
E.K. Chalki,PhotovoltaicArray,2024-08-06 13:45:00,121.60588836669922,486.4235534667969,671.9918755183057
E.K. Chalki,PhotovoltaicArray,2024-08-06 14:00:00,108.86978912353516,435.4791564941406,623.5003482234122
E.K. Chalki,PhotovoltaicArray,2024-08-06 14:15:00,95.9856948852539,383.9427795410156,575.0088209285186
E.K. Chalki,PhotovoltaicArray,2024-08-06 14:30:00,93.59854888916016,374.3941955566406,526.5172936336251
E.K. Chalki,PhotovoltaicArray,2024-08-06 14:45:00,69.86805725097656,279.47222900390625,478.02576633873156
E.K. Chalki,PhotovoltaicArray,2024-08-06 15:00:00,69.17839050292969,276.71356201171875,425.5595236917976
E.K. Chalki,PhotovoltaicArray,2024-08-06 15:15:00,54.034854888916016,216.13941955566406,373.0932810448637
E.K. Chalki,PhotovoltaicArray,2024-08-06 15:30:00,43.748409271240234,174.99363708496094,320.62703839792977
E.K. Chalki,PhotovoltaicArray,2024-08-06 15:45:00,29.371862411499023,117.4874496459961,268.1607957509958
E.K. Chalki,PhotovoltaicArray,2024-08-06 16:00:00,23.781890869140625,95.1275634765625,220.9941735734491
E.K. Chalki,PhotovoltaicArray,2024-08-06 16:15:00,16.201265335083008,64.80506134033203,173.82755139590242
E.K. Chalki,PhotovoltaicArray,2024-08-06 16:30:00,8.10771369934082,32.43085479736328,126.66092921835573
E.K. Chalki,PhotovoltaicArray,2024-08-06 16:45:00,4.836592197418213,19.34636878967285,79.49430704080905
E.K. Chalki,PhotovoltaicArray,2024-08-06 17:00:00,0.0,0.0,59.88571130407615
E.K. Chalki,PhotovoltaicArray,2024-08-06 17:15:00,0.0,0.0,40.27711556734325
E.K. Chalki,PhotovoltaicArray,2024-08-06 17:30:00,0.0,0.0,20.66851983061035
E.K. Chalki,PhotovoltaicArray,2024-08-06 17:45:00,0.0,0.0,1.0599240938774537
E.K. Chalki,PhotovoltaicArray,2024-08-06 18:00:00,0.0,0.0,0.7949430704080903
E.K. Chalki,PhotovoltaicArray,2024-08-06 18:15:00,0.0,0.0,0.5299620469387268
E.K. Chalki,PhotovoltaicArray,2024-08-06 18:30:00,0.0,0.0,0.2649810234693634
E.K. Chalki,PhotovoltaicArray,2024-08-06 18:45:00,0.0,0.0,0.0
E.K. Chalki,PhotovoltaicArray,2024-08-06 19:00:00,0.0,0.0,0.0
E.K. Chalki,PhotovoltaicArray,2024-08-06 19:15:00,0.0,0.0,0.0
E.K. Chalki,PhotovoltaicArray,2024-08-06 19:30:00,0.0,0.0,0.0
E.K. Chalki,PhotovoltaicArray,2024-08-06 19:45:00,0.0,0.0,0.0
E.K. Chalki,PhotovoltaicArray,2024-08-06 20:00:00,0.0,0.0,0.0
E.K. Chalki,PhotovoltaicArray,2024-08-06 20:15:00,0.0,0.0,0.0
E.K. Chalki,PhotovoltaicArray,2024-08-06 20:30:00,0.0,0.0,0.0
E.K. Chalki,PhotovoltaicArray,2024-08-06 20:45:00,0.0,0.0,0.0
E.K. Chalki,PhotovoltaicArray,2024-08-06 21:00:00,0.0,0.0,0.0
E.K. Chalki,PhotovoltaicArray,2024-08-06 21:15:00,0.0,0.0,0.0
E.K. Chalki,PhotovoltaicArray,2024-08-06 21:30:00,0.0,0.0,0.0
E.K. Chalki,PhotovoltaicArray,2024-08-06 21:45:00,0.0,0.0,0.0
E.K. Chalki,PhotovoltaicArray,2024-08-06 22:00:00,0.0,0.0,0.0
E.K. Chalki,PhotovoltaicArray,2024-08-06 22:15:00,0.0,0.0,0.0
E.K. Chalki,PhotovoltaicArray,2024-08-06 22:30:00,0.0,0.0,0.0
E.K. Chalki,PhotovoltaicArray,2024-08-06 22:45:00,0.0,0.0,0.0
E.K. Chalki,PhotovoltaicArray,2024-08-06 23:00:00,0.0,0.0,0.0
E.K. Chalki,PhotovoltaicArray,2024-08-06 23:15:00,0.0,0.0,0.0
E.K. Chalki,PhotovoltaicArray,2024-08-06 23:30:00,0.0,0.0,0.0
E.K. Chalki,PhotovoltaicArray,2024-08-06 23:45:00,0.0,0.0,0.0
E.K. Chalki,PhotovoltaicArray,2024-08-07 00:00:00,0.0,0.0,0.0
E.K. Chalki,PhotovoltaicArray,2024-08-07 00:15:00,0.0,0.0,0.0
E.K. Chalki,PhotovoltaicArray,2024-08-07 00:30:00,0.0,0.0,0.0
E.K. Chalki,PhotovoltaicArray,2024-08-07 00:45:00,0.0,0.0,0.0
E.K. Chalki,PhotovoltaicArray,2024-08-07 01:00:00,0.0,0.0,0.0
E.K. Chalki,PhotovoltaicArray,2024-08-07 01:15:00,0.0,0.0,0.0
E.K. Chalki,PhotovoltaicArray,2024-08-07 01:30:00,0.0,0.0,0.0
E.K. Chalki,PhotovoltaicArray,2024-08-07 01:45:00,0.0,0.0,0.0
E.K. Chalki,PhotovoltaicArray,2024-08-07 02:00:00,0.0,0.0,0.0
E.K. Chalki,PhotovoltaicArray,2024-08-07 02:15:00,0.0,0.0,0.0
E.K. Chalki,PhotovoltaicArray,2024-08-07 02:30:00,0.0,0.0,0.0
E.K. Chalki,PhotovoltaicArray,2024-08-07 02:45:00,0.0,0.0,0.0
E.K. Chalki,PhotovoltaicArray,2024-08-07 03:00:00,0.0,0.0,3.4527284690159856
E.K. Chalki,PhotovoltaicArray,2024-08-07 03:15:00,0.0,0.0,6.905456938031971
E.K. Chalki,PhotovoltaicArray,2024-08-07 03:30:00,0.0,0.0,10.358185407047957
E.K. Chalki,PhotovoltaicArray,2024-08-07 03:45:00,1.3263068199157715,5.305227279663086,13.810913876063942
E.K. Chalki,PhotovoltaicArray,2024-08-07 04:00:00,4.04358434677124,16.17433738708496,47.54141507337395
E.K. Chalki,PhotovoltaicArray,2024-08-07 04:15:00,10.117399215698242,40.46959686279297,81.27191627068396
E.K. Chalki,PhotovoltaicArray,2024-08-07 04:30:00,13.174826622009277,52.69930648803711,115.00241746799396
E.K. Chalki,PhotovoltaicArray,2024-08-07 04:45:00,16.963397979736328,67.85359191894531,148.73291866530397
E.K. Chalki,PhotovoltaicArray,2024-08-07 05:00:00,29.1918888092041,116.7675552368164,200.25825120292714
E.K. Chalki,PhotovoltaicArray,2024-08-07 05:15:00,37.91487503051758,151.6595001220703,251.7835837405503
E.K. Chalki,PhotovoltaicArray,2024-08-07 05:30:00,48.37285232543945,193.4914093017578,303.30891627817346
E.K. Chalki,PhotovoltaicArray,2024-08-07 05:45:00,62.37772750854492,249.5109100341797,354.83424881579657
E.K. Chalki,PhotovoltaicArray,2024-08-07 06:00:00,77.55665588378906,310.22662353515625,406.89077034865306
E.K. Chalki,PhotovoltaicArray,2024-08-07 06:15:00,83.63432312011719,334.53729248046875,458.94729188150944
E.K. Chalki,PhotovoltaicArray,2024-08-07 06:30:00,98.9697494506836,395.8789978027344,511.0038134143658
E.K. Chalki,PhotovoltaicArray,2024-08-07 06:45:00,111.6732177734375,446.69287109375,564.1227129376886
E.K. Chalki,PhotovoltaicArray,2024-08-07 07:00:00,109.000244140625,436.0009765625,610.070561025363
E.K. Chalki,PhotovoltaicArray,2024-08-07 07:15:00,120.29154968261719,481.16619873046875,656.0184091130371
E.K. Chalki,PhotovoltaicArray,2024-08-07 07:30:00,130.10763549804688,520.4305419921875,701.9662572007114
E.K. Chalki,PhotovoltaicArray,2024-08-07 07:45:00,137.97901916503906,551.9160766601562,747.9141052883857
E.K. Chalki,PhotovoltaicArray,2024-08-07 08:00:00,149.04550170898438,596.1820068359375,782.7069844761622
E.K. Chalki,PhotovoltaicArray,2024-08-07 08:15:00,156.34487915039062,625.3795166015625,817.4998636639386
E.K. Chalki,PhotovoltaicArray,2024-08-07 08:30:00,156.65982055664062,626.6392822265625,852.2927428517153
E.K. Chalki,PhotovoltaicArray,2024-08-07 08:45:00,172.30462646484375,689.218505859375,887.0856220394917
E.K. Chalki,PhotovoltaicArray,2024-08-07 09:00:00,181.5570068359375,726.22802734375,907.8019928535876
E.K. Chalki,PhotovoltaicArray,2024-08-07 09:15:00,178.92247009277344,715.6898803710938,928.5183636676835
E.K. Chalki,PhotovoltaicArray,2024-08-07 09:30:00,172.2064971923828,688.8259887695312,949.2347344817795
E.K. Chalki,PhotovoltaicArray,2024-08-07 09:45:00,167.1370849609375,668.54833984375,969.9511052958753
E.K. Chalki,PhotovoltaicArray,2024-08-07 10:00:00,173.16116333007812,692.6446533203125,974.7318062529744
E.K. Chalki,PhotovoltaicArray,2024-08-07 10:15:00,176.8841094970703,707.5364379882812,979.5125072100735
E.K. Chalki,PhotovoltaicArray,2024-08-07 10:30:00,178.77792358398438,715.1116943359375,984.2932081671725
E.K. Chalki,PhotovoltaicArray,2024-08-07 10:45:00,175.52586364746094,702.1034545898438,989.0739091242715
E.K. Chalki,PhotovoltaicArray,2024-08-07 11:00:00,181.21047973632812,724.8419189453125,977.3877512291406
E.K. Chalki,PhotovoltaicArray,2024-08-07 11:15:00,160.4433135986328,641.7732543945312,965.7015933340095
E.K. Chalki,PhotovoltaicArray,2024-08-07 11:30:00,175.4733428955078,701.8933715820312,954.0154354388784
E.K. Chalki,PhotovoltaicArray,2024-08-07 11:45:00,169.6299285888672,678.5197143554688,942.3292775437475
E.K. Chalki,PhotovoltaicArray,2024-08-07 12:00:00,151.5768280029297,606.3073120117188,914.9730442892362
E.K. Chalki,PhotovoltaicArray,2024-08-07 12:15:00,172.17324829101562,688.6929931640625,887.6168110347248
E.K. Chalki,PhotovoltaicArray,2024-08-07 12:30:00,158.48912048339844,633.9564819335938,860.2605777802136
E.K. Chalki,PhotovoltaicArray,2024-08-07 12:45:00,148.4247283935547,593.6989135742188,832.9043445257022
E.K. Chalki,PhotovoltaicArray,2024-08-07 13:00:00,122.05315399169922,488.2126159667969,793.0651698832102
E.K. Chalki,PhotovoltaicArray,2024-08-07 13:15:00,136.1027374267578,544.4109497070312,753.225995240718
E.K. Chalki,PhotovoltaicArray,2024-08-07 13:30:00,103.53217315673828,414.1286926269531,713.3868205982259
E.K. Chalki,PhotovoltaicArray,2024-08-07 13:45:00,127.89312744140625,511.572509765625,673.5476459557337
E.K. Chalki,PhotovoltaicArray,2024-08-07 14:00:00,108.86978912353516,435.4791564941406,624.4126638966601
E.K. Chalki,PhotovoltaicArray,2024-08-07 14:15:00,96.74417877197266,386.9767150878906,575.2776818375864
E.K. Chalki,PhotovoltaicArray,2024-08-07 14:30:00,93.59854888916016,374.3941955566406,526.1426997785128
E.K. Chalki,PhotovoltaicArray,2024-08-07 14:45:00,69.86805725097656,279.47222900390625,477.00771771943914
E.K. Chalki,PhotovoltaicArray,2024-08-07 15:00:00,66.7882308959961,267.1529235839844,424.154412693733
E.K. Chalki,PhotovoltaicArray,2024-08-07 15:15:00,54.121665954589844,216.48666381835938,371.3011076680267
E.K. Chalki,PhotovoltaicArray,2024-08-07 15:30:00,42.873619079589844,171.49447631835938,318.4478026423204
E.K. Chalki,PhotovoltaicArray,2024-08-07 15:45:00,30.039514541625977,120.1580581665039,265.59449761661426
E.K. Chalki,PhotovoltaicArray,2024-08-07 16:00:00,20.76266860961914,83.05067443847656,218.3186770408569
E.K. Chalki,PhotovoltaicArray,2024-08-07 16:15:00,14.573513984680176,58.2940559387207,171.04285646509956
E.K. Chalki,PhotovoltaicArray,2024-08-07 16:30:00,8.10771369934082,32.43085479736328,123.76703588934224
E.K. Chalki,PhotovoltaicArray,2024-08-07 16:45:00,4.640212535858154,18.560850143432617,76.4912153135849
E.K. Chalki,PhotovoltaicArray,2024-08-07 17:00:00,0.0,0.0,57.36841148518868
E.K. Chalki,PhotovoltaicArray,2024-08-07 17:15:00,0.0,0.0,38.24560765679245
E.K. Chalki,PhotovoltaicArray,2024-08-07 17:30:00,0.0,0.0,19.122803828396226
E.K. Chalki,PhotovoltaicArray,2024-08-07 17:45:00,0.0,0.0,0.0
E.K. Chalki,PhotovoltaicArray,2024-08-07 18:00:00,0.0,0.0,0.0
E.K. Chalki,PhotovoltaicArray,2024-08-07 18:15:00,0.0,0.0,0.0
E.K. Chalki,PhotovoltaicArray,2024-08-07 18:30:00,0.0,0.0,0.0
E.K. Chalki,PhotovoltaicArray,2024-08-07 18:45:00,0.0,0.0,0.0
E.K. Chalki,PhotovoltaicArray,2024-08-07 19:00:00,0.0,0.0,0.0
E.K. Chalki,PhotovoltaicArray,2024-08-07 19:15:00,0.0,0.0,0.0
E.K. Chalki,PhotovoltaicArray,2024-08-07 19:30:00,0.0,0.0,0.0
E.K. Chalki,PhotovoltaicArray,2024-08-07 19:45:00,0.0,0.0,0.0
E.K. Chalki,PhotovoltaicArray,2024-08-07 20:00:00,0.0,0.0,0.0
E.K. Chalki,PhotovoltaicArray,2024-08-07 20:15:00,0.0,0.0,0.0
E.K. Chalki,PhotovoltaicArray,2024-08-07 20:30:00,0.0,0.0,0.0
E.K. Chalki,PhotovoltaicArray,2024-08-07 20:45:00,0.0,0.0,0.0
E.K. Chalki,PhotovoltaicArray,2024-08-07 21:00:00,0.0,0.0,0.0
E.K. Chalki,PhotovoltaicArray,2024-08-07 21:15:00,0.0,0.0,0.0
E.K. Chalki,PhotovoltaicArray,2024-08-07 21:30:00,0.0,0.0,0.0
E.K. Chalki,PhotovoltaicArray,2024-08-07 21:45:00,0.0,0.0,0.0
E.K. Chalki,PhotovoltaicArray,2024-08-07 22:00:00,0.0,0.0,0.0
E.K. Chalki,PhotovoltaicArray,2024-08-07 22:15:00,0.0,0.0,0.0
E.K. Chalki,PhotovoltaicArray,2024-08-07 22:30:00,0.0,0.0,0.0
E.K. Chalki,PhotovoltaicArray,2024-08-07 22:45:00,0.0,0.0,0.0
E.K. Chalki,PhotovoltaicArray,2024-08-07 23:00:00,0.0,0.0,0.0
E.K. Chalki,PhotovoltaicArray,2024-08-07 23:15:00,0.0,0.0,0.0
E.K. Chalki,PhotovoltaicArray,2024-08-07 23:30:00,0.0,0.0,0.0
E.K. Chalki,PhotovoltaicArray,2024-08-07 23:45:00,0.0,0.0,0.0
E.K. Chalki,PhotovoltaicArray,2024-08-08 00:00:00,0.0,0.0,0.0
E.K. Chalki,PhotovoltaicArray,2024-08-08 00:15:00,0.0,0.0,0.0
E.K. Chalki,PhotovoltaicArray,2024-08-08 00:30:00,0.0,0.0,0.0
E.K. Chalki,PhotovoltaicArray,2024-08-08 00:45:00,0.0,0.0,0.0
E.K. Chalki,PhotovoltaicArray,2024-08-08 01:00:00,0.0,0.0,0.0
E.K. Chalki,PhotovoltaicArray,2024-08-08 01:15:00,0.0,0.0,0.0
E.K. Chalki,PhotovoltaicArray,2024-08-08 01:30:00,0.0,0.0,0.0
E.K. Chalki,PhotovoltaicArray,2024-08-08 01:45:00,0.0,0.0,0.0
E.K. Chalki,PhotovoltaicArray,2024-08-08 02:00:00,0.0,0.0,0.0
E.K. Chalki,PhotovoltaicArray,2024-08-08 02:15:00,0.0,0.0,0.0
E.K. Chalki,PhotovoltaicArray,2024-08-08 02:30:00,0.0,0.0,0.0
E.K. Chalki,PhotovoltaicArray,2024-08-08 02:45:00,0.0,0.0,0.0
E.K. Chalki,PhotovoltaicArray,2024-08-08 03:00:00,0.0,0.0,3.1946429601438617
E.K. Chalki,PhotovoltaicArray,2024-08-08 03:15:00,0.0,0.0,6.3892859202877235
E.K. Chalki,PhotovoltaicArray,2024-08-08 03:30:00,0.0,0.0,9.583928880431586
E.K. Chalki,PhotovoltaicArray,2024-08-08 03:45:00,1.3263068199157715,5.305227279663086,12.778571840575447
E.K. Chalki,PhotovoltaicArray,2024-08-08 04:00:00,4.04358434677124,16.17433738708496,46.056102675407345
E.K. Chalki,PhotovoltaicArray,2024-08-08 04:15:00,10.117399215698242,40.46959686279297,79.33363351023922
E.K. Chalki,PhotovoltaicArray,2024-08-08 04:30:00,13.174826622009277,52.69930648803711,112.61116434507112
E.K. Chalki,PhotovoltaicArray,2024-08-08 04:45:00,21.217470169067383,84.86988067626953,145.88869517990304
E.K. Chalki,PhotovoltaicArray,2024-08-08 05:00:00,30.066022872924805,120.26409149169922,197.0029825422048
E.K. Chalki,PhotovoltaicArray,2024-08-08 05:15:00,37.91487503051758,151.6595001220703,248.1172699045066
E.K. Chalki,PhotovoltaicArray,2024-08-08 05:30:00,48.37285232543945,193.4914093017578,299.2315572668084
E.K. Chalki,PhotovoltaicArray,2024-08-08 05:45:00,62.4379768371582,249.7519073486328,350.34584462911016
E.K. Chalki,PhotovoltaicArray,2024-08-08 06:00:00,70.00273132324219,280.01092529296875,402.2587927314479
E.K. Chalki,PhotovoltaicArray,2024-08-08 06:15:00,88.12336730957031,352.49346923828125,454.1717408337857
E.K. Chalki,PhotovoltaicArray,2024-08-08 06:30:00,94.10977935791016,376.4391174316406,506.0846889361235
E.K. Chalki,PhotovoltaicArray,2024-08-08 06:45:00,113.2545394897461,453.0181579589844,557.9976370384612
E.K. Chalki,PhotovoltaicArray,2024-08-08 07:00:00,110.14326477050781,440.57305908203125,603.5212992205113
E.K. Chalki,PhotovoltaicArray,2024-08-08 07:15:00,131.52957153320312,526.1182861328125,649.0449614025613
E.K. Chalki,PhotovoltaicArray,2024-08-08 07:30:00,137.42173767089844,549.6869506835938,694.5686235846114
E.K. Chalki,PhotovoltaicArray,2024-08-08 07:45:00,137.92481994628906,551.6992797851562,740.0922857666613
E.K. Chalki,PhotovoltaicArray,2024-08-08 08:00:00,150.96250915527344,603.8500366210938,774.4346975882079
E.K. Chalki,PhotovoltaicArray,2024-08-08 08:15:00,156.0450897216797,624.1803588867188,808.7771094097543
E.K. Chalki,PhotovoltaicArray,2024-08-08 08:30:00,147.591064453125,590.3642578125,843.119521231301
E.K. Chalki,PhotovoltaicArray,2024-08-08 08:45:00,173.6207733154297,694.4830932617188,877.4619330528474
E.K. Chalki,PhotovoltaicArray,2024-08-08 09:00:00,178.00914001464844,712.0365600585938,897.9608920471038
E.K. Chalki,PhotovoltaicArray,2024-08-08 09:15:00,169.07620239257812,676.3048095703125,918.4598510413604
E.K. Chalki,PhotovoltaicArray,2024-08-08 09:30:00,142.2426300048828,568.9705200195312,938.9588100356167
E.K. Chalki,PhotovoltaicArray,2024-08-08 09:45:00,160.7918701171875,643.16748046875,959.4577690298731
E.K. Chalki,PhotovoltaicArray,2024-08-08 10:00:00,169.49081420898438,677.9632568359375,963.9835132234103
E.K. Chalki,PhotovoltaicArray,2024-08-08 10:15:00,167.812744140625,671.2509765625,968.5092574169474
E.K. Chalki,PhotovoltaicArray,2024-08-08 10:30:00,170.01364135742188,680.0545654296875,973.0350016104845
E.K. Chalki,PhotovoltaicArray,2024-08-08 10:45:00,169.10028076171875,676.401123046875,977.5607458040217
E.K. Chalki,PhotovoltaicArray,2024-08-08 11:00:00,173.7386474609375,694.95458984375,965.8470549501609
E.K. Chalki,PhotovoltaicArray,2024-08-08 11:15:00,179.74871826171875,718.994873046875,954.1333640963002
E.K. Chalki,PhotovoltaicArray,2024-08-08 11:30:00,147.94876098632812,591.7950439453125,942.4196732424392
E.K. Chalki,PhotovoltaicArray,2024-08-08 11:45:00,163.1123809814453,652.4495239257812,930.7059823885784
E.K. Chalki,PhotovoltaicArray,2024-08-08 12:00:00,158.91615295410156,635.6646118164062,904.0839577207129
E.K. Chalki,PhotovoltaicArray,2024-08-08 12:15:00,162.69593811035156,650.7837524414062,877.4619330528474
E.K. Chalki,PhotovoltaicArray,2024-08-08 12:30:00,151.57518005371094,606.3007202148438,850.8399083849819
E.K. Chalki,PhotovoltaicArray,2024-08-08 12:45:00,153.5215606689453,614.0862426757812,824.2178837171164
E.K. Chalki,PhotovoltaicArray,2024-08-08 13:00:00,135.34146118164062,541.3658447265625,784.5510669619968
E.K. Chalki,PhotovoltaicArray,2024-08-08 13:15:00,136.02247619628906,544.0899047851562,744.884250206877
E.K. Chalki,PhotovoltaicArray,2024-08-08 13:30:00,124.89839172363281,499.59356689453125,705.2174334517575
E.K. Chalki,PhotovoltaicArray,2024-08-08 13:45:00,121.30467987060547,485.2187194824219,665.550616696638
E.K. Chalki,PhotovoltaicArray,2024-08-08 14:00:00,107.52818298339844,430.11273193359375,616.8323115544441
E.K. Chalki,PhotovoltaicArray,2024-08-08 14:15:00,98.06587982177734,392.2635192871094,568.1140064122501
E.K. Chalki,PhotovoltaicArray,2024-08-08 14:30:00,90.47599029541016,361.9039611816406,519.3957012700562
E.K. Chalki,PhotovoltaicArray,2024-08-08 14:45:00,69.43710327148438,277.7484130859375,470.6773961278623
E.K. Chalki,PhotovoltaicArray,2024-08-08 15:00:00,63.929779052734375,255.7191162109375,417.9657872854886
E.K. Chalki,PhotovoltaicArray,2024-08-08 15:15:00,53.440589904785156,213.76235961914062,365.2541784431149
E.K. Chalki,PhotovoltaicArray,2024-08-08 15:30:00,42.219818115234375,168.8792724609375,312.54256960074116
E.K. Chalki,PhotovoltaicArray,2024-08-08 15:45:00,31.270578384399414,125.08231353759766,259.83096075836744
E.K. Chalki,PhotovoltaicArray,2024-08-08 16:00:00,20.520343780517578,82.08137512207031,213.24241758960278
E.K. Chalki,PhotovoltaicArray,2024-08-08 16:15:00,14.495804786682129,57.983219146728516,166.65387442083812
E.K. Chalki,PhotovoltaicArray,2024-08-08 16:30:00,8.281960487365723,33.12784194946289,120.06533125207346
E.K. Chalki,PhotovoltaicArray,2024-08-08 16:45:00,4.429347038269043,17.717388153076172,73.47678808330882
E.K. Chalki,PhotovoltaicArray,2024-08-08 17:00:00,0.0,0.0,55.10759106248162
E.K. Chalki,PhotovoltaicArray,2024-08-08 17:15:00,0.0,0.0,36.73839404165441
E.K. Chalki,PhotovoltaicArray,2024-08-08 17:30:00,0.0,0.0,18.369197020827205
E.K. Chalki,PhotovoltaicArray,2024-08-08 17:45:00,0.0,0.0,0.0
E.K. Chalki,PhotovoltaicArray,2024-08-08 18:00:00,0.0,0.0,0.0
E.K. Chalki,PhotovoltaicArray,2024-08-08 18:15:00,0.0,0.0,0.0
E.K. Chalki,PhotovoltaicArray,2024-08-08 18:30:00,0.0,0.0,0.0
E.K. Chalki,PhotovoltaicArray,2024-08-08 18:45:00,0.0,0.0,0.0
E.K. Chalki,PhotovoltaicArray,2024-08-08 19:00:00,0.0,0.0,0.0
E.K. Chalki,PhotovoltaicArray,2024-08-08 19:15:00,0.0,0.0,0.0
E.K. Chalki,PhotovoltaicArray,2024-08-08 19:30:00,0.0,0.0,0.0
E.K. Chalki,PhotovoltaicArray,2024-08-08 19:45:00,0.0,0.0,0.0
E.K. Chalki,PhotovoltaicArray,2024-08-08 20:00:00,0.0,0.0,0.0
E.K. Chalki,PhotovoltaicArray,2024-08-08 20:15:00,0.0,0.0,0.0
E.K. Chalki,PhotovoltaicArray,2024-08-08 20:30:00,0.0,0.0,0.0
E.K. Chalki,PhotovoltaicArray,2024-08-08 20:45:00,0.0,0.0,0.0
E.K. Chalki,PhotovoltaicArray,2024-08-08 21:00:00,0.0,0.0,0.0
E.K. Chalki,PhotovoltaicArray,2024-08-08 21:15:00,0.0,0.0,0.0
E.K. Chalki,PhotovoltaicArray,2024-08-08 21:30:00,0.0,0.0,0.0
E.K. Chalki,PhotovoltaicArray,2024-08-08 21:45:00,0.0,0.0,0.0
E.K. Chalki,PhotovoltaicArray,2024-08-08 22:00:00,0.0,0.0,0.0
E.K. Chalki,PhotovoltaicArray,2024-08-08 22:15:00,0.0,0.0,0.0
E.K. Chalki,PhotovoltaicArray,2024-08-08 22:30:00,0.0,0.0,0.0
E.K. Chalki,PhotovoltaicArray,2024-08-08 22:45:00,0.0,0.0,0.0
E.K. Chalki,PhotovoltaicArray,2024-08-08 23:00:00,0.0,0.0,0.0
E.K. Chalki,PhotovoltaicArray,2024-08-08 23:15:00,0.0,0.0,0.0
E.K. Chalki,PhotovoltaicArray,2024-08-08 23:30:00,0.0,0.0,0.0
E.K. Chalki,PhotovoltaicArray,2024-08-08 23:45:00,0.0,0.0,0.0
E.K. Chalki,PhotovoltaicArray,2024-08-09 00:00:00,0.0,0.0,0.0
E.K. Chalki,PhotovoltaicArray,2024-08-09 00:15:00,0.0,0.0,0.0
E.K. Chalki,PhotovoltaicArray,2024-08-09 00:30:00,0.0,0.0,0.0
E.K. Chalki,PhotovoltaicArray,2024-08-09 00:45:00,0.0,0.0,0.0
E.K. Chalki,PhotovoltaicArray,2024-08-09 01:00:00,0.0,0.0,0.0
E.K. Chalki,PhotovoltaicArray,2024-08-09 01:15:00,0.0,0.0,0.0
E.K. Chalki,PhotovoltaicArray,2024-08-09 01:30:00,0.0,0.0,0.0
E.K. Chalki,PhotovoltaicArray,2024-08-09 01:45:00,0.0,0.0,0.0
E.K. Chalki,PhotovoltaicArray,2024-08-09 02:00:00,0.0,0.0,0.0
E.K. Chalki,PhotovoltaicArray,2024-08-09 02:15:00,0.0,0.0,0.0
E.K. Chalki,PhotovoltaicArray,2024-08-09 02:30:00,0.0,0.0,0.0
E.K. Chalki,PhotovoltaicArray,2024-08-09 02:45:00,0.0,0.0,0.0
E.K. Chalki,PhotovoltaicArray,2024-08-09 03:00:00,0.0,0.0,2.935440722409858
E.K. Chalki,PhotovoltaicArray,2024-08-09 03:15:00,0.0,0.0,5.870881444819716
E.K. Chalki,PhotovoltaicArray,2024-08-09 03:30:00,0.0,0.0,8.806322167229576
E.K. Chalki,PhotovoltaicArray,2024-08-09 03:45:00,1.3930814266204834,5.572325706481934,11.741762889639432
E.K. Chalki,PhotovoltaicArray,2024-08-09 04:00:00,3.8997716903686523,15.59908676147461,44.03161083614788
E.K. Chalki,PhotovoltaicArray,2024-08-09 04:15:00,9.921018600463867,39.68407440185547,76.32145878265632
E.K. Chalki,PhotovoltaicArray,2024-08-09 04:30:00,12.241737365722656,48.966949462890625,108.61130672916475
E.K. Chalki,PhotovoltaicArray,2024-08-09 04:45:00,21.16178321838379,84.64713287353516,140.9011546756732
E.K. Chalki,PhotovoltaicArray,2024-08-09 05:00:00,28.666166305541992,114.66466522216797,191.60422169911618
E.K. Chalki,PhotovoltaicArray,2024-08-09 05:15:00,36.738914489746094,146.95565795898438,242.30728872255924
E.K. Chalki,PhotovoltaicArray,2024-08-09 05:30:00,49.48561477661133,197.9424591064453,293.0103557460023
E.K. Chalki,PhotovoltaicArray,2024-08-09 05:45:00,57.38556671142578,229.54226684570312,343.7134227694453
E.K. Chalki,PhotovoltaicArray,2024-08-09 06:00:00,64.8777847290039,259.5111389160156,395.21706453536376
E.K. Chalki,PhotovoltaicArray,2024-08-09 06:15:00,85.47174072265625,341.886962890625,446.7207063012822
E.K. Chalki,PhotovoltaicArray,2024-08-09 06:30:00,94.1978530883789,376.7914123535156,498.2243480672006
E.K. Chalki,PhotovoltaicArray,2024-08-09 06:45:00,112.40327453613281,449.61309814453125,548.6605568431517
E.K. Chalki,PhotovoltaicArray,2024-08-09 07:00:00,110.2996597290039,441.1986389160156,594.0264589167587
E.K. Chalki,PhotovoltaicArray,2024-08-09 07:15:00,124.3266372680664,497.3065490722656,639.3923609903655
E.K. Chalki,PhotovoltaicArray,2024-08-09 07:30:00,135.11151123046875,540.446044921875,684.7582630639724
E.K. Chalki,PhotovoltaicArray,2024-08-09 07:45:00,134.21900939941406,536.8760375976562,730.1241651375794
E.K. Chalki,PhotovoltaicArray,2024-08-09 08:00:00,144.85630798339844,579.4252319335938,764.5488790640223
E.K. Chalki,PhotovoltaicArray,2024-08-09 08:15:00,154.28236389160156,617.1294555664062,798.973592990465
E.K. Chalki,PhotovoltaicArray,2024-08-09 08:30:00,158.8804473876953,635.5217895507812,833.3983069169079
E.K. Chalki,PhotovoltaicArray,2024-08-09 08:45:00,160.66661071777344,642.6664428710938,867.8230208433507
E.K. Chalki,PhotovoltaicArray,2024-08-09 09:00:00,174.50460815429688,698.0184326171875,888.104247652728
E.K. Chalki,PhotovoltaicArray,2024-08-09 09:15:00,157.00428771972656,628.0171508789062,908.3854744621052
E.K. Chalki,PhotovoltaicArray,2024-08-09 09:30:00,185.02053833007812,740.0821533203125,928.6667012714823
E.K. Chalki,PhotovoltaicArray,2024-08-09 09:45:00,154.60568237304688,618.4227294921875,948.9479280808596
E.K. Chalki,PhotovoltaicArray,2024-08-09 10:00:00,166.39389038085938,665.5755615234375,953.7513765357121
E.K. Chalki,PhotovoltaicArray,2024-08-09 10:15:00,163.93128967285156,655.7251586914062,958.5548249905646
E.K. Chalki,PhotovoltaicArray,2024-08-09 10:30:00,167.58172607421875,670.326904296875,963.358273445417
E.K. Chalki,PhotovoltaicArray,2024-08-09 10:45:00,184.0433807373047,736.1735229492188,968.1617219002696
E.K. Chalki,PhotovoltaicArray,2024-08-09 11:00:00,162.25994873046875,649.039794921875,957.2205337531055
E.K. Chalki,PhotovoltaicArray,2024-08-09 11:15:00,150.33522033691406,601.3408813476562,946.2793456059416
E.K. Chalki,PhotovoltaicArray,2024-08-09 11:30:00,167.2366485595703,668.9465942382812,935.3381574587776
E.K. Chalki,PhotovoltaicArray,2024-08-09 11:45:00,156.6176300048828,626.4705200195312,924.3969693116135
E.K. Chalki,PhotovoltaicArray,2024-08-09 12:00:00,157.0496063232422,628.1984252929688,897.9780028099248
E.K. Chalki,PhotovoltaicArray,2024-08-09 12:15:00,157.74203491210938,630.9681396484375,871.559036308236
E.K. Chalki,PhotovoltaicArray,2024-08-09 12:30:00,149.7921142578125,599.16845703125,845.1400698065474
E.K. Chalki,PhotovoltaicArray,2024-08-09 12:45:00,131.06211853027344,524.2484741210938,816.5862373249241
E.K. Chalki,PhotovoltaicArray,2024-08-09 13:00:00,136.24632263183594,544.9852905273438,777.6249331911206
E.K. Chalki,PhotovoltaicArray,2024-08-09 13:15:00,130.964111328125,523.8564453125,738.663629057317
E.K. Chalki,PhotovoltaicArray,2024-08-09 13:30:00,121.6893539428711,486.7574157714844,699.7023249235135
E.K. Chalki,PhotovoltaicArray,2024-08-09 13:45:00,120.97806549072266,483.9122619628906,660.7410207897099
E.K. Chalki,PhotovoltaicArray,2024-08-09 14:00:00,105.27349853515625,421.093994140625,612.1728197462013
E.K. Chalki,PhotovoltaicArray,2024-08-09 14:15:00,99.08687591552734,396.3475036621094,563.6046187026928
E.K. Chalki,PhotovoltaicArray,2024-08-09 14:30:00,90.63351440429688,362.5340576171875,515.0364176591843
E.K. Chalki,PhotovoltaicArray,2024-08-09 14:45:00,69.70217895507812,278.8087158203125,466.4682166156756
E.K. Chalki,PhotovoltaicArray,2024-08-09 15:00:00,66.77256774902344,267.09027099609375,414.1640001072818
E.K. Chalki,PhotovoltaicArray,2024-08-09 15:15:00,52.60957717895508,210.4383087158203,361.85978359888793
E.K. Chalki,PhotovoltaicArray,2024-08-09 15:30:00,41.97099304199219,167.88397216796875,309.55556709049415
E.K. Chalki,PhotovoltaicArray,2024-08-09 15:45:00,31.09116554260254,124.36466217041016,257.2513505821003
E.K. Chalki,PhotovoltaicArray,2024-08-09 16:00:00,20.520343780517578,82.08137512207031,210.5511572710344
E.K. Chalki,PhotovoltaicArray,2024-08-09 16:15:00,14.31784725189209,57.27138900756836,163.85096395996845
E.K. Chalki,PhotovoltaicArray,2024-08-09 16:30:00,7.972647190093994,31.890588760375977,117.15077064890254
E.K. Chalki,PhotovoltaicArray,2024-08-09 16:45:00,4.099104404449463,16.39641761779785,70.4505773378366
E.K. Chalki,PhotovoltaicArray,2024-08-09 17:00:00,0.0,0.0,52.837933003377444
E.K. Chalki,PhotovoltaicArray,2024-08-09 17:15:00,0.0,0.0,35.2252886689183
E.K. Chalki,PhotovoltaicArray,2024-08-09 17:30:00,0.0,0.0,17.61264433445915
E.K. Chalki,PhotovoltaicArray,2024-08-09 17:45:00,0.0,0.0,0.0
E.K. Chalki,PhotovoltaicArray,2024-08-09 18:00:00,0.0,0.0,0.0
E.K. Chalki,PhotovoltaicArray,2024-08-09 18:15:00,0.0,0.0,0.0
E.K. Chalki,PhotovoltaicArray,2024-08-09 18:30:00,0.0,0.0,0.0
E.K. Chalki,PhotovoltaicArray,2024-08-09 18:45:00,0.0,0.0,0.0
E.K. Chalki,PhotovoltaicArray,2024-08-09 19:00:00,0.0,0.0,0.0
E.K. Chalki,PhotovoltaicArray,2024-08-09 19:15:00,0.0,0.0,0.0
E.K. Chalki,PhotovoltaicArray,2024-08-09 19:30:00,0.0,0.0,0.0
E.K. Chalki,PhotovoltaicArray,2024-08-09 19:45:00,0.0,0.0,0.0
E.K. Chalki,PhotovoltaicArray,2024-08-09 20:00:00,0.0,0.0,0.0
E.K. Chalki,PhotovoltaicArray,2024-08-09 20:15:00,0.0,0.0,0.0
E.K. Chalki,PhotovoltaicArray,2024-08-09 20:30:00,0.0,0.0,0.0
E.K. Chalki,PhotovoltaicArray,2024-08-09 20:45:00,0.0,0.0,0.0
E.K. Chalki,PhotovoltaicArray,2024-08-09 21:00:00,0.0,0.0,0.0
E.K. Chalki,PhotovoltaicArray,2024-08-09 21:15:00,0.0,0.0,0.0
E.K. Chalki,PhotovoltaicArray,2024-08-09 21:30:00,0.0,0.0,0.0
E.K. Chalki,PhotovoltaicArray,2024-08-09 21:45:00,0.0,0.0,0.0
E.K. Chalki,PhotovoltaicArray,2024-08-09 22:00:00,0.0,0.0,0.0
E.K. Chalki,PhotovoltaicArray,2024-08-09 22:15:00,0.0,0.0,0.0
E.K. Chalki,PhotovoltaicArray,2024-08-09 22:30:00,0.0,0.0,0.0
E.K. Chalki,PhotovoltaicArray,2024-08-09 22:45:00,0.0,0.0,0.0
E.K. Chalki,PhotovoltaicArray,2024-08-09 23:00:00,0.0,0.0,0.0
E.K. Chalki,PhotovoltaicArray,2024-08-09 23:15:00,0.0,0.0,0.0
E.K. Chalki,PhotovoltaicArray,2024-08-09 23:30:00,0.0,0.0,0.0
E.K. Chalki,PhotovoltaicArray,2024-08-09 23:45:00,0.0,0.0,0.0
E.K. Chalki,PhotovoltaicArray,2024-08-10 00:00:00,0.0,0.0,0.0
E.K. Chalki,PhotovoltaicArray,2024-08-10 00:15:00,0.0,0.0,0.0
E.K. Chalki,PhotovoltaicArray,2024-08-10 00:30:00,0.0,0.0,0.0
E.K. Chalki,PhotovoltaicArray,2024-08-10 00:45:00,0.0,0.0,0.0
E.K. Chalki,PhotovoltaicArray,2024-08-10 01:00:00,0.0,0.0,0.0
E.K. Chalki,PhotovoltaicArray,2024-08-10 01:15:00,0.0,0.0,0.0
E.K. Chalki,PhotovoltaicArray,2024-08-10 01:30:00,0.0,0.0,0.0
E.K. Chalki,PhotovoltaicArray,2024-08-10 01:45:00,0.0,0.0,0.0
E.K. Chalki,PhotovoltaicArray,2024-08-10 02:00:00,0.0,0.0,0.0
E.K. Chalki,PhotovoltaicArray,2024-08-10 02:15:00,0.0,0.0,0.0
E.K. Chalki,PhotovoltaicArray,2024-08-10 02:30:00,0.0,0.0,0.0
E.K. Chalki,PhotovoltaicArray,2024-08-10 02:45:00,0.0,0.0,0.0
E.K. Chalki,PhotovoltaicArray,2024-08-10 03:00:00,0.0,0.0,2.9425932588319883
E.K. Chalki,PhotovoltaicArray,2024-08-10 03:15:00,0.0,0.0,5.885186517663977
E.K. Chalki,PhotovoltaicArray,2024-08-10 03:30:00,0.0,0.0,8.827779776495964
E.K. Chalki,PhotovoltaicArray,2024-08-10 03:45:00,1.3930814266204834,5.572325706481934,11.770373035327953
E.K. Chalki,PhotovoltaicArray,2024-08-10 04:00:00,4.150028705596924,16.600114822387695,44.94142431670673
E.K. Chalki,PhotovoltaicArray,2024-08-10 04:15:00,9.921018600463867,39.68407440185547,78.11247559808551
E.K. Chalki,PhotovoltaicArray,2024-08-10 04:30:00,12.241737365722656,48.966949462890625,111.28352687946428
E.K. Chalki,PhotovoltaicArray,2024-08-10 04:45:00,21.318328857421875,85.2733154296875,144.45457816084306
E.K. Chalki,PhotovoltaicArray,2024-08-10 05:00:00,30.066022872924805,120.26409149169922,196.61873138559193
E.K. Chalki,PhotovoltaicArray,2024-08-10 05:15:00,37.91487503051758,151.6595001220703,248.78288461034083
E.K. Chalki,PhotovoltaicArray,2024-08-10 05:30:00,48.37285232543945,193.4914093017578,300.9470378350897
E.K. Chalki,PhotovoltaicArray,2024-08-10 05:45:00,62.4379768371582,249.7519073486328,353.1111910598386
E.K. Chalki,PhotovoltaicArray,2024-08-10 06:00:00,82.10472869873047,328.4189147949219,406.0778697188143
E.K. Chalki,PhotovoltaicArray,2024-08-10 06:15:00,89.86216735839844,359.44866943359375,459.04454837779014
E.K. Chalki,PhotovoltaicArray,2024-08-10 06:30:00,101.22337341308594,404.89349365234375,512.011227036766
E.K. Chalki,PhotovoltaicArray,2024-08-10 06:45:00,112.14387512207031,448.57550048828125,567.1179735203468
E.K. Chalki,PhotovoltaicArray,2024-08-10 07:00:00,114.71004486083984,458.8401794433594,613.3969402274316
E.K. Chalki,PhotovoltaicArray,2024-08-10 07:15:00,126.13297271728516,504.5318908691406,659.6759069345165
E.K. Chalki,PhotovoltaicArray,2024-08-10 07:30:00,133.85491943359375,535.419677734375,705.9548736416017
E.K. Chalki,PhotovoltaicArray,2024-08-10 07:45:00,143.4503936767578,573.8015747070312,752.2338403486865
E.K. Chalki,PhotovoltaicArray,2024-08-10 08:00:00,149.511474609375,598.0458984375,786.4749255423678
E.K. Chalki,PhotovoltaicArray,2024-08-10 08:15:00,161.2861328125,645.14453125,820.716010736049
E.K. Chalki,PhotovoltaicArray,2024-08-10 08:30:00,160.7220458984375,642.88818359375,854.9570959297303
E.K. Chalki,PhotovoltaicArray,2024-08-10 08:45:00,173.6884002685547,694.7536010742188,889.1981811234116
E.K. Chalki,PhotovoltaicArray,2024-08-10 09:00:00,169.3529510498047,677.4118041992188,909.5288254571599
E.K. Chalki,PhotovoltaicArray,2024-08-10 09:15:00,179.32859802246094,717.3143920898438,929.8594697909083
E.K. Chalki,PhotovoltaicArray,2024-08-10 09:30:00,169.33168029785156,677.3267211914062,950.1901141246566
E.K. Chalki,PhotovoltaicArray,2024-08-10 09:45:00,173.46209716796875,693.848388671875,970.5207584584048
E.K. Chalki,PhotovoltaicArray,2024-08-10 10:00:00,171.9214630126953,687.6858520507812,975.3359110637662
E.K. Chalki,PhotovoltaicArray,2024-08-10 10:15:00,171.8467559814453,687.3870239257812,980.1510636691277
E.K. Chalki,PhotovoltaicArray,2024-08-10 10:30:00,176.49197387695312,705.9678955078125,984.966216274489
E.K. Chalki,PhotovoltaicArray,2024-08-10 10:45:00,180.63296508789062,722.5318603515625,989.7813688798506
E.K. Chalki,PhotovoltaicArray,2024-08-10 11:00:00,172.20770263671875,688.830810546875,978.0109958445225
E.K. Chalki,PhotovoltaicArray,2024-08-10 11:15:00,165.40367126464844,661.6146850585938,966.2406228091946
E.K. Chalki,PhotovoltaicArray,2024-08-10 11:30:00,151.30340576171875,605.213623046875,954.4702497738667
E.K. Chalki,PhotovoltaicArray,2024-08-10 11:45:00,170.13600158691406,680.5440063476562,942.6998767385388
E.K. Chalki,PhotovoltaicArray,2024-08-10 12:00:00,152.0749053955078,608.2996215820312,915.1465034967483
E.K. Chalki,PhotovoltaicArray,2024-08-10 12:15:00,170.9489288330078,683.7957153320312,887.5931302549578
E.K. Chalki,PhotovoltaicArray,2024-08-10 12:30:00,136.17654418945312,544.7061767578125,860.0397570131673
E.K. Chalki,PhotovoltaicArray,2024-08-10 12:45:00,142.84510803222656,571.3804321289062,831.4163498590744
E.K. Chalki,PhotovoltaicArray,2024-08-10 13:00:00,128.38626098632812,513.5450439453125,791.0225696696535
E.K. Chalki,PhotovoltaicArray,2024-08-10 13:15:00,136.5248565673828,546.0994262695312,750.6287894802326
E.K. Chalki,PhotovoltaicArray,2024-08-10 13:30:00,104.3822021484375,417.52880859375,710.2350092908116
E.K. Chalki,PhotovoltaicArray,2024-08-10 13:45:00,121.60588836669922,486.4235534667969,669.8412291013907
E.K. Chalki,PhotovoltaicArray,2024-08-10 14:00:00,108.86978912353516,435.4791564941406,620.0846521793226
E.K. Chalki,PhotovoltaicArray,2024-08-10 14:15:00,99.3713150024414,397.4852600097656,570.3280752572545
E.K. Chalki,PhotovoltaicArray,2024-08-10 14:30:00,92.03143310546875,368.125732421875,520.5714983351862
E.K. Chalki,PhotovoltaicArray,2024-08-10 14:45:00,75.60533142089844,302.42132568359375,470.81492141311804
E.K. Chalki,PhotovoltaicArray,2024-08-10 15:00:00,63.929779052734375,255.7191162109375,417.31322579799104
E.K. Chalki,PhotovoltaicArray,2024-08-10 15:15:00,53.440589904785156,213.76235961914062,363.811530182864
E.K. Chalki,PhotovoltaicArray,2024-08-10 15:30:00,41.97099304199219,167.88397216796875,310.3098345677369
E.K. Chalki,PhotovoltaicArray,2024-08-10 15:45:00,31.09116554260254,124.36466217041016,256.80813895260985
E.K. Chalki,PhotovoltaicArray,2024-08-10 16:00:00,20.11835289001465,80.4734115600586,209.72664681129805
E.K. Chalki,PhotovoltaicArray,2024-08-10 16:15:00,14.31784725189209,57.27138900756836,162.64515466998625
E.K. Chalki,PhotovoltaicArray,2024-08-10 16:30:00,8.996848106384277,35.98739242553711,115.56366252867444
E.K. Chalki,PhotovoltaicArray,2024-08-10 16:45:00,3.150390863418579,12.601563453674316,68.48217038736263
E.K. Chalki,PhotovoltaicArray,2024-08-10 17:00:00,0.0,0.0,51.36162779052197
E.K. Chalki,PhotovoltaicArray,2024-08-10 17:15:00,0.0,0.0,34.241085193681315
E.K. Chalki,PhotovoltaicArray,2024-08-10 17:30:00,0.0,0.0,17.120542596840657
E.K. Chalki,PhotovoltaicArray,2024-08-10 17:45:00,0.0,0.0,0.0
E.K. Chalki,PhotovoltaicArray,2024-08-10 18:00:00,0.0,0.0,0.0
E.K. Chalki,PhotovoltaicArray,2024-08-10 18:15:00,0.0,0.0,0.0
E.K. Chalki,PhotovoltaicArray,2024-08-10 18:30:00,0.0,0.0,0.0
E.K. Chalki,PhotovoltaicArray,2024-08-10 18:45:00,0.0,0.0,0.0
E.K. Chalki,PhotovoltaicArray,2024-08-10 19:00:00,0.0,0.0,0.0
E.K. Chalki,PhotovoltaicArray,2024-08-10 19:15:00,0.0,0.0,0.0
E.K. Chalki,PhotovoltaicArray,2024-08-10 19:30:00,0.0,0.0,0.0
E.K. Chalki,PhotovoltaicArray,2024-08-10 19:45:00,0.0,0.0,0.0
E.K. Chalki,PhotovoltaicArray,2024-08-10 20:00:00,0.0,0.0,0.0
E.K. Chalki,PhotovoltaicArray,2024-08-10 20:15:00,0.0,0.0,0.0
E.K. Chalki,PhotovoltaicArray,2024-08-10 20:30:00,0.0,0.0,0.0
E.K. Chalki,PhotovoltaicArray,2024-08-10 20:45:00,0.0,0.0,0.0
E.K. Chalki,PhotovoltaicArray,2024-08-10 21:00:00,0.0,0.0,0.0
E.K. Chalki,PhotovoltaicArray,2024-08-10 21:15:00,0.0,0.0,0.0
E.K. Chalki,PhotovoltaicArray,2024-08-10 21:30:00,0.0,0.0,0.0
E.K. Chalki,PhotovoltaicArray,2024-08-10 21:45:00,0.0,0.0,0.0
E.K. Chalki,PhotovoltaicArray,2024-08-10 22:00:00,0.0,0.0,0.0
E.K. Chalki,PhotovoltaicArray,2024-08-10 22:15:00,0.0,0.0,0.0
E.K. Chalki,PhotovoltaicArray,2024-08-10 22:30:00,0.0,0.0,0.0
E.K. Chalki,PhotovoltaicArray,2024-08-10 22:45:00,0.0,0.0,0.0
E.K. Chalki,PhotovoltaicArray,2024-08-10 23:00:00,0.0,0.0,0.0
E.K. Chalki,PhotovoltaicArray,2024-08-10 23:15:00,0.0,0.0,0.0
E.K. Chalki,PhotovoltaicArray,2024-08-10 23:30:00,0.0,0.0,0.0
E.K. Chalki,PhotovoltaicArray,2024-08-10 23:45:00,0.0,0.0,0.0
E.K. Chalki,PhotovoltaicArray,2024-08-11 00:00:00,0.0,0.0,0.0
E.K. Chalki,PhotovoltaicArray,2024-08-11 00:15:00,0.0,0.0,0.0
E.K. Chalki,PhotovoltaicArray,2024-08-11 00:30:00,0.0,0.0,0.0
E.K. Chalki,PhotovoltaicArray,2024-08-11 00:45:00,0.0,0.0,0.0
E.K. Chalki,PhotovoltaicArray,2024-08-11 01:00:00,0.0,0.0,0.0
E.K. Chalki,PhotovoltaicArray,2024-08-11 01:15:00,0.0,0.0,0.0
E.K. Chalki,PhotovoltaicArray,2024-08-11 01:30:00,0.0,0.0,0.0
E.K. Chalki,PhotovoltaicArray,2024-08-11 01:45:00,0.0,0.0,0.0
E.K. Chalki,PhotovoltaicArray,2024-08-11 02:00:00,0.0,0.0,0.0
E.K. Chalki,PhotovoltaicArray,2024-08-11 02:15:00,0.0,0.0,0.0
E.K. Chalki,PhotovoltaicArray,2024-08-11 02:30:00,0.0,0.0,0.0
E.K. Chalki,PhotovoltaicArray,2024-08-11 02:45:00,0.0,0.0,0.0
E.K. Chalki,PhotovoltaicArray,2024-08-11 03:00:00,0.0,0.0,2.6817091766484342
E.K. Chalki,PhotovoltaicArray,2024-08-11 03:15:00,0.0,0.0,5.3634183532968684
E.K. Chalki,PhotovoltaicArray,2024-08-11 03:30:00,0.0,0.0,8.045127529945303
E.K. Chalki,PhotovoltaicArray,2024-08-11 03:45:00,1.3930814266204834,5.572325706481934,10.726836706593737
E.K. Chalki,PhotovoltaicArray,2024-08-11 04:00:00,3.497714042663574,13.990856170654297,43.17551774403979
E.K. Chalki,PhotovoltaicArray,2024-08-11 04:15:00,9.921018600463867,39.68407440185547,75.62419878148583
E.K. Chalki,PhotovoltaicArray,2024-08-11 04:30:00,12.208599090576172,48.83439636230469,108.0728798189319
E.K. Chalki,PhotovoltaicArray,2024-08-11 04:45:00,21.16178321838379,84.64713287353516,140.52156085637796
E.K. Chalki,PhotovoltaicArray,2024-08-11 05:00:00,28.666166305541992,114.66466522216797,192.01037704802786
E.K. Chalki,PhotovoltaicArray,2024-08-11 05:15:00,36.738914489746094,146.95565795898438,243.49919323967782
E.K. Chalki,PhotovoltaicArray,2024-08-11 05:30:00,49.48561477661133,197.9424591064453,294.9880094313277
E.K. Chalki,PhotovoltaicArray,2024-08-11 05:45:00,57.38556671142578,229.54226684570312,346.4768256229777
E.K. Chalki,PhotovoltaicArray,2024-08-11 06:00:00,72.57422637939453,290.2969055175781,398.5019836499573
E.K. Chalki,PhotovoltaicArray,2024-08-11 06:15:00,88.68208312988281,354.72833251953125,450.5271416769369
E.K. Chalki,PhotovoltaicArray,2024-08-11 06:30:00,94.10977935791016,376.4391174316406,502.5522997039165
E.K. Chalki,PhotovoltaicArray,2024-08-11 06:45:00,113.2545394897461,453.0181579589844,557.7955087428743
E.K. Chalki,PhotovoltaicArray,2024-08-11 07:00:00,110.13893127441406,440.55572509765625,603.3845647458977
E.K. Chalki,PhotovoltaicArray,2024-08-11 07:15:00,131.52957153320312,526.1182861328125,648.973620748921
E.K. Chalki,PhotovoltaicArray,2024-08-11 07:30:00,137.42173767089844,549.6869506835938,694.5626767519445
E.K. Chalki,PhotovoltaicArray,2024-08-11 07:45:00,137.92481994628906,551.6992797851562,740.151732754968
E.K. Chalki,PhotovoltaicArray,2024-08-11 08:00:00,151.64346313476562,606.5738525390625,774.7457811337327
E.K. Chalki,PhotovoltaicArray,2024-08-11 08:15:00,156.17617797851562,624.7047119140625,809.3398295124973
E.K. Chalki,PhotovoltaicArray,2024-08-11 08:30:00,147.591064453125,590.3642578125,843.9338778912622
E.K. Chalki,PhotovoltaicArray,2024-08-11 08:45:00,169.98731994628906,679.9492797851562,878.527926270027
E.K. Chalki,PhotovoltaicArray,2024-08-11 09:00:00,176.14170837402344,704.5668334960938,898.9089160125551
E.K. Chalki,PhotovoltaicArray,2024-08-11 09:15:00,169.07620239257812,676.3048095703125,919.2899057550832
E.K. Chalki,PhotovoltaicArray,2024-08-11 09:30:00,175.59194946289062,702.3677978515625,939.6708954976112
E.K. Chalki,PhotovoltaicArray,2024-08-11 09:45:00,159.1468048095703,636.5872192382812,960.0518852401393
E.K. Chalki,PhotovoltaicArray,2024-08-11 10:00:00,172.7442169189453,690.9768676757812,964.6107908404417
E.K. Chalki,PhotovoltaicArray,2024-08-11 10:15:00,171.06613159179688,684.2645263671875,969.169696440744
E.K. Chalki,PhotovoltaicArray,2024-08-11 10:30:00,172.0491180419922,688.1964721679688,973.7286020410463
E.K. Chalki,PhotovoltaicArray,2024-08-11 10:45:00,169.32582092285156,677.3032836914062,978.2875076413487
E.K. Chalki,PhotovoltaicArray,2024-08-11 11:00:00,177.98208618164062,711.9283447265625,966.4879872640955
E.K. Chalki,PhotovoltaicArray,2024-08-11 11:15:00,162.39596557617188,649.5838623046875,954.6884668868424
E.K. Chalki,PhotovoltaicArray,2024-08-11 11:30:00,168.76849365234375,675.073974609375,942.8889465095893
E.K. Chalki,PhotovoltaicArray,2024-08-11 11:45:00,144.4915313720703,577.9661254882812,931.0894261323363
E.K. Chalki,PhotovoltaicArray,2024-08-11 12:00:00,165.21607971191406,660.8643188476562,904.2723343658519
E.K. Chalki,PhotovoltaicArray,2024-08-11 12:15:00,162.69593811035156,650.7837524414062,877.4552425993676
E.K. Chalki,PhotovoltaicArray,2024-08-11 12:30:00,151.384521484375,605.5380859375,850.6381508328833
E.K. Chalki,PhotovoltaicArray,2024-08-11 12:45:00,137.9840850830078,551.9363403320312,821.6756917250802
E.K. Chalki,PhotovoltaicArray,2024-08-11 13:00:00,136.24632263183594,544.9852905273438,781.7182249930186
E.K. Chalki,PhotovoltaicArray,2024-08-11 13:15:00,131.7957000732422,527.1828002929688,741.7607582609569
E.K. Chalki,PhotovoltaicArray,2024-08-11 13:30:00,121.6893539428711,486.7574157714844,701.8032915288952
E.K. Chalki,PhotovoltaicArray,2024-08-11 13:45:00,120.97806549072266,483.9122619628906,661.8458247968335
E.K. Chalki,PhotovoltaicArray,2024-08-11 14:00:00,105.27349853515625,421.093994140625,612.5023759465023
E.K. Chalki,PhotovoltaicArray,2024-08-11 14:15:00,104.8036117553711,419.2144470214844,563.1589270961712
E.K. Chalki,PhotovoltaicArray,2024-08-11 14:30:00,85.1576156616211,340.6304626464844,513.8154782458399
E.K. Chalki,PhotovoltaicArray,2024-08-11 14:45:00,72.36971282958984,289.4788513183594,464.4720293955088
E.K. Chalki,PhotovoltaicArray,2024-08-11 15:00:00,66.394775390625,265.5791015625,411.3741876978698
E.K. Chalki,PhotovoltaicArray,2024-08-11 15:15:00,53.758907318115234,215.03562927246094,358.2763460002308
E.K. Chalki,PhotovoltaicArray,2024-08-11 15:30:00,42.00801467895508,168.0320587158203,305.17850430259176
E.K. Chalki,PhotovoltaicArray,2024-08-11 15:45:00,28.56352424621582,114.25409698486328,252.0806626049528
E.K. Chalki,PhotovoltaicArray,2024-08-11 16:00:00,18.805246353149414,75.22098541259766,205.41892293127006
E.K. Chalki,PhotovoltaicArray,2024-08-11 16:15:00,14.393576622009277,57.57430648803711,158.7571832575873
E.K. Chalki,PhotovoltaicArray,2024-08-11 16:30:00,8.853036880493164,35.412147521972656,112.09544358390454
E.K. Chalki,PhotovoltaicArray,2024-08-11 16:45:00,2.565248727798462,10.260994911193848,65.4337039102218
E.K. Chalki,PhotovoltaicArray,2024-08-11 17:00:00,0.0,0.0,49.07527793266634
E.K. Chalki,PhotovoltaicArray,2024-08-11 17:15:00,0.0,0.0,32.7168519551109
E.K. Chalki,PhotovoltaicArray,2024-08-11 17:30:00,0.0,0.0,16.35842597755545
E.K. Chalki,PhotovoltaicArray,2024-08-11 17:45:00,0.0,0.0,0.0
E.K. Chalki,PhotovoltaicArray,2024-08-11 18:00:00,0.0,0.0,0.0
E.K. Chalki,PhotovoltaicArray,2024-08-11 18:15:00,0.0,0.0,0.0
E.K. Chalki,PhotovoltaicArray,2024-08-11 18:30:00,0.0,0.0,0.0
E.K. Chalki,PhotovoltaicArray,2024-08-11 18:45:00,0.0,0.0,0.0
E.K. Chalki,PhotovoltaicArray,2024-08-11 19:00:00,0.0,0.0,0.0
E.K. Chalki,PhotovoltaicArray,2024-08-11 19:15:00,0.0,0.0,0.0
E.K. Chalki,PhotovoltaicArray,2024-08-11 19:30:00,0.0,0.0,0.0
E.K. Chalki,PhotovoltaicArray,2024-08-11 19:45:00,0.0,0.0,0.0
E.K. Chalki,PhotovoltaicArray,2024-08-11 20:00:00,0.0,0.0,0.0
E.K. Chalki,PhotovoltaicArray,2024-08-11 20:15:00,0.0,0.0,0.0
E.K. Chalki,PhotovoltaicArray,2024-08-11 20:30:00,0.0,0.0,0.0
E.K. Chalki,PhotovoltaicArray,2024-08-11 20:45:00,0.0,0.0,0.0
E.K. Chalki,PhotovoltaicArray,2024-08-11 21:00:00,0.0,0.0,0.0
E.K. Chalki,PhotovoltaicArray,2024-08-11 21:15:00,0.0,0.0,0.0
E.K. Chalki,PhotovoltaicArray,2024-08-11 21:30:00,0.0,0.0,0.0
E.K. Chalki,PhotovoltaicArray,2024-08-11 21:45:00,0.0,0.0,0.0
E.K. Chalki,PhotovoltaicArray,2024-08-11 22:00:00,0.0,0.0,0.0
E.K. Chalki,PhotovoltaicArray,2024-08-11 22:15:00,0.0,0.0,0.0
E.K. Chalki,PhotovoltaicArray,2024-08-11 22:30:00,0.0,0.0,0.0
E.K. Chalki,PhotovoltaicArray,2024-08-11 22:45:00,0.0,0.0,0.0
E.K. Chalki,PhotovoltaicArray,2024-08-11 23:00:00,0.0,0.0,0.0
E.K. Chalki,PhotovoltaicArray,2024-08-11 23:15:00,0.0,0.0,0.0
E.K. Chalki,PhotovoltaicArray,2024-08-11 23:30:00,0.0,0.0,0.0
E.K. Chalki,PhotovoltaicArray,2024-08-11 23:45:00,0.0,0.0,0.0
E.K. Chalki,PhotovoltaicArray,2024-08-12 00:00:00,0.0,0.0,0.0
E.K. Chalki,PhotovoltaicArray,2024-08-12 00:15:00,0.0,0.0,0.0
E.K. Chalki,PhotovoltaicArray,2024-08-12 00:30:00,0.0,0.0,0.0
E.K. Chalki,PhotovoltaicArray,2024-08-12 00:45:00,0.0,0.0,0.0
E.K. Chalki,PhotovoltaicArray,2024-08-12 01:00:00,0.0,0.0,0.0
E.K. Chalki,PhotovoltaicArray,2024-08-12 01:15:00,0.0,0.0,0.0
E.K. Chalki,PhotovoltaicArray,2024-08-12 01:30:00,0.0,0.0,0.0
E.K. Chalki,PhotovoltaicArray,2024-08-12 01:45:00,0.0,0.0,0.0
E.K. Chalki,PhotovoltaicArray,2024-08-12 02:00:00,0.0,0.0,0.0
E.K. Chalki,PhotovoltaicArray,2024-08-12 02:15:00,0.0,0.0,0.0
E.K. Chalki,PhotovoltaicArray,2024-08-12 02:30:00,0.0,0.0,0.0
E.K. Chalki,PhotovoltaicArray,2024-08-12 02:45:00,0.0,0.0,0.0
E.K. Chalki,PhotovoltaicArray,2024-08-12 03:00:00,0.0,0.0,2.419609920622735
E.K. Chalki,PhotovoltaicArray,2024-08-12 03:15:00,0.0,0.0,4.83921984124547
E.K. Chalki,PhotovoltaicArray,2024-08-12 03:30:00,0.0,0.0,7.2588297618682045
E.K. Chalki,PhotovoltaicArray,2024-08-12 03:45:00,0.0,0.0,9.67843968249094
E.K. Chalki,PhotovoltaicArray,2024-08-12 04:00:00,3.497714042663574,13.990856170654297,41.1333686505865
E.K. Chalki,PhotovoltaicArray,2024-08-12 04:15:00,9.49999713897705,37.9999885559082,72.58829761868205
E.K. Chalki,PhotovoltaicArray,2024-08-12 04:30:00,11.282777786254883,45.13111114501953,104.04322658677762
E.K. Chalki,PhotovoltaicArray,2024-08-12 04:45:00,20.733980178833008,82.93592071533203,135.49815555487316
E.K. Chalki,PhotovoltaicArray,2024-08-12 05:00:00,27.09323501586914,108.37294006347656,186.57880943468643
E.K. Chalki,PhotovoltaicArray,2024-08-12 05:15:00,35.509552001953125,142.0382080078125,237.65946331449976
E.K. Chalki,PhotovoltaicArray,2024-08-12 05:30:00,49.263919830322266,197.05567932128906,288.74011719431303
E.K. Chalki,PhotovoltaicArray,2024-08-12 05:45:00,56.83817672729492,227.3527069091797,339.82077107412636
E.K. Chalki,PhotovoltaicArray,2024-08-12 06:00:00,71.82565307617188,287.3026123046875,392.24565268761893
E.K. Chalki,PhotovoltaicArray,2024-08-12 06:15:00,85.47174072265625,341.886962890625,444.6705343011115
E.K. Chalki,PhotovoltaicArray,2024-08-12 06:30:00,92.77153015136719,371.08612060546875,497.0954159146041
E.K. Chalki,PhotovoltaicArray,2024-08-12 06:45:00,112.40327453613281,449.61309814453125,549.5202975280966
E.K. Chalki,PhotovoltaicArray,2024-08-12 07:00:00,110.2996597290039,441.1986389160156,595.7617315666645
E.K. Chalki,PhotovoltaicArray,2024-08-12 07:15:00,124.3266372680664,497.3065490722656,642.0031656052323
E.K. Chalki,PhotovoltaicArray,2024-08-12 07:30:00,136.25274658203125,545.010986328125,688.2445996438001
E.K. Chalki,PhotovoltaicArray,2024-08-12 07:45:00,138.80862426757812,555.2344970703125,734.486033682368
E.K. Chalki,PhotovoltaicArray,2024-08-12 08:00:00,145.2838592529297,581.1354370117188,769.1671092112939
E.K. Chalki,PhotovoltaicArray,2024-08-12 08:15:00,158.22019958496094,632.8807983398438,803.8481847402197
E.K. Chalki,PhotovoltaicArray,2024-08-12 08:30:00,150.55442810058594,602.2177124023438,838.5292602691454
E.K. Chalki,PhotovoltaicArray,2024-08-12 08:45:00,159.82040405273438,639.2816162109375,873.2103357980712
E.K. Chalki,PhotovoltaicArray,2024-08-12 09:00:00,172.3909454345703,689.5637817382812,894.1802884434684
E.K. Chalki,PhotovoltaicArray,2024-08-12 09:15:00,157.8290252685547,631.3161010742188,915.1502410888655
E.K. Chalki,PhotovoltaicArray,2024-08-12 09:30:00,151.12217712402344,604.4887084960938,936.1201937342626
E.K. Chalki,PhotovoltaicArray,2024-08-12 09:45:00,162.37860107421875,649.514404296875,957.0901463796596
E.K. Chalki,PhotovoltaicArray,2024-08-12 10:00:00,168.0642852783203,672.2571411132812,962.1982117676409
E.K. Chalki,PhotovoltaicArray,2024-08-12 10:15:00,165.60635375976562,662.4254150390625,967.3062771556223
E.K. Chalki,PhotovoltaicArray,2024-08-12 10:30:00,166.9420166015625,667.76806640625,972.4143425436034
E.K. Chalki,PhotovoltaicArray,2024-08-12 10:45:00,172.89402770996094,691.5761108398438,977.5224079315848
E.K. Chalki,PhotovoltaicArray,2024-08-12 11:00:00,173.7386474609375,694.95458984375,965.9620494219428
E.K. Chalki,PhotovoltaicArray,2024-08-12 11:15:00,175.28414916992188,701.1365966796875,954.401690912301
E.K. Chalki,PhotovoltaicArray,2024-08-12 11:30:00,169.69512939453125,678.780517578125,942.841332402659
E.K. Chalki,PhotovoltaicArray,2024-08-12 11:45:00,144.73194885253906,578.9277954101562,931.2809738930171
E.K. Chalki,PhotovoltaicArray,2024-08-12 12:00:00,168.5696258544922,674.2785034179688,904.1275736726953
E.K. Chalki,PhotovoltaicArray,2024-08-12 12:15:00,162.69593811035156,650.7837524414062,876.9741734523735
E.K. Chalki,PhotovoltaicArray,2024-08-12 12:30:00,151.58726501464844,606.3490600585938,849.8207732320517
E.K. Chalki,PhotovoltaicArray,2024-08-12 12:45:00,137.9840850830078,551.9363403320312,821.5919908247863
E.K. Chalki,PhotovoltaicArray,2024-08-12 13:00:00,136.24632263183594,544.9852905273438,781.5340043611433
E.K. Chalki,PhotovoltaicArray,2024-08-12 13:15:00,131.7957000732422,527.1828002929688,741.4760178975002
E.K. Chalki,PhotovoltaicArray,2024-08-12 13:30:00,125.00152587890625,500.006103515625,701.4180314338574
E.K. Chalki,PhotovoltaicArray,2024-08-12 13:45:00,120.97806549072266,483.9122619628906,661.3600449702144
E.K. Chalki,PhotovoltaicArray,2024-08-12 14:00:00,105.27349853515625,421.093994140625,612.161309917552
E.K. Chalki,PhotovoltaicArray,2024-08-12 14:15:00,104.8036117553711,419.2144470214844,562.9625748648897
E.K. Chalki,PhotovoltaicArray,2024-08-12 14:30:00,85.1576156616211,340.6304626464844,513.7638398122274
E.K. Chalki,PhotovoltaicArray,2024-08-12 14:45:00,72.36971282958984,289.4788513183594,464.56510475956503
E.K. Chalki,PhotovoltaicArray,2024-08-12 15:00:00,65.67155456542969,262.68621826171875,411.3336865058649
E.K. Chalki,PhotovoltaicArray,2024-08-12 15:15:00,52.241458892822266,208.96583557128906,358.1022682521648
E.K. Chalki,PhotovoltaicArray,2024-08-12 15:30:00,42.00801467895508,168.0320587158203,304.87084999846456
E.K. Chalki,PhotovoltaicArray,2024-08-12 15:45:00,28.56352424621582,114.25409698486328,251.63943174476447
E.K. Chalki,PhotovoltaicArray,2024-08-12 16:00:00,18.805246353149414,75.22098541259766,204.8603066127249
E.K. Chalki,PhotovoltaicArray,2024-08-12 16:15:00,13.680380821228027,54.72152328491211,158.08118148068533
E.K. Chalki,PhotovoltaicArray,2024-08-12 16:30:00,8.746240615844727,34.984962463378906,111.3020563486458
E.K. Chalki,PhotovoltaicArray,2024-08-12 16:45:00,2.565248727798462,10.260994911193848,64.52293121660627
E.K. Chalki,PhotovoltaicArray,2024-08-12 17:00:00,0.0,0.0,48.3921984124547
E.K. Chalki,PhotovoltaicArray,2024-08-12 17:15:00,0.0,0.0,32.26146560830313
E.K. Chalki,PhotovoltaicArray,2024-08-12 17:30:00,0.0,0.0,16.130732804151567
E.K. Chalki,PhotovoltaicArray,2024-08-12 17:45:00,0.0,0.0,0.0
E.K. Chalki,PhotovoltaicArray,2024-08-12 18:00:00,0.0,0.0,0.0
E.K. Chalki,PhotovoltaicArray,2024-08-12 18:15:00,0.0,0.0,0.0
E.K. Chalki,PhotovoltaicArray,2024-08-12 18:30:00,0.0,0.0,0.0
E.K. Chalki,PhotovoltaicArray,2024-08-12 18:45:00,0.0,0.0,0.0
E.K. Chalki,PhotovoltaicArray,2024-08-12 19:00:00,0.0,0.0,0.0
E.K. Chalki,PhotovoltaicArray,2024-08-12 19:15:00,0.0,0.0,0.0
E.K. Chalki,PhotovoltaicArray,2024-08-12 19:30:00,0.0,0.0,0.0
E.K. Chalki,PhotovoltaicArray,2024-08-12 19:45:00,0.0,0.0,0.0
E.K. Chalki,PhotovoltaicArray,2024-08-12 20:00:00,0.0,0.0,0.0
E.K. Chalki,PhotovoltaicArray,2024-08-12 20:15:00,0.0,0.0,0.0
E.K. Chalki,PhotovoltaicArray,2024-08-12 20:30:00,0.0,0.0,0.0
E.K. Chalki,PhotovoltaicArray,2024-08-12 20:45:00,0.0,0.0,0.0
E.K. Chalki,PhotovoltaicArray,2024-08-12 21:00:00,0.0,0.0,0.0
E.K. Chalki,PhotovoltaicArray,2024-08-12 21:15:00,0.0,0.0,0.0
E.K. Chalki,PhotovoltaicArray,2024-08-12 21:30:00,0.0,0.0,0.0
E.K. Chalki,PhotovoltaicArray,2024-08-12 21:45:00,0.0,0.0,0.0
E.K. Chalki,PhotovoltaicArray,2024-08-12 22:00:00,0.0,0.0,0.0
E.K. Chalki,PhotovoltaicArray,2024-08-12 22:15:00,0.0,0.0,0.0
E.K. Chalki,PhotovoltaicArray,2024-08-12 22:30:00,0.0,0.0,0.0
E.K. Chalki,PhotovoltaicArray,2024-08-12 22:45:00,0.0,0.0,0.0
E.K. Chalki,PhotovoltaicArray,2024-08-12 23:00:00,0.0,0.0,0.0
E.K. Chalki,PhotovoltaicArray,2024-08-12 23:15:00,0.0,0.0,0.0
E.K. Chalki,PhotovoltaicArray,2024-08-12 23:30:00,0.0,0.0,0.0
E.K. Chalki,PhotovoltaicArray,2024-08-12 23:45:00,0.0,0.0,0.0
E.K. Chalki,PhotovoltaicArray,2024-08-13 00:00:00,0.0,0.0,0.0
E.K. Chalki,PhotovoltaicArray,2024-08-13 00:15:00,0.0,0.0,0.0
E.K. Chalki,PhotovoltaicArray,2024-08-13 00:30:00,0.0,0.0,0.0
E.K. Chalki,PhotovoltaicArray,2024-08-13 00:45:00,0.0,0.0,0.0
E.K. Chalki,PhotovoltaicArray,2024-08-13 01:00:00,0.0,0.0,0.0
E.K. Chalki,PhotovoltaicArray,2024-08-13 01:15:00,0.0,0.0,0.0
E.K. Chalki,PhotovoltaicArray,2024-08-13 01:30:00,0.0,0.0,0.0
E.K. Chalki,PhotovoltaicArray,2024-08-13 01:45:00,0.0,0.0,0.0
E.K. Chalki,PhotovoltaicArray,2024-08-13 02:00:00,0.0,0.0,0.0
E.K. Chalki,PhotovoltaicArray,2024-08-13 02:15:00,0.0,0.0,0.0
E.K. Chalki,PhotovoltaicArray,2024-08-13 02:30:00,0.0,0.0,0.0
E.K. Chalki,PhotovoltaicArray,2024-08-13 02:45:00,0.0,0.0,0.0
E.K. Chalki,PhotovoltaicArray,2024-08-13 03:00:00,0.0,0.0,2.425791123251389
E.K. Chalki,PhotovoltaicArray,2024-08-13 03:15:00,0.0,0.0,4.851582246502778
E.K. Chalki,PhotovoltaicArray,2024-08-13 03:30:00,0.0,0.0,7.277373369754166
E.K. Chalki,PhotovoltaicArray,2024-08-13 03:45:00,0.0,0.0,9.703164493005556
E.K. Chalki,PhotovoltaicArray,2024-08-13 04:00:00,3.497714042663574,13.990856170654297,41.23844909527361
E.K. Chalki,PhotovoltaicArray,2024-08-13 04:15:00,8.796655654907227,35.186622619628906,72.77373369754166
E.K. Chalki,PhotovoltaicArray,2024-08-13 04:30:00,11.084370613098145,44.33748245239258,104.30901829980974
E.K. Chalki,PhotovoltaicArray,2024-08-13 04:45:00,18.72239875793457,74.88959503173828,135.84430290207777
E.K. Chalki,PhotovoltaicArray,2024-08-13 05:00:00,27.09323501586914,108.37294006347656,187.59451353144075
E.K. Chalki,PhotovoltaicArray,2024-08-13 05:15:00,41.50712585449219,166.02850341796875,239.34472416080368
E.K. Chalki,PhotovoltaicArray,2024-08-13 05:30:00,49.48561477661133,197.9424591064453,291.09493479016663
E.K. Chalki,PhotovoltaicArray,2024-08-13 05:45:00,57.307044982910156,229.22817993164062,342.8451454195296
E.K. Chalki,PhotovoltaicArray,2024-08-13 06:00:00,71.82565307617188,287.3026123046875,395.40395308997637
E.K. Chalki,PhotovoltaicArray,2024-08-13 06:15:00,85.47174072265625,341.886962890625,447.9627607604231
E.K. Chalki,PhotovoltaicArray,2024-08-13 06:30:00,95.12106323242188,380.4842529296875,500.5215684308699
E.K. Chalki,PhotovoltaicArray,2024-08-13 06:45:00,113.2545394897461,453.0181579589844,555.2366348775403
E.K. Chalki,PhotovoltaicArray,2024-08-13 07:00:00,110.13893127441406,440.55572509765625,601.5961985663445
E.K. Chalki,PhotovoltaicArray,2024-08-13 07:15:00,131.52957153320312,526.1182861328125,647.9557622551487
E.K. Chalki,PhotovoltaicArray,2024-08-13 07:30:00,137.68226623535156,550.7290649414062,694.315325943953
E.K. Chalki,PhotovoltaicArray,2024-08-13 07:45:00,138.75640869140625,555.025634765625,740.6748896327573
E.K. Chalki,PhotovoltaicArray,2024-08-13 08:00:00,151.64346313476562,606.5738525390625,775.4445623993606
E.K. Chalki,PhotovoltaicArray,2024-08-13 08:15:00,156.24159240722656,624.9663696289062,810.2142351659638
E.K. Chalki,PhotovoltaicArray,2024-08-13 08:30:00,150.2272186279297,600.9088745117188,844.9839079325671
E.K. Chalki,PhotovoltaicArray,2024-08-13 08:45:00,160.52328491210938,642.0931396484375,879.7535806991704
E.K. Chalki,PhotovoltaicArray,2024-08-13 09:00:00,176.14170837402344,704.5668334960938,900.777103767349
E.K. Chalki,PhotovoltaicArray,2024-08-13 09:15:00,174.31336975097656,697.2534790039062,921.8006268355277
E.K. Chalki,PhotovoltaicArray,2024-08-13 09:30:00,175.59194946289062,702.3677978515625,942.8241499037065
E.K. Chalki,PhotovoltaicArray,2024-08-13 09:45:00,158.99893188476562,635.9957275390625,963.8476729718851
E.K. Chalki,PhotovoltaicArray,2024-08-13 10:00:00,173.16116333007812,692.6446533203125,968.9687875654158
E.K. Chalki,PhotovoltaicArray,2024-08-13 10:15:00,171.06613159179688,684.2645263671875,974.0899021589465
E.K. Chalki,PhotovoltaicArray,2024-08-13 10:30:00,178.77792358398438,715.1116943359375,979.2110167524775
E.K. Chalki,PhotovoltaicArray,2024-08-13 10:45:00,175.52586364746094,702.1034545898438,984.332131346008
E.K. Chalki,PhotovoltaicArray,2024-08-13 11:00:00,181.21047973632812,724.8419189453125,972.4727080767791
E.K. Chalki,PhotovoltaicArray,2024-08-13 11:15:00,160.4433135986328,641.7732543945312,960.6132848075499
E.K. Chalki,PhotovoltaicArray,2024-08-13 11:30:00,159.47999572753906,637.9199829101562,948.7538615383208
E.K. Chalki,PhotovoltaicArray,2024-08-13 11:45:00,164.13824462890625,656.552978515625,936.8944382690919
E.K. Chalki,PhotovoltaicArray,2024-08-13 12:00:00,161.67408752441406,646.6963500976562,909.6716712192708
E.K. Chalki,PhotovoltaicArray,2024-08-13 12:15:00,166.82418823242188,667.2967529296875,882.4489041694496
E.K. Chalki,PhotovoltaicArray,2024-08-13 12:30:00,156.13218688964844,624.5287475585938,855.2261371196286
E.K. Chalki,PhotovoltaicArray,2024-08-13 12:45:00,148.5757293701172,594.3029174804688,830.1596288460306
E.K. Chalki,PhotovoltaicArray,2024-08-13 13:00:00,128.3941192626953,513.5764770507812,789.7297767918409
E.K. Chalki,PhotovoltaicArray,2024-08-13 13:15:00,132.02586364746094,528.1034545898438,749.2999247376512
E.K. Chalki,PhotovoltaicArray,2024-08-13 13:30:00,128.2412567138672,512.9650268554688,708.8700726834614
E.K. Chalki,PhotovoltaicArray,2024-08-13 13:45:00,121.30467987060547,485.2187194824219,668.4402206292716
E.K. Chalki,PhotovoltaicArray,2024-08-13 14:00:00,104.972900390625,419.8916015625,618.5767364291041
E.K. Chalki,PhotovoltaicArray,2024-08-13 14:15:00,106.75560760498047,427.0224304199219,568.7132522289368
E.K. Chalki,PhotovoltaicArray,2024-08-13 14:30:00,85.21623229980469,340.86492919921875,518.8497680287692
E.K. Chalki,PhotovoltaicArray,2024-08-13 14:45:00,72.06543731689453,288.2617492675781,468.98628382860176
E.K. Chalki,PhotovoltaicArray,2024-08-13 15:00:00,63.55198287963867,254.2079315185547,414.8102820759874
E.K. Chalki,PhotovoltaicArray,2024-08-13 15:15:00,50.13991928100586,200.55967712402344,360.6342803233731
E.K. Chalki,PhotovoltaicArray,2024-08-13 15:30:00,42.00801467895508,168.0320587158203,306.4582785707588
E.K. Chalki,PhotovoltaicArray,2024-08-13 15:45:00,28.56352424621582,114.25409698486328,252.28227681814445
E.K. Chalki,PhotovoltaicArray,2024-08-13 16:00:00,18.805246353149414,75.22098541259766,204.8445837412284
E.K. Chalki,PhotovoltaicArray,2024-08-13 16:15:00,13.680380821228027,54.72152328491211,157.40689066431233
E.K. Chalki,PhotovoltaicArray,2024-08-13 16:30:00,8.746240615844727,34.984962463378906,109.9691975873963
E.K. Chalki,PhotovoltaicArray,2024-08-13 16:45:00,0.0,0.0,62.53150451048025
E.K. Chalki,PhotovoltaicArray,2024-08-13 17:00:00,0.0,0.0,46.89862838286019
E.K. Chalki,PhotovoltaicArray,2024-08-13 17:15:00,0.0,0.0,31.265752255240123
E.K. Chalki,PhotovoltaicArray,2024-08-13 17:30:00,0.0,0.0,15.632876127620062
E.K. Chalki,PhotovoltaicArray,2024-08-13 17:45:00,0.0,0.0,0.0
E.K. Chalki,PhotovoltaicArray,2024-08-13 18:00:00,0.0,0.0,0.0
E.K. Chalki,PhotovoltaicArray,2024-08-13 18:15:00,0.0,0.0,0.0
E.K. Chalki,PhotovoltaicArray,2024-08-13 18:30:00,0.0,0.0,0.0
E.K. Chalki,PhotovoltaicArray,2024-08-13 18:45:00,0.0,0.0,0.0
E.K. Chalki,PhotovoltaicArray,2024-08-13 19:00:00,0.0,0.0,0.0
E.K. Chalki,PhotovoltaicArray,2024-08-13 19:15:00,0.0,0.0,0.0
E.K. Chalki,PhotovoltaicArray,2024-08-13 19:30:00,0.0,0.0,0.0
E.K. Chalki,PhotovoltaicArray,2024-08-13 19:45:00,0.0,0.0,0.0
E.K. Chalki,PhotovoltaicArray,2024-08-13 20:00:00,0.0,0.0,0.0
E.K. Chalki,PhotovoltaicArray,2024-08-13 20:15:00,0.0,0.0,0.0
E.K. Chalki,PhotovoltaicArray,2024-08-13 20:30:00,0.0,0.0,0.0
E.K. Chalki,PhotovoltaicArray,2024-08-13 20:45:00,0.0,0.0,0.0
E.K. Chalki,PhotovoltaicArray,2024-08-13 21:00:00,0.0,0.0,0.0
E.K. Chalki,PhotovoltaicArray,2024-08-13 21:15:00,0.0,0.0,0.0
E.K. Chalki,PhotovoltaicArray,2024-08-13 21:30:00,0.0,0.0,0.0
E.K. Chalki,PhotovoltaicArray,2024-08-13 21:45:00,0.0,0.0,0.0
E.K. Chalki,PhotovoltaicArray,2024-08-13 22:00:00,0.0,0.0,0.0
E.K. Chalki,PhotovoltaicArray,2024-08-13 22:15:00,0.0,0.0,0.0
E.K. Chalki,PhotovoltaicArray,2024-08-13 22:30:00,0.0,0.0,0.0
E.K. Chalki,PhotovoltaicArray,2024-08-13 22:45:00,0.0,0.0,0.0
E.K. Chalki,PhotovoltaicArray,2024-08-13 23:00:00,0.0,0.0,0.0
E.K. Chalki,PhotovoltaicArray,2024-08-13 23:15:00,0.0,0.0,0.0
E.K. Chalki,PhotovoltaicArray,2024-08-13 23:30:00,0.0,0.0,0.0
E.K. Chalki,PhotovoltaicArray,2024-08-13 23:45:00,0.0,0.0,0.0
E.K. Chalki,PhotovoltaicArray,2024-08-14 00:00:00,0.0,0.0,0.0
E.K. Chalki,PhotovoltaicArray,2024-08-14 00:15:00,0.0,0.0,0.0
E.K. Chalki,PhotovoltaicArray,2024-08-14 00:30:00,0.0,0.0,0.0
E.K. Chalki,PhotovoltaicArray,2024-08-14 00:45:00,0.0,0.0,0.0
E.K. Chalki,PhotovoltaicArray,2024-08-14 01:00:00,0.0,0.0,0.0
E.K. Chalki,PhotovoltaicArray,2024-08-14 01:15:00,0.0,0.0,0.0
E.K. Chalki,PhotovoltaicArray,2024-08-14 01:30:00,0.0,0.0,0.0
E.K. Chalki,PhotovoltaicArray,2024-08-14 01:45:00,0.0,0.0,0.0
E.K. Chalki,PhotovoltaicArray,2024-08-14 02:00:00,0.0,0.0,0.0
E.K. Chalki,PhotovoltaicArray,2024-08-14 02:15:00,0.0,0.0,0.0
E.K. Chalki,PhotovoltaicArray,2024-08-14 02:30:00,0.0,0.0,0.0
E.K. Chalki,PhotovoltaicArray,2024-08-14 02:45:00,0.0,0.0,0.0
E.K. Chalki,PhotovoltaicArray,2024-08-14 03:00:00,0.0,0.0,2.1618504124676576
E.K. Chalki,PhotovoltaicArray,2024-08-14 03:15:00,0.0,0.0,4.323700824935315
E.K. Chalki,PhotovoltaicArray,2024-08-14 03:30:00,0.0,0.0,6.485551237402974
E.K. Chalki,PhotovoltaicArray,2024-08-14 03:45:00,0.0,0.0,8.64740164987063
E.K. Chalki,PhotovoltaicArray,2024-08-14 04:00:00,3.497714042663574,13.990856170654297,39.994232630651666
E.K. Chalki,PhotovoltaicArray,2024-08-14 04:15:00,8.796655654907227,35.186622619628906,71.3410636114327
E.K. Chalki,PhotovoltaicArray,2024-08-14 04:30:00,11.084370613098145,44.33748245239258,102.68789459221372
E.K. Chalki,PhotovoltaicArray,2024-08-14 04:45:00,18.35270881652832,73.41083526611328,134.03472557299474
E.K. Chalki,PhotovoltaicArray,2024-08-14 05:00:00,25.716632843017578,102.86653137207031,185.10844156754317
E.K. Chalki,PhotovoltaicArray,2024-08-14 05:15:00,41.576927185058594,166.30770874023438,236.18215756209162
E.K. Chalki,PhotovoltaicArray,2024-08-14 05:30:00,49.263919830322266,197.05567932128906,287.25587355664
E.K. Chalki,PhotovoltaicArray,2024-08-14 05:45:00,59.42618179321289,237.70472717285156,338.32958955118846
E.K. Chalki,PhotovoltaicArray,2024-08-14 06:00:00,71.82565307617188,287.3026123046875,391.02469335508755
E.K. Chalki,PhotovoltaicArray,2024-08-14 06:15:00,85.47174072265625,341.886962890625,443.71979715898675
E.K. Chalki,PhotovoltaicArray,2024-08-14 06:30:00,92.98360443115234,371.9344177246094,496.4149009628859
E.K. Chalki,PhotovoltaicArray,2024-08-14 06:45:00,112.40327453613281,449.61309814453125,549.1100047667851
E.K. Chalki,PhotovoltaicArray,2024-08-14 07:00:00,118.43204498291016,473.7281799316406,595.0493260317228
E.K. Chalki,PhotovoltaicArray,2024-08-14 07:15:00,124.3266372680664,497.3065490722656,640.9886472966605
E.K. Chalki,PhotovoltaicArray,2024-08-14 07:30:00,131.78395080566406,527.1358032226562,686.9279685615983
E.K. Chalki,PhotovoltaicArray,2024-08-14 07:45:00,138.80862426757812,555.2344970703125,732.867289826536
E.K. Chalki,PhotovoltaicArray,2024-08-14 08:00:00,145.7346954345703,582.9387817382812,767.727127727577
E.K. Chalki,PhotovoltaicArray,2024-08-14 08:15:00,158.2855987548828,633.1423950195312,802.5869656286179
E.K. Chalki,PhotovoltaicArray,2024-08-14 08:30:00,149.6704864501953,598.6819458007812,837.446803529659
E.K. Chalki,PhotovoltaicArray,2024-08-14 08:45:00,159.82040405273438,639.2816162109375,872.3066414306999
E.K. Chalki,PhotovoltaicArray,2024-08-14 09:00:00,165.7410430908203,662.9641723632812,893.3846829522595
E.K. Chalki,PhotovoltaicArray,2024-08-14 09:15:00,169.9058837890625,679.62353515625,914.4627244738192
E.K. Chalki,PhotovoltaicArray,2024-08-14 09:30:00,128.26072692871094,513.0429077148438,935.5407659953789
E.K. Chalki,PhotovoltaicArray,2024-08-14 09:45:00,159.96917724609375,639.876708984375,956.6188075169384
E.K. Chalki,PhotovoltaicArray,2024-08-14 10:00:00,169.49081420898438,677.9632568359375,961.4829709449907
E.K. Chalki,PhotovoltaicArray,2024-08-14 10:15:00,171.9313507080078,687.7254028320312,966.347134373043
E.K. Chalki,PhotovoltaicArray,2024-08-14 10:30:00,170.01364135742188,680.0545654296875,971.2112978010953
E.K. Chalki,PhotovoltaicArray,2024-08-14 10:45:00,169.10028076171875,676.401123046875,976.0754612291474
E.K. Chalki,PhotovoltaicArray,2024-08-14 11:00:00,173.7386474609375,694.95458984375,964.1852839605752
E.K. Chalki,PhotovoltaicArray,2024-08-14 11:15:00,177.81515502929688,711.2606201171875,952.2951066920032
E.K. Chalki,PhotovoltaicArray,2024-08-14 11:30:00,169.69512939453125,678.780517578125,940.4049294234312
E.K. Chalki,PhotovoltaicArray,2024-08-14 11:45:00,143.76895141601562,575.0758056640625,928.514752154859
E.K. Chalki,PhotovoltaicArray,2024-08-14 12:00:00,163.70355224609375,654.814208984375,900.9511593958963
E.K. Chalki,PhotovoltaicArray,2024-08-14 12:15:00,155.97142028808594,623.8856811523438,873.3875666369337
E.K. Chalki,PhotovoltaicArray,2024-08-14 12:30:00,153.64137268066406,614.5654907226562,845.8239738779711
E.K. Chalki,PhotovoltaicArray,2024-08-14 12:45:00,131.58966064453125,526.358642578125,817.1794559127745
E.K. Chalki,PhotovoltaicArray,2024-08-14 13:00:00,136.20486450195312,544.8194580078125,776.3745293774475
E.K. Chalki,PhotovoltaicArray,2024-08-14 13:15:00,130.964111328125,523.8564453125,735.5696028421205
E.K. Chalki,PhotovoltaicArray,2024-08-14 13:30:00,126.04450225830078,504.1780090332031,694.7646763067935
E.K. Chalki,PhotovoltaicArray,2024-08-14 13:45:00,121.10530853271484,484.4212341308594,653.9597497714665
E.K. Chalki,PhotovoltaicArray,2024-08-14 14:00:00,96.3248519897461,385.2994079589844,604.2371902847103
E.K. Chalki,PhotovoltaicArray,2024-08-14 14:15:00,97.32032775878906,389.28131103515625,554.5146307979542
E.K. Chalki,PhotovoltaicArray,2024-08-14 14:30:00,76.27322387695312,305.0928955078125,504.79207131119813
E.K. Chalki,PhotovoltaicArray,2024-08-14 14:45:00,73.22566986083984,292.9026794433594,455.0695118244419
E.K. Chalki,PhotovoltaicArray,2024-08-14 15:00:00,65.31536102294922,261.2614440917969,401.8339454174259
E.K. Chalki,PhotovoltaicArray,2024-08-14 15:15:00,49.346046447753906,197.38418579101562,348.5983790104098
E.K. Chalki,PhotovoltaicArray,2024-08-14 15:30:00,40.18682098388672,160.74728393554688,295.3628126033937
E.K. Chalki,PhotovoltaicArray,2024-08-14 15:45:00,27.795011520385742,111.18004608154297,242.12724619637765
E.K. Chalki,PhotovoltaicArray,2024-08-14 16:00:00,18.461530685424805,73.84612274169922,196.18792493143994
E.K. Chalki,PhotovoltaicArray,2024-08-14 16:15:00,11.524249076843262,46.09699630737305,150.2486036665022
E.K. Chalki,PhotovoltaicArray,2024-08-14 16:30:00,8.452117919921875,33.8084716796875,104.30928240156449
E.K. Chalki,PhotovoltaicArray,2024-08-14 16:45:00,0.0,0.0,58.36996113662675
E.K. Chalki,PhotovoltaicArray,2024-08-14 17:00:00,0.0,0.0,43.77747085247007
E.K. Chalki,PhotovoltaicArray,2024-08-14 17:15:00,0.0,0.0,29.184980568313375
E.K. Chalki,PhotovoltaicArray,2024-08-14 17:30:00,0.0,0.0,14.592490284156687
E.K. Chalki,PhotovoltaicArray,2024-08-14 17:45:00,0.0,0.0,0.0
E.K. Chalki,PhotovoltaicArray,2024-08-14 18:00:00,0.0,0.0,0.0
E.K. Chalki,PhotovoltaicArray,2024-08-14 18:15:00,0.0,0.0,0.0
E.K. Chalki,PhotovoltaicArray,2024-08-14 18:30:00,0.0,0.0,0.0
E.K. Chalki,PhotovoltaicArray,2024-08-14 18:45:00,0.0,0.0,0.0
E.K. Chalki,PhotovoltaicArray,2024-08-14 19:00:00,0.0,0.0,0.0
E.K. Chalki,PhotovoltaicArray,2024-08-14 19:15:00,0.0,0.0,0.0
E.K. Chalki,PhotovoltaicArray,2024-08-14 19:30:00,0.0,0.0,0.0
E.K. Chalki,PhotovoltaicArray,2024-08-14 19:45:00,0.0,0.0,0.0
E.K. Chalki,PhotovoltaicArray,2024-08-14 20:00:00,0.0,0.0,0.0
E.K. Chalki,PhotovoltaicArray,2024-08-14 20:15:00,0.0,0.0,0.0
E.K. Chalki,PhotovoltaicArray,2024-08-14 20:30:00,0.0,0.0,0.0
E.K. Chalki,PhotovoltaicArray,2024-08-14 20:45:00,0.0,0.0,0.0
E.K. Chalki,PhotovoltaicArray,2024-08-14 21:00:00,0.0,0.0,0.0
E.K. Chalki,PhotovoltaicArray,2024-08-14 21:15:00,0.0,0.0,0.0
E.K. Chalki,PhotovoltaicArray,2024-08-14 21:30:00,0.0,0.0,0.0
E.K. Chalki,PhotovoltaicArray,2024-08-14 21:45:00,0.0,0.0,0.0
E.K. Chalki,PhotovoltaicArray,2024-08-14 22:00:00,0.0,0.0,0.0
E.K. Chalki,PhotovoltaicArray,2024-08-14 22:15:00,0.0,0.0,0.0
E.K. Chalki,PhotovoltaicArray,2024-08-14 22:30:00,0.0,0.0,0.0
E.K. Chalki,PhotovoltaicArray,2024-08-14 22:45:00,0.0,0.0,0.0
E.K. Chalki,PhotovoltaicArray,2024-08-14 23:00:00,0.0,0.0,0.0
E.K. Chalki,PhotovoltaicArray,2024-08-14 23:15:00,0.0,0.0,0.0
E.K. Chalki,PhotovoltaicArray,2024-08-14 23:30:00,0.0,0.0,0.0
E.K. Chalki,PhotovoltaicArray,2024-08-14 23:45:00,0.0,0.0,0.0
E.K. Chalki,PhotovoltaicArray,2024-08-15 00:00:00,0.0,0.0,0.0
E.K. Chalki,PhotovoltaicArray,2024-08-15 00:15:00,0.0,0.0,0.0
E.K. Chalki,PhotovoltaicArray,2024-08-15 00:30:00,0.0,0.0,0.0
E.K. Chalki,PhotovoltaicArray,2024-08-15 00:45:00,0.0,0.0,0.0
E.K. Chalki,PhotovoltaicArray,2024-08-15 01:00:00,0.0,0.0,0.0
E.K. Chalki,PhotovoltaicArray,2024-08-15 01:15:00,0.0,0.0,0.0
E.K. Chalki,PhotovoltaicArray,2024-08-15 01:30:00,0.0,0.0,0.0
E.K. Chalki,PhotovoltaicArray,2024-08-15 01:45:00,0.0,0.0,0.0
E.K. Chalki,PhotovoltaicArray,2024-08-15 02:00:00,0.0,0.0,0.0
E.K. Chalki,PhotovoltaicArray,2024-08-15 02:15:00,0.0,0.0,0.0
E.K. Chalki,PhotovoltaicArray,2024-08-15 02:30:00,0.0,0.0,0.0
E.K. Chalki,PhotovoltaicArray,2024-08-15 02:45:00,0.0,0.0,0.0
E.K. Chalki,PhotovoltaicArray,2024-08-15 03:00:00,0.0,0.0,1.8965967624261206
E.K. Chalki,PhotovoltaicArray,2024-08-15 03:15:00,0.0,0.0,3.7931935248522413
E.K. Chalki,PhotovoltaicArray,2024-08-15 03:30:00,0.0,0.0,5.6897902872783614
E.K. Chalki,PhotovoltaicArray,2024-08-15 03:45:00,0.0,0.0,7.5863870497044825
E.K. Chalki,PhotovoltaicArray,2024-08-15 04:00:00,3.4320573806762695,13.728229522705078,37.93193524852241
E.K. Chalki,PhotovoltaicArray,2024-08-15 04:15:00,7.446307182312012,29.785228729248047,68.27748344734033
E.K. Chalki,PhotovoltaicArray,2024-08-15 04:30:00,12.247220993041992,48.98888397216797,98.62303164615825
E.K. Chalki,PhotovoltaicArray,2024-08-15 04:45:00,18.15384292602539,72.61537170410156,128.96857984497618
E.K. Chalki,PhotovoltaicArray,2024-08-15 05:00:00,24.471115112304688,97.88446044921875,180.17669243048147
E.K. Chalki,PhotovoltaicArray,2024-08-15 05:15:00,41.576927185058594,166.30770874023438,231.3848050159867
E.K. Chalki,PhotovoltaicArray,2024-08-15 05:30:00,46.74198913574219,186.96795654296875,282.59291760149193
E.K. Chalki,PhotovoltaicArray,2024-08-15 05:45:00,63.82754135131836,255.31016540527344,333.8010301869972
E.K. Chalki,PhotovoltaicArray,2024-08-15 06:00:00,70.93943786621094,283.75775146484375,386.09291235103166
E.K. Chalki,PhotovoltaicArray,2024-08-15 06:15:00,86.33045959472656,345.32183837890625,438.3847945150661
E.K. Chalki,PhotovoltaicArray,2024-08-15 06:30:00,92.42366027832031,369.69464111328125,490.6766766791005
E.K. Chalki,PhotovoltaicArray,2024-08-15 06:45:00,109.5755615234375,438.30224609375,544.0523284216642
E.K. Chalki,PhotovoltaicArray,2024-08-15 07:00:00,117.25370025634766,469.0148010253906,590.383477903788
E.K. Chalki,PhotovoltaicArray,2024-08-15 07:15:00,123.3705825805664,493.4823303222656,636.7146273859119
E.K. Chalki,PhotovoltaicArray,2024-08-15 07:30:00,135.08660888671875,540.346435546875,683.0457768680355
E.K. Chalki,PhotovoltaicArray,2024-08-15 07:45:00,134.21900939941406,536.8760375976562,729.3769263501595
E.K. Chalki,PhotovoltaicArray,2024-08-15 08:00:00,145.67535400390625,582.701416015625,764.5994376523588
E.K. Chalki,PhotovoltaicArray,2024-08-15 08:15:00,157.4666748046875,629.86669921875,799.8219489545583
E.K. Chalki,PhotovoltaicArray,2024-08-15 08:30:00,159.3748016357422,637.4992065429688,835.0444602567577
E.K. Chalki,PhotovoltaicArray,2024-08-15 08:45:00,159.82040405273438,639.2816162109375,870.2669715589569
E.K. Chalki,PhotovoltaicArray,2024-08-15 09:00:00,166.5869140625,666.34765625,891.1295359456443
E.K. Chalki,PhotovoltaicArray,2024-08-15 09:15:00,172.16502380371094,688.6600952148438,911.9921003323316
E.K. Chalki,PhotovoltaicArray,2024-08-15 09:30:00,167.1256561279297,668.5026245117188,932.854664719019
E.K. Chalki,PhotovoltaicArray,2024-08-15 09:45:00,161.555908203125,646.2236328125,953.7172291057063
E.K. Chalki,PhotovoltaicArray,2024-08-15 10:00:00,164.0920867919922,656.3683471679688,958.5941922090877
E.K. Chalki,PhotovoltaicArray,2024-08-15 10:15:00,168.677978515625,674.7119140625,963.4711553124691
E.K. Chalki,PhotovoltaicArray,2024-08-15 10:30:00,170.87887573242188,683.5155029296875,968.3481184158506
E.K. Chalki,PhotovoltaicArray,2024-08-15 10:45:00,169.10028076171875,676.401123046875,973.225081519232
E.K. Chalki,PhotovoltaicArray,2024-08-15 11:00:00,173.7386474609375,694.95458984375,961.574558550043
E.K. Chalki,PhotovoltaicArray,2024-08-15 11:15:00,177.81515502929688,711.2606201171875,949.924035580854
E.K. Chalki,PhotovoltaicArray,2024-08-15 11:30:00,169.7027587890625,678.81103515625,938.2735126116652
E.K. Chalki,PhotovoltaicArray,2024-08-15 11:45:00,164.15762329101562,656.6304931640625,926.6229896424761
E.K. Chalki,PhotovoltaicArray,2024-08-15 12:00:00,163.70355224609375,654.814208984375,899.2578077846135
E.K. Chalki,PhotovoltaicArray,2024-08-15 12:15:00,155.97654724121094,623.9061889648438,871.8926259267508
E.K. Chalki,PhotovoltaicArray,2024-08-15 12:30:00,152.8480224609375,611.39208984375,844.5274440688883
E.K. Chalki,PhotovoltaicArray,2024-08-15 12:45:00,131.58966064453125,526.358642578125,816.0784926324962
E.K. Chalki,PhotovoltaicArray,2024-08-15 13:00:00,137.52896118164062,550.1158447265625,775.708075832283
E.K. Chalki,PhotovoltaicArray,2024-08-15 13:15:00,130.964111328125,523.8564453125,735.3376590320702
E.K. Chalki,PhotovoltaicArray,2024-08-15 13:30:00,126.04450225830078,504.1780090332031,694.967242231857
E.K. Chalki,PhotovoltaicArray,2024-08-15 13:45:00,110.64657592773438,442.5863037109375,654.5968254316439
E.K. Chalki,PhotovoltaicArray,2024-08-15 14:00:00,96.3248519897461,385.2994079589844,605.0143672139325
E.K. Chalki,PhotovoltaicArray,2024-08-15 14:15:00,100.37190246582031,401.48760986328125,555.431908996221
E.K. Chalki,PhotovoltaicArray,2024-08-15 14:30:00,76.27322387695312,305.0928955078125,505.84945077850955
E.K. Chalki,PhotovoltaicArray,2024-08-15 14:45:00,70.85818481445312,283.4327392578125,456.2669925607981
E.K. Chalki,PhotovoltaicArray,2024-08-15 15:00:00,65.31536102294922,261.2614440917969,402.6203984236021
E.K. Chalki,PhotovoltaicArray,2024-08-15 15:15:00,49.346046447753906,197.38418579101562,348.97380428640616
E.K. Chalki,PhotovoltaicArray,2024-08-15 15:30:00,40.18682098388672,160.74728393554688,295.32721014921015
E.K. Chalki,PhotovoltaicArray,2024-08-15 15:45:00,27.553993225097656,110.21597290039062,241.68061601201418
E.K. Chalki,PhotovoltaicArray,2024-08-15 16:00:00,18.355897903442383,73.42359161376953,195.34946652989038
E.K. Chalki,PhotovoltaicArray,2024-08-15 16:15:00,11.524249076843262,46.09699630737305,149.0183170477666
E.K. Chalki,PhotovoltaicArray,2024-08-15 16:30:00,8.386460304260254,33.545841217041016,102.68716756564281
E.K. Chalki,PhotovoltaicArray,2024-08-15 16:45:00,0.0,0.0,56.35601808351901
E.K. Chalki,PhotovoltaicArray,2024-08-15 17:00:00,0.0,0.0,42.267013562639264
E.K. Chalki,PhotovoltaicArray,2024-08-15 17:15:00,0.0,0.0,28.178009041759505
E.K. Chalki,PhotovoltaicArray,2024-08-15 17:30:00,0.0,0.0,14.089004520879753
E.K. Chalki,PhotovoltaicArray,2024-08-15 17:45:00,0.0,0.0,0.0
E.K. Chalki,PhotovoltaicArray,2024-08-15 18:00:00,0.0,0.0,0.0
E.K. Chalki,PhotovoltaicArray,2024-08-15 18:15:00,0.0,0.0,0.0
E.K. Chalki,PhotovoltaicArray,2024-08-15 18:30:00,0.0,0.0,0.0
E.K. Chalki,PhotovoltaicArray,2024-08-15 18:45:00,0.0,0.0,0.0
E.K. Chalki,PhotovoltaicArray,2024-08-15 19:00:00,0.0,0.0,0.0
E.K. Chalki,PhotovoltaicArray,2024-08-15 19:15:00,0.0,0.0,0.0
E.K. Chalki,PhotovoltaicArray,2024-08-15 19:30:00,0.0,0.0,0.0
E.K. Chalki,PhotovoltaicArray,2024-08-15 19:45:00,0.0,0.0,0.0
E.K. Chalki,PhotovoltaicArray,2024-08-15 20:00:00,0.0,0.0,0.0
E.K. Chalki,PhotovoltaicArray,2024-08-15 20:15:00,0.0,0.0,0.0
E.K. Chalki,PhotovoltaicArray,2024-08-15 20:30:00,0.0,0.0,0.0
E.K. Chalki,PhotovoltaicArray,2024-08-15 20:45:00,0.0,0.0,0.0
E.K. Chalki,PhotovoltaicArray,2024-08-15 21:00:00,0.0,0.0,0.0
E.K. Chalki,PhotovoltaicArray,2024-08-15 21:15:00,0.0,0.0,0.0
E.K. Chalki,PhotovoltaicArray,2024-08-15 21:30:00,0.0,0.0,0.0
E.K. Chalki,PhotovoltaicArray,2024-08-15 21:45:00,0.0,0.0,0.0
E.K. Chalki,PhotovoltaicArray,2024-08-15 22:00:00,0.0,0.0,0.0
E.K. Chalki,PhotovoltaicArray,2024-08-15 22:15:00,0.0,0.0,0.0
E.K. Chalki,PhotovoltaicArray,2024-08-15 22:30:00,0.0,0.0,0.0
E.K. Chalki,PhotovoltaicArray,2024-08-15 22:45:00,0.0,0.0,0.0
E.K. Chalki,PhotovoltaicArray,2024-08-15 23:00:00,0.0,0.0,0.0
E.K. Chalki,PhotovoltaicArray,2024-08-15 23:15:00,0.0,0.0,0.0
E.K. Chalki,PhotovoltaicArray,2024-08-15 23:30:00,0.0,0.0,0.0
E.K. Chalki,PhotovoltaicArray,2024-08-15 23:45:00,0.0,0.0,0.0
E.K. Chalki,PhotovoltaicArray,2024-08-16 00:00:00,0.0,0.0,0.0
E.K. Chalki,PhotovoltaicArray,2024-08-16 00:15:00,0.0,0.0,0.0
E.K. Chalki,PhotovoltaicArray,2024-08-16 00:30:00,0.0,0.0,0.0
E.K. Chalki,PhotovoltaicArray,2024-08-16 00:45:00,0.0,0.0,0.0
E.K. Chalki,PhotovoltaicArray,2024-08-16 01:00:00,0.0,0.0,0.0
E.K. Chalki,PhotovoltaicArray,2024-08-16 01:15:00,0.0,0.0,0.0
E.K. Chalki,PhotovoltaicArray,2024-08-16 01:30:00,0.0,0.0,0.0
E.K. Chalki,PhotovoltaicArray,2024-08-16 01:45:00,0.0,0.0,0.0
E.K. Chalki,PhotovoltaicArray,2024-08-16 02:00:00,0.0,0.0,0.0
E.K. Chalki,PhotovoltaicArray,2024-08-16 02:15:00,0.0,0.0,0.0
E.K. Chalki,PhotovoltaicArray,2024-08-16 02:30:00,0.0,0.0,0.0
E.K. Chalki,PhotovoltaicArray,2024-08-16 02:45:00,0.0,0.0,0.0
E.K. Chalki,PhotovoltaicArray,2024-08-16 03:00:00,0.0,0.0,1.9016592829141594
E.K. Chalki,PhotovoltaicArray,2024-08-16 03:15:00,0.0,0.0,3.803318565828319
E.K. Chalki,PhotovoltaicArray,2024-08-16 03:30:00,0.0,0.0,5.704977848742478
E.K. Chalki,PhotovoltaicArray,2024-08-16 03:45:00,0.0,0.0,7.606637131656638
E.K. Chalki,PhotovoltaicArray,2024-08-16 04:00:00,3.2046947479248047,12.818778991699219,38.84818249381783
E.K. Chalki,PhotovoltaicArray,2024-08-16 04:15:00,7.499436855316162,29.99774742126465,70.08972785597902
E.K. Chalki,PhotovoltaicArray,2024-08-16 04:30:00,12.247220993041992,48.98888397216797,101.33127321814021
E.K. Chalki,PhotovoltaicArray,2024-08-16 04:45:00,18.35270881652832,73.41083526611328,132.5728185803014
E.K. Chalki,PhotovoltaicArray,2024-08-16 05:00:00,25.716632843017578,102.86653137207031,185.2759472782081
E.K. Chalki,PhotovoltaicArray,2024-08-16 05:15:00,42.19158935546875,168.766357421875,237.97907597611479
E.K. Chalki,PhotovoltaicArray,2024-08-16 05:30:00,49.48561477661133,197.9424591064453,290.6822046740215
E.K. Chalki,PhotovoltaicArray,2024-08-16 05:45:00,57.307044982910156,229.22817993164062,343.3853333719282
E.K. Chalki,PhotovoltaicArray,2024-08-16 06:00:00,72.57422637939453,290.2969055175781,397.44679012905925
E.K. Chalki,PhotovoltaicArray,2024-08-16 06:15:00,88.68208312988281,354.72833251953125,451.5082468861904
E.K. Chalki,PhotovoltaicArray,2024-08-16 06:30:00,95.03298950195312,380.1319580078125,505.5697036433216
E.K. Chalki,PhotovoltaicArray,2024-08-16 06:45:00,111.20297241210938,444.8118896484375,561.8044852952117
E.K. Chalki,PhotovoltaicArray,2024-08-16 07:00:00,121.29789733886719,485.19158935546875,609.8892985917554
E.K. Chalki,PhotovoltaicArray,2024-08-16 07:15:00,124.37975311279297,497.5190124511719,657.9741118882991
E.K. Chalki,PhotovoltaicArray,2024-08-16 07:30:00,139.1043243408203,556.4172973632812,706.0589251848427
E.K. Chalki,PhotovoltaicArray,2024-08-16 07:45:00,146.0699005126953,584.2796020507812,754.1437384813865
E.K. Chalki,PhotovoltaicArray,2024-08-16 08:00:00,151.2349395751953,604.9397583007812,791.3619273041351
E.K. Chalki,PhotovoltaicArray,2024-08-16 08:15:00,169.00039672851562,676.0015869140625,828.5801161268838
E.K. Chalki,PhotovoltaicArray,2024-08-16 08:30:00,164.19346618652344,656.7738647460938,865.7983049496322
E.K. Chalki,PhotovoltaicArray,2024-08-16 08:45:00,176.14170837402344,704.5668334960938,903.0164937723807
E.K. Chalki,PhotovoltaicArray,2024-08-16 09:00:00,175.33509826660156,701.3403930664062,925.0214083318161
E.K. Chalki,PhotovoltaicArray,2024-08-16 09:15:00,153.95065307617188,615.8026123046875,947.0263228912513
E.K. Chalki,PhotovoltaicArray,2024-08-16 09:30:00,180.1785888671875,720.71435546875,969.0312374506866
E.K. Chalki,PhotovoltaicArray,2024-08-16 09:45:00,180.44020080566406,721.7608032226562,991.0361520101219
E.K. Chalki,PhotovoltaicArray,2024-08-16 10:00:00,208.32284545898438,833.2913818359375,995.6544674114848
E.K. Chalki,PhotovoltaicArray,2024-08-16 10:15:00,161.71470642089844,646.8588256835938,1000.2727828128478
E.K. Chalki,PhotovoltaicArray,2024-08-16 10:30:00,192.30783081054688,769.2313232421875,1004.8910982142107
E.K. Chalki,PhotovoltaicArray,2024-08-16 10:45:00,183.3268585205078,733.3074340820312,1009.5094136155736
E.K. Chalki,PhotovoltaicArray,2024-08-16 11:00:00,180.07786560058594,720.3114624023438,997.827792306244
E.K. Chalki,PhotovoltaicArray,2024-08-16 11:15:00,189.70726013183594,758.8290405273438,986.1461709969141
E.K. Chalki,PhotovoltaicArray,2024-08-16 11:30:00,154.94149780273438,619.7659912109375,974.4645496875842
E.K. Chalki,PhotovoltaicArray,2024-08-16 11:45:00,149.8955535888672,599.5822143554688,962.7829283782544
E.K. Chalki,PhotovoltaicArray,2024-08-16 12:00:00,172.98529052734375,691.941162109375,935.0730359700766
E.K. Chalki,PhotovoltaicArray,2024-08-16 12:15:00,137.4336700439453,549.7346801757812,907.3631435618988
E.K. Chalki,PhotovoltaicArray,2024-08-16 12:30:00,163.04747009277344,652.1898803710938,879.6532511537212
E.K. Chalki,PhotovoltaicArray,2024-08-16 12:45:00,155.21286010742188,620.8514404296875,851.9433587455434
E.K. Chalki,PhotovoltaicArray,2024-08-16 13:00:00,120.96060943603516,483.8424377441406,809.5635232977421
E.K. Chalki,PhotovoltaicArray,2024-08-16 13:15:00,133.87008666992188,535.4803466796875,767.1836878499408
E.K. Chalki,PhotovoltaicArray,2024-08-16 13:30:00,130.30308532714844,521.2123413085938,724.8038524021396
E.K. Chalki,PhotovoltaicArray,2024-08-16 13:45:00,120.64441680908203,482.5776672363281,682.4240169543383
E.K. Chalki,PhotovoltaicArray,2024-08-16 14:00:00,113.13446044921875,452.537841796875,629.9925538682764
E.K. Chalki,PhotovoltaicArray,2024-08-16 14:15:00,99.38568878173828,397.5427551269531,577.5610907822147
E.K. Chalki,PhotovoltaicArray,2024-08-16 14:30:00,89.52655792236328,358.1062316894531,525.1296276961527
E.K. Chalki,PhotovoltaicArray,2024-08-16 14:45:00,76.4165267944336,305.6661071777344,472.69816461009094
E.K. Chalki,PhotovoltaicArray,2024-08-16 15:00:00,65.8849868774414,263.5399475097656,416.7350485700457
E.K. Chalki,PhotovoltaicArray,2024-08-16 15:15:00,50.445499420166016,201.78199768066406,360.77193253000047
E.K. Chalki,PhotovoltaicArray,2024-08-16 15:30:00,39.62474822998047,158.49899291992188,304.80881648995523
E.K. Chalki,PhotovoltaicArray,2024-08-16 15:45:00,28.386695861816406,113.54678344726562,248.84570044991
E.K. Chalki,PhotovoltaicArray,2024-08-16 16:00:00,18.501203536987305,74.00481414794922,200.76088715336624
E.K. Chalki,PhotovoltaicArray,2024-08-16 16:15:00,11.524249076843262,46.09699630737305,152.6760738568225
E.K. Chalki,PhotovoltaicArray,2024-08-16 16:30:00,8.386460304260254,33.545841217041016,104.59126056027877
E.K. Chalki,PhotovoltaicArray,2024-08-16 16:45:00,0.0,0.0,56.506447263735026
E.K. Chalki,PhotovoltaicArray,2024-08-16 17:00:00,0.0,0.0,42.37983544780128
E.K. Chalki,PhotovoltaicArray,2024-08-16 17:15:00,0.0,0.0,28.253223631867513
E.K. Chalki,PhotovoltaicArray,2024-08-16 17:30:00,0.0,0.0,14.126611815933757
E.K. Chalki,PhotovoltaicArray,2024-08-16 17:45:00,0.0,0.0,0.0
E.K. Chalki,PhotovoltaicArray,2024-08-16 18:00:00,0.0,0.0,0.0
E.K. Chalki,PhotovoltaicArray,2024-08-16 18:15:00,0.0,0.0,0.0
E.K. Chalki,PhotovoltaicArray,2024-08-16 18:30:00,0.0,0.0,0.0
E.K. Chalki,PhotovoltaicArray,2024-08-16 18:45:00,0.0,0.0,0.0
E.K. Chalki,PhotovoltaicArray,2024-08-16 19:00:00,0.0,0.0,0.0
E.K. Chalki,PhotovoltaicArray,2024-08-16 19:15:00,0.0,0.0,0.0
E.K. Chalki,PhotovoltaicArray,2024-08-16 19:30:00,0.0,0.0,0.0
E.K. Chalki,PhotovoltaicArray,2024-08-16 19:45:00,0.0,0.0,0.0
E.K. Chalki,PhotovoltaicArray,2024-08-16 20:00:00,0.0,0.0,0.0
E.K. Chalki,PhotovoltaicArray,2024-08-16 20:15:00,0.0,0.0,0.0
E.K. Chalki,PhotovoltaicArray,2024-08-16 20:30:00,0.0,0.0,0.0
E.K. Chalki,PhotovoltaicArray,2024-08-16 20:45:00,0.0,0.0,0.0
E.K. Chalki,PhotovoltaicArray,2024-08-16 21:00:00,0.0,0.0,0.0
E.K. Chalki,PhotovoltaicArray,2024-08-16 21:15:00,0.0,0.0,0.0
E.K. Chalki,PhotovoltaicArray,2024-08-16 21:30:00,0.0,0.0,0.0
E.K. Chalki,PhotovoltaicArray,2024-08-16 21:45:00,0.0,0.0,0.0
E.K. Chalki,PhotovoltaicArray,2024-08-16 22:00:00,0.0,0.0,0.0
E.K. Chalki,PhotovoltaicArray,2024-08-16 22:15:00,0.0,0.0,0.0
E.K. Chalki,PhotovoltaicArray,2024-08-16 22:30:00,0.0,0.0,0.0
E.K. Chalki,PhotovoltaicArray,2024-08-16 22:45:00,0.0,0.0,0.0
E.K. Chalki,PhotovoltaicArray,2024-08-16 23:00:00,0.0,0.0,0.0
E.K. Chalki,PhotovoltaicArray,2024-08-16 23:15:00,0.0,0.0,0.0
E.K. Chalki,PhotovoltaicArray,2024-08-16 23:30:00,0.0,0.0,0.0
E.K. Chalki,PhotovoltaicArray,2024-08-16 23:45:00,0.0,0.0,0.0
E.K. Chalki,PhotovoltaicArray,2024-08-17 00:00:00,0.0,0.0,0.0
E.K. Chalki,PhotovoltaicArray,2024-08-17 00:15:00,0.0,0.0,0.0
E.K. Chalki,PhotovoltaicArray,2024-08-17 00:30:00,0.0,0.0,0.0
E.K. Chalki,PhotovoltaicArray,2024-08-17 00:45:00,0.0,0.0,0.0
E.K. Chalki,PhotovoltaicArray,2024-08-17 01:00:00,0.0,0.0,0.0
E.K. Chalki,PhotovoltaicArray,2024-08-17 01:15:00,0.0,0.0,0.0
E.K. Chalki,PhotovoltaicArray,2024-08-17 01:30:00,0.0,0.0,0.0
E.K. Chalki,PhotovoltaicArray,2024-08-17 01:45:00,0.0,0.0,0.0
E.K. Chalki,PhotovoltaicArray,2024-08-17 02:00:00,0.0,0.0,0.0
E.K. Chalki,PhotovoltaicArray,2024-08-17 02:15:00,0.0,0.0,0.0
E.K. Chalki,PhotovoltaicArray,2024-08-17 02:30:00,0.0,0.0,0.0
E.K. Chalki,PhotovoltaicArray,2024-08-17 02:45:00,0.0,0.0,0.0
E.K. Chalki,PhotovoltaicArray,2024-08-17 03:00:00,0.0,0.0,1.906806580550968
E.K. Chalki,PhotovoltaicArray,2024-08-17 03:15:00,0.0,0.0,3.813613161101936
E.K. Chalki,PhotovoltaicArray,2024-08-17 03:30:00,0.0,0.0,5.720419741652904
E.K. Chalki,PhotovoltaicArray,2024-08-17 03:45:00,0.0,0.0,7.627226322203872
E.K. Chalki,PhotovoltaicArray,2024-08-17 04:00:00,3.2046947479248047,12.818778991699219,38.953334431255485
E.K. Chalki,PhotovoltaicArray,2024-08-17 04:15:00,7.499436855316162,29.99774742126465,70.2794425403071
E.K. Chalki,PhotovoltaicArray,2024-08-17 04:30:00,12.247220993041992,48.98888397216797,101.60555064935872
E.K. Chalki,PhotovoltaicArray,2024-08-17 04:45:00,18.35270881652832,73.41083526611328,132.93165875841035
E.K. Chalki,PhotovoltaicArray,2024-08-17 05:00:00,27.09323501586914,108.37294006347656,186.32224301383744
E.K. Chalki,PhotovoltaicArray,2024-08-17 05:15:00,42.19158935546875,168.766357421875,239.71282726926455
E.K. Chalki,PhotovoltaicArray,2024-08-17 05:30:00,49.48561477661133,197.9424591064453,293.10341152469164
E.K. Chalki,PhotovoltaicArray,2024-08-17 05:45:00,64.37561798095703,257.5024719238281,346.4939957801188
E.K. Chalki,PhotovoltaicArray,2024-08-17 06:00:00,74.5508041381836,298.2032165527344,400.9741837958607
E.K. Chalki,PhotovoltaicArray,2024-08-17 06:15:00,89.86216735839844,359.44866943359375,455.45437181160264
E.K. Chalki,PhotovoltaicArray,2024-08-17 06:30:00,100.8543701171875,403.41748046875,509.9345598273446
E.K. Chalki,PhotovoltaicArray,2024-08-17 06:45:00,112.00457000732422,448.0182800292969,567.683559124031
E.K. Chalki,PhotovoltaicArray,2024-08-17 07:00:00,120.9972915649414,483.9891662597656,616.4433273981201
E.K. Chalki,PhotovoltaicArray,2024-08-17 07:15:00,127.68710327148438,510.7484130859375,665.2030956722091
E.K. Chalki,PhotovoltaicArray,2024-08-17 07:30:00,140.1525421142578,560.6101684570312,713.962863946298
E.K. Chalki,PhotovoltaicArray,2024-08-17 07:45:00,153.3406982421875,613.36279296875,762.722632220387
E.K. Chalki,PhotovoltaicArray,2024-08-17 08:00:00,152.75416564941406,611.0166625976562,798.9519572508555
E.K. Chalki,PhotovoltaicArray,2024-08-17 08:15:00,166.13807678222656,664.5523071289062,835.1812822813239
E.K. Chalki,PhotovoltaicArray,2024-08-17 08:30:00,165.14942932128906,660.5977172851562,871.4106073117924
E.K. Chalki,PhotovoltaicArray,2024-08-17 08:45:00,176.63525390625,706.541015625,907.6399323422609
E.K. Chalki,PhotovoltaicArray,2024-08-17 09:00:00,177.59800720214844,710.3920288085938,928.8872056684
E.K. Chalki,PhotovoltaicArray,2024-08-17 09:15:00,191.64697265625,766.587890625,950.1344789945394
E.K. Chalki,PhotovoltaicArray,2024-08-17 09:30:00,177.331298828125,709.3251953125,971.381752320679
E.K. Chalki,PhotovoltaicArray,2024-08-17 09:45:00,180.18724060058594,720.7489624023438,992.6290256468183
E.K. Chalki,PhotovoltaicArray,2024-08-17 10:00:00,202.4971923828125,809.98876953125,997.2598416281564
E.K. Chalki,PhotovoltaicArray,2024-08-17 10:15:00,159.3241729736328,637.2966918945312,1001.8906576094943
E.K. Chalki,PhotovoltaicArray,2024-08-17 10:30:00,180.31689453125,721.267578125,1006.5214735908324
E.K. Chalki,PhotovoltaicArray,2024-08-17 10:45:00,181.48117065429688,725.9246826171875,1011.1522895721704
E.K. Chalki,PhotovoltaicArray,2024-08-17 11:00:00,180.2864532470703,721.1458129882812,998.6218463285499
E.K. Chalki,PhotovoltaicArray,2024-08-17 11:15:00,191.3631591796875,765.45263671875,986.0914030849292
E.K. Chalki,PhotovoltaicArray,2024-08-17 11:30:00,192.90133666992188,771.6053466796875,973.5609598413087
E.K. Chalki,PhotovoltaicArray,2024-08-17 11:45:00,146.11378479003906,584.4551391601562,961.030516597688
E.K. Chalki,PhotovoltaicArray,2024-08-17 12:00:00,166.05596923828125,664.223876953125,931.883616009266
E.K. Chalki,PhotovoltaicArray,2024-08-17 12:15:00,134.78402709960938,539.1361083984375,902.736715420844
E.K. Chalki,PhotovoltaicArray,2024-08-17 12:30:00,151.68614196777344,606.7445678710938,873.589814832422
E.K. Chalki,PhotovoltaicArray,2024-08-17 12:45:00,152.91616821289062,611.6646728515625,844.442914244
E.K. Chalki,PhotovoltaicArray,2024-08-17 13:00:00,136.49818420410156,545.9927368164062,802.2207685318001
E.K. Chalki,PhotovoltaicArray,2024-08-17 13:15:00,131.0974578857422,524.3898315429688,759.9986228196002
E.K. Chalki,PhotovoltaicArray,2024-08-17 13:30:00,127.78665161132812,511.1466064453125,717.7764771074001
E.K. Chalki,PhotovoltaicArray,2024-08-17 13:45:00,129.78970336914062,519.1588134765625,675.5543313952002
E.K. Chalki,PhotovoltaicArray,2024-08-17 14:00:00,107.34651184082031,429.38604736328125,623.2533509000878
E.K. Chalki,PhotovoltaicArray,2024-08-17 14:15:00,107.01923370361328,428.0769348144531,570.9523704049756
E.K. Chalki,PhotovoltaicArray,2024-08-17 14:30:00,85.21623229980469,340.86492919921875,518.6513899098633
E.K. Chalki,PhotovoltaicArray,2024-08-17 14:45:00,70.60428619384766,282.4171447753906,466.350409414751
E.K. Chalki,PhotovoltaicArray,2024-08-17 15:00:00,65.4498519897461,261.7994079589844,410.5082166986155
E.K. Chalki,PhotovoltaicArray,2024-08-17 15:15:00,52.54704284667969,210.18817138671875,354.66602398248006
E.K. Chalki,PhotovoltaicArray,2024-08-17 15:30:00,40.362178802490234,161.44871520996094,298.82383126634454
E.K. Chalki,PhotovoltaicArray,2024-08-17 15:45:00,27.553993225097656,110.21597290039062,242.98163855020908
E.K. Chalki,PhotovoltaicArray,2024-08-17 16:00:00,20.714561462402344,82.85824584960938,195.58387497651356
E.K. Chalki,PhotovoltaicArray,2024-08-17 16:15:00,11.371153831481934,45.484615325927734,148.18611140281809
E.K. Chalki,PhotovoltaicArray,2024-08-17 16:30:00,6.446935176849365,25.78774070739746,100.7883478291226
E.K. Chalki,PhotovoltaicArray,2024-08-17 16:45:00,0.0,0.0,53.3905842554271
E.K. Chalki,PhotovoltaicArray,2024-08-17 17:00:00,0.0,0.0,40.04293819157033
E.K. Chalki,PhotovoltaicArray,2024-08-17 17:15:00,0.0,0.0,26.69529212771355
E.K. Chalki,PhotovoltaicArray,2024-08-17 17:30:00,0.0,0.0,13.347646063856775
E.K. Chalki,PhotovoltaicArray,2024-08-17 17:45:00,0.0,0.0,0.0
E.K. Chalki,PhotovoltaicArray,2024-08-17 18:00:00,0.0,0.0,0.0
E.K. Chalki,PhotovoltaicArray,2024-08-17 18:15:00,0.0,0.0,0.0
E.K. Chalki,PhotovoltaicArray,2024-08-17 18:30:00,0.0,0.0,0.0
E.K. Chalki,PhotovoltaicArray,2024-08-17 18:45:00,0.0,0.0,0.0
E.K. Chalki,PhotovoltaicArray,2024-08-17 19:00:00,0.0,0.0,0.0
E.K. Chalki,PhotovoltaicArray,2024-08-17 19:15:00,0.0,0.0,0.0
E.K. Chalki,PhotovoltaicArray,2024-08-17 19:30:00,0.0,0.0,0.0
E.K. Chalki,PhotovoltaicArray,2024-08-17 19:45:00,0.0,0.0,0.0
E.K. Chalki,PhotovoltaicArray,2024-08-17 20:00:00,0.0,0.0,0.0
E.K. Chalki,PhotovoltaicArray,2024-08-17 20:15:00,0.0,0.0,0.0
E.K. Chalki,PhotovoltaicArray,2024-08-17 20:30:00,0.0,0.0,0.0
E.K. Chalki,PhotovoltaicArray,2024-08-17 20:45:00,0.0,0.0,0.0
E.K. Chalki,PhotovoltaicArray,2024-08-17 21:00:00,0.0,0.0,0.0
E.K. Chalki,PhotovoltaicArray,2024-08-17 21:15:00,0.0,0.0,0.0
E.K. Chalki,PhotovoltaicArray,2024-08-17 21:30:00,0.0,0.0,0.0
E.K. Chalki,PhotovoltaicArray,2024-08-17 21:45:00,0.0,0.0,0.0
E.K. Chalki,PhotovoltaicArray,2024-08-17 22:00:00,0.0,0.0,0.0
E.K. Chalki,PhotovoltaicArray,2024-08-17 22:15:00,0.0,0.0,0.0
E.K. Chalki,PhotovoltaicArray,2024-08-17 22:30:00,0.0,0.0,0.0
E.K. Chalki,PhotovoltaicArray,2024-08-17 22:45:00,0.0,0.0,0.0
E.K. Chalki,PhotovoltaicArray,2024-08-17 23:00:00,0.0,0.0,0.0
E.K. Chalki,PhotovoltaicArray,2024-08-17 23:15:00,0.0,0.0,0.0
E.K. Chalki,PhotovoltaicArray,2024-08-17 23:30:00,0.0,0.0,0.0
E.K. Chalki,PhotovoltaicArray,2024-08-17 23:45:00,0.0,0.0,0.0
E.K. Chalki,PhotovoltaicArray,2024-08-18 00:00:00,0.0,0.0,0.0
E.K. Chalki,PhotovoltaicArray,2024-08-18 00:15:00,0.0,0.0,0.0
E.K. Chalki,PhotovoltaicArray,2024-08-18 00:30:00,0.0,0.0,0.0
E.K. Chalki,PhotovoltaicArray,2024-08-18 00:45:00,0.0,0.0,0.0
E.K. Chalki,PhotovoltaicArray,2024-08-18 01:00:00,0.0,0.0,0.0
E.K. Chalki,PhotovoltaicArray,2024-08-18 01:15:00,0.0,0.0,0.0
E.K. Chalki,PhotovoltaicArray,2024-08-18 01:30:00,0.0,0.0,0.0
E.K. Chalki,PhotovoltaicArray,2024-08-18 01:45:00,0.0,0.0,0.0
E.K. Chalki,PhotovoltaicArray,2024-08-18 02:00:00,0.0,0.0,0.0
E.K. Chalki,PhotovoltaicArray,2024-08-18 02:15:00,0.0,0.0,0.0
E.K. Chalki,PhotovoltaicArray,2024-08-18 02:30:00,0.0,0.0,0.0
E.K. Chalki,PhotovoltaicArray,2024-08-18 02:45:00,0.0,0.0,0.0
E.K. Chalki,PhotovoltaicArray,2024-08-18 03:00:00,0.0,0.0,1.6388902049594074
E.K. Chalki,PhotovoltaicArray,2024-08-18 03:15:00,0.0,0.0,3.277780409918815
E.K. Chalki,PhotovoltaicArray,2024-08-18 03:30:00,0.0,0.0,4.916670614878222
E.K. Chalki,PhotovoltaicArray,2024-08-18 03:45:00,0.0,0.0,6.55556081983763
E.K. Chalki,PhotovoltaicArray,2024-08-18 04:00:00,3.025782585144043,12.103130340576172,37.148177979079904
E.K. Chalki,PhotovoltaicArray,2024-08-18 04:15:00,7.446307182312012,29.785228729248047,67.74079513832217
E.K. Chalki,PhotovoltaicArray,2024-08-18 04:30:00,12.247220993041992,48.98888397216797,98.33341229756444
E.K. Chalki,PhotovoltaicArray,2024-08-18 04:45:00,18.15384292602539,72.61537170410156,128.92602945680673
E.K. Chalki,PhotovoltaicArray,2024-08-18 05:00:00,24.471115112304688,97.88446044921875,181.91681275049422
E.K. Chalki,PhotovoltaicArray,2024-08-18 05:15:00,41.576927185058594,166.30770874023438,234.90759604418173
E.K. Chalki,PhotovoltaicArray,2024-08-18 05:30:00,49.263919830322266,197.05567932128906,287.89837933786924
E.K. Chalki,PhotovoltaicArray,2024-08-18 05:45:00,59.72325897216797,238.89303588867188,340.88916263155676
E.K. Chalki,PhotovoltaicArray,2024-08-18 06:00:00,71.82565307617188,287.3026123046875,394.69939102772395
E.K. Chalki,PhotovoltaicArray,2024-08-18 06:15:00,88.68208312988281,354.72833251953125,448.5096194238912
E.K. Chalki,PhotovoltaicArray,2024-08-18 06:30:00,95.03298950195312,380.1319580078125,502.3198478200584
E.K. Chalki,PhotovoltaicArray,2024-08-18 06:45:00,110.39071655273438,441.5628662109375,560.5004500961173
E.K. Chalki,PhotovoltaicArray,2024-08-18 07:00:00,117.13263702392578,468.5305480957031,608.0282660399401
E.K. Chalki,PhotovoltaicArray,2024-08-18 07:15:00,119.49008178710938,477.9603271484375,655.556081983763
E.K. Chalki,PhotovoltaicArray,2024-08-18 07:30:00,136.5336456298828,546.1345825195312,703.0838979275858
E.K. Chalki,PhotovoltaicArray,2024-08-18 07:45:00,144.8683319091797,579.4733276367188,750.6117138714086
E.K. Chalki,PhotovoltaicArray,2024-08-18 08:00:00,150.17318725585938,600.6927490234375,786.6672983805155
E.K. Chalki,PhotovoltaicArray,2024-08-18 08:15:00,156.0749969482422,624.2999877929688,822.7228828896226
E.K. Chalki,PhotovoltaicArray,2024-08-18 08:30:00,163.5151824951172,654.0607299804688,858.7784673987295
E.K. Chalki,PhotovoltaicArray,2024-08-18 08:45:00,178.31263732910156,713.2505493164062,894.8340519078365
E.K. Chalki,PhotovoltaicArray,2024-08-18 09:00:00,165.86697387695312,663.4678955078125,915.5933278373222
E.K. Chalki,PhotovoltaicArray,2024-08-18 09:15:00,191.88336181640625,767.533447265625,936.3526037668082
E.K. Chalki,PhotovoltaicArray,2024-08-18 09:30:00,167.65101623535156,670.6040649414062,957.111879696294
E.K. Chalki,PhotovoltaicArray,2024-08-18 09:45:00,172.63938903808594,690.5575561523438,977.8711556257797
E.K. Chalki,PhotovoltaicArray,2024-08-18 10:00:00,155.8966064453125,623.58642578125,981.9683811381783
E.K. Chalki,PhotovoltaicArray,2024-08-18 10:15:00,169.9329071044922,679.7316284179688,986.0656066505768
E.K. Chalki,PhotovoltaicArray,2024-08-18 10:30:00,178.15408325195312,712.6163330078125,990.1628321629753
E.K. Chalki,PhotovoltaicArray,2024-08-18 10:45:00,183.6442413330078,734.5769653320312,994.2600576753738
E.K. Chalki,PhotovoltaicArray,2024-08-18 11:00:00,187.41053771972656,749.6421508789062,981.695232770685
E.K. Chalki,PhotovoltaicArray,2024-08-18 11:15:00,191.8667755126953,767.4671020507812,969.1304078659963
E.K. Chalki,PhotovoltaicArray,2024-08-18 11:30:00,181.80838012695312,727.2335205078125,956.5655829613073
E.K. Chalki,PhotovoltaicArray,2024-08-18 11:45:00,164.63137817382812,658.5255126953125,944.0007580566186
E.K. Chalki,PhotovoltaicArray,2024-08-18 12:00:00,164.19989013671875,656.799560546875,915.3201794698289
E.K. Chalki,PhotovoltaicArray,2024-08-18 12:15:00,148.1102294921875,592.44091796875,886.6396008830392
E.K. Chalki,PhotovoltaicArray,2024-08-18 12:30:00,155.94149780273438,623.7659912109375,857.9590222962497
E.K. Chalki,PhotovoltaicArray,2024-08-18 12:45:00,152.77822875976562,611.1129150390625,830.3710371794331
E.K. Chalki,PhotovoltaicArray,2024-08-18 13:00:00,129.23536682128906,516.9414672851562,788.306188585475
E.K. Chalki,PhotovoltaicArray,2024-08-18 13:15:00,131.989501953125,527.9580078125,746.2413399915168
E.K. Chalki,PhotovoltaicArray,2024-08-18 13:30:00,132.2278594970703,528.9114379882812,704.1764913975586
E.K. Chalki,PhotovoltaicArray,2024-08-18 13:45:00,122.01795196533203,488.0718078613281,662.1116428036004
E.K. Chalki,PhotovoltaicArray,2024-08-18 14:00:00,97.3303451538086,389.3213806152344,610.4866013473791
E.K. Chalki,PhotovoltaicArray,2024-08-18 14:15:00,98.9051742553711,395.6206970214844,558.8615598911579
E.K. Chalki,PhotovoltaicArray,2024-08-18 14:30:00,83.8951416015625,335.58056640625,507.23651843493656
E.K. Chalki,PhotovoltaicArray,2024-08-18 14:45:00,77.52002716064453,310.0801086425781,455.6114769787153
E.K. Chalki,PhotovoltaicArray,2024-08-18 15:00:00,59.90386962890625,239.615478515625,400.7086551125751
E.K. Chalki,PhotovoltaicArray,2024-08-18 15:15:00,51.7937126159668,207.1748504638672,345.805833246435
E.K. Chalki,PhotovoltaicArray,2024-08-18 15:30:00,40.18682098388672,160.74728393554688,290.90301138029486
E.K. Chalki,PhotovoltaicArray,2024-08-18 15:45:00,27.602502822875977,110.4100112915039,236.00018951415464
E.K. Chalki,PhotovoltaicArray,2024-08-18 16:00:00,19.31470489501953,77.25881958007812,189.56496704030477
E.K. Chalki,PhotovoltaicArray,2024-08-18 16:15:00,11.158955574035645,44.63582229614258,143.1297445664549
E.K. Chalki,PhotovoltaicArray,2024-08-18 16:30:00,6.446935176849365,25.78774070739746,96.69452209260503
E.K. Chalki,PhotovoltaicArray,2024-08-18 16:45:00,0.0,0.0,50.25929961875516
E.K. Chalki,PhotovoltaicArray,2024-08-18 17:00:00,0.0,0.0,37.694474714066374
E.K. Chalki,PhotovoltaicArray,2024-08-18 17:15:00,0.0,0.0,25.12964980937758
E.K. Chalki,PhotovoltaicArray,2024-08-18 17:30:00,0.0,0.0,12.56482490468879
E.K. Chalki,PhotovoltaicArray,2024-08-18 17:45:00,0.0,0.0,0.0
E.K. Chalki,PhotovoltaicArray,2024-08-18 18:00:00,0.0,0.0,0.0
E.K. Chalki,PhotovoltaicArray,2024-08-18 18:15:00,0.0,0.0,0.0
E.K. Chalki,PhotovoltaicArray,2024-08-18 18:30:00,0.0,0.0,0.0
E.K. Chalki,PhotovoltaicArray,2024-08-18 18:45:00,0.0,0.0,0.0
E.K. Chalki,PhotovoltaicArray,2024-08-18 19:00:00,0.0,0.0,0.0
E.K. Chalki,PhotovoltaicArray,2024-08-18 19:15:00,0.0,0.0,0.0
E.K. Chalki,PhotovoltaicArray,2024-08-18 19:30:00,0.0,0.0,0.0
E.K. Chalki,PhotovoltaicArray,2024-08-18 19:45:00,0.0,0.0,0.0
E.K. Chalki,PhotovoltaicArray,2024-08-18 20:00:00,0.0,0.0,0.0
E.K. Chalki,PhotovoltaicArray,2024-08-18 20:15:00,0.0,0.0,0.0
E.K. Chalki,PhotovoltaicArray,2024-08-18 20:30:00,0.0,0.0,0.0
E.K. Chalki,PhotovoltaicArray,2024-08-18 20:45:00,0.0,0.0,0.0
E.K. Chalki,PhotovoltaicArray,2024-08-18 21:00:00,0.0,0.0,0.0
E.K. Chalki,PhotovoltaicArray,2024-08-18 21:15:00,0.0,0.0,0.0
E.K. Chalki,PhotovoltaicArray,2024-08-18 21:30:00,0.0,0.0,0.0
E.K. Chalki,PhotovoltaicArray,2024-08-18 21:45:00,0.0,0.0,0.0
E.K. Chalki,PhotovoltaicArray,2024-08-18 22:00:00,0.0,0.0,0.0
E.K. Chalki,PhotovoltaicArray,2024-08-18 22:15:00,0.0,0.0,0.0
E.K. Chalki,PhotovoltaicArray,2024-08-18 22:30:00,0.0,0.0,0.0
E.K. Chalki,PhotovoltaicArray,2024-08-18 22:45:00,0.0,0.0,0.0
E.K. Chalki,PhotovoltaicArray,2024-08-18 23:00:00,0.0,0.0,0.0
E.K. Chalki,PhotovoltaicArray,2024-08-18 23:15:00,0.0,0.0,0.0
E.K. Chalki,PhotovoltaicArray,2024-08-18 23:30:00,0.0,0.0,0.0
E.K. Chalki,PhotovoltaicArray,2024-08-18 23:45:00,0.0,0.0,0.0
E.K. Chalki,PhotovoltaicArray,2024-08-19 00:00:00,0.0,0.0,0.0
E.K. Chalki,PhotovoltaicArray,2024-08-19 00:15:00,0.0,0.0,0.0
E.K. Chalki,PhotovoltaicArray,2024-08-19 00:30:00,0.0,0.0,0.0
E.K. Chalki,PhotovoltaicArray,2024-08-19 00:45:00,0.0,0.0,0.0
E.K. Chalki,PhotovoltaicArray,2024-08-19 01:00:00,0.0,0.0,0.0
E.K. Chalki,PhotovoltaicArray,2024-08-19 01:15:00,0.0,0.0,0.0
E.K. Chalki,PhotovoltaicArray,2024-08-19 01:30:00,0.0,0.0,0.0
E.K. Chalki,PhotovoltaicArray,2024-08-19 01:45:00,0.0,0.0,0.0
E.K. Chalki,PhotovoltaicArray,2024-08-19 02:00:00,0.0,0.0,0.0
E.K. Chalki,PhotovoltaicArray,2024-08-19 02:15:00,0.0,0.0,0.0
E.K. Chalki,PhotovoltaicArray,2024-08-19 02:30:00,0.0,0.0,0.0
E.K. Chalki,PhotovoltaicArray,2024-08-19 02:45:00,0.0,0.0,0.0
E.K. Chalki,PhotovoltaicArray,2024-08-19 03:00:00,0.0,0.0,1.6434473010456732
E.K. Chalki,PhotovoltaicArray,2024-08-19 03:15:00,0.0,0.0,3.2868946020913463
E.K. Chalki,PhotovoltaicArray,2024-08-19 03:30:00,0.0,0.0,4.930341903137019
E.K. Chalki,PhotovoltaicArray,2024-08-19 03:45:00,0.0,0.0,6.573789204182693
E.K. Chalki,PhotovoltaicArray,2024-08-19 04:00:00,2.9470250606536865,11.788100242614746,36.429748506512425
E.K. Chalki,PhotovoltaicArray,2024-08-19 04:15:00,7.446307182312012,29.785228729248047,66.28570780884215
E.K. Chalki,PhotovoltaicArray,2024-08-19 04:30:00,12.247220993041992,48.98888397216797,96.14166711117186
E.K. Chalki,PhotovoltaicArray,2024-08-19 04:45:00,17.23044204711914,68.92176818847656,125.9976264135016
E.K. Chalki,PhotovoltaicArray,2024-08-19 05:00:00,24.471115112304688,97.88446044921875,178.04012427994795
E.K. Chalki,PhotovoltaicArray,2024-08-19 05:15:00,41.576927185058594,166.30770874023438,230.08262214639427
E.K. Chalki,PhotovoltaicArray,2024-08-19 05:30:00,46.74198913574219,186.96795654296875,282.12512001284057
E.K. Chalki,PhotovoltaicArray,2024-08-19 05:45:00,62.559051513671875,250.2362060546875,334.16761787928687
E.K. Chalki,PhotovoltaicArray,2024-08-19 06:00:00,70.93943786621094,283.75775146484375,387.8535630467789
E.K. Chalki,PhotovoltaicArray,2024-08-19 06:15:00,88.85848999023438,355.4339599609375,441.5395082142709
E.K. Chalki,PhotovoltaicArray,2024-08-19 06:30:00,92.98360443115234,371.9344177246094,495.2254533817628
E.K. Chalki,PhotovoltaicArray,2024-08-19 06:45:00,113.26678466796875,453.067138671875,550.0070300832853
E.K. Chalki,PhotovoltaicArray,2024-08-19 07:00:00,118.0440902709961,472.1763610839844,596.845278163087
E.K. Chalki,PhotovoltaicArray,2024-08-19 07:15:00,124.81119537353516,499.2447814941406,643.6835262428887
E.K. Chalki,PhotovoltaicArray,2024-08-19 07:30:00,137.6573486328125,550.62939453125,690.5217743226904
E.K. Chalki,PhotovoltaicArray,2024-08-19 07:45:00,140.75547790527344,563.0219116210938,737.3600224024921
E.K. Chalki,PhotovoltaicArray,2024-08-19 08:00:00,149.79490661621094,599.1796264648438,772.4202314914664
E.K. Chalki,PhotovoltaicArray,2024-08-19 08:15:00,154.83204650878906,619.3281860351562,807.4804405804407
E.K. Chalki,PhotovoltaicArray,2024-08-19 08:30:00,161.75033569335938,647.0013427734375,842.5406496694151
E.K. Chalki,PhotovoltaicArray,2024-08-19 08:45:00,162.7646942138672,651.0587768554688,877.6008587583894
E.K. Chalki,PhotovoltaicArray,2024-08-19 09:00:00,167.97955322265625,671.918212890625,897.8700421379527
E.K. Chalki,PhotovoltaicArray,2024-08-19 09:15:00,178.33444213867188,713.3377685546875,918.1392255175161
E.K. Chalki,PhotovoltaicArray,2024-08-19 09:30:00,146.274658203125,585.0986328125,938.4084088970794
E.K. Chalki,PhotovoltaicArray,2024-08-19 09:45:00,164.64910888671875,658.596435546875,958.6775922766427
E.K. Chalki,PhotovoltaicArray,2024-08-19 10:00:00,170.97247314453125,683.889892578125,963.0601184127645
E.K. Chalki,PhotovoltaicArray,2024-08-19 10:15:00,169.58010864257812,678.3204345703125,967.4426445488863
E.K. Chalki,PhotovoltaicArray,2024-08-19 10:30:00,171.42527770996094,685.7011108398438,971.8251706850082
E.K. Chalki,PhotovoltaicArray,2024-08-19 10:45:00,172.39744567871094,689.5897827148438,976.2076968211298
E.K. Chalki,PhotovoltaicArray,2024-08-19 11:00:00,177.98208618164062,711.9283447265625,963.8818420632873
E.K. Chalki,PhotovoltaicArray,2024-08-19 11:15:00,178.2794647216797,713.1178588867188,951.5559873054448
E.K. Chalki,PhotovoltaicArray,2024-08-19 11:30:00,160.4685516357422,641.8742065429688,939.2301325476022
E.K. Chalki,PhotovoltaicArray,2024-08-19 11:45:00,173.9351348876953,695.7405395507812,926.9042777897597
E.K. Chalki,PhotovoltaicArray,2024-08-19 12:00:00,166.22933959960938,664.9173583984375,898.6917657884757
E.K. Chalki,PhotovoltaicArray,2024-08-19 12:15:00,152.5083465576172,610.0333862304688,870.4792537871916
E.K. Chalki,PhotovoltaicArray,2024-08-19 12:30:00,151.11358642578125,604.454345703125,842.2667417859076
E.K. Chalki,PhotovoltaicArray,2024-08-19 12:45:00,155.02732849121094,620.1093139648438,814.0542297846235
E.K. Chalki,PhotovoltaicArray,2024-08-19 13:00:00,136.92141723632812,547.6856689453125,772.4202314914664
E.K. Chalki,PhotovoltaicArray,2024-08-19 13:15:00,128.2672576904297,513.0690307617188,730.7862331983094
E.K. Chalki,PhotovoltaicArray,2024-08-19 13:30:00,131.0005645751953,524.0022583007812,689.1522349051525
E.K. Chalki,PhotovoltaicArray,2024-08-19 13:45:00,108.36141204833984,433.4456481933594,647.5182366119953
E.K. Chalki,PhotovoltaicArray,2024-08-19 14:00:00,107.91316986083984,431.6526794433594,596.5713702795795
E.K. Chalki,PhotovoltaicArray,2024-08-19 14:15:00,102.39021301269531,409.56085205078125,545.6245039471637
E.K. Chalki,PhotovoltaicArray,2024-08-19 14:30:00,84.26534271240234,337.0613708496094,494.67763761474777
E.K. Chalki,PhotovoltaicArray,2024-08-19 14:45:00,76.7507095336914,307.0028381347656,443.7307712823319
E.K. Chalki,PhotovoltaicArray,2024-08-19 15:00:00,55.40018081665039,221.60072326660156,389.49701034782464
E.K. Chalki,PhotovoltaicArray,2024-08-19 15:15:00,49.15776062011719,196.63104248046875,335.2632494133174
E.K. Chalki,PhotovoltaicArray,2024-08-19 15:30:00,33.35588073730469,133.42352294921875,281.02948847881015
E.K. Chalki,PhotovoltaicArray,2024-08-19 15:45:00,26.229825973510742,104.91930389404297,226.79572754430293
E.K. Chalki,PhotovoltaicArray,2024-08-19 16:00:00,18.736013412475586,74.94405364990234,181.60092676554692
E.K. Chalki,PhotovoltaicArray,2024-08-19 16:15:00,10.301657676696777,41.20663070678711,136.4061259867909
E.K. Chalki,PhotovoltaicArray,2024-08-19 16:30:00,5.443897724151611,21.775590896606445,91.21132520803486
E.K. Chalki,PhotovoltaicArray,2024-08-19 16:45:00,0.0,0.0,46.016524429278846
E.K. Chalki,PhotovoltaicArray,2024-08-19 17:00:00,0.0,0.0,34.51239332195914
E.K. Chalki,PhotovoltaicArray,2024-08-19 17:15:00,0.0,0.0,23.008262214639423
E.K. Chalki,PhotovoltaicArray,2024-08-19 17:30:00,0.0,0.0,11.504131107319711
E.K. Chalki,PhotovoltaicArray,2024-08-19 17:45:00,0.0,0.0,0.0
E.K. Chalki,PhotovoltaicArray,2024-08-19 18:00:00,0.0,0.0,0.0
E.K. Chalki,PhotovoltaicArray,2024-08-19 18:15:00,0.0,0.0,0.0
E.K. Chalki,PhotovoltaicArray,2024-08-19 18:30:00,0.0,0.0,0.0
E.K. Chalki,PhotovoltaicArray,2024-08-19 18:45:00,0.0,0.0,0.0
E.K. Chalki,PhotovoltaicArray,2024-08-19 19:00:00,0.0,0.0,0.0
E.K. Chalki,PhotovoltaicArray,2024-08-19 19:15:00,0.0,0.0,0.0
E.K. Chalki,PhotovoltaicArray,2024-08-19 19:30:00,0.0,0.0,0.0
E.K. Chalki,PhotovoltaicArray,2024-08-19 19:45:00,0.0,0.0,0.0
E.K. Chalki,PhotovoltaicArray,2024-08-19 20:00:00,0.0,0.0,0.0
E.K. Chalki,PhotovoltaicArray,2024-08-19 20:15:00,0.0,0.0,0.0
E.K. Chalki,PhotovoltaicArray,2024-08-19 20:30:00,0.0,0.0,0.0
E.K. Chalki,PhotovoltaicArray,2024-08-19 20:45:00,0.0,0.0,0.0
E.K. Chalki,PhotovoltaicArray,2024-08-19 21:00:00,0.0,0.0,0.0
E.K. Chalki,PhotovoltaicArray,2024-08-19 21:15:00,0.0,0.0,0.0
E.K. Chalki,PhotovoltaicArray,2024-08-19 21:30:00,0.0,0.0,0.0
E.K. Chalki,PhotovoltaicArray,2024-08-19 21:45:00,0.0,0.0,0.0
E.K. Chalki,PhotovoltaicArray,2024-08-19 22:00:00,0.0,0.0,0.0
E.K. Chalki,PhotovoltaicArray,2024-08-19 22:15:00,0.0,0.0,0.0
E.K. Chalki,PhotovoltaicArray,2024-08-19 22:30:00,0.0,0.0,0.0
E.K. Chalki,PhotovoltaicArray,2024-08-19 22:45:00,0.0,0.0,0.0
E.K. Chalki,PhotovoltaicArray,2024-08-19 23:00:00,0.0,0.0,0.0
E.K. Chalki,PhotovoltaicArray,2024-08-19 23:15:00,0.0,0.0,0.0
E.K. Chalki,PhotovoltaicArray,2024-08-19 23:30:00,0.0,0.0,0.0
E.K. Chalki,PhotovoltaicArray,2024-08-19 23:45:00,0.0,0.0,0.0
E.K. Chalki,PhotovoltaicArray,2024-08-20 00:00:00,0.0,0.0,0.0
E.K. Chalki,PhotovoltaicArray,2024-08-20 00:15:00,0.0,0.0,0.0
E.K. Chalki,PhotovoltaicArray,2024-08-20 00:30:00,0.0,0.0,0.0
E.K. Chalki,PhotovoltaicArray,2024-08-20 00:45:00,0.0,0.0,0.0
E.K. Chalki,PhotovoltaicArray,2024-08-20 01:00:00,0.0,0.0,0.0
E.K. Chalki,PhotovoltaicArray,2024-08-20 01:15:00,0.0,0.0,0.0
E.K. Chalki,PhotovoltaicArray,2024-08-20 01:30:00,0.0,0.0,0.0
E.K. Chalki,PhotovoltaicArray,2024-08-20 01:45:00,0.0,0.0,0.0
E.K. Chalki,PhotovoltaicArray,2024-08-20 02:00:00,0.0,0.0,0.0
E.K. Chalki,PhotovoltaicArray,2024-08-20 02:15:00,0.0,0.0,0.0
E.K. Chalki,PhotovoltaicArray,2024-08-20 02:30:00,0.0,0.0,0.0
E.K. Chalki,PhotovoltaicArray,2024-08-20 02:45:00,0.0,0.0,0.0
E.K. Chalki,PhotovoltaicArray,2024-08-20 03:00:00,0.0,0.0,1.3733973938811608
E.K. Chalki,PhotovoltaicArray,2024-08-20 03:15:00,0.0,0.0,2.7467947877623216
E.K. Chalki,PhotovoltaicArray,2024-08-20 03:30:00,0.0,0.0,4.120192181643482
E.K. Chalki,PhotovoltaicArray,2024-08-20 03:45:00,0.0,0.0,5.493589575524643
E.K. Chalki,PhotovoltaicArray,2024-08-20 04:00:00,2.9470250606536865,11.788100242614746,34.88429380458148
E.K. Chalki,PhotovoltaicArray,2024-08-20 04:15:00,5.510296821594238,22.041187286376953,64.27499803363831
E.K. Chalki,PhotovoltaicArray,2024-08-20 04:30:00,12.247220993041992,48.98888397216797,93.66570226269516
E.K. Chalki,PhotovoltaicArray,2024-08-20 04:45:00,17.23044204711914,68.92176818847656,123.05640649175199
E.K. Chalki,PhotovoltaicArray,2024-08-20 05:00:00,27.225830078125,108.9033203125,174.9708279804599
E.K. Chalki,PhotovoltaicArray,2024-08-20 05:15:00,38.90003204345703,155.60012817382812,226.88524946916775
E.K. Chalki,PhotovoltaicArray,2024-08-20 05:30:00,46.37345886230469,185.49383544921875,278.7996709578756
E.K. Chalki,PhotovoltaicArray,2024-08-20 05:45:00,62.559051513671875,250.2362060546875,330.7140924465835
E.K. Chalki,PhotovoltaicArray,2024-08-20 06:00:00,70.51746368408203,282.0698547363281,384.27659080794876
E.K. Chalki,PhotovoltaicArray,2024-08-20 06:15:00,87.03285217285156,348.13140869140625,437.83908916931404
E.K. Chalki,PhotovoltaicArray,2024-08-20 06:30:00,92.27729797363281,369.10919189453125,491.40158753067925
E.K. Chalki,PhotovoltaicArray,2024-08-20 06:45:00,109.5755615234375,438.30224609375,546.0628038071496
E.K. Chalki,PhotovoltaicArray,2024-08-20 07:00:00,124.4063720703125,497.62548828125,593.3076741566616
E.K. Chalki,PhotovoltaicArray,2024-08-20 07:15:00,123.74969482421875,494.998779296875,640.5525445061734
E.K. Chalki,PhotovoltaicArray,2024-08-20 07:30:00,135.52200317382812,542.0880126953125,687.7974148556852
E.K. Chalki,PhotovoltaicArray,2024-08-20 07:45:00,138.90951538085938,555.6380615234375,735.0422852051971
E.K. Chalki,PhotovoltaicArray,2024-08-20 08:00:00,145.2838592529297,581.1354370117188,770.4759379673311
E.K. Chalki,PhotovoltaicArray,2024-08-20 08:15:00,154.50021362304688,618.0008544921875,805.9095907294651
E.K. Chalki,PhotovoltaicArray,2024-08-20 08:30:00,161.63356018066406,646.5342407226562,841.3432434915991
E.K. Chalki,PhotovoltaicArray,2024-08-20 08:45:00,164.62376403808594,658.4950561523438,876.776896253733
E.K. Chalki,PhotovoltaicArray,2024-08-20 09:00:00,166.00355529785156,664.0142211914062,897.9272161195028
E.K. Chalki,PhotovoltaicArray,2024-08-20 09:15:00,160.5481414794922,642.1925659179688,919.0775359852727
E.K. Chalki,PhotovoltaicArray,2024-08-20 09:30:00,166.47564697265625,665.902587890625,940.2278558510426
E.K. Chalki,PhotovoltaicArray,2024-08-20 09:45:00,160.6439971923828,642.5759887695312,961.3781757168125
E.K. Chalki,PhotovoltaicArray,2024-08-20 10:00:00,168.34292602539062,673.3717041015625,965.7730473772322
E.K. Chalki,PhotovoltaicArray,2024-08-20 10:15:00,167.812744140625,671.2509765625,970.1679190376519
E.K. Chalki,PhotovoltaicArray,2024-08-20 10:30:00,166.9420166015625,667.76806640625,974.5627906980716
E.K. Chalki,PhotovoltaicArray,2024-08-20 10:45:00,175.30032348632812,701.2012939453125,978.9576623584913
E.K. Chalki,PhotovoltaicArray,2024-08-20 11:00:00,180.6400909423828,722.5603637695312,966.3224063347845
E.K. Chalki,PhotovoltaicArray,2024-08-20 11:15:00,178.19918823242188,712.7967529296875,953.687150311078
E.K. Chalki,PhotovoltaicArray,2024-08-20 11:30:00,169.1109161376953,676.4436645507812,941.0518942873713
E.K. Chalki,PhotovoltaicArray,2024-08-20 11:45:00,165.43771362304688,661.7508544921875,928.4166382636646
E.K. Chalki,PhotovoltaicArray,2024-08-20 12:00:00,163.8577117919922,655.4308471679688,899.8499724709366
E.K. Chalki,PhotovoltaicArray,2024-08-20 12:15:00,153.31996154785156,613.2798461914062,871.2833066782083
E.K. Chalki,PhotovoltaicArray,2024-08-20 12:30:00,148.7574920654297,595.0299682617188,842.71664088548
E.K. Chalki,PhotovoltaicArray,2024-08-20 12:45:00,155.1818084716797,620.7272338867188,814.1499750927519
E.K. Chalki,PhotovoltaicArray,2024-08-20 13:00:00,137.11968994140625,548.478759765625,771.8493353612122
E.K. Chalki,PhotovoltaicArray,2024-08-20 13:15:00,128.4036865234375,513.61474609375,729.5486956296725
E.K. Chalki,PhotovoltaicArray,2024-08-20 13:30:00,128.95875549316406,515.8350219726562,687.2480558981327
E.K. Chalki,PhotovoltaicArray,2024-08-20 13:45:00,108.3459701538086,433.3838806152344,644.9474161665931
E.K. Chalki,PhotovoltaicArray,2024-08-20 14:00:00,107.79366302490234,431.1746520996094,593.5823536354376
E.K. Chalki,PhotovoltaicArray,2024-08-20 14:15:00,92.5952377319336,370.3809509277344,542.2172911042823
E.K. Chalki,PhotovoltaicArray,2024-08-20 14:30:00,83.37229919433594,333.48919677734375,490.85222857312687
E.K. Chalki,PhotovoltaicArray,2024-08-20 14:45:00,75.7665023803711,303.0660095214844,439.4871660419714
E.K. Chalki,PhotovoltaicArray,2024-08-20 15:00:00,53.398597717285156,213.59439086914062,385.3753087230537
E.K. Chalki,PhotovoltaicArray,2024-08-20 15:15:00,47.12659454345703,188.50637817382812,331.26345140413594
E.K. Chalki,PhotovoltaicArray,2024-08-20 15:30:00,31.855159759521484,127.42063903808594,277.1515940852182
E.K. Chalki,PhotovoltaicArray,2024-08-20 15:45:00,26.229825973510742,104.91930389404297,223.03973676630045
E.K. Chalki,PhotovoltaicArray,2024-08-20 16:00:00,18.334646224975586,73.33858489990234,178.26698172577463
E.K. Chalki,PhotovoltaicArray,2024-08-20 16:15:00,10.301657676696777,41.20663070678711,133.4942266852488
E.K. Chalki,PhotovoltaicArray,2024-08-20 16:30:00,5.195276260375977,20.781105041503906,88.72147164472298
E.K. Chalki,PhotovoltaicArray,2024-08-20 16:45:00,0.0,0.0,43.948716604197145
E.K. Chalki,PhotovoltaicArray,2024-08-20 17:00:00,0.0,0.0,32.961537453147855
E.K. Chalki,PhotovoltaicArray,2024-08-20 17:15:00,0.0,0.0,21.974358302098572
E.K. Chalki,PhotovoltaicArray,2024-08-20 17:30:00,0.0,0.0,10.987179151049286
E.K. Chalki,PhotovoltaicArray,2024-08-20 17:45:00,0.0,0.0,0.0
E.K. Chalki,PhotovoltaicArray,2024-08-20 18:00:00,0.0,0.0,0.0
E.K. Chalki,PhotovoltaicArray,2024-08-20 18:15:00,0.0,0.0,0.0
E.K. Chalki,PhotovoltaicArray,2024-08-20 18:30:00,0.0,0.0,0.0
E.K. Chalki,PhotovoltaicArray,2024-08-20 18:45:00,0.0,0.0,0.0
E.K. Chalki,PhotovoltaicArray,2024-08-20 19:00:00,0.0,0.0,0.0
E.K. Chalki,PhotovoltaicArray,2024-08-20 19:15:00,0.0,0.0,0.0
E.K. Chalki,PhotovoltaicArray,2024-08-20 19:30:00,0.0,0.0,0.0
E.K. Chalki,PhotovoltaicArray,2024-08-20 19:45:00,0.0,0.0,0.0
E.K. Chalki,PhotovoltaicArray,2024-08-20 20:00:00,0.0,0.0,0.0
E.K. Chalki,PhotovoltaicArray,2024-08-20 20:15:00,0.0,0.0,0.0
E.K. Chalki,PhotovoltaicArray,2024-08-20 20:30:00,0.0,0.0,0.0
E.K. Chalki,PhotovoltaicArray,2024-08-20 20:45:00,0.0,0.0,0.0
E.K. Chalki,PhotovoltaicArray,2024-08-20 21:00:00,0.0,0.0,0.0
E.K. Chalki,PhotovoltaicArray,2024-08-20 21:15:00,0.0,0.0,0.0
E.K. Chalki,PhotovoltaicArray,2024-08-20 21:30:00,0.0,0.0,0.0
E.K. Chalki,PhotovoltaicArray,2024-08-20 21:45:00,0.0,0.0,0.0
E.K. Chalki,PhotovoltaicArray,2024-08-20 22:00:00,0.0,0.0,0.0
E.K. Chalki,PhotovoltaicArray,2024-08-20 22:15:00,0.0,0.0,0.0
E.K. Chalki,PhotovoltaicArray,2024-08-20 22:30:00,0.0,0.0,0.0
E.K. Chalki,PhotovoltaicArray,2024-08-20 22:45:00,0.0,0.0,0.0
E.K. Chalki,PhotovoltaicArray,2024-08-20 23:00:00,0.0,0.0,0.0
E.K. Chalki,PhotovoltaicArray,2024-08-20 23:15:00,0.0,0.0,0.0
E.K. Chalki,PhotovoltaicArray,2024-08-20 23:30:00,0.0,0.0,0.0
E.K. Chalki,PhotovoltaicArray,2024-08-20 23:45:00,0.0,0.0,0.0
E.K. Chalki,PhotovoltaicArray,2024-08-21 00:00:00,0.0,0.0,0.0
E.K. Chalki,PhotovoltaicArray,2024-08-21 00:15:00,0.0,0.0,0.0
E.K. Chalki,PhotovoltaicArray,2024-08-21 00:30:00,0.0,0.0,0.0
E.K. Chalki,PhotovoltaicArray,2024-08-21 00:45:00,0.0,0.0,0.0
E.K. Chalki,PhotovoltaicArray,2024-08-21 01:00:00,0.0,0.0,0.0
E.K. Chalki,PhotovoltaicArray,2024-08-21 01:15:00,0.0,0.0,0.0
E.K. Chalki,PhotovoltaicArray,2024-08-21 01:30:00,0.0,0.0,0.0
E.K. Chalki,PhotovoltaicArray,2024-08-21 01:45:00,0.0,0.0,0.0
E.K. Chalki,PhotovoltaicArray,2024-08-21 02:00:00,0.0,0.0,0.0
E.K. Chalki,PhotovoltaicArray,2024-08-21 02:15:00,0.0,0.0,0.0
E.K. Chalki,PhotovoltaicArray,2024-08-21 02:30:00,0.0,0.0,0.0
E.K. Chalki,PhotovoltaicArray,2024-08-21 02:45:00,0.0,0.0,0.0
E.K. Chalki,PhotovoltaicArray,2024-08-21 03:00:00,0.0,0.0,1.377315725783432
E.K. Chalki,PhotovoltaicArray,2024-08-21 03:15:00,0.0,0.0,2.754631451566864
E.K. Chalki,PhotovoltaicArray,2024-08-21 03:30:00,0.0,0.0,4.131947177350296
E.K. Chalki,PhotovoltaicArray,2024-08-21 03:45:00,0.0,0.0,5.509262903133728
E.K. Chalki,PhotovoltaicArray,2024-08-21 04:00:00,2.9470250606536865,11.788100242614746,33.88196685427242
E.K. Chalki,PhotovoltaicArray,2024-08-21 04:15:00,5.510296821594238,22.041187286376953,62.254670805411116
E.K. Chalki,PhotovoltaicArray,2024-08-21 04:30:00,12.247220993041992,48.98888397216797,90.6273747565498
E.K. Chalki,PhotovoltaicArray,2024-08-21 04:45:00,15.046024322509766,60.18409729003906,119.00007870768852
E.K. Chalki,PhotovoltaicArray,2024-08-21 05:00:00,25.264421463012695,101.05768585205078,170.23622370683216
E.K. Chalki,PhotovoltaicArray,2024-08-21 05:15:00,38.90003204345703,155.60012817382812,221.4723687059758
E.K. Chalki,PhotovoltaicArray,2024-08-21 05:30:00,45.996089935302734,183.98435974121094,272.70851370511946
E.K. Chalki,PhotovoltaicArray,2024-08-21 05:45:00,58.90922927856445,235.6369171142578,323.94465870426313
E.K. Chalki,PhotovoltaicArray,2024-08-21 06:00:00,70.51746368408203,282.0698547363281,377.38450886466023
E.K. Chalki,PhotovoltaicArray,2024-08-21 06:15:00,83.99275970458984,335.9710388183594,430.8243590250575
E.K. Chalki,PhotovoltaicArray,2024-08-21 06:30:00,90.952880859375,363.8115234375,484.26420918545466
E.K. Chalki,PhotovoltaicArray,2024-08-21 06:45:00,108.55448913574219,434.21795654296875,537.7040593458519
E.K. Chalki,PhotovoltaicArray,2024-08-21 07:00:00,121.6869888305664,486.7479553222656,584.2573308773318
E.K. Chalki,PhotovoltaicArray,2024-08-21 07:15:00,122.25483703613281,489.01934814453125,630.8106024088119
E.K. Chalki,PhotovoltaicArray,2024-08-21 07:30:00,134.02699279785156,536.1079711914062,677.3638739402918
E.K. Chalki,PhotovoltaicArray,2024-08-21 07:45:00,134.645263671875,538.5810546875,723.9171454717717
E.K. Chalki,PhotovoltaicArray,2024-08-21 08:00:00,145.7029266357422,582.8117065429688,759.7273543421411
E.K. Chalki,PhotovoltaicArray,2024-08-21 08:15:00,153.5368194580078,614.1472778320312,795.5375632125103
E.K. Chalki,PhotovoltaicArray,2024-08-21 08:30:00,160.6484375,642.59375,831.3477720828796
E.K. Chalki,PhotovoltaicArray,2024-08-21 08:45:00,160.0925750732422,640.3703002929688,867.157980953249
E.K. Chalki,PhotovoltaicArray,2024-08-21 09:00:00,163.72691345214844,654.9076538085938,886.9913274045302
E.K. Chalki,PhotovoltaicArray,2024-08-21 09:15:00,155.00003051757812,620.0001220703125,906.8246738558116
E.K. Chalki,PhotovoltaicArray,2024-08-21 09:30:00,173.61398315429688,694.4559326171875,926.658020307093
E.K. Chalki,PhotovoltaicArray,2024-08-21 09:45:00,147.79112243652344,591.1644897460938,946.4913667583744
E.K. Chalki,PhotovoltaicArray,2024-08-21 10:00:00,164.11456298828125,656.458251953125,948.9705350647846
E.K. Chalki,PhotovoltaicArray,2024-08-21 10:15:00,162.30870056152344,649.2348022460938,951.4497033711948
E.K. Chalki,PhotovoltaicArray,2024-08-21 10:30:00,164.3231964111328,657.2927856445312,953.9288716776049
E.K. Chalki,PhotovoltaicArray,2024-08-21 10:45:00,167.32740783691406,669.3096313476562,956.4080399840152
E.K. Chalki,PhotovoltaicArray,2024-08-21 11:00:00,175.07830810546875,700.313232421875,943.1858090164942
E.K. Chalki,PhotovoltaicArray,2024-08-21 11:15:00,168.16944885253906,672.6777954101562,929.9635780489733
E.K. Chalki,PhotovoltaicArray,2024-08-21 11:30:00,164.291259765625,657.1650390625,916.7413470814521
E.K. Chalki,PhotovoltaicArray,2024-08-21 11:45:00,163.74942016601562,654.9976806640625,903.5191161139312
E.K. Chalki,PhotovoltaicArray,2024-08-21 12:00:00,162.73123168945312,650.9249267578125,875.9728015982625
E.K. Chalki,PhotovoltaicArray,2024-08-21 12:15:00,153.40115356445312,613.6046142578125,848.4264870825941
E.K. Chalki,PhotovoltaicArray,2024-08-21 12:30:00,150.0648956298828,600.2595825195312,820.8801725669256
E.K. Chalki,PhotovoltaicArray,2024-08-21 12:45:00,139.73220825195312,558.9288330078125,790.0283003093766
E.K. Chalki,PhotovoltaicArray,2024-08-21 13:00:00,136.71202087402344,546.8480834960938,749.8106811165003
E.K. Chalki,PhotovoltaicArray,2024-08-21 13:15:00,124.86202239990234,499.4480895996094,709.5930619236242
E.K. Chalki,PhotovoltaicArray,2024-08-21 13:30:00,123.61605834960938,494.4642333984375,669.375442730748
E.K. Chalki,PhotovoltaicArray,2024-08-21 13:45:00,113.69503021240234,454.7801208496094,629.1578235378719
E.K. Chalki,PhotovoltaicArray,2024-08-21 14:00:00,100.18685150146484,400.7474060058594,577.3707522484148
E.K. Chalki,PhotovoltaicArray,2024-08-21 14:15:00,95.26469421386719,381.05877685546875,525.5836809589576
E.K. Chalki,PhotovoltaicArray,2024-08-21 14:30:00,76.40332794189453,305.6133117675781,473.7966096695006
E.K. Chalki,PhotovoltaicArray,2024-08-21 14:45:00,74.13229370117188,296.5291748046875,422.0095383800436
E.K. Chalki,PhotovoltaicArray,2024-08-21 15:00:00,54.051517486572266,216.20606994628906,368.2942250744897
E.K. Chalki,PhotovoltaicArray,2024-08-21 15:15:00,49.583370208740234,198.33348083496094,314.5789117689359
E.K. Chalki,PhotovoltaicArray,2024-08-21 15:30:00,32.92017364501953,131.68069458007812,260.863598463382
E.K. Chalki,PhotovoltaicArray,2024-08-21 15:45:00,22.893280029296875,91.5731201171875,207.14828515782816
E.K. Chalki,PhotovoltaicArray,2024-08-21 16:00:00,16.754220962524414,67.01688385009766,165.27788709401182
E.K. Chalki,PhotovoltaicArray,2024-08-21 16:15:00,9.131915092468262,36.52766036987305,123.4074890301955
E.K. Chalki,PhotovoltaicArray,2024-08-21 16:30:00,5.076433181762695,20.30573272705078,81.53709096637917
E.K. Chalki,PhotovoltaicArray,2024-08-21 16:45:00,0.0,0.0,39.666692902562836
E.K. Chalki,PhotovoltaicArray,2024-08-21 17:00:00,0.0,0.0,29.750019676922133
E.K. Chalki,PhotovoltaicArray,2024-08-21 17:15:00,0.0,0.0,19.833346451281418
E.K. Chalki,PhotovoltaicArray,2024-08-21 17:30:00,0.0,0.0,9.916673225640709
E.K. Chalki,PhotovoltaicArray,2024-08-21 17:45:00,0.0,0.0,0.0
E.K. Chalki,PhotovoltaicArray,2024-08-21 18:00:00,0.0,0.0,0.0
E.K. Chalki,PhotovoltaicArray,2024-08-21 18:15:00,0.0,0.0,0.0
E.K. Chalki,PhotovoltaicArray,2024-08-21 18:30:00,0.0,0.0,0.0
E.K. Chalki,PhotovoltaicArray,2024-08-21 18:45:00,0.0,0.0,0.0
E.K. Chalki,PhotovoltaicArray,2024-08-21 19:00:00,0.0,0.0,0.0
E.K. Chalki,PhotovoltaicArray,2024-08-21 19:15:00,0.0,0.0,0.0
E.K. Chalki,PhotovoltaicArray,2024-08-21 19:30:00,0.0,0.0,0.0
E.K. Chalki,PhotovoltaicArray,2024-08-21 19:45:00,0.0,0.0,0.0
E.K. Chalki,PhotovoltaicArray,2024-08-21 20:00:00,0.0,0.0,0.0
E.K. Chalki,PhotovoltaicArray,2024-08-21 20:15:00,0.0,0.0,0.0
E.K. Chalki,PhotovoltaicArray,2024-08-21 20:30:00,0.0,0.0,0.0
E.K. Chalki,PhotovoltaicArray,2024-08-21 20:45:00,0.0,0.0,0.0
E.K. Chalki,PhotovoltaicArray,2024-08-21 21:00:00,0.0,0.0,0.0
E.K. Chalki,PhotovoltaicArray,2024-08-21 21:15:00,0.0,0.0,0.0
E.K. Chalki,PhotovoltaicArray,2024-08-21 21:30:00,0.0,0.0,0.0
E.K. Chalki,PhotovoltaicArray,2024-08-21 21:45:00,0.0,0.0,0.0
E.K. Chalki,PhotovoltaicArray,2024-08-21 22:00:00,0.0,0.0,0.0
E.K. Chalki,PhotovoltaicArray,2024-08-21 22:15:00,0.0,0.0,0.0
E.K. Chalki,PhotovoltaicArray,2024-08-21 22:30:00,0.0,0.0,0.0
E.K. Chalki,PhotovoltaicArray,2024-08-21 22:45:00,0.0,0.0,0.0
E.K. Chalki,PhotovoltaicArray,2024-08-21 23:00:00,0.0,0.0,0.0
E.K. Chalki,PhotovoltaicArray,2024-08-21 23:15:00,0.0,0.0,0.0
E.K. Chalki,PhotovoltaicArray,2024-08-21 23:30:00,0.0,0.0,0.0
E.K. Chalki,PhotovoltaicArray,2024-08-21 23:45:00,0.0,0.0,0.0
E.K. Chalki,PhotovoltaicArray,2024-08-22 00:00:00,0.0,0.0,0.0
E.K. Chalki,PhotovoltaicArray,2024-08-22 00:15:00,0.0,0.0,0.0
E.K. Chalki,PhotovoltaicArray,2024-08-22 00:30:00,0.0,0.0,0.0
E.K. Chalki,PhotovoltaicArray,2024-08-22 00:45:00,0.0,0.0,0.0
E.K. Chalki,PhotovoltaicArray,2024-08-22 01:00:00,0.0,0.0,0.0
E.K. Chalki,PhotovoltaicArray,2024-08-22 01:15:00,0.0,0.0,0.0
E.K. Chalki,PhotovoltaicArray,2024-08-22 01:30:00,0.0,0.0,0.0
E.K. Chalki,PhotovoltaicArray,2024-08-22 01:45:00,0.0,0.0,0.0
E.K. Chalki,PhotovoltaicArray,2024-08-22 02:00:00,0.0,0.0,0.0
E.K. Chalki,PhotovoltaicArray,2024-08-22 02:15:00,0.0,0.0,0.0
E.K. Chalki,PhotovoltaicArray,2024-08-22 02:30:00,0.0,0.0,0.0
E.K. Chalki,PhotovoltaicArray,2024-08-22 02:45:00,0.0,0.0,0.0
E.K. Chalki,PhotovoltaicArray,2024-08-22 03:00:00,0.0,0.0,1.1050355026796885
E.K. Chalki,PhotovoltaicArray,2024-08-22 03:15:00,0.0,0.0,2.210071005359377
E.K. Chalki,PhotovoltaicArray,2024-08-22 03:30:00,0.0,0.0,3.3151065080390656
E.K. Chalki,PhotovoltaicArray,2024-08-22 03:45:00,0.0,0.0,4.420142010718754
E.K. Chalki,PhotovoltaicArray,2024-08-22 04:00:00,2.6115729808807373,10.44629192352295,29.55969969668167
E.K. Chalki,PhotovoltaicArray,2024-08-22 04:15:00,5.18736457824707,20.74945831298828,54.69925738264458
E.K. Chalki,PhotovoltaicArray,2024-08-22 04:30:00,11.621188163757324,46.4847526550293,79.8388150686075
E.K. Chalki,PhotovoltaicArray,2024-08-22 04:45:00,13.583695411682129,54.334781646728516,104.97837275457042
E.K. Chalki,PhotovoltaicArray,2024-08-22 05:00:00,25.38349151611328,101.53396606445312,147.79849848340837
E.K. Chalki,PhotovoltaicArray,2024-08-22 05:15:00,32.941322326660156,131.76528930664062,190.61862421224626
E.K. Chalki,PhotovoltaicArray,2024-08-22 05:30:00,42.80728530883789,171.22914123535156,233.4387499410842
E.K. Chalki,PhotovoltaicArray,2024-08-22 05:45:00,56.5235595703125,226.09423828125,276.25887566992213
E.K. Chalki,PhotovoltaicArray,2024-08-22 06:00:00,65.56947326660156,262.27789306640625,333.9969806849358
E.K. Chalki,PhotovoltaicArray,2024-08-22 06:15:00,81.56201171875,326.248046875,391.73508569994954
E.K. Chalki,PhotovoltaicArray,2024-08-22 06:30:00,88.71847534179688,354.8739013671875,449.47319071496327
E.K. Chalki,PhotovoltaicArray,2024-08-22 06:45:00,105.78764343261719,423.15057373046875,520.4717217621333
E.K. Chalki,PhotovoltaicArray,2024-08-22 07:00:00,118.23681640625,472.947265625,571.3033548853989
E.K. Chalki,PhotovoltaicArray,2024-08-22 07:15:00,122.20001220703125,488.800048828125,622.1349880086647
E.K. Chalki,PhotovoltaicArray,2024-08-22 07:30:00,132.76686096191406,531.0674438476562,672.9666211319303
E.K. Chalki,PhotovoltaicArray,2024-08-22 07:45:00,143.22198486328125,572.887939453125,723.798254255196
E.K. Chalki,PhotovoltaicArray,2024-08-22 08:00:00,145.51290893554688,582.0516357421875,759.159390340946
E.K. Chalki,PhotovoltaicArray,2024-08-22 08:15:00,152.59634399414062,610.3853759765625,794.520526426696
E.K. Chalki,PhotovoltaicArray,2024-08-22 08:30:00,160.6484375,642.59375,829.8816625124462
E.K. Chalki,PhotovoltaicArray,2024-08-22 08:45:00,162.66624450683594,650.6649780273438,865.2427985981961
E.K. Chalki,PhotovoltaicArray,2024-08-22 09:00:00,163.72691345214844,654.9076538085938,885.9622142734403
E.K. Chalki,PhotovoltaicArray,2024-08-22 09:15:00,155.00003051757812,620.0001220703125,906.6816299486844
E.K. Chalki,PhotovoltaicArray,2024-08-22 09:30:00,165.589599609375,662.3583984375,927.4010456239288
E.K. Chalki,PhotovoltaicArray,2024-08-22 09:45:00,161.57838439941406,646.3135375976562,948.1204612991728
E.K. Chalki,PhotovoltaicArray,2024-08-22 10:00:00,164.11456298828125,656.458251953125,952.5406033098916
E.K. Chalki,PhotovoltaicArray,2024-08-22 10:15:00,162.28622436523438,649.1448974609375,956.9607453206103
E.K. Chalki,PhotovoltaicArray,2024-08-22 10:30:00,167.80726623535156,671.2290649414062,961.380887331329
E.K. Chalki,PhotovoltaicArray,2024-08-22 10:45:00,176.39678955078125,705.587158203125,965.8010293420477
E.K. Chalki,PhotovoltaicArray,2024-08-22 11:00:00,181.3537139892578,725.4148559570312,953.0931210612314
E.K. Chalki,PhotovoltaicArray,2024-08-22 11:15:00,172.12188720703125,688.487548828125,940.3852127804149
E.K. Chalki,PhotovoltaicArray,2024-08-22 11:30:00,165.1584930419922,660.6339721679688,927.6773044995987
E.K. Chalki,PhotovoltaicArray,2024-08-22 11:45:00,164.39181518554688,657.5672607421875,914.9693962187822
E.K. Chalki,PhotovoltaicArray,2024-08-22 12:00:00,160.39724731445312,641.5889892578125,886.5147320247803
E.K. Chalki,PhotovoltaicArray,2024-08-22 12:15:00,156.24618530273438,624.9847412109375,858.0600678307782
E.K. Chalki,PhotovoltaicArray,2024-08-22 12:30:00,146.0121612548828,584.0486450195312,829.6054036367761
E.K. Chalki,PhotovoltaicArray,2024-08-22 12:45:00,146.2847137451172,585.1388549804688,803.3608104481335
E.K. Chalki,PhotovoltaicArray,2024-08-22 13:00:00,132.92860412597656,531.7144165039062,761.9219790976452
E.K. Chalki,PhotovoltaicArray,2024-08-22 13:15:00,127.17313385009766,508.6925354003906,720.4831477471569
E.K. Chalki,PhotovoltaicArray,2024-08-22 13:30:00,127.6488265991211,510.5953063964844,679.0443163966686
E.K. Chalki,PhotovoltaicArray,2024-08-22 13:45:00,117.06658935546875,468.266357421875,637.6054850461803
E.K. Chalki,PhotovoltaicArray,2024-08-22 14:00:00,99.5596923828125,398.23876953125,586.4975930472447
E.K. Chalki,PhotovoltaicArray,2024-08-22 14:15:00,90.79949188232422,363.1979675292969,535.3897010483091
E.K. Chalki,PhotovoltaicArray,2024-08-22 14:30:00,77.4737548828125,309.89501953125,484.2818090493735
E.K. Chalki,PhotovoltaicArray,2024-08-22 14:45:00,75.34198760986328,301.3679504394531,433.1739170504379
E.K. Chalki,PhotovoltaicArray,2024-08-22 15:00:00,53.77734375,215.109375,378.75091854346323
E.K. Chalki,PhotovoltaicArray,2024-08-22 15:15:00,49.7980842590332,199.1923370361328,324.3279200364886
E.K. Chalki,PhotovoltaicArray,2024-08-22 15:30:00,31.477794647216797,125.91117858886719,269.9049215295139
E.K. Chalki,PhotovoltaicArray,2024-08-22 15:45:00,23.121334075927734,92.48533630371094,215.48192302253926
E.K. Chalki,PhotovoltaicArray,2024-08-22 16:00:00,16.932178497314453,67.72871398925781,171.55676179102164
E.K. Chalki,PhotovoltaicArray,2024-08-22 16:15:00,8.822601318359375,35.2904052734375,127.63160055950402
E.K. Chalki,PhotovoltaicArray,2024-08-22 16:30:00,4.920473575592041,19.681894302368164,83.7064393279864
E.K. Chalki,PhotovoltaicArray,2024-08-22 16:45:00,0.0,0.0,39.78127809646879
E.K. Chalki,PhotovoltaicArray,2024-08-22 17:00:00,0.0,0.0,29.83595857235159
E.K. Chalki,PhotovoltaicArray,2024-08-22 17:15:00,0.0,0.0,19.890639048234394
E.K. Chalki,PhotovoltaicArray,2024-08-22 17:30:00,0.0,0.0,9.945319524117197
E.K. Chalki,PhotovoltaicArray,2024-08-22 17:45:00,0.0,0.0,0.0
E.K. Chalki,PhotovoltaicArray,2024-08-22 18:00:00,0.0,0.0,0.0
E.K. Chalki,PhotovoltaicArray,2024-08-22 18:15:00,0.0,0.0,0.0
E.K. Chalki,PhotovoltaicArray,2024-08-22 18:30:00,0.0,0.0,0.0
E.K. Chalki,PhotovoltaicArray,2024-08-22 18:45:00,0.0,0.0,0.0
E.K. Chalki,PhotovoltaicArray,2024-08-22 19:00:00,0.0,0.0,0.0
E.K. Chalki,PhotovoltaicArray,2024-08-22 19:15:00,0.0,0.0,0.0
E.K. Chalki,PhotovoltaicArray,2024-08-22 19:30:00,0.0,0.0,0.0
E.K. Chalki,PhotovoltaicArray,2024-08-22 19:45:00,0.0,0.0,0.0
E.K. Chalki,PhotovoltaicArray,2024-08-22 20:00:00,0.0,0.0,0.0
E.K. Chalki,PhotovoltaicArray,2024-08-22 20:15:00,0.0,0.0,0.0
E.K. Chalki,PhotovoltaicArray,2024-08-22 20:30:00,0.0,0.0,0.0
E.K. Chalki,PhotovoltaicArray,2024-08-22 20:45:00,0.0,0.0,0.0
E.K. Chalki,PhotovoltaicArray,2024-08-22 21:00:00,0.0,0.0,0.0
E.K. Chalki,PhotovoltaicArray,2024-08-22 21:15:00,0.0,0.0,0.0
E.K. Chalki,PhotovoltaicArray,2024-08-22 21:30:00,0.0,0.0,0.0
E.K. Chalki,PhotovoltaicArray,2024-08-22 21:45:00,0.0,0.0,0.0
E.K. Chalki,PhotovoltaicArray,2024-08-22 22:00:00,0.0,0.0,0.0
E.K. Chalki,PhotovoltaicArray,2024-08-22 22:15:00,0.0,0.0,0.0
E.K. Chalki,PhotovoltaicArray,2024-08-22 22:30:00,0.0,0.0,0.0
E.K. Chalki,PhotovoltaicArray,2024-08-22 22:45:00,0.0,0.0,0.0
E.K. Chalki,PhotovoltaicArray,2024-08-22 23:00:00,0.0,0.0,0.0
E.K. Chalki,PhotovoltaicArray,2024-08-22 23:15:00,0.0,0.0,0.0
E.K. Chalki,PhotovoltaicArray,2024-08-22 23:30:00,0.0,0.0,0.0
E.K. Chalki,PhotovoltaicArray,2024-08-22 23:45:00,0.0,0.0,0.0
E.K. Chalki,PhotovoltaicArray,2024-08-23 00:00:00,0.0,0.0,0.0
E.K. Chalki,PhotovoltaicArray,2024-08-23 00:15:00,0.0,0.0,0.0
E.K. Chalki,PhotovoltaicArray,2024-08-23 00:30:00,0.0,0.0,0.0
E.K. Chalki,PhotovoltaicArray,2024-08-23 00:45:00,0.0,0.0,0.0
E.K. Chalki,PhotovoltaicArray,2024-08-23 01:00:00,0.0,0.0,0.0
E.K. Chalki,PhotovoltaicArray,2024-08-23 01:15:00,0.0,0.0,0.0
E.K. Chalki,PhotovoltaicArray,2024-08-23 01:30:00,0.0,0.0,0.0
E.K. Chalki,PhotovoltaicArray,2024-08-23 01:45:00,0.0,0.0,0.0
E.K. Chalki,PhotovoltaicArray,2024-08-23 02:00:00,0.0,0.0,0.0
E.K. Chalki,PhotovoltaicArray,2024-08-23 02:15:00,0.0,0.0,0.0
E.K. Chalki,PhotovoltaicArray,2024-08-23 02:30:00,0.0,0.0,0.0
E.K. Chalki,PhotovoltaicArray,2024-08-23 02:45:00,0.0,0.0,0.0
E.K. Chalki,PhotovoltaicArray,2024-08-23 03:00:00,0.0,0.0,1.1082666578091926
E.K. Chalki,PhotovoltaicArray,2024-08-23 03:15:00,0.0,0.0,2.2165333156183853
E.K. Chalki,PhotovoltaicArray,2024-08-23 03:30:00,0.0,0.0,3.324799973427578
E.K. Chalki,PhotovoltaicArray,2024-08-23 03:45:00,0.0,0.0,4.433066631236771
E.K. Chalki,PhotovoltaicArray,2024-08-23 04:00:00,2.782329797744751,11.129319190979004,32.41679974091889
E.K. Chalki,PhotovoltaicArray,2024-08-23 04:15:00,5.510532855987549,22.042131423950195,60.40053285060101
E.K. Chalki,PhotovoltaicArray,2024-08-23 04:30:00,10.588480949401855,42.35392379760742,88.38426596028313
E.K. Chalki,PhotovoltaicArray,2024-08-23 04:45:00,14.987987518310547,59.95195007324219,116.36799906996524
E.K. Chalki,PhotovoltaicArray,2024-08-23 05:00:00,25.264421463012695,101.05768585205078,168.7335986514496
E.K. Chalki,PhotovoltaicArray,2024-08-23 05:15:00,38.90003204345703,155.60012817382812,221.09919823293393
E.K. Chalki,PhotovoltaicArray,2024-08-23 05:30:00,45.17319107055664,180.69276428222656,273.46479781441826
E.K. Chalki,PhotovoltaicArray,2024-08-23 05:45:00,58.58570861816406,234.34283447265625,325.8303973959026
E.K. Chalki,PhotovoltaicArray,2024-08-23 06:00:00,70.1843490600586,280.7373962402344,379.85839696410073
E.K. Chalki,PhotovoltaicArray,2024-08-23 06:15:00,87.30994415283203,349.2397766113281,433.886396532299
E.K. Chalki,PhotovoltaicArray,2024-08-23 06:30:00,89.66343688964844,358.65374755859375,487.91439610049713
E.K. Chalki,PhotovoltaicArray,2024-08-23 06:45:00,111.62445831298828,446.4978332519531,541.9423956686952
E.K. Chalki,PhotovoltaicArray,2024-08-23 07:00:00,129.45779418945312,517.8311767578125,589.3207952900383
E.K. Chalki,PhotovoltaicArray,2024-08-23 07:15:00,124.98306274414062,499.9322509765625,636.6991949113813
E.K. Chalki,PhotovoltaicArray,2024-08-23 07:30:00,132.2307891845703,528.9231567382812,684.0775945327242
E.K. Chalki,PhotovoltaicArray,2024-08-23 07:45:00,143.32862854003906,573.3145141601562,731.4559941540672
E.K. Chalki,PhotovoltaicArray,2024-08-23 08:00:00,149.85519409179688,599.4207763671875,766.9205272039613
E.K. Chalki,PhotovoltaicArray,2024-08-23 08:15:00,155.12698364257812,620.5079345703125,802.3850602538556
E.K. Chalki,PhotovoltaicArray,2024-08-23 08:30:00,157.55221557617188,630.2088623046875,837.8495933037497
E.K. Chalki,PhotovoltaicArray,2024-08-23 08:45:00,163.62881469726562,654.5152587890625,873.3141263536437
E.K. Chalki,PhotovoltaicArray,2024-08-23 09:00:00,171.22711181640625,684.908447265625,894.0941261875662
E.K. Chalki,PhotovoltaicArray,2024-08-23 09:15:00,155.82113647460938,623.2845458984375,914.8741260214886
E.K. Chalki,PhotovoltaicArray,2024-08-23 09:30:00,122.04325866699219,488.17303466796875,935.6541258554109
E.K. Chalki,PhotovoltaicArray,2024-08-23 09:45:00,165.3978729248047,661.5914916992188,956.4341256893334
E.K. Chalki,PhotovoltaicArray,2024-08-23 10:00:00,166.9163818359375,667.66552734375,960.5901256561178
E.K. Chalki,PhotovoltaicArray,2024-08-23 10:15:00,167.2514190673828,669.0056762695312,964.7461256229022
E.K. Chalki,PhotovoltaicArray,2024-08-23 10:30:00,170.51022338867188,682.0408935546875,968.9021255896868
E.K. Chalki,PhotovoltaicArray,2024-08-23 10:45:00,181.23948669433594,724.9579467773438,973.0581255564712
E.K. Chalki,PhotovoltaicArray,2024-08-23 11:00:00,177.43325805664062,709.7330322265625,960.0359923272132
E.K. Chalki,PhotovoltaicArray,2024-08-23 11:15:00,165.99488830566406,663.9795532226562,947.0138590979551
E.K. Chalki,PhotovoltaicArray,2024-08-23 11:30:00,167.02700805664062,668.1080322265625,933.9917258686971
E.K. Chalki,PhotovoltaicArray,2024-08-23 11:45:00,164.25335693359375,657.013427734375,920.9695926394392
E.K. Chalki,PhotovoltaicArray,2024-08-23 12:00:00,161.1904296875,644.76171875,892.1546595364002
E.K. Chalki,PhotovoltaicArray,2024-08-23 12:15:00,144.2387237548828,576.9548950195312,863.3397264333611
E.K. Chalki,PhotovoltaicArray,2024-08-23 12:30:00,143.80316162109375,575.212646484375,834.524793330322
E.K. Chalki,PhotovoltaicArray,2024-08-23 12:45:00,143.09043884277344,572.3617553710938,806.8181268850923
E.K. Chalki,PhotovoltaicArray,2024-08-23 13:00:00,135.8572998046875,543.42919921875,764.703993888343
E.K. Chalki,PhotovoltaicArray,2024-08-23 13:15:00,127.38716125488281,509.54864501953125,722.5898608915936
E.K. Chalki,PhotovoltaicArray,2024-08-23 13:30:00,129.69705200195312,518.7882080078125,680.4757278948443
E.K. Chalki,PhotovoltaicArray,2024-08-23 13:45:00,119.10862731933594,476.43450927734375,638.361594898095
E.K. Chalki,PhotovoltaicArray,2024-08-23 14:00:00,107.3667984008789,429.4671936035156,586.5501286455152
E.K. Chalki,PhotovoltaicArray,2024-08-23 14:15:00,90.03111267089844,360.12445068359375,534.7386623929355
E.K. Chalki,PhotovoltaicArray,2024-08-23 14:30:00,84.42930603027344,337.71722412109375,482.92719614035576
E.K. Chalki,PhotovoltaicArray,2024-08-23 14:45:00,74.49545288085938,297.9818115234375,431.11572988777596
E.K. Chalki,PhotovoltaicArray,2024-08-23 15:00:00,55.041160583496094,220.16464233398438,376.5335969906733
E.K. Chalki,PhotovoltaicArray,2024-08-23 15:15:00,47.8043098449707,191.2172393798828,321.9514640935705
E.K. Chalki,PhotovoltaicArray,2024-08-23 15:30:00,33.99929428100586,135.99717712402344,267.3693311964677
E.K. Chalki,PhotovoltaicArray,2024-08-23 15:45:00,22.879011154174805,91.51604461669922,212.787198299365
E.K. Chalki,PhotovoltaicArray,2024-08-23 16:00:00,16.677093505859375,66.7083740234375,169.0106653159019
E.K. Chalki,PhotovoltaicArray,2024-08-23 16:15:00,8.678789138793945,34.71515655517578,125.23413233243878
E.K. Chalki,PhotovoltaicArray,2024-08-23 16:30:00,3.675438165664673,14.701752662658691,81.45759934897568
E.K. Chalki,PhotovoltaicArray,2024-08-23 16:45:00,0.0,0.0,37.68106636551256
E.K. Chalki,PhotovoltaicArray,2024-08-23 17:00:00,0.0,0.0,28.260799774134423
E.K. Chalki,PhotovoltaicArray,2024-08-23 17:15:00,0.0,0.0,18.84053318275628
E.K. Chalki,PhotovoltaicArray,2024-08-23 17:30:00,0.0,0.0,9.42026659137814
E.K. Chalki,PhotovoltaicArray,2024-08-23 17:45:00,0.0,0.0,0.0
E.K. Chalki,PhotovoltaicArray,2024-08-23 18:00:00,0.0,0.0,0.0
E.K. Chalki,PhotovoltaicArray,2024-08-23 18:15:00,0.0,0.0,0.0
E.K. Chalki,PhotovoltaicArray,2024-08-23 18:30:00,0.0,0.0,0.0
E.K. Chalki,PhotovoltaicArray,2024-08-23 18:45:00,0.0,0.0,0.0
E.K. Chalki,PhotovoltaicArray,2024-08-23 19:00:00,0.0,0.0,0.0
E.K. Chalki,PhotovoltaicArray,2024-08-23 19:15:00,0.0,0.0,0.0
E.K. Chalki,PhotovoltaicArray,2024-08-23 19:30:00,0.0,0.0,0.0
E.K. Chalki,PhotovoltaicArray,2024-08-23 19:45:00,0.0,0.0,0.0
E.K. Chalki,PhotovoltaicArray,2024-08-23 20:00:00,0.0,0.0,0.0
E.K. Chalki,PhotovoltaicArray,2024-08-23 20:15:00,0.0,0.0,0.0
E.K. Chalki,PhotovoltaicArray,2024-08-23 20:30:00,0.0,0.0,0.0
E.K. Chalki,PhotovoltaicArray,2024-08-23 20:45:00,0.0,0.0,0.0
E.K. Chalki,PhotovoltaicArray,2024-08-23 21:00:00,0.0,0.0,0.0
E.K. Chalki,PhotovoltaicArray,2024-08-23 21:15:00,0.0,0.0,0.0
E.K. Chalki,PhotovoltaicArray,2024-08-23 21:30:00,0.0,0.0,0.0
E.K. Chalki,PhotovoltaicArray,2024-08-23 21:45:00,0.0,0.0,0.0
E.K. Chalki,PhotovoltaicArray,2024-08-23 22:00:00,0.0,0.0,0.0
E.K. Chalki,PhotovoltaicArray,2024-08-23 22:15:00,0.0,0.0,0.0
E.K. Chalki,PhotovoltaicArray,2024-08-23 22:30:00,0.0,0.0,0.0
E.K. Chalki,PhotovoltaicArray,2024-08-23 22:45:00,0.0,0.0,0.0
E.K. Chalki,PhotovoltaicArray,2024-08-23 23:00:00,0.0,0.0,0.0
E.K. Chalki,PhotovoltaicArray,2024-08-23 23:15:00,0.0,0.0,0.0
E.K. Chalki,PhotovoltaicArray,2024-08-23 23:30:00,0.0,0.0,0.0
E.K. Chalki,PhotovoltaicArray,2024-08-23 23:45:00,0.0,0.0,0.0
E.K. Chalki,PhotovoltaicArray,2024-08-24 00:00:00,0.0,0.0,0.0
E.K. Chalki,PhotovoltaicArray,2024-08-24 00:15:00,0.0,0.0,0.0
E.K. Chalki,PhotovoltaicArray,2024-08-24 00:30:00,0.0,0.0,0.0
E.K. Chalki,PhotovoltaicArray,2024-08-24 00:45:00,0.0,0.0,0.0
E.K. Chalki,PhotovoltaicArray,2024-08-24 01:00:00,0.0,0.0,0.0
E.K. Chalki,PhotovoltaicArray,2024-08-24 01:15:00,0.0,0.0,0.0
E.K. Chalki,PhotovoltaicArray,2024-08-24 01:30:00,0.0,0.0,0.0
E.K. Chalki,PhotovoltaicArray,2024-08-24 01:45:00,0.0,0.0,0.0
E.K. Chalki,PhotovoltaicArray,2024-08-24 02:00:00,0.0,0.0,0.0
E.K. Chalki,PhotovoltaicArray,2024-08-24 02:15:00,0.0,0.0,0.0
E.K. Chalki,PhotovoltaicArray,2024-08-24 02:30:00,0.0,0.0,0.0
E.K. Chalki,PhotovoltaicArray,2024-08-24 02:45:00,0.0,0.0,0.0
E.K. Chalki,PhotovoltaicArray,2024-08-24 03:00:00,0.0,0.0,1.1115460267970334
E.K. Chalki,PhotovoltaicArray,2024-08-24 03:15:00,0.0,0.0,2.223092053594067
E.K. Chalki,PhotovoltaicArray,2024-08-24 03:30:00,0.0,0.0,3.3346380803911004
E.K. Chalki,PhotovoltaicArray,2024-08-24 03:45:00,0.0,0.0,4.446184107188134
E.K. Chalki,PhotovoltaicArray,2024-08-24 04:00:00,2.516110897064209,10.064443588256836,32.234834777113974
E.K. Chalki,PhotovoltaicArray,2024-08-24 04:15:00,5.510532855987549,22.042131423950195,60.02348544703982
E.K. Chalki,PhotovoltaicArray,2024-08-24 04:30:00,10.588480949401855,42.35392379760742,87.81213611696566
E.K. Chalki,PhotovoltaicArray,2024-08-24 04:45:00,14.987987518310547,59.95195007324219,115.6007867868915
E.K. Chalki,PhotovoltaicArray,2024-08-24 05:00:00,25.264421463012695,101.05768585205078,168.12133655305132
E.K. Chalki,PhotovoltaicArray,2024-08-24 05:15:00,38.90003204345703,155.60012817382812,220.64188631921112
E.K. Chalki,PhotovoltaicArray,2024-08-24 05:30:00,49.57510757446289,198.30043029785156,273.162436085371
E.K. Chalki,PhotovoltaicArray,2024-08-24 05:45:00,58.58570861816406,234.34283447265625,325.6829858515308
E.K. Chalki,PhotovoltaicArray,2024-08-24 06:00:00,70.51746368408203,282.0698547363281,380.42662767128473
E.K. Chalki,PhotovoltaicArray,2024-08-24 06:15:00,87.30994415283203,349.2397766113281,435.1702694910386
E.K. Chalki,PhotovoltaicArray,2024-08-24 06:30:00,89.66343688964844,358.65374755859375,489.9139113107925
E.K. Chalki,PhotovoltaicArray,2024-08-24 06:45:00,110.61814880371094,442.47259521484375,544.6575531305464
E.K. Chalki,PhotovoltaicArray,2024-08-24 07:00:00,125.4475326538086,501.7901306152344,592.7319187895181
E.K. Chalki,PhotovoltaicArray,2024-08-24 07:15:00,124.85176086425781,499.40704345703125,640.8062844484898
E.K. Chalki,PhotovoltaicArray,2024-08-24 07:30:00,135.52200317382812,542.0880126953125,688.8806501074614
E.K. Chalki,PhotovoltaicArray,2024-08-24 07:45:00,146.25396728515625,585.015869140625,736.9550157664332
E.K. Chalki,PhotovoltaicArray,2024-08-24 08:00:00,149.14654541015625,596.586181640625,773.358148144036
E.K. Chalki,PhotovoltaicArray,2024-08-24 08:15:00,154.11325073242188,616.4530029296875,809.7612805216389
E.K. Chalki,PhotovoltaicArray,2024-08-24 08:30:00,163.49981689453125,653.999267578125,846.1644128992416
E.K. Chalki,PhotovoltaicArray,2024-08-24 08:45:00,166.8086700439453,667.2346801757812,882.5675452768444
E.K. Chalki,PhotovoltaicArray,2024-08-24 09:00:00,167.8119354248047,671.2477416992188,903.4090332792889
E.K. Chalki,PhotovoltaicArray,2024-08-24 09:15:00,164.91830444335938,659.6732177734375,924.2505212817333
E.K. Chalki,PhotovoltaicArray,2024-08-24 09:30:00,172.01022338867188,688.0408935546875,945.0920092841776
E.K. Chalki,PhotovoltaicArray,2024-08-24 09:45:00,158.99893188476562,635.9957275390625,965.9334972866221
E.K. Chalki,PhotovoltaicArray,2024-08-24 10:00:00,170.73109436035156,682.9243774414062,969.8239083804117
E.K. Chalki,PhotovoltaicArray,2024-08-24 10:15:00,171.06613159179688,684.2645263671875,973.7143194742014
E.K. Chalki,PhotovoltaicArray,2024-08-24 10:30:00,170.01364135742188,680.0545654296875,977.6047305679908
E.K. Chalki,PhotovoltaicArray,2024-08-24 10:45:00,175.7091064453125,702.83642578125,981.4951416617805
E.K. Chalki,PhotovoltaicArray,2024-08-24 11:00:00,189.23922729492188,756.9569091796875,968.156589340216
E.K. Chalki,PhotovoltaicArray,2024-08-24 11:15:00,166.53250122070312,666.1300048828125,954.8180370186517
E.K. Chalki,PhotovoltaicArray,2024-08-24 11:30:00,169.1109161376953,676.4436645507812,941.4794846970874
E.K. Chalki,PhotovoltaicArray,2024-08-24 11:45:00,169.59597778320312,678.3839111328125,928.1409323755231
E.K. Chalki,PhotovoltaicArray,2024-08-24 12:00:00,161.8241729736328,647.2966918945312,899.2407356788002
E.K. Chalki,PhotovoltaicArray,2024-08-24 12:15:00,153.31996154785156,613.2798461914062,870.3405389820772
E.K. Chalki,PhotovoltaicArray,2024-08-24 12:30:00,152.06333923339844,608.2533569335938,841.4403422853543
E.K. Chalki,PhotovoltaicArray,2024-08-24 12:45:00,149.06069946289062,596.2427978515625,811.4285995618344
E.K. Chalki,PhotovoltaicArray,2024-08-24 13:00:00,137.01718139648438,548.0687255859375,768.9119640368478
E.K. Chalki,PhotovoltaicArray,2024-08-24 13:15:00,133.51995849609375,534.079833984375,726.3953285118613
E.K. Chalki,PhotovoltaicArray,2024-08-24 13:30:00,130.14096069335938,520.5638427734375,683.8786929868749
E.K. Chalki,PhotovoltaicArray,2024-08-24 13:45:00,117.06658935546875,468.266357421875,641.3620574618883
E.K. Chalki,PhotovoltaicArray,2024-08-24 14:00:00,109.14143371582031,436.56573486328125,589.3972807091269
E.K. Chalki,PhotovoltaicArray,2024-08-24 14:15:00,90.03111267089844,360.12445068359375,537.4325039563656
E.K. Chalki,PhotovoltaicArray,2024-08-24 14:30:00,84.42930603027344,337.71722412109375,485.46772720360434
E.K. Chalki,PhotovoltaicArray,2024-08-24 14:45:00,75.98893737792969,303.95574951171875,433.50295045084306
E.K. Chalki,PhotovoltaicArray,2024-08-24 15:00:00,53.45443344116211,213.81773376464844,378.20353561769065
E.K. Chalki,PhotovoltaicArray,2024-08-24 15:15:00,47.8043098449707,191.2172393798828,322.9041207845382
E.K. Chalki,PhotovoltaicArray,2024-08-24 15:30:00,34.52085876464844,138.08343505859375,267.60470595138577
E.K. Chalki,PhotovoltaicArray,2024-08-24 15:45:00,22.70507049560547,90.82028198242188,212.30529111823336
E.K. Chalki,PhotovoltaicArray,2024-08-24 16:00:00,16.677093505859375,66.7083740234375,168.1213365530513
E.K. Chalki,PhotovoltaicArray,2024-08-24 16:15:00,8.678789138793945,34.71515655517578,123.9373819878692
E.K. Chalki,PhotovoltaicArray,2024-08-24 16:30:00,3.675438165664673,14.701752662658691,79.75342742268714
E.K. Chalki,PhotovoltaicArray,2024-08-24 16:45:00,0.0,0.0,35.56947285750507
E.K. Chalki,PhotovoltaicArray,2024-08-24 17:00:00,0.0,0.0,26.677104643128803
E.K. Chalki,PhotovoltaicArray,2024-08-24 17:15:00,0.0,0.0,17.784736428752534
E.K. Chalki,PhotovoltaicArray,2024-08-24 17:30:00,0.0,0.0,8.892368214376267
E.K. Chalki,PhotovoltaicArray,2024-08-24 17:45:00,0.0,0.0,0.0
E.K. Chalki,PhotovoltaicArray,2024-08-24 18:00:00,0.0,0.0,0.0
E.K. Chalki,PhotovoltaicArray,2024-08-24 18:15:00,0.0,0.0,0.0
E.K. Chalki,PhotovoltaicArray,2024-08-24 18:30:00,0.0,0.0,0.0
E.K. Chalki,PhotovoltaicArray,2024-08-24 18:45:00,0.0,0.0,0.0
E.K. Chalki,PhotovoltaicArray,2024-08-24 19:00:00,0.0,0.0,0.0
E.K. Chalki,PhotovoltaicArray,2024-08-24 19:15:00,0.0,0.0,0.0
E.K. Chalki,PhotovoltaicArray,2024-08-24 19:30:00,0.0,0.0,0.0
E.K. Chalki,PhotovoltaicArray,2024-08-24 19:45:00,0.0,0.0,0.0
E.K. Chalki,PhotovoltaicArray,2024-08-24 20:00:00,0.0,0.0,0.0
E.K. Chalki,PhotovoltaicArray,2024-08-24 20:15:00,0.0,0.0,0.0
E.K. Chalki,PhotovoltaicArray,2024-08-24 20:30:00,0.0,0.0,0.0
E.K. Chalki,PhotovoltaicArray,2024-08-24 20:45:00,0.0,0.0,0.0
E.K. Chalki,PhotovoltaicArray,2024-08-24 21:00:00,0.0,0.0,0.0
E.K. Chalki,PhotovoltaicArray,2024-08-24 21:15:00,0.0,0.0,0.0
E.K. Chalki,PhotovoltaicArray,2024-08-24 21:30:00,0.0,0.0,0.0
E.K. Chalki,PhotovoltaicArray,2024-08-24 21:45:00,0.0,0.0,0.0
E.K. Chalki,PhotovoltaicArray,2024-08-24 22:00:00,0.0,0.0,0.0
E.K. Chalki,PhotovoltaicArray,2024-08-24 22:15:00,0.0,0.0,0.0
E.K. Chalki,PhotovoltaicArray,2024-08-24 22:30:00,0.0,0.0,0.0
E.K. Chalki,PhotovoltaicArray,2024-08-24 22:45:00,0.0,0.0,0.0
E.K. Chalki,PhotovoltaicArray,2024-08-24 23:00:00,0.0,0.0,0.0
E.K. Chalki,PhotovoltaicArray,2024-08-24 23:15:00,0.0,0.0,0.0
E.K. Chalki,PhotovoltaicArray,2024-08-24 23:30:00,0.0,0.0,0.0
E.K. Chalki,PhotovoltaicArray,2024-08-24 23:45:00,0.0,0.0,0.0
E.K. Chalki,PhotovoltaicArray,2024-08-25 00:00:00,0.0,0.0,0.0
E.K. Chalki,PhotovoltaicArray,2024-08-25 00:15:00,0.0,0.0,0.0
E.K. Chalki,PhotovoltaicArray,2024-08-25 00:30:00,0.0,0.0,0.0
E.K. Chalki,PhotovoltaicArray,2024-08-25 00:45:00,0.0,0.0,0.0
E.K. Chalki,PhotovoltaicArray,2024-08-25 01:00:00,0.0,0.0,0.0
E.K. Chalki,PhotovoltaicArray,2024-08-25 01:15:00,0.0,0.0,0.0
E.K. Chalki,PhotovoltaicArray,2024-08-25 01:30:00,0.0,0.0,0.0
E.K. Chalki,PhotovoltaicArray,2024-08-25 01:45:00,0.0,0.0,0.0
E.K. Chalki,PhotovoltaicArray,2024-08-25 02:00:00,0.0,0.0,0.0
E.K. Chalki,PhotovoltaicArray,2024-08-25 02:15:00,0.0,0.0,0.0
E.K. Chalki,PhotovoltaicArray,2024-08-25 02:30:00,0.0,0.0,0.0
E.K. Chalki,PhotovoltaicArray,2024-08-25 02:45:00,0.0,0.0,0.0
E.K. Chalki,PhotovoltaicArray,2024-08-25 03:00:00,0.0,0.0,0.8361551958010001
E.K. Chalki,PhotovoltaicArray,2024-08-25 03:15:00,0.0,0.0,1.6723103916020001
E.K. Chalki,PhotovoltaicArray,2024-08-25 03:30:00,0.0,0.0,2.5084655874030006
E.K. Chalki,PhotovoltaicArray,2024-08-25 03:45:00,0.0,0.0,3.3446207832040002
E.K. Chalki,PhotovoltaicArray,2024-08-25 04:00:00,2.516110897064209,10.064443588256836,31.216460643237337
E.K. Chalki,PhotovoltaicArray,2024-08-25 04:15:00,5.510532855987549,22.042131423950195,59.08830050327068
E.K. Chalki,PhotovoltaicArray,2024-08-25 04:30:00,10.588480949401855,42.35392379760742,86.960140363304
E.K. Chalki,PhotovoltaicArray,2024-08-25 04:45:00,14.987987518310547,59.95195007324219,114.83198022333735
E.K. Chalki,PhotovoltaicArray,2024-08-25 05:00:00,25.264421463012695,101.05768585205078,167.50975755880035
E.K. Chalki,PhotovoltaicArray,2024-08-25 05:15:00,38.90003204345703,155.60012817382812,220.18753489426337
E.K. Chalki,PhotovoltaicArray,2024-08-25 05:30:00,46.82282638549805,187.2913055419922,272.8653122297264
E.K. Chalki,PhotovoltaicArray,2024-08-25 05:45:00,58.58570861816406,234.34283447265625,325.5430895651894
E.K. Chalki,PhotovoltaicArray,2024-08-25 06:00:00,70.51746368408203,282.0698547363281,380.17189569085474
E.K. Chalki,PhotovoltaicArray,2024-08-25 06:15:00,87.30994415283203,349.2397766113281,434.8007018165201
E.K. Chalki,PhotovoltaicArray,2024-08-25 06:30:00,89.66343688964844,358.65374755859375,489.4295079421854
E.K. Chalki,PhotovoltaicArray,2024-08-25 06:45:00,110.61814880371094,442.47259521484375,542.9434404734494
E.K. Chalki,PhotovoltaicArray,2024-08-25 07:00:00,129.751220703125,519.0048828125,590.6042866341065
E.K. Chalki,PhotovoltaicArray,2024-08-25 07:15:00,124.95720672607422,499.8288269042969,638.2651327947635
E.K. Chalki,PhotovoltaicArray,2024-08-25 07:30:00,135.08660888671875,540.346435546875,685.9259789554205
E.K. Chalki,PhotovoltaicArray,2024-08-25 07:45:00,145.2691192626953,581.0764770507812,733.5868251160774
E.K. Chalki,PhotovoltaicArray,2024-08-25 08:00:00,145.34927368164062,581.3970947265625,769.2627801369201
E.K. Chalki,PhotovoltaicArray,2024-08-25 08:15:00,154.50021362304688,618.0008544921875,804.9387351577628
E.K. Chalki,PhotovoltaicArray,2024-08-25 08:30:00,160.29867553710938,641.1947021484375,840.6146901786055
E.K. Chalki,PhotovoltaicArray,2024-08-25 08:45:00,167.7540283203125,671.01611328125,876.2906451994481
E.K. Chalki,PhotovoltaicArray,2024-08-25 09:00:00,166.00355529785156,664.0142211914062,897.1945250944732
E.K. Chalki,PhotovoltaicArray,2024-08-25 09:15:00,160.5481414794922,642.1925659179688,918.0984049894982
E.K. Chalki,PhotovoltaicArray,2024-08-25 09:30:00,123.8180160522461,495.2720642089844,939.0022848845233
E.K. Chalki,PhotovoltaicArray,2024-08-25 09:45:00,171.7694549560547,687.0778198242188,959.9061647795484
E.K. Chalki,PhotovoltaicArray,2024-08-25 10:00:00,165.27130126953125,661.085205078125,964.0869407585533
E.K. Chalki,PhotovoltaicArray,2024-08-25 10:15:00,165.60635375976562,662.4254150390625,968.2677167375582
E.K. Chalki,PhotovoltaicArray,2024-08-25 10:30:00,166.9420166015625,667.76806640625,972.4484927165632
E.K. Chalki,PhotovoltaicArray,2024-08-25 10:45:00,176.14761352539062,704.5904541015625,976.6292686955683
E.K. Chalki,PhotovoltaicArray,2024-08-25 11:00:00,190.40061950683594,761.6024780273438,963.5295039613526
E.K. Chalki,PhotovoltaicArray,2024-08-25 11:15:00,165.9576416015625,663.83056640625,950.429739227137
E.K. Chalki,PhotovoltaicArray,2024-08-25 11:30:00,172.04385375976562,688.1754150390625,937.3299744929213
E.K. Chalki,PhotovoltaicArray,2024-08-25 11:45:00,168.7850341796875,675.14013671875,924.2302097587057
E.K. Chalki,PhotovoltaicArray,2024-08-25 12:00:00,156.33631896972656,625.3452758789062,894.9647779056705
E.K. Chalki,PhotovoltaicArray,2024-08-25 12:15:00,151.3704833984375,605.48193359375,865.6993460526355
E.K. Chalki,PhotovoltaicArray,2024-08-25 12:30:00,145.59371948242188,582.3748779296875,836.4339141996005
E.K. Chalki,PhotovoltaicArray,2024-08-25 12:45:00,146.70217895507812,586.8087158203125,807.1684823465655
E.K. Chalki,PhotovoltaicArray,2024-08-25 13:00:00,132.92860412597656,531.7144165039062,764.2458489621141
E.K. Chalki,PhotovoltaicArray,2024-08-25 13:15:00,126.96669006347656,507.86676025390625,721.3232155776628
E.K. Chalki,PhotovoltaicArray,2024-08-25 13:30:00,127.64349365234375,510.573974609375,678.4005821932114
E.K. Chalki,PhotovoltaicArray,2024-08-25 13:45:00,118.41630554199219,473.66522216796875,635.4779488087601
E.K. Chalki,PhotovoltaicArray,2024-08-25 14:00:00,98.26486206054688,393.0594482421875,583.0788898718974
E.K. Chalki,PhotovoltaicArray,2024-08-25 14:15:00,95.90350341796875,383.614013671875,530.6798309350348
E.K. Chalki,PhotovoltaicArray,2024-08-25 14:30:00,83.49346923828125,333.973876953125,478.28077199817204
E.K. Chalki,PhotovoltaicArray,2024-08-25 14:45:00,75.05538177490234,300.2215270996094,425.88171306130937
E.K. Chalki,PhotovoltaicArray,2024-08-25 15:00:00,50.670921325683594,202.68368530273438,370.69547013844334
E.K. Chalki,PhotovoltaicArray,2024-08-25 15:15:00,44.878204345703125,179.5128173828125,315.5092272155774
E.K. Chalki,PhotovoltaicArray,2024-08-25 15:30:00,36.96263885498047,147.85055541992188,260.3229842927114
E.K. Chalki,PhotovoltaicArray,2024-08-25 15:45:00,21.163909912109375,84.6556396484375,205.1367413698454
E.K. Chalki,PhotovoltaicArray,2024-08-25 16:00:00,16.752243041992188,67.00897216796875,162.214107985394
E.K. Chalki,PhotovoltaicArray,2024-08-25 16:15:00,8.853036880493164,35.412147521972656,119.29147460094269
E.K. Chalki,PhotovoltaicArray,2024-08-25 16:30:00,0.0,0.0,76.36884121649136
E.K. Chalki,PhotovoltaicArray,2024-08-25 16:45:00,0.0,0.0,33.44620783204
E.K. Chalki,PhotovoltaicArray,2024-08-25 17:00:00,0.0,0.0,25.084655874030005
E.K. Chalki,PhotovoltaicArray,2024-08-25 17:15:00,0.0,0.0,16.72310391602
E.K. Chalki,PhotovoltaicArray,2024-08-25 17:30:00,0.0,0.0,8.36155195801
E.K. Chalki,PhotovoltaicArray,2024-08-25 17:45:00,0.0,0.0,0.0
E.K. Chalki,PhotovoltaicArray,2024-08-25 18:00:00,0.0,0.0,0.0
E.K. Chalki,PhotovoltaicArray,2024-08-25 18:15:00,0.0,0.0,0.0
E.K. Chalki,PhotovoltaicArray,2024-08-25 18:30:00,0.0,0.0,0.0
E.K. Chalki,PhotovoltaicArray,2024-08-25 18:45:00,0.0,0.0,0.0
E.K. Chalki,PhotovoltaicArray,2024-08-25 19:00:00,0.0,0.0,0.0
E.K. Chalki,PhotovoltaicArray,2024-08-25 19:15:00,0.0,0.0,0.0
E.K. Chalki,PhotovoltaicArray,2024-08-25 19:30:00,0.0,0.0,0.0
E.K. Chalki,PhotovoltaicArray,2024-08-25 19:45:00,0.0,0.0,0.0
E.K. Chalki,PhotovoltaicArray,2024-08-25 20:00:00,0.0,0.0,0.0
E.K. Chalki,PhotovoltaicArray,2024-08-25 20:15:00,0.0,0.0,0.0
E.K. Chalki,PhotovoltaicArray,2024-08-25 20:30:00,0.0,0.0,0.0
E.K. Chalki,PhotovoltaicArray,2024-08-25 20:45:00,0.0,0.0,0.0
E.K. Chalki,PhotovoltaicArray,2024-08-25 21:00:00,0.0,0.0,0.0
E.K. Chalki,PhotovoltaicArray,2024-08-25 21:15:00,0.0,0.0,0.0
E.K. Chalki,PhotovoltaicArray,2024-08-25 21:30:00,0.0,0.0,0.0
E.K. Chalki,PhotovoltaicArray,2024-08-25 21:45:00,0.0,0.0,0.0
E.K. Chalki,PhotovoltaicArray,2024-08-25 22:00:00,0.0,0.0,0.0
E.K. Chalki,PhotovoltaicArray,2024-08-25 22:15:00,0.0,0.0,0.0
E.K. Chalki,PhotovoltaicArray,2024-08-25 22:30:00,0.0,0.0,0.0
E.K. Chalki,PhotovoltaicArray,2024-08-25 22:45:00,0.0,0.0,0.0
E.K. Chalki,PhotovoltaicArray,2024-08-25 23:00:00,0.0,0.0,0.0
E.K. Chalki,PhotovoltaicArray,2024-08-25 23:15:00,0.0,0.0,0.0
E.K. Chalki,PhotovoltaicArray,2024-08-25 23:30:00,0.0,0.0,0.0
E.K. Chalki,PhotovoltaicArray,2024-08-25 23:45:00,0.0,0.0,0.0
E.K. Chalki,PhotovoltaicArray,2024-08-26 00:00:00,0.0,0.0,0.0
E.K. Chalki,PhotovoltaicArray,2024-08-26 00:15:00,0.0,0.0,0.0
E.K. Chalki,PhotovoltaicArray,2024-08-26 00:30:00,0.0,0.0,0.0
E.K. Chalki,PhotovoltaicArray,2024-08-26 00:45:00,0.0,0.0,0.0
E.K. Chalki,PhotovoltaicArray,2024-08-26 01:00:00,0.0,0.0,0.0
E.K. Chalki,PhotovoltaicArray,2024-08-26 01:15:00,0.0,0.0,0.0
E.K. Chalki,PhotovoltaicArray,2024-08-26 01:30:00,0.0,0.0,0.0
E.K. Chalki,PhotovoltaicArray,2024-08-26 01:45:00,0.0,0.0,0.0
E.K. Chalki,PhotovoltaicArray,2024-08-26 02:00:00,0.0,0.0,0.0
E.K. Chalki,PhotovoltaicArray,2024-08-26 02:15:00,0.0,0.0,0.0
E.K. Chalki,PhotovoltaicArray,2024-08-26 02:30:00,0.0,0.0,0.0
E.K. Chalki,PhotovoltaicArray,2024-08-26 02:45:00,0.0,0.0,0.0
E.K. Chalki,PhotovoltaicArray,2024-08-26 03:00:00,0.0,0.0,0.8386870117955066
E.K. Chalki,PhotovoltaicArray,2024-08-26 03:15:00,0.0,0.0,1.6773740235910133
E.K. Chalki,PhotovoltaicArray,2024-08-26 03:30:00,0.0,0.0,2.51606103538652
E.K. Chalki,PhotovoltaicArray,2024-08-26 03:45:00,0.0,0.0,3.3547480471820266
E.K. Chalki,PhotovoltaicArray,2024-08-26 04:00:00,2.3128509521484375,9.25140380859375,29.91317008737307
E.K. Chalki,PhotovoltaicArray,2024-08-26 04:15:00,5.270187854766846,21.080751419067383,56.47159212756411
E.K. Chalki,PhotovoltaicArray,2024-08-26 04:30:00,10.439560890197754,41.758243560791016,83.03001416775516
E.K. Chalki,PhotovoltaicArray,2024-08-26 04:45:00,17.50812530517578,70.03250122070312,109.5884362079462
E.K. Chalki,PhotovoltaicArray,2024-08-26 05:00:00,24.608219146728516,98.43287658691406,161.5870309392676
E.K. Chalki,PhotovoltaicArray,2024-08-26 05:15:00,35.479469299316406,141.91787719726562,213.58562567058902
E.K. Chalki,PhotovoltaicArray,2024-08-26 05:30:00,46.87982940673828,187.51931762695312,265.5842204019105
E.K. Chalki,PhotovoltaicArray,2024-08-26 05:45:00,56.93843460083008,227.7537384033203,317.5828151332319
E.K. Chalki,PhotovoltaicArray,2024-08-26 06:00:00,74.19365692138672,296.7746276855469,371.8179085626747
E.K. Chalki,PhotovoltaicArray,2024-08-26 06:15:00,87.41255187988281,349.65020751953125,426.05300199211734
E.K. Chalki,PhotovoltaicArray,2024-08-26 06:30:00,87.77584075927734,351.1033630371094,480.28809542156006
E.K. Chalki,PhotovoltaicArray,2024-08-26 06:45:00,106.19046783447266,424.7618713378906,532.2866901528815
E.K. Chalki,PhotovoltaicArray,2024-08-26 07:00:00,120.0111312866211,480.0445251464844,579.5327251506949
E.K. Chalki,PhotovoltaicArray,2024-08-26 07:15:00,122.20001220703125,488.800048828125,626.7787601485086
E.K. Chalki,PhotovoltaicArray,2024-08-26 07:30:00,131.23658752441406,524.9463500976562,674.024795146322
E.K. Chalki,PhotovoltaicArray,2024-08-26 07:45:00,143.53823852539062,574.1529541015625,721.2708301441356
E.K. Chalki,PhotovoltaicArray,2024-08-26 08:00:00,144.10296630859375,576.411865234375,757.3343716513424
E.K. Chalki,PhotovoltaicArray,2024-08-26 08:15:00,152.59634399414062,610.3853759765625,793.3979131585493
E.K. Chalki,PhotovoltaicArray,2024-08-26 08:30:00,158.22657775878906,632.9063110351562,829.4614546657562
E.K. Chalki,PhotovoltaicArray,2024-08-26 08:45:00,162.93841552734375,651.753662109375,865.5249961729628
E.K. Chalki,PhotovoltaicArray,2024-08-26 09:00:00,162.88104248046875,651.524169921875,886.4921714678504
E.K. Chalki,PhotovoltaicArray,2024-08-26 09:15:00,152.57293701171875,610.291748046875,907.4593467627382
E.K. Chalki,PhotovoltaicArray,2024-08-26 09:30:00,156.93402099609375,627.736083984375,928.4265220576258
E.K. Chalki,PhotovoltaicArray,2024-08-26 09:45:00,171.7919158935547,687.1676635742188,949.3936973525135
E.K. Chalki,PhotovoltaicArray,2024-08-26 10:00:00,167.1861572265625,668.74462890625,953.3075700742259
E.K. Chalki,PhotovoltaicArray,2024-08-26 10:15:00,165.35781860351562,661.4312744140625,957.2214427959383
E.K. Chalki,PhotovoltaicArray,2024-08-26 10:30:00,172.79714965820312,691.1885986328125,961.1353155176506
E.K. Chalki,PhotovoltaicArray,2024-08-26 10:45:00,179.65037536621094,718.6015014648438,965.0491882393629
E.K. Chalki,PhotovoltaicArray,2024-08-26 11:00:00,181.3537139892578,725.4148559570312,951.6301960506348
E.K. Chalki,PhotovoltaicArray,2024-08-26 11:15:00,155.5540771484375,622.21630859375,938.2112038619067
E.K. Chalki,PhotovoltaicArray,2024-08-26 11:30:00,170.45484924316406,681.8193969726562,924.7922116731786
E.K. Chalki,PhotovoltaicArray,2024-08-26 11:45:00,166.37852478027344,665.5140991210938,911.3732194844505
E.K. Chalki,PhotovoltaicArray,2024-08-26 12:00:00,160.82901000976562,643.3160400390625,882.298736408873
E.K. Chalki,PhotovoltaicArray,2024-08-26 12:15:00,150.03164672851562,600.1265869140625,853.2242533332953
E.K. Chalki,PhotovoltaicArray,2024-08-26 12:30:00,144.60800170898438,578.4320068359375,824.1497702577178
E.K. Chalki,PhotovoltaicArray,2024-08-26 12:45:00,148.27781677246094,593.1112670898438,798.4300352293225
E.K. Chalki,PhotovoltaicArray,2024-08-26 13:00:00,135.0213165283203,540.0852661132812,755.0978729532212
E.K. Chalki,PhotovoltaicArray,2024-08-26 13:15:00,122.75153350830078,491.0061340332031,711.76571067712
E.K. Chalki,PhotovoltaicArray,2024-08-26 13:30:00,119.84823608398438,479.3929443359375,668.4335484010186
E.K. Chalki,PhotovoltaicArray,2024-08-26 13:45:00,113.5003433227539,454.0013732910156,625.1013861249174
E.K. Chalki,PhotovoltaicArray,2024-08-26 14:00:00,96.71294403076172,386.8517761230469,573.102791393596
E.K. Chalki,PhotovoltaicArray,2024-08-26 14:15:00,94.20857238769531,376.83428955078125,521.1041966622747
E.K. Chalki,PhotovoltaicArray,2024-08-26 14:30:00,80.50385284423828,322.0154113769531,469.10560193095336
E.K. Chalki,PhotovoltaicArray,2024-08-26 14:45:00,70.42729949951172,281.7091979980469,417.10700719963194
E.K. Chalki,PhotovoltaicArray,2024-08-26 15:00:00,53.92525100708008,215.7010040283203,362.87191377018917
E.K. Chalki,PhotovoltaicArray,2024-08-26 15:15:00,44.62937545776367,178.5175018310547,308.63682034074645
E.K. Chalki,PhotovoltaicArray,2024-08-26 15:30:00,35.308860778808594,141.23544311523438,254.40172691130368
E.K. Chalki,PhotovoltaicArray,2024-08-26 15:45:00,21.163909912109375,84.6556396484375,200.1666334818609
E.K. Chalki,PhotovoltaicArray,2024-08-26 16:00:00,16.039045333862305,64.15618133544922,157.67315821755523
E.K. Chalki,PhotovoltaicArray,2024-08-26 16:15:00,8.853036880493164,35.412147521972656,115.17968295324957
E.K. Chalki,PhotovoltaicArray,2024-08-26 16:30:00,0.0,0.0,72.6862076889439
E.K. Chalki,PhotovoltaicArray,2024-08-26 16:45:00,0.0,0.0,30.192732424638233
E.K. Chalki,PhotovoltaicArray,2024-08-26 17:00:00,0.0,0.0,22.644549318478674
E.K. Chalki,PhotovoltaicArray,2024-08-26 17:15:00,0.0,0.0,15.096366212319117
E.K. Chalki,PhotovoltaicArray,2024-08-26 17:30:00,0.0,0.0,7.548183106159558
E.K. Chalki,PhotovoltaicArray,2024-08-26 17:45:00,0.0,0.0,0.0
E.K. Chalki,PhotovoltaicArray,2024-08-26 18:00:00,0.0,0.0,0.0
E.K. Chalki,PhotovoltaicArray,2024-08-26 18:15:00,0.0,0.0,0.0
E.K. Chalki,PhotovoltaicArray,2024-08-26 18:30:00,0.0,0.0,0.0
E.K. Chalki,PhotovoltaicArray,2024-08-26 18:45:00,0.0,0.0,0.0
E.K. Chalki,PhotovoltaicArray,2024-08-26 19:00:00,0.0,0.0,0.0
E.K. Chalki,PhotovoltaicArray,2024-08-26 19:15:00,0.0,0.0,0.0
E.K. Chalki,PhotovoltaicArray,2024-08-26 19:30:00,0.0,0.0,0.0
E.K. Chalki,PhotovoltaicArray,2024-08-26 19:45:00,0.0,0.0,0.0
E.K. Chalki,PhotovoltaicArray,2024-08-26 20:00:00,0.0,0.0,0.0
E.K. Chalki,PhotovoltaicArray,2024-08-26 20:15:00,0.0,0.0,0.0
E.K. Chalki,PhotovoltaicArray,2024-08-26 20:30:00,0.0,0.0,0.0
E.K. Chalki,PhotovoltaicArray,2024-08-26 20:45:00,0.0,0.0,0.0
E.K. Chalki,PhotovoltaicArray,2024-08-26 21:00:00,0.0,0.0,0.0
E.K. Chalki,PhotovoltaicArray,2024-08-26 21:15:00,0.0,0.0,0.0
E.K. Chalki,PhotovoltaicArray,2024-08-26 21:30:00,0.0,0.0,0.0
E.K. Chalki,PhotovoltaicArray,2024-08-26 21:45:00,0.0,0.0,0.0
E.K. Chalki,PhotovoltaicArray,2024-08-26 22:00:00,0.0,0.0,0.0
E.K. Chalki,PhotovoltaicArray,2024-08-26 22:15:00,0.0,0.0,0.0
E.K. Chalki,PhotovoltaicArray,2024-08-26 22:30:00,0.0,0.0,0.0
E.K. Chalki,PhotovoltaicArray,2024-08-26 22:45:00,0.0,0.0,0.0
E.K. Chalki,PhotovoltaicArray,2024-08-26 23:00:00,0.0,0.0,0.0
E.K. Chalki,PhotovoltaicArray,2024-08-26 23:15:00,0.0,0.0,0.0
E.K. Chalki,PhotovoltaicArray,2024-08-26 23:30:00,0.0,0.0,0.0
E.K. Chalki,PhotovoltaicArray,2024-08-26 23:45:00,0.0,0.0,0.0
E.K. Chalki,PhotovoltaicArray,2024-08-27 00:00:00,0.0,0.0,0.0
E.K. Chalki,PhotovoltaicArray,2024-08-27 00:15:00,0.0,0.0,0.0
E.K. Chalki,PhotovoltaicArray,2024-08-27 00:30:00,0.0,0.0,0.0
E.K. Chalki,PhotovoltaicArray,2024-08-27 00:45:00,0.0,0.0,0.0
E.K. Chalki,PhotovoltaicArray,2024-08-27 01:00:00,0.0,0.0,0.0
E.K. Chalki,PhotovoltaicArray,2024-08-27 01:15:00,0.0,0.0,0.0
E.K. Chalki,PhotovoltaicArray,2024-08-27 01:30:00,0.0,0.0,0.0
E.K. Chalki,PhotovoltaicArray,2024-08-27 01:45:00,0.0,0.0,0.0
E.K. Chalki,PhotovoltaicArray,2024-08-27 02:00:00,0.0,0.0,0.0
E.K. Chalki,PhotovoltaicArray,2024-08-27 02:15:00,0.0,0.0,0.0
E.K. Chalki,PhotovoltaicArray,2024-08-27 02:30:00,0.0,0.0,0.0
E.K. Chalki,PhotovoltaicArray,2024-08-27 02:45:00,0.0,0.0,0.0
E.K. Chalki,PhotovoltaicArray,2024-08-27 03:00:00,0.0,0.0,0.841254961920825
E.K. Chalki,PhotovoltaicArray,2024-08-27 03:15:00,0.0,0.0,1.68250992384165
E.K. Chalki,PhotovoltaicArray,2024-08-27 03:30:00,0.0,0.0,2.5237648857624753
E.K. Chalki,PhotovoltaicArray,2024-08-27 03:45:00,0.0,0.0,3.3650198476833
E.K. Chalki,PhotovoltaicArray,2024-08-27 04:00:00,2.3128509521484375,9.25140380859375,28.883087025948328
E.K. Chalki,PhotovoltaicArray,2024-08-27 04:15:00,4.713178634643555,18.85271453857422,54.401154204213356
E.K. Chalki,PhotovoltaicArray,2024-08-27 04:30:00,10.117399215698242,40.46959686279297,79.91922138247838
E.K. Chalki,PhotovoltaicArray,2024-08-27 04:45:00,16.549163818359375,66.1966552734375,105.43728856074341
E.K. Chalki,PhotovoltaicArray,2024-08-27 05:00:00,24.04289436340332,96.17157745361328,157.03425955855403
E.K. Chalki,PhotovoltaicArray,2024-08-27 05:15:00,35.87852478027344,143.51409912109375,208.63123055636459
E.K. Chalki,PhotovoltaicArray,2024-08-27 05:30:00,46.87982940673828,187.51931762695312,260.2282015541752
E.K. Chalki,PhotovoltaicArray,2024-08-27 05:45:00,58.71128845214844,234.84515380859375,311.82517255198576
E.K. Chalki,PhotovoltaicArray,2024-08-27 06:00:00,73.71834564208984,294.8733825683594,366.22632675619917
E.K. Chalki,PhotovoltaicArray,2024-08-27 06:15:00,85.94757843017578,343.7903137207031,420.6274809604125
E.K. Chalki,PhotovoltaicArray,2024-08-27 06:30:00,89.0003662109375,356.00146484375,475.02863516462594
E.K. Chalki,PhotovoltaicArray,2024-08-27 06:45:00,105.00437927246094,420.01751708984375,528.3081160862781
E.K. Chalki,PhotovoltaicArray,2024-08-27 07:00:00,120.02336883544922,480.0934753417969,576.5400672364054
E.K. Chalki,PhotovoltaicArray,2024-08-27 07:15:00,122.20001220703125,488.800048828125,624.7720183865327
E.K. Chalki,PhotovoltaicArray,2024-08-27 07:30:00,132.76686096191406,531.0674438476562,673.0039695366601
E.K. Chalki,PhotovoltaicArray,2024-08-27 07:45:00,142.9056396484375,571.62255859375,721.2359206867874
E.K. Chalki,PhotovoltaicArray,2024-08-27 08:00:00,144.10296630859375,576.411865234375,757.6903023700232
E.K. Chalki,PhotovoltaicArray,2024-08-27 08:15:00,152.22898864746094,608.9159545898438,794.1446840532589
E.K. Chalki,PhotovoltaicArray,2024-08-27 08:30:00,160.26011657714844,641.0404663085938,830.5990657364947
E.K. Chalki,PhotovoltaicArray,2024-08-27 08:45:00,159.48599243164062,637.9439697265625,867.0534474197306
E.K. Chalki,PhotovoltaicArray,2024-08-27 09:00:00,165.272705078125,661.0908203125,887.5239848264705
E.K. Chalki,PhotovoltaicArray,2024-08-27 09:15:00,155.00003051757812,620.0001220703125,907.9945222332105
E.K. Chalki,PhotovoltaicArray,2024-08-27 09:30:00,156.93402099609375,627.736083984375,928.4650596399507
E.K. Chalki,PhotovoltaicArray,2024-08-27 09:45:00,171.7919158935547,687.1676635742188,948.9355970466906
E.K. Chalki,PhotovoltaicArray,2024-08-27 10:00:00,169.0127716064453,676.0510864257812,953.1418718562948
E.K. Chalki,PhotovoltaicArray,2024-08-27 10:15:00,167.27610778808594,669.1044311523438,957.348146665899
E.K. Chalki,PhotovoltaicArray,2024-08-27 10:30:00,172.79714965820312,691.1885986328125,961.5544214755032
E.K. Chalki,PhotovoltaicArray,2024-08-27 10:45:00,179.65037536621094,718.6015014648438,965.7606962851073
E.K. Chalki,PhotovoltaicArray,2024-08-27 11:00:00,181.3537139892578,725.4148559570312,952.5810352150145
E.K. Chalki,PhotovoltaicArray,2024-08-27 11:15:00,155.5540771484375,622.21630859375,939.4013741449215
E.K. Chalki,PhotovoltaicArray,2024-08-27 11:30:00,170.45484924316406,681.8193969726562,926.2217130748285
E.K. Chalki,PhotovoltaicArray,2024-08-27 11:45:00,165.8678741455078,663.4714965820312,913.0420520047356
E.K. Chalki,PhotovoltaicArray,2024-08-27 12:00:00,158.1119842529297,632.4479370117188,883.3177100168665
E.K. Chalki,PhotovoltaicArray,2024-08-27 12:15:00,150.22921752929688,600.9168701171875,853.5933680289972
E.K. Chalki,PhotovoltaicArray,2024-08-27 12:30:00,149.28179931640625,597.127197265625,823.869026041128
E.K. Chalki,PhotovoltaicArray,2024-08-27 12:45:00,148.2904052734375,593.16162109375,796.3880306183811
E.K. Chalki,PhotovoltaicArray,2024-08-27 13:00:00,130.705322265625,522.8212890625,752.9231909191384
E.K. Chalki,PhotovoltaicArray,2024-08-27 13:15:00,120.10013580322266,480.4005432128906,709.4583512198959
E.K. Chalki,PhotovoltaicArray,2024-08-27 13:30:00,119.84823608398438,479.3929443359375,665.9935115206532
E.K. Chalki,PhotovoltaicArray,2024-08-27 13:45:00,113.5003433227539,454.0013732910156,622.5286718214106
E.K. Chalki,PhotovoltaicArray,2024-08-27 14:00:00,100.2943344116211,401.1773376464844,568.4079359378375
E.K. Chalki,PhotovoltaicArray,2024-08-27 14:15:00,91.62288665771484,366.4915466308594,514.2872000542644
E.K. Chalki,PhotovoltaicArray,2024-08-27 14:30:00,77.48294830322266,309.9317932128906,460.1664641706913
E.K. Chalki,PhotovoltaicArray,2024-08-27 14:45:00,69.78206634521484,279.1282653808594,406.04572828711827
E.K. Chalki,PhotovoltaicArray,2024-08-27 15:00:00,52.19794845581055,208.7917938232422,352.20541072418547
E.K. Chalki,PhotovoltaicArray,2024-08-27 15:15:00,42.35491943359375,169.419677734375,298.3650931612526
E.K. Chalki,PhotovoltaicArray,2024-08-27 15:30:00,33.65266799926758,134.6106719970703,244.52477559831985
E.K. Chalki,PhotovoltaicArray,2024-08-27 15:45:00,19.420339584350586,77.68135833740234,190.68445803538702
E.K. Chalki,PhotovoltaicArray,2024-08-27 16:00:00,13.882914543151855,55.53165817260742,150.02380154254715
E.K. Chalki,PhotovoltaicArray,2024-08-27 16:15:00,8.680583953857422,34.72233581542969,109.36314504970727
E.K. Chalki,PhotovoltaicArray,2024-08-27 16:30:00,0.0,0.0,68.70248855686738
E.K. Chalki,PhotovoltaicArray,2024-08-27 16:45:00,0.0,0.0,28.041832064027503
E.K. Chalki,PhotovoltaicArray,2024-08-27 17:00:00,0.0,0.0,21.031374048020627
E.K. Chalki,PhotovoltaicArray,2024-08-27 17:15:00,0.0,0.0,14.020916032013751
E.K. Chalki,PhotovoltaicArray,2024-08-27 17:30:00,0.0,0.0,7.010458016006876
E.K. Chalki,PhotovoltaicArray,2024-08-27 17:45:00,0.0,0.0,0.0
E.K. Chalki,PhotovoltaicArray,2024-08-27 18:00:00,0.0,0.0,0.0
E.K. Chalki,PhotovoltaicArray,2024-08-27 18:15:00,0.0,0.0,0.0
E.K. Chalki,PhotovoltaicArray,2024-08-27 18:30:00,0.0,0.0,0.0
E.K. Chalki,PhotovoltaicArray,2024-08-27 18:45:00,0.0,0.0,0.0
E.K. Chalki,PhotovoltaicArray,2024-08-27 19:00:00,0.0,0.0,0.0
E.K. Chalki,PhotovoltaicArray,2024-08-27 19:15:00,0.0,0.0,0.0
E.K. Chalki,PhotovoltaicArray,2024-08-27 19:30:00,0.0,0.0,0.0
E.K. Chalki,PhotovoltaicArray,2024-08-27 19:45:00,0.0,0.0,0.0
E.K. Chalki,PhotovoltaicArray,2024-08-27 20:00:00,0.0,0.0,0.0
E.K. Chalki,PhotovoltaicArray,2024-08-27 20:15:00,0.0,0.0,0.0
E.K. Chalki,PhotovoltaicArray,2024-08-27 20:30:00,0.0,0.0,0.0
E.K. Chalki,PhotovoltaicArray,2024-08-27 20:45:00,0.0,0.0,0.0
E.K. Chalki,PhotovoltaicArray,2024-08-27 21:00:00,0.0,0.0,0.0
E.K. Chalki,PhotovoltaicArray,2024-08-27 21:15:00,0.0,0.0,0.0
E.K. Chalki,PhotovoltaicArray,2024-08-27 21:30:00,0.0,0.0,0.0
E.K. Chalki,PhotovoltaicArray,2024-08-27 21:45:00,0.0,0.0,0.0
E.K. Chalki,PhotovoltaicArray,2024-08-27 22:00:00,0.0,0.0,0.0
E.K. Chalki,PhotovoltaicArray,2024-08-27 22:15:00,0.0,0.0,0.0
E.K. Chalki,PhotovoltaicArray,2024-08-27 22:30:00,0.0,0.0,0.0
E.K. Chalki,PhotovoltaicArray,2024-08-27 22:45:00,0.0,0.0,0.0
E.K. Chalki,PhotovoltaicArray,2024-08-27 23:00:00,0.0,0.0,0.0
E.K. Chalki,PhotovoltaicArray,2024-08-27 23:15:00,0.0,0.0,0.0
E.K. Chalki,PhotovoltaicArray,2024-08-27 23:30:00,0.0,0.0,0.0
E.K. Chalki,PhotovoltaicArray,2024-08-27 23:45:00,0.0,0.0,0.0
E.K. Chalki,PhotovoltaicArray,2024-08-28 00:00:00,0.0,0.0,0.0
E.K. Chalki,PhotovoltaicArray,2024-08-28 00:15:00,0.0,0.0,0.0
E.K. Chalki,PhotovoltaicArray,2024-08-28 00:30:00,0.0,0.0,0.0
E.K. Chalki,PhotovoltaicArray,2024-08-28 00:45:00,0.0,0.0,0.0
E.K. Chalki,PhotovoltaicArray,2024-08-28 01:00:00,0.0,0.0,0.0
E.K. Chalki,PhotovoltaicArray,2024-08-28 01:15:00,0.0,0.0,0.0
E.K. Chalki,PhotovoltaicArray,2024-08-28 01:30:00,0.0,0.0,0.0
E.K. Chalki,PhotovoltaicArray,2024-08-28 01:45:00,0.0,0.0,0.0
E.K. Chalki,PhotovoltaicArray,2024-08-28 02:00:00,0.0,0.0,0.0
E.K. Chalki,PhotovoltaicArray,2024-08-28 02:15:00,0.0,0.0,0.0
E.K. Chalki,PhotovoltaicArray,2024-08-28 02:30:00,0.0,0.0,0.0
E.K. Chalki,PhotovoltaicArray,2024-08-28 02:45:00,0.0,0.0,0.0
E.K. Chalki,PhotovoltaicArray,2024-08-28 03:00:00,0.0,0.0,0.5625726948323683
E.K. Chalki,PhotovoltaicArray,2024-08-28 03:15:00,0.0,0.0,1.1251453896647365
E.K. Chalki,PhotovoltaicArray,2024-08-28 03:30:00,0.0,0.0,1.6877180844971047
E.K. Chalki,PhotovoltaicArray,2024-08-28 03:45:00,0.0,0.0,2.250290779329473
E.K. Chalki,PhotovoltaicArray,2024-08-28 04:00:00,2.3128509521484375,9.25140380859375,28.128634741618413
E.K. Chalki,PhotovoltaicArray,2024-08-28 04:15:00,4.713178634643555,18.85271453857422,54.00697870390735
E.K. Chalki,PhotovoltaicArray,2024-08-28 04:30:00,10.117399215698242,40.46959686279297,79.88532266619629
E.K. Chalki,PhotovoltaicArray,2024-08-28 04:45:00,17.474985122680664,69.89994049072266,105.76366662848524
E.K. Chalki,PhotovoltaicArray,2024-08-28 05:00:00,24.04289436340332,96.17157745361328,157.80164090047933
E.K. Chalki,PhotovoltaicArray,2024-08-28 05:15:00,35.58280944824219,142.33123779296875,209.83961517247337
E.K. Chalki,PhotovoltaicArray,2024-08-28 05:30:00,49.262752532958984,197.05101013183594,261.87758944446745
E.K. Chalki,PhotovoltaicArray,2024-08-28 05:45:00,58.71128845214844,234.84515380859375,313.9155637164615
E.K. Chalki,PhotovoltaicArray,2024-08-28 06:00:00,74.28047180175781,297.12188720703125,368.4851151152012
E.K. Chalki,PhotovoltaicArray,2024-08-28 06:15:00,85.94757843017578,343.7903137207031,423.05466651394096
E.K. Chalki,PhotovoltaicArray,2024-08-28 06:30:00,93.7243423461914,374.8973693847656,477.6242179126806
E.K. Chalki,PhotovoltaicArray,2024-08-28 06:45:00,106.19046783447266,424.7618713378906,532.1937693114203
E.K. Chalki,PhotovoltaicArray,2024-08-28 07:00:00,120.0111312866211,480.0445251464844,580.575021067004
E.K. Chalki,PhotovoltaicArray,2024-08-28 07:15:00,122.20001220703125,488.800048828125,628.9562728225876
E.K. Chalki,PhotovoltaicArray,2024-08-28 07:30:00,128.9927215576172,515.9708862304688,677.3375245781713
E.K. Chalki,PhotovoltaicArray,2024-08-28 07:45:00,143.22198486328125,572.887939453125,725.7187763337549
E.K. Chalki,PhotovoltaicArray,2024-08-28 08:00:00,144.86683654785156,579.4673461914062,762.567287845275
E.K. Chalki,PhotovoltaicArray,2024-08-28 08:15:00,153.16946411132812,612.6778564453125,799.4157993567952
E.K. Chalki,PhotovoltaicArray,2024-08-28 08:30:00,149.69921875,598.796875,836.2643108683153
E.K. Chalki,PhotovoltaicArray,2024-08-28 08:45:00,164.64120483398438,658.5648193359375,873.1128223798354
E.K. Chalki,PhotovoltaicArray,2024-08-28 09:00:00,166.00355529785156,664.0142211914062,894.4905847834654
E.K. Chalki,PhotovoltaicArray,2024-08-28 09:15:00,158.12107849121094,632.4843139648438,915.8683471870955
E.K. Chalki,PhotovoltaicArray,2024-08-28 09:30:00,123.8180160522461,495.2720642089844,937.2461095907256
E.K. Chalki,PhotovoltaicArray,2024-08-28 09:45:00,171.7694549560547,687.0778198242188,958.6238719943556
E.K. Chalki,PhotovoltaicArray,2024-08-28 10:00:00,170.16952514648438,680.6781005859375,962.8431672055983
E.K. Chalki,PhotovoltaicArray,2024-08-28 10:15:00,173.66786193847656,694.6714477539062,967.0624624168411
E.K. Chalki,PhotovoltaicArray,2024-08-28 10:30:00,171.93191528320312,687.7276611328125,971.2817576280837
E.K. Chalki,PhotovoltaicArray,2024-08-28 10:45:00,176.14761352539062,704.5904541015625,975.5010528393265
E.K. Chalki,PhotovoltaicArray,2024-08-28 11:00:00,190.40061950683594,761.6024780273438,961.9993081633496
E.K. Chalki,PhotovoltaicArray,2024-08-28 11:15:00,165.9576416015625,663.83056640625,948.4975634873729
E.K. Chalki,PhotovoltaicArray,2024-08-28 11:30:00,172.04385375976562,688.1754150390625,934.9958188113961
E.K. Chalki,PhotovoltaicArray,2024-08-28 11:45:00,168.745849609375,674.9833984375,921.4940741354192
E.K. Chalki,PhotovoltaicArray,2024-08-28 12:00:00,162.87255859375,651.490234375,891.6777213093037
E.K. Chalki,PhotovoltaicArray,2024-08-28 12:15:00,144.2387237548828,576.9548950195312,861.8613684831881
E.K. Chalki,PhotovoltaicArray,2024-08-28 12:30:00,148.1702880859375,592.68115234375,832.0450156570727
E.K. Chalki,PhotovoltaicArray,2024-08-28 12:45:00,146.7147674560547,586.8590698242188,803.353808220622
E.K. Chalki,PhotovoltaicArray,2024-08-28 13:00:00,129.94271850585938,519.7708740234375,760.0357107185297
E.K. Chalki,PhotovoltaicArray,2024-08-28 13:15:00,125.98908233642578,503.9563293457031,716.7176132164371
E.K. Chalki,PhotovoltaicArray,2024-08-28 13:30:00,118.11812591552734,472.4725036621094,673.3995157143448
E.K. Chalki,PhotovoltaicArray,2024-08-28 13:45:00,116.73300170898438,466.9320068359375,630.0814182122525
E.K. Chalki,PhotovoltaicArray,2024-08-28 14:00:00,98.97262573242188,395.8905029296875,577.1995848980098
E.K. Chalki,PhotovoltaicArray,2024-08-28 14:15:00,94.20857238769531,376.83428955078125,524.3177515837673
E.K. Chalki,PhotovoltaicArray,2024-08-28 14:30:00,80.46465301513672,321.8586120605469,471.4359182695247
E.K. Chalki,PhotovoltaicArray,2024-08-28 14:45:00,70.04950714111328,280.1980285644531,418.55408495528206
E.K. Chalki,PhotovoltaicArray,2024-08-28 15:00:00,60.588497161865234,242.35398864746094,362.5781018194614
E.K. Chalki,PhotovoltaicArray,2024-08-28 15:15:00,44.66640090942383,178.6656036376953,306.6021186836407
E.K. Chalki,PhotovoltaicArray,2024-08-28 15:30:00,34.48976135253906,137.95904541015625,250.62613554782007
E.K. Chalki,PhotovoltaicArray,2024-08-28 15:45:00,20.714561462402344,82.85824584960938,194.65015241199941
E.K. Chalki,PhotovoltaicArray,2024-08-28 16:00:00,13.882914543151855,55.53165817260742,152.73848664698798
E.K. Chalki,PhotovoltaicArray,2024-08-28 16:15:00,8.680583953857422,34.72233581542969,110.82682088197654
E.K. Chalki,PhotovoltaicArray,2024-08-28 16:30:00,0.0,0.0,68.91515511696511
E.K. Chalki,PhotovoltaicArray,2024-08-28 16:45:00,0.0,0.0,27.003489351953675
E.K. Chalki,PhotovoltaicArray,2024-08-28 17:00:00,0.0,0.0,20.25261701396526
E.K. Chalki,PhotovoltaicArray,2024-08-28 17:15:00,0.0,0.0,13.501744675976838
E.K. Chalki,PhotovoltaicArray,2024-08-28 17:30:00,0.0,0.0,6.750872337988419
E.K. Chalki,PhotovoltaicArray,2024-08-28 17:45:00,0.0,0.0,0.0
E.K. Chalki,PhotovoltaicArray,2024-08-28 18:00:00,0.0,0.0,0.0
E.K. Chalki,PhotovoltaicArray,2024-08-28 18:15:00,0.0,0.0,0.0
E.K. Chalki,PhotovoltaicArray,2024-08-28 18:30:00,0.0,0.0,0.0
E.K. Chalki,PhotovoltaicArray,2024-08-28 18:45:00,0.0,0.0,0.0
E.K. Chalki,PhotovoltaicArray,2024-08-28 19:00:00,0.0,0.0,0.0
E.K. Chalki,PhotovoltaicArray,2024-08-28 19:15:00,0.0,0.0,0.0
E.K. Chalki,PhotovoltaicArray,2024-08-28 19:30:00,0.0,0.0,0.0
E.K. Chalki,PhotovoltaicArray,2024-08-28 19:45:00,0.0,0.0,0.0
E.K. Chalki,PhotovoltaicArray,2024-08-28 20:00:00,0.0,0.0,0.0
E.K. Chalki,PhotovoltaicArray,2024-08-28 20:15:00,0.0,0.0,0.0
E.K. Chalki,PhotovoltaicArray,2024-08-28 20:30:00,0.0,0.0,0.0
E.K. Chalki,PhotovoltaicArray,2024-08-28 20:45:00,0.0,0.0,0.0
E.K. Chalki,PhotovoltaicArray,2024-08-28 21:00:00,0.0,0.0,0.0
E.K. Chalki,PhotovoltaicArray,2024-08-28 21:15:00,0.0,0.0,0.0
E.K. Chalki,PhotovoltaicArray,2024-08-28 21:30:00,0.0,0.0,0.0
E.K. Chalki,PhotovoltaicArray,2024-08-28 21:45:00,0.0,0.0,0.0
E.K. Chalki,PhotovoltaicArray,2024-08-28 22:00:00,0.0,0.0,0.0
E.K. Chalki,PhotovoltaicArray,2024-08-28 22:15:00,0.0,0.0,0.0
E.K. Chalki,PhotovoltaicArray,2024-08-28 22:30:00,0.0,0.0,0.0
E.K. Chalki,PhotovoltaicArray,2024-08-28 22:45:00,0.0,0.0,0.0
E.K. Chalki,PhotovoltaicArray,2024-08-28 23:00:00,0.0,0.0,0.0
E.K. Chalki,PhotovoltaicArray,2024-08-28 23:15:00,0.0,0.0,0.0
E.K. Chalki,PhotovoltaicArray,2024-08-28 23:30:00,0.0,0.0,0.0
E.K. Chalki,PhotovoltaicArray,2024-08-28 23:45:00,0.0,0.0,0.0
E.K. Chalki,PhotovoltaicArray,2024-08-29 00:00:00,0.0,0.0,0.0
E.K. Chalki,PhotovoltaicArray,2024-08-29 00:15:00,0.0,0.0,0.0
E.K. Chalki,PhotovoltaicArray,2024-08-29 00:30:00,0.0,0.0,0.0
E.K. Chalki,PhotovoltaicArray,2024-08-29 00:45:00,0.0,0.0,0.0
E.K. Chalki,PhotovoltaicArray,2024-08-29 01:00:00,0.0,0.0,0.0
E.K. Chalki,PhotovoltaicArray,2024-08-29 01:15:00,0.0,0.0,0.0
E.K. Chalki,PhotovoltaicArray,2024-08-29 01:30:00,0.0,0.0,0.0
E.K. Chalki,PhotovoltaicArray,2024-08-29 01:45:00,0.0,0.0,0.0
E.K. Chalki,PhotovoltaicArray,2024-08-29 02:00:00,0.0,0.0,0.0
E.K. Chalki,PhotovoltaicArray,2024-08-29 02:15:00,0.0,0.0,0.0
E.K. Chalki,PhotovoltaicArray,2024-08-29 02:30:00,0.0,0.0,0.0
E.K. Chalki,PhotovoltaicArray,2024-08-29 02:45:00,0.0,0.0,0.0
E.K. Chalki,PhotovoltaicArray,2024-08-29 03:00:00,0.0,0.0,0.5643328338493817
E.K. Chalki,PhotovoltaicArray,2024-08-29 03:15:00,0.0,0.0,1.1286656676987634
E.K. Chalki,PhotovoltaicArray,2024-08-29 03:30:00,0.0,0.0,1.6929985015481452
E.K. Chalki,PhotovoltaicArray,2024-08-29 03:45:00,0.0,0.0,2.257331335397527
E.K. Chalki,PhotovoltaicArray,2024-08-29 04:00:00,2.3796253204345703,9.518501281738281,28.216641692469086
E.K. Chalki,PhotovoltaicArray,2024-08-29 04:15:00,4.713178634643555,18.85271453857422,54.17595204954065
E.K. Chalki,PhotovoltaicArray,2024-08-29 04:30:00,10.117399215698242,40.46959686279297,80.13526240661221
E.K. Chalki,PhotovoltaicArray,2024-08-29 04:45:00,17.474985122680664,69.89994049072266,106.09457276368377
E.K. Chalki,PhotovoltaicArray,2024-08-29 05:00:00,24.608219146728516,98.43287658691406,158.57752631167625
E.K. Chalki,PhotovoltaicArray,2024-08-29 05:15:00,35.66062927246094,142.64251708984375,211.06047985966876
E.K. Chalki,PhotovoltaicArray,2024-08-29 05:30:00,49.262752532958984,197.05101013183594,263.54343340766127
E.K. Chalki,PhotovoltaicArray,2024-08-29 05:45:00,58.71128845214844,234.84515380859375,316.0263869556538
E.K. Chalki,PhotovoltaicArray,2024-08-29 06:00:00,74.28047180175781,297.12188720703125,370.4845054221191
E.K. Chalki,PhotovoltaicArray,2024-08-29 06:15:00,87.76431274414062,351.0572509765625,424.9426238885844
E.K. Chalki,PhotovoltaicArray,2024-08-29 06:30:00,94.94969940185547,379.7987976074219,479.4007423550497
E.K. Chalki,PhotovoltaicArray,2024-08-29 06:45:00,108.55448913574219,434.21795654296875,534.9875264892139
E.K. Chalki,PhotovoltaicArray,2024-08-29 07:00:00,124.04585266113281,496.18341064453125,582.9558173664115
E.K. Chalki,PhotovoltaicArray,2024-08-29 07:15:00,123.50764465332031,494.03057861328125,630.9241082436089
E.K. Chalki,PhotovoltaicArray,2024-08-29 07:30:00,131.7406768798828,526.9627075195312,678.8923991208064
E.K. Chalki,PhotovoltaicArray,2024-08-29 07:45:00,144.18435668945312,576.7374267578125,726.8606899980039
E.K. Chalki,PhotovoltaicArray,2024-08-29 08:00:00,146.5959014892578,586.3836059570312,763.5423241982136
E.K. Chalki,PhotovoltaicArray,2024-08-29 08:15:00,157.67465209960938,630.6986083984375,800.2239583984233
E.K. Chalki,PhotovoltaicArray,2024-08-29 08:30:00,157.69456481933594,630.7782592773438,836.9055925986332
E.K. Chalki,PhotovoltaicArray,2024-08-29 08:45:00,169.9453582763672,679.7814331054688,873.587226798843
E.K. Chalki,PhotovoltaicArray,2024-08-29 09:00:00,169.052978515625,676.2119140625,896.1605401528183
E.K. Chalki,PhotovoltaicArray,2024-08-29 09:15:00,170.05882263183594,680.2352905273438,918.7338535067935
E.K. Chalki,PhotovoltaicArray,2024-08-29 09:30:00,153.2145538330078,612.8582153320312,941.3071668607687
E.K. Chalki,PhotovoltaicArray,2024-08-29 09:45:00,176.0706024169922,704.2824096679688,963.880480214744
E.K. Chalki,PhotovoltaicArray,2024-08-29 10:00:00,176.73150634765625,706.926025390625,968.1129764686144
E.K. Chalki,PhotovoltaicArray,2024-08-29 10:15:00,176.29299926757812,705.1719970703125,972.3454727224848
E.K. Chalki,PhotovoltaicArray,2024-08-29 10:30:00,177.8998260498047,711.5993041992188,976.5779689763551
E.K. Chalki,PhotovoltaicArray,2024-08-29 10:45:00,177.13888549804688,708.5555419921875,980.8104652302255
E.K. Chalki,PhotovoltaicArray,2024-08-29 11:00:00,189.23922729492188,756.9569091796875,966.702144383991
E.K. Chalki,PhotovoltaicArray,2024-08-29 11:15:00,164.5989227294922,658.3956909179688,952.5938235377564
E.K. Chalki,PhotovoltaicArray,2024-08-29 11:30:00,172.04385375976562,688.1754150390625,938.4855026915219
E.K. Chalki,PhotovoltaicArray,2024-08-29 11:45:00,168.7850341796875,675.14013671875,924.3771818452873
E.K. Chalki,PhotovoltaicArray,2024-08-29 12:00:00,155.73318481445312,622.9327392578125,893.9032088174206
E.K. Chalki,PhotovoltaicArray,2024-08-29 12:15:00,144.2387237548828,576.9548950195312,863.429235789554
E.K. Chalki,PhotovoltaicArray,2024-08-29 12:30:00,148.1702880859375,592.68115234375,832.9552627616875
E.K. Chalki,PhotovoltaicArray,2024-08-29 12:45:00,146.7147674560547,586.8590698242188,803.6099554015195
E.K. Chalki,PhotovoltaicArray,2024-08-29 13:00:00,129.94271850585938,519.7708740234375,759.3098279443429
E.K. Chalki,PhotovoltaicArray,2024-08-29 13:15:00,123.6561279296875,494.62451171875,715.0097004871667
E.K. Chalki,PhotovoltaicArray,2024-08-29 13:30:00,118.11812591552734,472.4725036621094,670.7095730299902
E.K. Chalki,PhotovoltaicArray,2024-08-29 13:45:00,113.69908905029297,454.7963562011719,626.4094455728138
E.K. Chalki,PhotovoltaicArray,2024-08-29 14:00:00,100.27806091308594,401.11224365234375,572.5156599401978
E.K. Chalki,PhotovoltaicArray,2024-08-29 14:15:00,92.6087646484375,370.43505859375,518.6218743075818
E.K. Chalki,PhotovoltaicArray,2024-08-29 14:30:00,77.22904968261719,308.91619873046875,464.7280886749659
E.K. Chalki,PhotovoltaicArray,2024-08-29 14:45:00,69.83607482910156,279.34429931640625,410.8343030423499
E.K. Chalki,PhotovoltaicArray,2024-08-29 15:00:00,56.799537658691406,227.19815063476562,355.2475189081858
E.K. Chalki,PhotovoltaicArray,2024-08-29 15:15:00,43.02056121826172,172.08224487304688,299.6607347740217
E.K. Chalki,PhotovoltaicArray,2024-08-29 15:30:00,33.31407165527344,133.25628662109375,244.07395063985763
E.K. Chalki,PhotovoltaicArray,2024-08-29 15:45:00,19.258655548095703,77.03462219238281,188.4871665056935
E.K. Chalki,PhotovoltaicArray,2024-08-29 16:00:00,13.729819297790527,54.91927719116211,147.57303605161331
E.K. Chalki,PhotovoltaicArray,2024-08-29 16:15:00,8.886225700378418,35.54490280151367,106.65890559753315
E.K. Chalki,PhotovoltaicArray,2024-08-29 16:30:00,0.0,0.0,65.74477514345297
E.K. Chalki,PhotovoltaicArray,2024-08-29 16:45:00,0.0,0.0,24.830644689372797
E.K. Chalki,PhotovoltaicArray,2024-08-29 17:00:00,0.0,0.0,18.622983517029596
E.K. Chalki,PhotovoltaicArray,2024-08-29 17:15:00,0.0,0.0,12.415322344686398
E.K. Chalki,PhotovoltaicArray,2024-08-29 17:30:00,0.0,0.0,6.207661172343199
E.K. Chalki,PhotovoltaicArray,2024-08-29 17:45:00,0.0,0.0,0.0
E.K. Chalki,PhotovoltaicArray,2024-08-29 18:00:00,0.0,0.0,0.0
E.K. Chalki,PhotovoltaicArray,2024-08-29 18:15:00,0.0,0.0,0.0
E.K. Chalki,PhotovoltaicArray,2024-08-29 18:30:00,0.0,0.0,0.0
E.K. Chalki,PhotovoltaicArray,2024-08-29 18:45:00,0.0,0.0,0.0
E.K. Chalki,PhotovoltaicArray,2024-08-29 19:00:00,0.0,0.0,0.0
E.K. Chalki,PhotovoltaicArray,2024-08-29 19:15:00,0.0,0.0,0.0
E.K. Chalki,PhotovoltaicArray,2024-08-29 19:30:00,0.0,0.0,0.0
E.K. Chalki,PhotovoltaicArray,2024-08-29 19:45:00,0.0,0.0,0.0
E.K. Chalki,PhotovoltaicArray,2024-08-29 20:00:00,0.0,0.0,0.0
E.K. Chalki,PhotovoltaicArray,2024-08-29 20:15:00,0.0,0.0,0.0
E.K. Chalki,PhotovoltaicArray,2024-08-29 20:30:00,0.0,0.0,0.0
E.K. Chalki,PhotovoltaicArray,2024-08-29 20:45:00,0.0,0.0,0.0
E.K. Chalki,PhotovoltaicArray,2024-08-29 21:00:00,0.0,0.0,0.0
E.K. Chalki,PhotovoltaicArray,2024-08-29 21:15:00,0.0,0.0,0.0
E.K. Chalki,PhotovoltaicArray,2024-08-29 21:30:00,0.0,0.0,0.0
E.K. Chalki,PhotovoltaicArray,2024-08-29 21:45:00,0.0,0.0,0.0
E.K. Chalki,PhotovoltaicArray,2024-08-29 22:00:00,0.0,0.0,0.0
E.K. Chalki,PhotovoltaicArray,2024-08-29 22:15:00,0.0,0.0,0.0
E.K. Chalki,PhotovoltaicArray,2024-08-29 22:30:00,0.0,0.0,0.0
E.K. Chalki,PhotovoltaicArray,2024-08-29 22:45:00,0.0,0.0,0.0
E.K. Chalki,PhotovoltaicArray,2024-08-29 23:00:00,0.0,0.0,0.0
E.K. Chalki,PhotovoltaicArray,2024-08-29 23:15:00,0.0,0.0,0.0
E.K. Chalki,PhotovoltaicArray,2024-08-29 23:30:00,0.0,0.0,0.0
E.K. Chalki,PhotovoltaicArray,2024-08-29 23:45:00,0.0,0.0,0.0
E.K. Chalki,PhotovoltaicArray,2024-08-30 00:00:00,0.0,0.0,0.0
E.K. Chalki,PhotovoltaicArray,2024-08-30 00:15:00,0.0,0.0,0.0
E.K. Chalki,PhotovoltaicArray,2024-08-30 00:30:00,0.0,0.0,0.0
E.K. Chalki,PhotovoltaicArray,2024-08-30 00:45:00,0.0,0.0,0.0
E.K. Chalki,PhotovoltaicArray,2024-08-30 01:00:00,0.0,0.0,0.0
E.K. Chalki,PhotovoltaicArray,2024-08-30 01:15:00,0.0,0.0,0.0
E.K. Chalki,PhotovoltaicArray,2024-08-30 01:30:00,0.0,0.0,0.0
E.K. Chalki,PhotovoltaicArray,2024-08-30 01:45:00,0.0,0.0,0.0
E.K. Chalki,PhotovoltaicArray,2024-08-30 02:00:00,0.0,0.0,0.0
E.K. Chalki,PhotovoltaicArray,2024-08-30 02:15:00,0.0,0.0,0.0
E.K. Chalki,PhotovoltaicArray,2024-08-30 02:30:00,0.0,0.0,0.0
E.K. Chalki,PhotovoltaicArray,2024-08-30 02:45:00,0.0,0.0,0.0
E.K. Chalki,PhotovoltaicArray,2024-08-30 03:00:00,0.0,0.0,0.5661170580516952
E.K. Chalki,PhotovoltaicArray,2024-08-30 03:15:00,0.0,0.0,1.1322341161033904
E.K. Chalki,PhotovoltaicArray,2024-08-30 03:30:00,0.0,0.0,1.6983511741550859
E.K. Chalki,PhotovoltaicArray,2024-08-30 03:45:00,0.0,0.0,2.264468232206781
E.K. Chalki,PhotovoltaicArray,2024-08-30 04:00:00,2.3360912799835205,9.344365119934082,27.456677315507218
E.K. Chalki,PhotovoltaicArray,2024-08-30 04:15:00,4.569365978240967,18.277463912963867,52.648886398807655
E.K. Chalki,PhotovoltaicArray,2024-08-30 04:30:00,9.921018600463867,39.68407440185547,77.84109548210809
E.K. Chalki,PhotovoltaicArray,2024-08-30 04:45:00,16.306840896606445,65.22736358642578,103.03330456540854
E.K. Chalki,PhotovoltaicArray,2024-08-30 05:00:00,20.90328025817871,83.61312103271484,155.39913243519032
E.K. Chalki,PhotovoltaicArray,2024-08-30 05:15:00,37.648067474365234,150.59226989746094,207.76496030497216
E.K. Chalki,PhotovoltaicArray,2024-08-30 05:30:00,49.262752532958984,197.05101013183594,260.13078817475395
E.K. Chalki,PhotovoltaicArray,2024-08-30 05:45:00,55.53512191772461,222.14048767089844,312.4966160445358
E.K. Chalki,PhotovoltaicArray,2024-08-30 06:00:00,73.34771728515625,293.390869140625,367.6930292045761
E.K. Chalki,PhotovoltaicArray,2024-08-30 06:15:00,85.94757843017578,343.7903137207031,422.88944236461634
E.K. Chalki,PhotovoltaicArray,2024-08-30 06:30:00,93.7243423461914,374.8973693847656,478.0858555246566
E.K. Chalki,PhotovoltaicArray,2024-08-30 06:45:00,110.21070861816406,440.84283447265625,533.282268684697
E.K. Chalki,PhotovoltaicArray,2024-08-30 07:00:00,121.11318969726562,484.4527587890625,581.6852771481169
E.K. Chalki,PhotovoltaicArray,2024-08-30 07:15:00,123.56436920166016,494.2574768066406,630.0882856115369
E.K. Chalki,PhotovoltaicArray,2024-08-30 07:30:00,128.9927215576172,515.9708862304688,678.4912940749568
E.K. Chalki,PhotovoltaicArray,2024-08-30 07:45:00,143.22198486328125,572.887939453125,726.8943025383768
E.K. Chalki,PhotovoltaicArray,2024-08-30 08:00:00,146.15985107421875,584.639404296875,762.8427357246594
E.K. Chalki,PhotovoltaicArray,2024-08-30 08:15:00,153.5368194580078,614.1472778320312,798.791168910942
E.K. Chalki,PhotovoltaicArray,2024-08-30 08:30:00,160.4421844482422,641.7687377929688,834.7396020972246
E.K. Chalki,PhotovoltaicArray,2024-08-30 08:45:00,162.96034240722656,651.8413696289062,870.6880352835072
E.K. Chalki,PhotovoltaicArray,2024-08-30 09:00:00,168.4962158203125,673.98486328125,891.63436643142
E.K. Chalki,PhotovoltaicArray,2024-08-30 09:15:00,155.8247528076172,623.2990112304688,912.5806975793327
E.K. Chalki,PhotovoltaicArray,2024-08-30 09:30:00,143.99501037597656,575.9800415039062,933.5270287272454
E.K. Chalki,PhotovoltaicArray,2024-08-30 09:45:00,171.7694549560547,687.0778198242188,954.4733598751582
E.K. Chalki,PhotovoltaicArray,2024-08-30 10:00:00,168.99029541015625,675.961181640625,958.1531207524943
E.K. Chalki,PhotovoltaicArray,2024-08-30 10:15:00,170.76783752441406,683.0713500976562,961.8328816298302
E.K. Chalki,PhotovoltaicArray,2024-08-30 10:30:00,171.3673553466797,685.4694213867188,965.5126425071662
E.K. Chalki,PhotovoltaicArray,2024-08-30 10:45:00,176.14761352539062,704.5904541015625,969.1924033845022
E.K. Chalki,PhotovoltaicArray,2024-08-30 11:00:00,177.43325805664062,709.7330322265625,955.0394769332099
E.K. Chalki,PhotovoltaicArray,2024-08-30 11:15:00,168.30650329589844,673.2260131835938,940.8865504819175
E.K. Chalki,PhotovoltaicArray,2024-08-30 11:30:00,147.3545379638672,589.4181518554688,926.733624030625
E.K. Chalki,PhotovoltaicArray,2024-08-30 11:45:00,165.3697967529297,661.4791870117188,912.5806975793327
E.K. Chalki,PhotovoltaicArray,2024-08-30 12:00:00,157.50885009765625,630.035400390625,882.5764935025929
E.K. Chalki,PhotovoltaicArray,2024-08-30 12:15:00,149.1365509033203,596.5462036132812,852.572289425853
E.K. Chalki,PhotovoltaicArray,2024-08-30 12:30:00,149.28585815429688,597.1434326171875,822.5680853491131
E.K. Chalki,PhotovoltaicArray,2024-08-30 12:45:00,140.33241271972656,561.3296508789062,794.8283495045803
E.K. Chalki,PhotovoltaicArray,2024-08-30 13:00:00,132.59829711914062,530.3931884765625,749.8220433894705
E.K. Chalki,PhotovoltaicArray,2024-08-30 13:15:00,124.78948211669922,499.1579284667969,704.8157372743606
E.K. Chalki,PhotovoltaicArray,2024-08-30 13:30:00,113.66018676757812,454.6407470703125,659.8094311592508
E.K. Chalki,PhotovoltaicArray,2024-08-30 13:45:00,129.64906311035156,518.5962524414062,614.803125044141
E.K. Chalki,PhotovoltaicArray,2024-08-30 14:00:00,107.03205871582031,428.12823486328125,562.720355703385
E.K. Chalki,PhotovoltaicArray,2024-08-30 14:15:00,86.96575164794922,347.8630065917969,510.6375863626291
E.K. Chalki,PhotovoltaicArray,2024-08-30 14:30:00,77.48294830322266,309.9317932128906,458.55481702187313
E.K. Chalki,PhotovoltaicArray,2024-08-30 14:45:00,69.56037139892578,278.2414855957031,406.4720476811172
E.K. Chalki,PhotovoltaicArray,2024-08-30 15:00:00,53.359371185302734,213.43748474121094,350.99257599205106
E.K. Chalki,PhotovoltaicArray,2024-08-30 15:15:00,42.35491943359375,169.419677734375,295.51310430298497
E.K. Chalki,PhotovoltaicArray,2024-08-30 15:30:00,30.624874114990234,122.49949645996094,240.0336326139188
E.K. Chalki,PhotovoltaicArray,2024-08-30 15:45:00,18.736013412475586,74.94405364990234,184.55416092485265
E.K. Chalki,PhotovoltaicArray,2024-08-30 16:00:00,13.396063804626465,53.58425521850586,144.07679127415645
E.K. Chalki,PhotovoltaicArray,2024-08-30 16:15:00,7.883187770843506,31.532751083374023,103.59942162346023
E.K. Chalki,PhotovoltaicArray,2024-08-30 16:30:00,0.0,0.0,63.12205197276402
E.K. Chalki,PhotovoltaicArray,2024-08-30 16:45:00,0.0,0.0,22.64468232206781
E.K. Chalki,PhotovoltaicArray,2024-08-30 17:00:00,0.0,0.0,16.983511741550856
E.K. Chalki,PhotovoltaicArray,2024-08-30 17:15:00,0.0,0.0,11.322341161033904
E.K. Chalki,PhotovoltaicArray,2024-08-30 17:30:00,0.0,0.0,5.661170580516952
E.K. Chalki,PhotovoltaicArray,2024-08-30 17:45:00,0.0,0.0,0.0
E.K. Chalki,PhotovoltaicArray,2024-08-30 18:00:00,0.0,0.0,0.0
E.K. Chalki,PhotovoltaicArray,2024-08-30 18:15:00,0.0,0.0,0.0
E.K. Chalki,PhotovoltaicArray,2024-08-30 18:30:00,0.0,0.0,0.0
E.K. Chalki,PhotovoltaicArray,2024-08-30 18:45:00,0.0,0.0,0.0
E.K. Chalki,PhotovoltaicArray,2024-08-30 19:00:00,0.0,0.0,0.0
E.K. Chalki,PhotovoltaicArray,2024-08-30 19:15:00,0.0,0.0,0.0
E.K. Chalki,PhotovoltaicArray,2024-08-30 19:30:00,0.0,0.0,0.0
E.K. Chalki,PhotovoltaicArray,2024-08-30 19:45:00,0.0,0.0,0.0
E.K. Chalki,PhotovoltaicArray,2024-08-30 20:00:00,0.0,0.0,0.0
E.K. Chalki,PhotovoltaicArray,2024-08-30 20:15:00,0.0,0.0,0.0
E.K. Chalki,PhotovoltaicArray,2024-08-30 20:30:00,0.0,0.0,0.0
E.K. Chalki,PhotovoltaicArray,2024-08-30 20:45:00,0.0,0.0,0.0
E.K. Chalki,PhotovoltaicArray,2024-08-30 21:00:00,0.0,0.0,0.0
E.K. Chalki,PhotovoltaicArray,2024-08-30 21:15:00,0.0,0.0,0.0
E.K. Chalki,PhotovoltaicArray,2024-08-30 21:30:00,0.0,0.0,0.0
E.K. Chalki,PhotovoltaicArray,2024-08-30 21:45:00,0.0,0.0,0.0
E.K. Chalki,PhotovoltaicArray,2024-08-30 22:00:00,0.0,0.0,0.0
E.K. Chalki,PhotovoltaicArray,2024-08-30 22:15:00,0.0,0.0,0.0
E.K. Chalki,PhotovoltaicArray,2024-08-30 22:30:00,0.0,0.0,0.0
E.K. Chalki,PhotovoltaicArray,2024-08-30 22:45:00,0.0,0.0,0.0
E.K. Chalki,PhotovoltaicArray,2024-08-30 23:00:00,0.0,0.0,0.0
E.K. Chalki,PhotovoltaicArray,2024-08-30 23:15:00,0.0,0.0,0.0
E.K. Chalki,PhotovoltaicArray,2024-08-30 23:30:00,0.0,0.0,0.0
E.K. Chalki,PhotovoltaicArray,2024-08-30 23:45:00,0.0,0.0,0.0
E.K. Chalki,PhotovoltaicArray,2024-08-31 00:00:00,0.0,0.0,0.0
E.K. Chalki,PhotovoltaicArray,2024-08-31 00:15:00,0.0,0.0,0.0
E.K. Chalki,PhotovoltaicArray,2024-08-31 00:30:00,0.0,0.0,0.0
E.K. Chalki,PhotovoltaicArray,2024-08-31 00:45:00,0.0,0.0,0.0
E.K. Chalki,PhotovoltaicArray,2024-08-31 01:00:00,0.0,0.0,0.0
E.K. Chalki,PhotovoltaicArray,2024-08-31 01:15:00,0.0,0.0,0.0
E.K. Chalki,PhotovoltaicArray,2024-08-31 01:30:00,0.0,0.0,0.0
E.K. Chalki,PhotovoltaicArray,2024-08-31 01:45:00,0.0,0.0,0.0
E.K. Chalki,PhotovoltaicArray,2024-08-31 02:00:00,0.0,0.0,0.0
E.K. Chalki,PhotovoltaicArray,2024-08-31 02:15:00,0.0,0.0,0.0
E.K. Chalki,PhotovoltaicArray,2024-08-31 02:30:00,0.0,0.0,0.0
E.K. Chalki,PhotovoltaicArray,2024-08-31 02:45:00,0.0,0.0,0.0
E.K. Chalki,PhotovoltaicArray,2024-08-31 03:00:00,0.0,0.0,0.5679253679687453
E.K. Chalki,PhotovoltaicArray,2024-08-31 03:15:00,0.0,0.0,1.1358507359374905
E.K. Chalki,PhotovoltaicArray,2024-08-31 03:30:00,0.0,0.0,1.7037761039062358
E.K. Chalki,PhotovoltaicArray,2024-08-31 03:45:00,0.0,0.0,2.271701471874981
E.K. Chalki,PhotovoltaicArray,2024-08-31 04:00:00,0.933775782585144,3.735103130340576,26.408529610546662
E.K. Chalki,PhotovoltaicArray,2024-08-31 04:15:00,4.569365978240967,18.277463912963867,50.54535774921834
E.K. Chalki,PhotovoltaicArray,2024-08-31 04:30:00,9.751952171325684,39.007808685302734,74.68218588789001
E.K. Chalki,PhotovoltaicArray,2024-08-31 04:45:00,15.811544418334961,63.246177673339844,98.81901402656169
E.K. Chalki,PhotovoltaicArray,2024-08-31 05:00:00,22.31821632385254,89.27286529541016,149.36437177578
E.K. Chalki,PhotovoltaicArray,2024-08-31 05:15:00,35.63396453857422,142.53585815429688,199.9097295249983
E.K. Chalki,PhotovoltaicArray,2024-08-31 05:30:00,44.044044494628906,176.17617797851562,250.45508727421668
E.K. Chalki,PhotovoltaicArray,2024-08-31 05:45:00,54.13530349731445,216.5412139892578,301.00044502343496
E.K. Chalki,PhotovoltaicArray,2024-08-31 06:00:00,68.66346740722656,274.65386962890625,356.0892057164032
E.K. Chalki,PhotovoltaicArray,2024-08-31 06:15:00,86.56809997558594,346.27239990234375,411.17796640937155
E.K. Chalki,PhotovoltaicArray,2024-08-31 06:30:00,90.3261489868164,361.3045959472656,466.2667271023398
E.K. Chalki,PhotovoltaicArray,2024-08-31 06:45:00,106.81045532226562,427.2418212890625,523.6271892671832
E.K. Chalki,PhotovoltaicArray,2024-08-31 07:00:00,121.12543487548828,484.5017395019531,574.1725470164015
E.K. Chalki,PhotovoltaicArray,2024-08-31 07:15:00,135.27236938476562,541.0894775390625,624.7179047656198
E.K. Chalki,PhotovoltaicArray,2024-08-31 07:30:00,128.9927215576172,515.9708862304688,675.2632625148382
E.K. Chalki,PhotovoltaicArray,2024-08-31 07:45:00,143.72874450683594,574.9149780273438,725.8086202640565
E.K. Chalki,PhotovoltaicArray,2024-08-31 08:00:00,146.15985107421875,584.639404296875,762.723769182025
E.K. Chalki,PhotovoltaicArray,2024-08-31 08:15:00,157.58822631835938,630.3529052734375,799.6389180999932
E.K. Chalki,PhotovoltaicArray,2024-08-31 08:30:00,158.25027465820312,633.0010986328125,836.5540670179618
E.K. Chalki,PhotovoltaicArray,2024-08-31 08:45:00,162.96034240722656,651.8413696289062,873.4692159359303
E.K. Chalki,PhotovoltaicArray,2024-08-31 09:00:00,165.46585083007812,661.8634033203125,894.1984918667895
E.K. Chalki,PhotovoltaicArray,2024-08-31 09:15:00,153.90699768066406,615.6279907226562,914.9277677976487
E.K. Chalki,PhotovoltaicArray,2024-08-31 09:30:00,143.99501037597656,575.9800415039062,935.6570437285079
E.K. Chalki,PhotovoltaicArray,2024-08-31 09:45:00,173.35617065429688,693.4246826171875,956.3863196593671
E.K. Chalki,PhotovoltaicArray,2024-08-31 10:00:00,168.99029541015625,675.961181640625,959.5099091831952
E.K. Chalki,PhotovoltaicArray,2024-08-31 10:15:00,170.76783752441406,683.0713500976562,962.6334987070233
E.K. Chalki,PhotovoltaicArray,2024-08-31 10:30:00,171.3673553466797,685.4694213867188,965.7570882308513
E.K. Chalki,PhotovoltaicArray,2024-08-31 10:45:00,183.79421997070312,735.1768798828125,968.8806777546794
E.K. Chalki,PhotovoltaicArray,2024-08-31 11:00:00,177.43325805664062,709.7330322265625,954.3985808714764
E.K. Chalki,PhotovoltaicArray,2024-08-31 11:15:00,166.4936981201172,665.9747924804688,939.9164839882734
E.K. Chalki,PhotovoltaicArray,2024-08-31 11:30:00,146.84848022460938,587.3939208984375,925.4343871050704
E.K. Chalki,PhotovoltaicArray,2024-08-31 11:45:00,165.3697967529297,661.4791870117188,910.9522902218674
E.K. Chalki,PhotovoltaicArray,2024-08-31 12:00:00,146.81607055664062,587.2642822265625,880.5682830355395
E.K. Chalki,PhotovoltaicArray,2024-08-31 12:15:00,149.1365509033203,596.5462036132812,850.1842758492118
E.K. Chalki,PhotovoltaicArray,2024-08-31 12:30:00,154.4679718017578,617.8718872070312,819.8002686628838
E.K. Chalki,PhotovoltaicArray,2024-08-31 12:45:00,131.1103057861328,524.4412231445312,787.144560004681
E.K. Chalki,PhotovoltaicArray,2024-08-31 13:00:00,132.0955352783203,528.3821411132812,743.1303439871032
E.K. Chalki,PhotovoltaicArray,2024-08-31 13:15:00,133.44224548339844,533.7689819335938,699.1161279695255
E.K. Chalki,PhotovoltaicArray,2024-08-31 13:30:00,112.77406311035156,451.09625244140625,655.1019119519477
E.K. Chalki,PhotovoltaicArray,2024-08-31 13:45:00,110.04019165039062,440.1607666015625,611.0876959343699
E.K. Chalki,PhotovoltaicArray,2024-08-31 14:00:00,102.33672332763672,409.3468933105469,554.2951591374954
E.K. Chalki,PhotovoltaicArray,2024-08-31 14:15:00,77.98603057861328,311.9441223144531,497.50262234062086
E.K. Chalki,PhotovoltaicArray,2024-08-31 14:30:00,76.2193603515625,304.87744140625,440.71008554374623
E.K. Chalki,PhotovoltaicArray,2024-08-31 14:45:00,64.21893310546875,256.875732421875,383.9175487468717
E.K. Chalki,PhotovoltaicArray,2024-08-31 15:00:00,51.680118560791016,206.72047424316406,327.1250119499972
E.K. Chalki,PhotovoltaicArray,2024-08-31 15:15:00,39.301673889160156,157.20669555664062,270.3324751531227
E.K. Chalki,PhotovoltaicArray,2024-08-31 15:30:00,26.812082290649414,107.24832916259766,213.53993835624823
E.K. Chalki,PhotovoltaicArray,2024-08-31 15:45:00,17.551591873168945,70.20636749267578,156.7474015593737
E.K. Chalki,PhotovoltaicArray,2024-08-31 16:00:00,9.306161880493164,37.224647521972656,122.38791679726461
E.K. Chalki,PhotovoltaicArray,2024-08-31 16:15:00,5.195276260375977,20.781105041503906,88.02843203515552
E.K. Chalki,PhotovoltaicArray,2024-08-31 16:30:00,0.0,0.0,53.66894727304643
E.K. Chalki,PhotovoltaicArray,2024-08-31 16:45:00,0.0,0.0,19.309462510937344
E.K. Chalki,PhotovoltaicArray,2024-08-31 17:00:00,0.0,0.0,14.482096883203008
E.K. Chalki,PhotovoltaicArray,2024-08-31 17:15:00,0.0,0.0,9.654731255468672
E.K. Chalki,PhotovoltaicArray,2024-08-31 17:30:00,0.0,0.0,4.827365627734336
E.K. Chalki,PhotovoltaicArray,2024-08-31 17:45:00,0.0,0.0,0.0
E.K. Chalki,PhotovoltaicArray,2024-08-31 18:00:00,0.0,0.0,0.0
E.K. Chalki,PhotovoltaicArray,2024-08-31 18:15:00,0.0,0.0,0.0
E.K. Chalki,PhotovoltaicArray,2024-08-31 18:30:00,0.0,0.0,0.0
E.K. Chalki,PhotovoltaicArray,2024-08-31 18:45:00,0.0,0.0,0.0
E.K. Chalki,PhotovoltaicArray,2024-08-31 19:00:00,0.0,0.0,0.0
E.K. Chalki,PhotovoltaicArray,2024-08-31 19:15:00,0.0,0.0,0.0
E.K. Chalki,PhotovoltaicArray,2024-08-31 19:30:00,0.0,0.0,0.0
E.K. Chalki,PhotovoltaicArray,2024-08-31 19:45:00,0.0,0.0,0.0
E.K. Chalki,PhotovoltaicArray,2024-08-31 20:00:00,0.0,0.0,0.0
E.K. Chalki,PhotovoltaicArray,2024-08-31 20:15:00,0.0,0.0,0.0
E.K. Chalki,PhotovoltaicArray,2024-08-31 20:30:00,0.0,0.0,0.0
E.K. Chalki,PhotovoltaicArray,2024-08-31 20:45:00,0.0,0.0,0.0
E.K. Chalki,PhotovoltaicArray,2024-08-31 21:00:00,0.0,0.0,0.0
E.K. Chalki,PhotovoltaicArray,2024-08-31 21:15:00,0.0,0.0,0.0
E.K. Chalki,PhotovoltaicArray,2024-08-31 21:30:00,0.0,0.0,0.0
E.K. Chalki,PhotovoltaicArray,2024-08-31 21:45:00,0.0,0.0,0.0
E.K. Chalki,PhotovoltaicArray,2024-08-31 22:00:00,0.0,0.0,0.0
E.K. Chalki,PhotovoltaicArray,2024-08-31 22:15:00,0.0,0.0,0.0
E.K. Chalki,PhotovoltaicArray,2024-08-31 22:30:00,0.0,0.0,0.0
E.K. Chalki,PhotovoltaicArray,2024-08-31 22:45:00,0.0,0.0,0.0
E.K. Chalki,PhotovoltaicArray,2024-08-31 23:00:00,0.0,0.0,0.0
E.K. Chalki,PhotovoltaicArray,2024-08-31 23:15:00,0.0,0.0,0.0
E.K. Chalki,PhotovoltaicArray,2024-08-31 23:30:00,0.0,0.0,0.0
E.K. Chalki,PhotovoltaicArray,2024-08-31 23:45:00,0.0,0.0,0.0
E.K. Chalki,PhotovoltaicArray,2024-09-01 00:00:00,0.0,0.0,0.0
E.K. Chalki,PhotovoltaicArray,2024-09-01 00:15:00,0.0,0.0,0.0
E.K. Chalki,PhotovoltaicArray,2024-09-01 00:30:00,0.0,0.0,0.0
E.K. Chalki,PhotovoltaicArray,2024-09-01 00:45:00,0.0,0.0,0.0
E.K. Chalki,PhotovoltaicArray,2024-09-01 01:00:00,0.0,0.0,0.0
E.K. Chalki,PhotovoltaicArray,2024-09-01 01:15:00,0.0,0.0,0.0
E.K. Chalki,PhotovoltaicArray,2024-09-01 01:30:00,0.0,0.0,0.0
E.K. Chalki,PhotovoltaicArray,2024-09-01 01:45:00,0.0,0.0,0.0
E.K. Chalki,PhotovoltaicArray,2024-09-01 02:00:00,0.0,0.0,0.0
E.K. Chalki,PhotovoltaicArray,2024-09-01 02:15:00,0.0,0.0,0.0
E.K. Chalki,PhotovoltaicArray,2024-09-01 02:30:00,0.0,0.0,0.0
E.K. Chalki,PhotovoltaicArray,2024-09-01 02:45:00,0.0,0.0,0.0
E.K. Chalki,PhotovoltaicArray,2024-09-01 03:00:00,0.0,0.0,0.2848788823351254
E.K. Chalki,PhotovoltaicArray,2024-09-01 03:15:00,0.0,0.0,0.5697577646702509
E.K. Chalki,PhotovoltaicArray,2024-09-01 03:30:00,0.0,0.0,0.8546366470053763
E.K. Chalki,PhotovoltaicArray,2024-09-01 03:45:00,0.0,0.0,1.1395155293405017
E.K. Chalki,PhotovoltaicArray,2024-09-01 04:00:00,0.0,0.0,21.650795057469534
E.K. Chalki,PhotovoltaicArray,2024-09-01 04:15:00,3.497714042663574,13.990856170654297,42.16207458559856
E.K. Chalki,PhotovoltaicArray,2024-09-01 04:30:00,7.233298301696777,28.93319320678711,62.67335411372759
E.K. Chalki,PhotovoltaicArray,2024-09-01 04:45:00,14.351611137390137,57.40644454956055,83.18463364185662
E.K. Chalki,PhotovoltaicArray,2024-09-01 05:00:00,21.423229217529297,85.69291687011719,130.47452810948744
E.K. Chalki,PhotovoltaicArray,2024-09-01 05:15:00,33.08250045776367,132.3300018310547,177.76442257711827
E.K. Chalki,PhotovoltaicArray,2024-09-01 05:30:00,39.538116455078125,158.1524658203125,225.05431704474907
E.K. Chalki,PhotovoltaicArray,2024-09-01 05:45:00,53.511566162109375,214.0462646484375,272.3442115123799
E.K. Chalki,PhotovoltaicArray,2024-09-01 06:00:00,67.14942169189453,268.5976867675781,323.9072892150376
E.K. Chalki,PhotovoltaicArray,2024-09-01 06:15:00,74.61216735839844,298.44866943359375,375.47036691769534
E.K. Chalki,PhotovoltaicArray,2024-09-01 06:30:00,85.95968627929688,343.8387451171875,427.033444620353
E.K. Chalki,PhotovoltaicArray,2024-09-01 06:45:00,87.44606018066406,349.78424072265625,467.20136702960565
E.K. Chalki,PhotovoltaicArray,2024-09-01 07:00:00,95.9703140258789,383.8812561035156,524.1771434966307
E.K. Chalki,PhotovoltaicArray,2024-09-01 07:15:00,126.39380645751953,505.5752258300781,581.1529199636559
E.K. Chalki,PhotovoltaicArray,2024-09-01 07:30:00,130.3856201171875,521.54248046875,638.128696430681
E.K. Chalki,PhotovoltaicArray,2024-09-01 07:45:00,144.95333862304688,579.8133544921875,695.104472897706
E.K. Chalki,PhotovoltaicArray,2024-09-01 08:00:00,128.21209716796875,512.848388671875,728.4353021309157
E.K. Chalki,PhotovoltaicArray,2024-09-01 08:15:00,146.3018035888672,585.2072143554688,761.7661313641254
E.K. Chalki,PhotovoltaicArray,2024-09-01 08:30:00,151.39186096191406,605.5674438476562,795.096960597335
E.K. Chalki,PhotovoltaicArray,2024-09-01 08:45:00,153.67897033691406,614.7158813476562,828.4277898305447
E.K. Chalki,PhotovoltaicArray,2024-09-01 09:00:00,170.4945068359375,681.97802734375,841.2473395356253
E.K. Chalki,PhotovoltaicArray,2024-09-01 09:15:00,148.56594848632812,594.2637939453125,854.066889240706
E.K. Chalki,PhotovoltaicArray,2024-09-01 09:30:00,163.28916931152344,653.1566772460938,866.8864389457866
E.K. Chalki,PhotovoltaicArray,2024-09-01 09:45:00,160.6831512451172,642.7326049804688,879.7059886508673
E.K. Chalki,PhotovoltaicArray,2024-09-01 10:00:00,156.44378662109375,625.775146484375,873.7235321218297
E.K. Chalki,PhotovoltaicArray,2024-09-01 10:15:00,160.04344177246094,640.1737670898438,867.741075592792
E.K. Chalki,PhotovoltaicArray,2024-09-01 10:30:00,165.54991149902344,662.1996459960938,861.7586190637544
E.K. Chalki,PhotovoltaicArray,2024-09-01 10:45:00,158.8033905029297,635.2135620117188,855.7761625347168
E.K. Chalki,PhotovoltaicArray,2024-09-01 11:00:00,159.17807006835938,636.7122802734375,846.3751594176576
E.K. Chalki,PhotovoltaicArray,2024-09-01 11:15:00,146.6430206298828,586.5720825195312,836.9741563005985
E.K. Chalki,PhotovoltaicArray,2024-09-01 11:30:00,143.18446350097656,572.7378540039062,827.5731531835394
E.K. Chalki,PhotovoltaicArray,2024-09-01 11:45:00,149.01002502441406,596.0401000976562,818.1721500664802
E.K. Chalki,PhotovoltaicArray,2024-09-01 12:00:00,140.04440307617188,560.1776123046875,793.9574450679945
E.K. Chalki,PhotovoltaicArray,2024-09-01 12:15:00,138.57833862304688,554.3133544921875,769.7427400695088
E.K. Chalki,PhotovoltaicArray,2024-09-01 12:30:00,132.91236877441406,531.6494750976562,745.5280350710232
E.K. Chalki,PhotovoltaicArray,2024-09-01 12:45:00,125.4551773071289,501.8207092285156,714.4762368964946
E.K. Chalki,PhotovoltaicArray,2024-09-01 13:00:00,113.4283218383789,453.7132873535156,647.8145784300752
E.K. Chalki,PhotovoltaicArray,2024-09-01 13:15:00,110.47742462158203,441.9096984863281,581.1529199636559
E.K. Chalki,PhotovoltaicArray,2024-09-01 13:30:00,96.73904418945312,386.9561767578125,514.4912614972366
E.K. Chalki,PhotovoltaicArray,2024-09-01 13:45:00,79.08707427978516,316.3482971191406,447.82960303081717
E.K. Chalki,PhotovoltaicArray,2024-09-01 14:00:00,79.55320739746094,318.21282958984375,423.89977691466663
E.K. Chalki,PhotovoltaicArray,2024-09-01 14:15:00,67.97843933105469,271.91375732421875,399.9699507985161
E.K. Chalki,PhotovoltaicArray,2024-09-01 14:30:00,64.5927505493164,258.3710021972656,376.0401246823656
E.K. Chalki,PhotovoltaicArray,2024-09-01 14:45:00,54.31754684448242,217.2701873779297,352.1102985662151
E.K. Chalki,PhotovoltaicArray,2024-09-01 15:00:00,50.244686126708984,200.97874450683594,300.26234198122216
E.K. Chalki,PhotovoltaicArray,2024-09-01 15:15:00,33.396240234375,133.5849609375,248.4143853962294
E.K. Chalki,PhotovoltaicArray,2024-09-01 15:30:00,24.18303680419922,96.73214721679688,196.56642881123653
E.K. Chalki,PhotovoltaicArray,2024-09-01 15:45:00,16.167322158813477,64.6692886352539,144.7184722262437
E.K. Chalki,PhotovoltaicArray,2024-09-01 16:00:00,9.306161880493164,37.224647521972656,112.81203740470967
E.K. Chalki,PhotovoltaicArray,2024-09-01 16:15:00,4.754271030426025,19.0170841217041,80.90560258317562
E.K. Chalki,PhotovoltaicArray,2024-09-01 16:30:00,0.0,0.0,48.99916776164157
E.K. Chalki,PhotovoltaicArray,2024-09-01 16:45:00,0.0,0.0,17.092732940107528
E.K. Chalki,PhotovoltaicArray,2024-09-01 17:00:00,0.0,0.0,12.819549705080643
E.K. Chalki,PhotovoltaicArray,2024-09-01 17:15:00,0.0,0.0,8.546366470053764
E.K. Chalki,PhotovoltaicArray,2024-09-01 17:30:00,0.0,0.0,4.273183235026882
E.K. Chalki,PhotovoltaicArray,2024-09-01 17:45:00,0.0,0.0,0.0
E.K. Chalki,PhotovoltaicArray,2024-09-01 18:00:00,0.0,0.0,0.0
E.K. Chalki,PhotovoltaicArray,2024-09-01 18:15:00,0.0,0.0,0.0
E.K. Chalki,PhotovoltaicArray,2024-09-01 18:30:00,0.0,0.0,0.0
E.K. Chalki,PhotovoltaicArray,2024-09-01 18:45:00,0.0,0.0,0.0
E.K. Chalki,PhotovoltaicArray,2024-09-01 19:00:00,0.0,0.0,0.0
E.K. Chalki,PhotovoltaicArray,2024-09-01 19:15:00,0.0,0.0,0.0
E.K. Chalki,PhotovoltaicArray,2024-09-01 19:30:00,0.0,0.0,0.0
E.K. Chalki,PhotovoltaicArray,2024-09-01 19:45:00,0.0,0.0,0.0
E.K. Chalki,PhotovoltaicArray,2024-09-01 20:00:00,0.0,0.0,0.0
E.K. Chalki,PhotovoltaicArray,2024-09-01 20:15:00,0.0,0.0,0.0
E.K. Chalki,PhotovoltaicArray,2024-09-01 20:30:00,0.0,0.0,0.0
E.K. Chalki,PhotovoltaicArray,2024-09-01 20:45:00,0.0,0.0,0.0
E.K. Chalki,PhotovoltaicArray,2024-09-01 21:00:00,0.0,0.0,0.0
E.K. Chalki,PhotovoltaicArray,2024-09-01 21:15:00,0.0,0.0,0.0
E.K. Chalki,PhotovoltaicArray,2024-09-01 21:30:00,0.0,0.0,0.0
E.K. Chalki,PhotovoltaicArray,2024-09-01 21:45:00,0.0,0.0,0.0
E.K. Chalki,PhotovoltaicArray,2024-09-01 22:00:00,0.0,0.0,0.0
E.K. Chalki,PhotovoltaicArray,2024-09-01 22:15:00,0.0,0.0,0.0
E.K. Chalki,PhotovoltaicArray,2024-09-01 22:30:00,0.0,0.0,0.0
E.K. Chalki,PhotovoltaicArray,2024-09-01 22:45:00,0.0,0.0,0.0
E.K. Chalki,PhotovoltaicArray,2024-09-01 23:00:00,0.0,0.0,0.0
E.K. Chalki,PhotovoltaicArray,2024-09-01 23:15:00,0.0,0.0,0.0
E.K. Chalki,PhotovoltaicArray,2024-09-01 23:30:00,0.0,0.0,0.0
E.K. Chalki,PhotovoltaicArray,2024-09-01 23:45:00,0.0,0.0,0.0
E.K. Chalki,PhotovoltaicArray,2024-09-02 00:00:00,0.0,0.0,0.0
E.K. Chalki,PhotovoltaicArray,2024-09-02 00:15:00,0.0,0.0,0.0
E.K. Chalki,PhotovoltaicArray,2024-09-02 00:30:00,0.0,0.0,0.0
E.K. Chalki,PhotovoltaicArray,2024-09-02 00:45:00,0.0,0.0,0.0
E.K. Chalki,PhotovoltaicArray,2024-09-02 01:00:00,0.0,0.0,0.0
E.K. Chalki,PhotovoltaicArray,2024-09-02 01:15:00,0.0,0.0,0.0
E.K. Chalki,PhotovoltaicArray,2024-09-02 01:30:00,0.0,0.0,0.0
E.K. Chalki,PhotovoltaicArray,2024-09-02 01:45:00,0.0,0.0,0.0
E.K. Chalki,PhotovoltaicArray,2024-09-02 02:00:00,0.0,0.0,0.0
E.K. Chalki,PhotovoltaicArray,2024-09-02 02:15:00,0.0,0.0,0.0
E.K. Chalki,PhotovoltaicArray,2024-09-02 02:30:00,0.0,0.0,0.0
E.K. Chalki,PhotovoltaicArray,2024-09-02 02:45:00,0.0,0.0,0.0
E.K. Chalki,PhotovoltaicArray,2024-09-02 03:00:00,0.0,0.0,0.2858071247372907
E.K. Chalki,PhotovoltaicArray,2024-09-02 03:15:00,0.0,0.0,0.5716142494745814
E.K. Chalki,PhotovoltaicArray,2024-09-02 03:30:00,0.0,0.0,0.8574213742118721
E.K. Chalki,PhotovoltaicArray,2024-09-02 03:45:00,0.0,0.0,1.1432284989491628
E.K. Chalki,PhotovoltaicArray,2024-09-02 04:00:00,0.0,0.0,20.292305856347642
E.K. Chalki,PhotovoltaicArray,2024-09-02 04:15:00,3.497714042663574,13.990856170654297,39.44138321374612
E.K. Chalki,PhotovoltaicArray,2024-09-02 04:30:00,6.720110893249512,26.880443572998047,58.590460571144604
E.K. Chalki,PhotovoltaicArray,2024-09-02 04:45:00,11.681987762451172,46.72795104980469,77.73953792854307
E.K. Chalki,PhotovoltaicArray,2024-09-02 05:00:00,19.23880958557129,76.95523834228516,118.32414964123836
E.K. Chalki,PhotovoltaicArray,2024-09-02 05:15:00,28.461288452148438,113.84515380859375,158.9087613539336
E.K. Chalki,PhotovoltaicArray,2024-09-02 05:30:00,39.12914276123047,156.51657104492188,199.4933730666289
E.K. Chalki,PhotovoltaicArray,2024-09-02 05:45:00,47.68668746948242,190.7467498779297,240.0779847793242
E.K. Chalki,PhotovoltaicArray,2024-09-02 06:00:00,65.244140625,260.9765625,304.0987807204773
E.K. Chalki,PhotovoltaicArray,2024-09-02 06:15:00,74.41329956054688,297.6531982421875,368.11957666163045
E.K. Chalki,PhotovoltaicArray,2024-09-02 06:30:00,86.89251708984375,347.570068359375,432.1403726027835
E.K. Chalki,PhotovoltaicArray,2024-09-02 06:45:00,104.7703857421875,419.08154296875,492.7314830470891
E.K. Chalki,PhotovoltaicArray,2024-09-02 07:00:00,112.31414794921875,449.256591796875,537.3173945061066
E.K. Chalki,PhotovoltaicArray,2024-09-02 07:15:00,120.38182830810547,481.5273132324219,581.9033059651239
E.K. Chalki,PhotovoltaicArray,2024-09-02 07:30:00,124.76622009277344,499.06488037109375,626.4892174241412
E.K. Chalki,PhotovoltaicArray,2024-09-02 07:45:00,133.8363037109375,535.34521484375,671.0751288831585
E.K. Chalki,PhotovoltaicArray,2024-09-02 08:00:00,140.7479248046875,562.99169921875,705.3719838516333
E.K. Chalki,PhotovoltaicArray,2024-09-02 08:15:00,144.87205505371094,579.4882202148438,739.6688388201082
E.K. Chalki,PhotovoltaicArray,2024-09-02 08:30:00,152.5675811767578,610.2703247070312,773.9656937885833
E.K. Chalki,PhotovoltaicArray,2024-09-02 08:45:00,149.515380859375,598.0615234375,808.262548757058
E.K. Chalki,PhotovoltaicArray,2024-09-02 09:00:00,157.39222717285156,629.5689086914062,810.2631986302191
E.K. Chalki,PhotovoltaicArray,2024-09-02 09:15:00,145.8003387451172,583.2013549804688,812.2638485033801
E.K. Chalki,PhotovoltaicArray,2024-09-02 09:30:00,148.57835388183594,594.3134155273438,814.2644983765413
E.K. Chalki,PhotovoltaicArray,2024-09-02 09:45:00,150.8716278076172,603.4865112304688,816.2651482497023
E.K. Chalki,PhotovoltaicArray,2024-09-02 10:00:00,152.99717712402344,611.9887084960938,829.4122759876178
E.K. Chalki,PhotovoltaicArray,2024-09-02 10:15:00,163.7571258544922,655.0285034179688,842.559403725533
E.K. Chalki,PhotovoltaicArray,2024-09-02 10:30:00,165.11428833007812,660.4571533203125,855.7065314634483
E.K. Chalki,PhotovoltaicArray,2024-09-02 10:45:00,165.75184631347656,663.0073852539062,868.8536592013637
E.K. Chalki,PhotovoltaicArray,2024-09-02 11:00:00,155.94442749023438,623.7777099609375,858.8504098355585
E.K. Chalki,PhotovoltaicArray,2024-09-02 11:15:00,148.013427734375,592.0537109375,848.8471604697534
E.K. Chalki,PhotovoltaicArray,2024-09-02 11:30:00,153.2599334716797,613.0397338867188,838.8439111039481
E.K. Chalki,PhotovoltaicArray,2024-09-02 11:45:00,137.30926513671875,549.237060546875,828.840661738143
E.K. Chalki,PhotovoltaicArray,2024-09-02 12:00:00,141.940673828125,567.7626953125,805.6902846344225
E.K. Chalki,PhotovoltaicArray,2024-09-02 12:15:00,142.64810180664062,570.5924072265625,782.539907530702
E.K. Chalki,PhotovoltaicArray,2024-09-02 12:30:00,138.31529235839844,553.2611694335938,759.3895304269815
E.K. Chalki,PhotovoltaicArray,2024-09-02 12:45:00,132.2359619140625,528.94384765625,756.8172663043458
E.K. Chalki,PhotovoltaicArray,2024-09-02 13:00:00,132.8723907470703,531.4895629882812,717.6616902153369
E.K. Chalki,PhotovoltaicArray,2024-09-02 13:15:00,125.3924560546875,501.56982421875,678.506114126328
E.K. Chalki,PhotovoltaicArray,2024-09-02 13:30:00,117.33847045898438,469.3538818359375,639.3505380373192
E.K. Chalki,PhotovoltaicArray,2024-09-02 13:45:00,104.52875518798828,418.1150207519531,600.1949619483103
E.K. Chalki,PhotovoltaicArray,2024-09-02 14:00:00,104.35504150390625,417.420166015625,547.6064509966488
E.K. Chalki,PhotovoltaicArray,2024-09-02 14:15:00,84.33352661132812,337.3341064453125,495.01794004498737
E.K. Chalki,PhotovoltaicArray,2024-09-02 14:30:00,76.2193603515625,304.87744140625,442.42942909332584
E.K. Chalki,PhotovoltaicArray,2024-09-02 14:45:00,58.76530075073242,235.0612030029297,389.8409181416644
E.K. Chalki,PhotovoltaicArray,2024-09-02 15:00:00,53.4044189453125,213.61767578125,334.6801430673673
E.K. Chalki,PhotovoltaicArray,2024-09-02 15:15:00,34.58387756347656,138.33551025390625,279.51936799307026
E.K. Chalki,PhotovoltaicArray,2024-09-02 15:30:00,29.684003829956055,118.73601531982422,224.35859291877318
E.K. Chalki,PhotovoltaicArray,2024-09-02 15:45:00,18.041379928588867,72.16551971435547,169.19781784447608
E.K. Chalki,PhotovoltaicArray,2024-09-02 16:00:00,11.816510200500488,47.26604080200195,131.18547025441643
E.K. Chalki,PhotovoltaicArray,2024-09-02 16:15:00,4.170389175415039,16.681556701660156,93.17312266435677
E.K. Chalki,PhotovoltaicArray,2024-09-02 16:30:00,0.0,0.0,55.1607750742971
E.K. Chalki,PhotovoltaicArray,2024-09-02 16:45:00,0.0,0.0,17.14842748423744
E.K. Chalki,PhotovoltaicArray,2024-09-02 17:00:00,0.0,0.0,12.861320613178082
E.K. Chalki,PhotovoltaicArray,2024-09-02 17:15:00,0.0,0.0,8.57421374211872
E.K. Chalki,PhotovoltaicArray,2024-09-02 17:30:00,0.0,0.0,4.28710687105936
E.K. Chalki,PhotovoltaicArray,2024-09-02 17:45:00,0.0,0.0,0.0
E.K. Chalki,PhotovoltaicArray,2024-09-02 18:00:00,0.0,0.0,0.0
E.K. Chalki,PhotovoltaicArray,2024-09-02 18:15:00,0.0,0.0,0.0
E.K. Chalki,PhotovoltaicArray,2024-09-02 18:30:00,0.0,0.0,0.0
E.K. Chalki,PhotovoltaicArray,2024-09-02 18:45:00,0.0,0.0,0.0
E.K. Chalki,PhotovoltaicArray,2024-09-02 19:00:00,0.0,0.0,0.0
E.K. Chalki,PhotovoltaicArray,2024-09-02 19:15:00,0.0,0.0,0.0
E.K. Chalki,PhotovoltaicArray,2024-09-02 19:30:00,0.0,0.0,0.0
E.K. Chalki,PhotovoltaicArray,2024-09-02 19:45:00,0.0,0.0,0.0
E.K. Chalki,PhotovoltaicArray,2024-09-02 20:00:00,0.0,0.0,0.0
E.K. Chalki,PhotovoltaicArray,2024-09-02 20:15:00,0.0,0.0,0.0
E.K. Chalki,PhotovoltaicArray,2024-09-02 20:30:00,0.0,0.0,0.0
E.K. Chalki,PhotovoltaicArray,2024-09-02 20:45:00,0.0,0.0,0.0
E.K. Chalki,PhotovoltaicArray,2024-09-02 21:00:00,0.0,0.0,0.0
E.K. Chalki,PhotovoltaicArray,2024-09-02 21:15:00,0.0,0.0,0.0
E.K. Chalki,PhotovoltaicArray,2024-09-02 21:30:00,0.0,0.0,0.0
E.K. Chalki,PhotovoltaicArray,2024-09-02 21:45:00,0.0,0.0,0.0
E.K. Chalki,PhotovoltaicArray,2024-09-02 22:00:00,0.0,0.0,0.0
E.K. Chalki,PhotovoltaicArray,2024-09-02 22:15:00,0.0,0.0,0.0
E.K. Chalki,PhotovoltaicArray,2024-09-02 22:30:00,0.0,0.0,0.0
E.K. Chalki,PhotovoltaicArray,2024-09-02 22:45:00,0.0,0.0,0.0
E.K. Chalki,PhotovoltaicArray,2024-09-02 23:00:00,0.0,0.0,0.0
E.K. Chalki,PhotovoltaicArray,2024-09-02 23:15:00,0.0,0.0,0.0
E.K. Chalki,PhotovoltaicArray,2024-09-02 23:30:00,0.0,0.0,0.0
E.K. Chalki,PhotovoltaicArray,2024-09-02 23:45:00,0.0,0.0,0.0
E.K. Chalki,PhotovoltaicArray,2024-09-03 00:00:00,0.0,0.0,0.0
E.K. Chalki,PhotovoltaicArray,2024-09-03 00:15:00,0.0,0.0,0.0
E.K. Chalki,PhotovoltaicArray,2024-09-03 00:30:00,0.0,0.0,0.0
E.K. Chalki,PhotovoltaicArray,2024-09-03 00:45:00,0.0,0.0,0.0
E.K. Chalki,PhotovoltaicArray,2024-09-03 01:00:00,0.0,0.0,0.0
E.K. Chalki,PhotovoltaicArray,2024-09-03 01:15:00,0.0,0.0,0.0
E.K. Chalki,PhotovoltaicArray,2024-09-03 01:30:00,0.0,0.0,0.0
E.K. Chalki,PhotovoltaicArray,2024-09-03 01:45:00,0.0,0.0,0.0
E.K. Chalki,PhotovoltaicArray,2024-09-03 02:00:00,0.0,0.0,0.0
E.K. Chalki,PhotovoltaicArray,2024-09-03 02:15:00,0.0,0.0,0.0
E.K. Chalki,PhotovoltaicArray,2024-09-03 02:30:00,0.0,0.0,0.0
E.K. Chalki,PhotovoltaicArray,2024-09-03 02:45:00,0.0,0.0,0.0
E.K. Chalki,PhotovoltaicArray,2024-09-03 03:00:00,0.0,0.0,0.28674741181690716
E.K. Chalki,PhotovoltaicArray,2024-09-03 03:15:00,0.0,0.0,0.5734948236338143
E.K. Chalki,PhotovoltaicArray,2024-09-03 03:30:00,0.0,0.0,0.8602422354507214
E.K. Chalki,PhotovoltaicArray,2024-09-03 03:45:00,0.0,0.0,1.1469896472676286
E.K. Chalki,PhotovoltaicArray,2024-09-03 04:00:00,0.0,0.0,24.37353000443711
E.K. Chalki,PhotovoltaicArray,2024-09-03 04:15:00,4.150028705596924,16.600114822387695,47.6000703616066
E.K. Chalki,PhotovoltaicArray,2024-09-03 04:30:00,8.893092155456543,35.57236862182617,70.82661071877608
E.K. Chalki,PhotovoltaicArray,2024-09-03 04:45:00,13.660463333129883,54.64185333251953,94.05315107594555
E.K. Chalki,PhotovoltaicArray,2024-09-03 05:00:00,22.36148452758789,89.44593811035156,145.95443261480577
E.K. Chalki,PhotovoltaicArray,2024-09-03 05:15:00,35.01120376586914,140.04481506347656,197.8557141536659
E.K. Chalki,PhotovoltaicArray,2024-09-03 05:30:00,45.04295349121094,180.17181396484375,249.75699569252612
E.K. Chalki,PhotovoltaicArray,2024-09-03 05:45:00,56.43350601196289,225.73402404785156,301.65827723138625
E.K. Chalki,PhotovoltaicArray,2024-09-03 06:00:00,74.41845703125,297.673828125,356.7137803002325
E.K. Chalki,PhotovoltaicArray,2024-09-03 06:15:00,83.60616302490234,334.4246520996094,411.7692833690786
E.K. Chalki,PhotovoltaicArray,2024-09-03 06:30:00,89.25665283203125,357.026611328125,466.82478643792484
E.K. Chalki,PhotovoltaicArray,2024-09-03 06:45:00,106.81045532226562,427.2418212890625,524.1742688013062
E.K. Chalki,PhotovoltaicArray,2024-09-03 07:00:00,116.63998413085938,466.5599365234375,573.2080762219973
E.K. Chalki,PhotovoltaicArray,2024-09-03 07:15:00,126.13504028320312,504.5401611328125,622.2418836426884
E.K. Chalki,PhotovoltaicArray,2024-09-03 07:30:00,130.4575653076172,521.8302612304688,671.2756910633796
E.K. Chalki,PhotovoltaicArray,2024-09-03 07:45:00,144.5462188720703,578.1848754882812,720.3094984840707
E.K. Chalki,PhotovoltaicArray,2024-09-03 08:00:00,125.37152099609375,501.486083984375,757.0131671966348
E.K. Chalki,PhotovoltaicArray,2024-09-03 08:15:00,149.86314392089844,599.4525756835938,793.716835909199
E.K. Chalki,PhotovoltaicArray,2024-09-03 08:30:00,158.22657775878906,632.9063110351562,830.420504621763
E.K. Chalki,PhotovoltaicArray,2024-09-03 08:45:00,163.23251342773438,652.9300537109375,867.1241733343272
E.K. Chalki,PhotovoltaicArray,2024-09-03 09:00:00,162.16868591308594,648.6747436523438,888.0567343969615
E.K. Chalki,PhotovoltaicArray,2024-09-03 09:15:00,162.01409912109375,648.056396484375,908.9892954595956
E.K. Chalki,PhotovoltaicArray,2024-09-03 09:30:00,178.7490234375,714.99609375,929.92185652223
E.K. Chalki,PhotovoltaicArray,2024-09-03 09:45:00,173.37864685058594,693.5145874023438,950.8544175848641
E.K. Chalki,PhotovoltaicArray,2024-09-03 10:00:00,169.43112182617188,677.7244873046875,954.5821339384839
E.K. Chalki,PhotovoltaicArray,2024-09-03 10:15:00,166.0178985595703,664.0715942382812,958.3098502921036
E.K. Chalki,PhotovoltaicArray,2024-09-03 10:30:00,171.3673553466797,685.4694213867188,962.0375666457235
E.K. Chalki,PhotovoltaicArray,2024-09-03 10:45:00,185.39596557617188,741.5838623046875,965.7652829993433
E.K. Chalki,PhotovoltaicArray,2024-09-03 11:00:00,171.05650329589844,684.2260131835938,951.4279124084978
E.K. Chalki,PhotovoltaicArray,2024-09-03 11:15:00,164.70474243164062,658.8189697265625,937.0905418176526
E.K. Chalki,PhotovoltaicArray,2024-09-03 11:30:00,170.121826171875,680.4873046875,922.7531712268071
E.K. Chalki,PhotovoltaicArray,2024-09-03 11:45:00,165.56683349609375,662.267333984375,908.4158006359618
E.K. Chalki,PhotovoltaicArray,2024-09-03 12:00:00,148.10939025878906,592.4375610351562,877.1603327479189
E.K. Chalki,PhotovoltaicArray,2024-09-03 12:15:00,156.0902862548828,624.3611450195312,845.904864859876
E.K. Chalki,PhotovoltaicArray,2024-09-03 12:30:00,145.8915557861328,583.5662231445312,814.6493969718331
E.K. Chalki,PhotovoltaicArray,2024-09-03 12:45:00,138.0239715576172,552.0958862304688,784.540918731058
E.K. Chalki,PhotovoltaicArray,2024-09-03 13:00:00,128.36819458007812,513.4727783203125,740.0950698994374
E.K. Chalki,PhotovoltaicArray,2024-09-03 13:15:00,141.20750427246094,564.8300170898438,695.6492210678167
E.K. Chalki,PhotovoltaicArray,2024-09-03 13:30:00,116.07514190673828,464.3005676269531,651.2033722361961
E.K. Chalki,PhotovoltaicArray,2024-09-03 13:45:00,105.00039672851562,420.0015869140625,606.7575234045755
E.K. Chalki,PhotovoltaicArray,2024-09-03 14:00:00,104.10310363769531,416.41241455078125,552.8490099829969
E.K. Chalki,PhotovoltaicArray,2024-09-03 14:15:00,92.5555419921875,370.22216796875,498.94049656141846
E.K. Chalki,PhotovoltaicArray,2024-09-03 14:30:00,76.89469146728516,307.5787658691406,445.0319831398398
E.K. Chalki,PhotovoltaicArray,2024-09-03 14:45:00,58.763275146484375,235.0531005859375,391.1234697182613
E.K. Chalki,PhotovoltaicArray,2024-09-03 15:00:00,53.4044189453125,213.61767578125,335.20772441396434
E.K. Chalki,PhotovoltaicArray,2024-09-03 15:15:00,34.58387756347656,138.33551025390625,279.2919791096675
E.K. Chalki,PhotovoltaicArray,2024-09-03 15:30:00,29.684003829956055,118.73601531982422,223.37623380537065
E.K. Chalki,PhotovoltaicArray,2024-09-03 15:45:00,18.007301330566406,72.02920532226562,167.46048850107374
E.K. Chalki,PhotovoltaicArray,2024-09-03 16:00:00,9.894535064697266,39.57814025878906,129.609830141242
E.K. Chalki,PhotovoltaicArray,2024-09-03 16:15:00,4.261579513549805,17.04631805419922,91.75917178141027
E.K. Chalki,PhotovoltaicArray,2024-09-03 16:30:00,0.0,0.0,53.90851342157855
E.K. Chalki,PhotovoltaicArray,2024-09-03 16:45:00,0.0,0.0,16.0578550617468
E.K. Chalki,PhotovoltaicArray,2024-09-03 17:00:00,0.0,0.0,12.0433912963101
E.K. Chalki,PhotovoltaicArray,2024-09-03 17:15:00,0.0,0.0,8.0289275308734
E.K. Chalki,PhotovoltaicArray,2024-09-03 17:30:00,0.0,0.0,4.0144637654367
E.K. Chalki,PhotovoltaicArray,2024-09-03 17:45:00,0.0,0.0,0.0
E.K. Chalki,PhotovoltaicArray,2024-09-03 18:00:00,0.0,0.0,0.0
E.K. Chalki,PhotovoltaicArray,2024-09-03 18:15:00,0.0,0.0,0.0
E.K. Chalki,PhotovoltaicArray,2024-09-03 18:30:00,0.0,0.0,0.0
E.K. Chalki,PhotovoltaicArray,2024-09-03 18:45:00,0.0,0.0,0.0
E.K. Chalki,PhotovoltaicArray,2024-09-03 19:00:00,0.0,0.0,0.0
E.K. Chalki,PhotovoltaicArray,2024-09-03 19:15:00,0.0,0.0,0.0
E.K. Chalki,PhotovoltaicArray,2024-09-03 19:30:00,0.0,0.0,0.0
E.K. Chalki,PhotovoltaicArray,2024-09-03 19:45:00,0.0,0.0,0.0
E.K. Chalki,PhotovoltaicArray,2024-09-03 20:00:00,0.0,0.0,0.0
E.K. Chalki,PhotovoltaicArray,2024-09-03 20:15:00,0.0,0.0,0.0
E.K. Chalki,PhotovoltaicArray,2024-09-03 20:30:00,0.0,0.0,0.0
E.K. Chalki,PhotovoltaicArray,2024-09-03 20:45:00,0.0,0.0,0.0
E.K. Chalki,PhotovoltaicArray,2024-09-03 21:00:00,0.0,0.0,0.0
E.K. Chalki,PhotovoltaicArray,2024-09-03 21:15:00,0.0,0.0,0.0
E.K. Chalki,PhotovoltaicArray,2024-09-03 21:30:00,0.0,0.0,0.0
E.K. Chalki,PhotovoltaicArray,2024-09-03 21:45:00,0.0,0.0,0.0
E.K. Chalki,PhotovoltaicArray,2024-09-03 22:00:00,0.0,0.0,0.0
E.K. Chalki,PhotovoltaicArray,2024-09-03 22:15:00,0.0,0.0,0.0
E.K. Chalki,PhotovoltaicArray,2024-09-03 22:30:00,0.0,0.0,0.0
E.K. Chalki,PhotovoltaicArray,2024-09-03 22:45:00,0.0,0.0,0.0
E.K. Chalki,PhotovoltaicArray,2024-09-03 23:00:00,0.0,0.0,0.0
E.K. Chalki,PhotovoltaicArray,2024-09-03 23:15:00,0.0,0.0,0.0
E.K. Chalki,PhotovoltaicArray,2024-09-03 23:30:00,0.0,0.0,0.0
E.K. Chalki,PhotovoltaicArray,2024-09-03 23:45:00,0.0,0.0,0.0
E.K. Chalki,PhotovoltaicArray,2024-09-04 00:00:00,0.0,0.0,0.0
E.K. Chalki,PhotovoltaicArray,2024-09-04 00:15:00,0.0,0.0,0.0
E.K. Chalki,PhotovoltaicArray,2024-09-04 00:30:00,0.0,0.0,0.0
E.K. Chalki,PhotovoltaicArray,2024-09-04 00:45:00,0.0,0.0,0.0
E.K. Chalki,PhotovoltaicArray,2024-09-04 01:00:00,0.0,0.0,0.0
E.K. Chalki,PhotovoltaicArray,2024-09-04 01:15:00,0.0,0.0,0.0
E.K. Chalki,PhotovoltaicArray,2024-09-04 01:30:00,0.0,0.0,0.0
E.K. Chalki,PhotovoltaicArray,2024-09-04 01:45:00,0.0,0.0,0.0
E.K. Chalki,PhotovoltaicArray,2024-09-04 02:00:00,0.0,0.0,0.0
E.K. Chalki,PhotovoltaicArray,2024-09-04 02:15:00,0.0,0.0,0.0
E.K. Chalki,PhotovoltaicArray,2024-09-04 02:30:00,0.0,0.0,0.0
E.K. Chalki,PhotovoltaicArray,2024-09-04 02:45:00,0.0,0.0,0.0
E.K. Chalki,PhotovoltaicArray,2024-09-04 03:00:00,0.0,0.0,0.2876997439973671
E.K. Chalki,PhotovoltaicArray,2024-09-04 03:15:00,0.0,0.0,0.5753994879947342
E.K. Chalki,PhotovoltaicArray,2024-09-04 03:30:00,0.0,0.0,0.8630992319921011
E.K. Chalki,PhotovoltaicArray,2024-09-04 03:45:00,0.0,0.0,1.1507989759894683
E.K. Chalki,PhotovoltaicArray,2024-09-04 04:00:00,0.0,0.0,24.166778495778832
E.K. Chalki,PhotovoltaicArray,2024-09-04 04:15:00,4.150028705596924,16.600114822387695,47.182758015568204
E.K. Chalki,PhotovoltaicArray,2024-09-04 04:30:00,7.487627029418945,29.95050811767578,70.19873753535757
E.K. Chalki,PhotovoltaicArray,2024-09-04 04:45:00,13.660463333129883,54.64185333251953,93.21471705514693
E.K. Chalki,PhotovoltaicArray,2024-09-04 05:00:00,22.36148452758789,89.44593811035156,145.28837071867036
E.K. Chalki,PhotovoltaicArray,2024-09-04 05:15:00,35.01120376586914,140.04481506347656,197.36202438219382
E.K. Chalki,PhotovoltaicArray,2024-09-04 05:30:00,45.04295349121094,180.17181396484375,249.43567804571725
E.K. Chalki,PhotovoltaicArray,2024-09-04 05:45:00,56.43350601196289,225.73402404785156,301.50933170924066
E.K. Chalki,PhotovoltaicArray,2024-09-04 06:00:00,74.41845703125,297.673828125,357.0353823007326
E.K. Chalki,PhotovoltaicArray,2024-09-04 06:15:00,82.78282928466797,331.1313171386719,412.5614328922244
E.K. Chalki,PhotovoltaicArray,2024-09-04 06:30:00,90.53121948242188,362.1248779296875,468.0874834837162
E.K. Chalki,PhotovoltaicArray,2024-09-04 06:45:00,109.02461242675781,436.09844970703125,527.0659310031765
E.K. Chalki,PhotovoltaicArray,2024-09-04 07:00:00,121.12543487548828,484.5017395019531,576.2625872267262
E.K. Chalki,PhotovoltaicArray,2024-09-04 07:15:00,130.5543975830078,522.2175903320312,625.4592434502761
E.K. Chalki,PhotovoltaicArray,2024-09-04 07:30:00,128.9927215576172,515.9708862304688,674.6558996738258
E.K. Chalki,PhotovoltaicArray,2024-09-04 07:45:00,143.85208129882812,575.4083251953125,723.8525558973755
E.K. Chalki,PhotovoltaicArray,2024-09-04 08:00:00,152.33602905273438,609.3441162109375,760.9658228730359
E.K. Chalki,PhotovoltaicArray,2024-09-04 08:15:00,151.8092498779297,607.2369995117188,798.0790898486962
E.K. Chalki,PhotovoltaicArray,2024-09-04 08:30:00,149.69921875,598.796875,835.1923568243566
E.K. Chalki,PhotovoltaicArray,2024-09-04 08:45:00,164.64120483398438,658.5648193359375,872.305623800017
E.K. Chalki,PhotovoltaicArray,2024-09-04 09:00:00,165.0186309814453,660.0745239257812,893.3077051118247
E.K. Chalki,PhotovoltaicArray,2024-09-04 09:15:00,162.83883666992188,651.3553466796875,914.3097864236324
E.K. Chalki,PhotovoltaicArray,2024-09-04 09:30:00,143.99501037597656,575.9800415039062,935.3118677354404
E.K. Chalki,PhotovoltaicArray,2024-09-04 09:45:00,171.7694549560547,687.0778198242188,956.3139490472481
E.K. Chalki,PhotovoltaicArray,2024-09-04 10:00:00,168.99029541015625,675.961181640625,959.7663459752166
E.K. Chalki,PhotovoltaicArray,2024-09-04 10:15:00,170.76783752441406,683.0713500976562,963.2187429031849
E.K. Chalki,PhotovoltaicArray,2024-09-04 10:30:00,171.3673553466797,685.4694213867188,966.6711398311534
E.K. Chalki,PhotovoltaicArray,2024-09-04 10:45:00,181.1943359375,724.77734375,970.1235367591217
E.K. Chalki,PhotovoltaicArray,2024-09-04 11:00:00,177.64222717285156,710.5689086914062,955.4508498152561
E.K. Chalki,PhotovoltaicArray,2024-09-04 11:15:00,164.6970977783203,658.7883911132812,940.7781628713904
E.K. Chalki,PhotovoltaicArray,2024-09-04 11:30:00,146.84848022460938,587.3939208984375,926.1054759275246
E.K. Chalki,PhotovoltaicArray,2024-09-04 11:45:00,166.20921325683594,664.8368530273438,911.4327889836588
E.K. Chalki,PhotovoltaicArray,2024-09-04 12:00:00,148.6025390625,594.41015625,879.7858171439485
E.K. Chalki,PhotovoltaicArray,2024-09-04 12:15:00,156.2809600830078,625.1238403320312,848.1388453042381
E.K. Chalki,PhotovoltaicArray,2024-09-04 12:30:00,145.8915557861328,583.5662231445312,816.4918734645277
E.K. Chalki,PhotovoltaicArray,2024-09-04 12:45:00,138.0239715576172,552.0958862304688,785.9957006008068
E.K. Chalki,PhotovoltaicArray,2024-09-04 13:00:00,139.02735900878906,556.1094360351562,741.1145405372175
E.K. Chalki,PhotovoltaicArray,2024-09-04 13:15:00,141.20750427246094,564.8300170898438,696.2333804736282
E.K. Chalki,PhotovoltaicArray,2024-09-04 13:30:00,116.07514190673828,464.3005676269531,651.3522204100391
E.K. Chalki,PhotovoltaicArray,2024-09-04 13:45:00,105.00039672851562,420.0015869140625,606.4710603464498
E.K. Chalki,PhotovoltaicArray,2024-09-04 14:00:00,94.3081283569336,377.2325134277344,552.0958087309474
E.K. Chalki,PhotovoltaicArray,2024-09-04 14:15:00,98.4398193359375,393.75927734375,497.72055711544505
E.K. Chalki,PhotovoltaicArray,2024-09-04 14:30:00,76.2193603515625,304.87744140625,443.3453054999426
E.K. Chalki,PhotovoltaicArray,2024-09-04 14:45:00,57.88993835449219,231.55975341796875,388.9700538844402
E.K. Chalki,PhotovoltaicArray,2024-09-04 15:00:00,54.8967399597168,219.5869598388672,332.86860380495364
E.K. Chalki,PhotovoltaicArray,2024-09-04 15:15:00,38.77534103393555,155.1013641357422,276.76715372546704
E.K. Chalki,PhotovoltaicArray,2024-09-04 15:30:00,28.153566360473633,112.61426544189453,220.66570364598047
E.K. Chalki,PhotovoltaicArray,2024-09-04 15:45:00,18.606201171875,74.4248046875,164.56425356649393
E.K. Chalki,PhotovoltaicArray,2024-09-04 16:00:00,11.037454605102539,44.149818420410156,127.16328684683621
E.K. Chalki,PhotovoltaicArray,2024-09-04 16:15:00,4.0129570960998535,16.051828384399414,89.76232012717851
E.K. Chalki,PhotovoltaicArray,2024-09-04 16:30:00,0.0,0.0,52.361353407520795
E.K. Chalki,PhotovoltaicArray,2024-09-04 16:45:00,0.0,0.0,14.960386687863089
E.K. Chalki,PhotovoltaicArray,2024-09-04 17:00:00,0.0,0.0,11.220290015897316
E.K. Chalki,PhotovoltaicArray,2024-09-04 17:15:00,0.0,0.0,7.4801933439315444
E.K. Chalki,PhotovoltaicArray,2024-09-04 17:30:00,0.0,0.0,3.7400966719657722
E.K. Chalki,PhotovoltaicArray,2024-09-04 17:45:00,0.0,0.0,0.0
E.K. Chalki,PhotovoltaicArray,2024-09-04 18:00:00,0.0,0.0,0.0
E.K. Chalki,PhotovoltaicArray,2024-09-04 18:15:00,0.0,0.0,0.0
E.K. Chalki,PhotovoltaicArray,2024-09-04 18:30:00,0.0,0.0,0.0
E.K. Chalki,PhotovoltaicArray,2024-09-04 18:45:00,0.0,0.0,0.0
E.K. Chalki,PhotovoltaicArray,2024-09-04 19:00:00,0.0,0.0,0.0
E.K. Chalki,PhotovoltaicArray,2024-09-04 19:15:00,0.0,0.0,0.0
E.K. Chalki,PhotovoltaicArray,2024-09-04 19:30:00,0.0,0.0,0.0
E.K. Chalki,PhotovoltaicArray,2024-09-04 19:45:00,0.0,0.0,0.0
E.K. Chalki,PhotovoltaicArray,2024-09-04 20:00:00,0.0,0.0,0.0
E.K. Chalki,PhotovoltaicArray,2024-09-04 20:15:00,0.0,0.0,0.0
E.K. Chalki,PhotovoltaicArray,2024-09-04 20:30:00,0.0,0.0,0.0
E.K. Chalki,PhotovoltaicArray,2024-09-04 20:45:00,0.0,0.0,0.0
E.K. Chalki,PhotovoltaicArray,2024-09-04 21:00:00,0.0,0.0,0.0
E.K. Chalki,PhotovoltaicArray,2024-09-04 21:15:00,0.0,0.0,0.0
E.K. Chalki,PhotovoltaicArray,2024-09-04 21:30:00,0.0,0.0,0.0
E.K. Chalki,PhotovoltaicArray,2024-09-04 21:45:00,0.0,0.0,0.0
E.K. Chalki,PhotovoltaicArray,2024-09-04 22:00:00,0.0,0.0,0.0
E.K. Chalki,PhotovoltaicArray,2024-09-04 22:15:00,0.0,0.0,0.0
E.K. Chalki,PhotovoltaicArray,2024-09-04 22:30:00,0.0,0.0,0.0
E.K. Chalki,PhotovoltaicArray,2024-09-04 22:45:00,0.0,0.0,0.0
E.K. Chalki,PhotovoltaicArray,2024-09-04 23:00:00,0.0,0.0,0.0
E.K. Chalki,PhotovoltaicArray,2024-09-04 23:15:00,0.0,0.0,0.0
E.K. Chalki,PhotovoltaicArray,2024-09-04 23:30:00,0.0,0.0,0.0
E.K. Chalki,PhotovoltaicArray,2024-09-04 23:45:00,0.0,0.0,0.0
E.K. Chalki,PhotovoltaicArray,2024-09-05 00:00:00,0.0,0.0,0.0
E.K. Chalki,PhotovoltaicArray,2024-09-05 00:15:00,0.0,0.0,0.0
E.K. Chalki,PhotovoltaicArray,2024-09-05 00:30:00,0.0,0.0,0.0
E.K. Chalki,PhotovoltaicArray,2024-09-05 00:45:00,0.0,0.0,0.0
E.K. Chalki,PhotovoltaicArray,2024-09-05 01:00:00,0.0,0.0,0.0
E.K. Chalki,PhotovoltaicArray,2024-09-05 01:15:00,0.0,0.0,0.0
E.K. Chalki,PhotovoltaicArray,2024-09-05 01:30:00,0.0,0.0,0.0
E.K. Chalki,PhotovoltaicArray,2024-09-05 01:45:00,0.0,0.0,0.0
E.K. Chalki,PhotovoltaicArray,2024-09-05 02:00:00,0.0,0.0,0.0
E.K. Chalki,PhotovoltaicArray,2024-09-05 02:15:00,0.0,0.0,0.0
E.K. Chalki,PhotovoltaicArray,2024-09-05 02:30:00,0.0,0.0,0.0
E.K. Chalki,PhotovoltaicArray,2024-09-05 02:45:00,0.0,0.0,0.0
E.K. Chalki,PhotovoltaicArray,2024-09-05 03:00:00,0.0,0.0,0.28866412131750596
E.K. Chalki,PhotovoltaicArray,2024-09-05 03:15:00,0.0,0.0,0.5773282426350119
E.K. Chalki,PhotovoltaicArray,2024-09-05 03:30:00,0.0,0.0,0.8659923639525179
E.K. Chalki,PhotovoltaicArray,2024-09-05 03:45:00,0.0,0.0,1.1546564852700238
E.K. Chalki,PhotovoltaicArray,2024-09-05 04:00:00,0.0,0.0,23.959122069352993
E.K. Chalki,PhotovoltaicArray,2024-09-05 04:15:00,4.084372043609619,16.337488174438477,46.76358765343596
E.K. Chalki,PhotovoltaicArray,2024-09-05 04:30:00,7.487627029418945,29.95050811767578,69.56805323751894
E.K. Chalki,PhotovoltaicArray,2024-09-05 04:45:00,13.660463333129883,54.64185333251953,92.3725188216019
E.K. Chalki,PhotovoltaicArray,2024-09-05 05:00:00,24.157548904418945,96.63019561767578,144.90938890138798
E.K. Chalki,PhotovoltaicArray,2024-09-05 05:15:00,34.587459564208984,138.34983825683594,197.44625898117408
E.K. Chalki,PhotovoltaicArray,2024-09-05 05:30:00,45.04295349121094,180.17181396484375,249.98312906096015
E.K. Chalki,PhotovoltaicArray,2024-09-05 05:45:00,53.01427459716797,212.05709838867188,302.5199991407463
E.K. Chalki,PhotovoltaicArray,2024-09-05 06:00:00,76.33580017089844,305.34320068359375,358.2321745550249
E.K. Chalki,PhotovoltaicArray,2024-09-05 06:15:00,79.82089233398438,319.2835693359375,413.9443499693035
E.K. Chalki,PhotovoltaicArray,2024-09-05 06:30:00,90.53121948242188,362.1248779296875,469.6565253835822
E.K. Chalki,PhotovoltaicArray,2024-09-05 06:45:00,108.42264556884766,433.6905822753906,527.6780137684008
E.K. Chalki,PhotovoltaicArray,2024-09-05 07:00:00,116.63998413085938,466.5599365234375,576.7509143923768
E.K. Chalki,PhotovoltaicArray,2024-09-05 07:15:00,139.94229125976562,559.7691650390625,625.8238150163529
E.K. Chalki,PhotovoltaicArray,2024-09-05 07:30:00,128.9273223876953,515.7092895507812,674.896715640329
E.K. Chalki,PhotovoltaicArray,2024-09-05 07:45:00,144.86256408691406,579.4502563476562,723.969616264305
E.K. Chalki,PhotovoltaicArray,2024-09-05 08:00:00,152.33602905273438,609.3441162109375,760.9186237929457
E.K. Chalki,PhotovoltaicArray,2024-09-05 08:15:00,153.5927276611328,614.3709106445312,797.8676313215865
E.K. Chalki,PhotovoltaicArray,2024-09-05 08:30:00,160.4421844482422,641.7687377929688,834.8166388502273
E.K. Chalki,PhotovoltaicArray,2024-09-05 08:45:00,162.96034240722656,651.8413696289062,871.7656463788679
E.K. Chalki,PhotovoltaicArray,2024-09-05 09:00:00,162.16868591308594,648.6747436523438,893.1267913563635
E.K. Chalki,PhotovoltaicArray,2024-09-05 09:15:00,162.83883666992188,651.3553466796875,914.4879363338589
E.K. Chalki,PhotovoltaicArray,2024-09-05 09:30:00,173.1202392578125,692.48095703125,935.8490813113544
E.K. Chalki,PhotovoltaicArray,2024-09-05 09:45:00,173.35617065429688,693.4246826171875,957.21022628885
E.K. Chalki,PhotovoltaicArray,2024-09-05 10:00:00,170.6103515625,682.44140625,960.67419574466
E.K. Chalki,PhotovoltaicArray,2024-09-05 10:15:00,170.76783752441406,683.0713500976562,964.1381652004699
E.K. Chalki,PhotovoltaicArray,2024-09-05 10:30:00,171.3673553466797,685.4694213867188,967.60213465628
E.K. Chalki,PhotovoltaicArray,2024-09-05 10:45:00,181.89320373535156,727.5728149414062,971.0661041120901
E.K. Chalki,PhotovoltaicArray,2024-09-05 11:00:00,157.7602996826172,631.0411987304688,956.3442339248973
E.K. Chalki,PhotovoltaicArray,2024-09-05 11:15:00,164.6970977783203,658.7883911132812,941.6223637377044
E.K. Chalki,PhotovoltaicArray,2024-09-05 11:30:00,170.121826171875,680.4873046875,926.9004935505116
E.K. Chalki,PhotovoltaicArray,2024-09-05 11:45:00,169.90292358398438,679.6116943359375,912.1786233633189
E.K. Chalki,PhotovoltaicArray,2024-09-05 12:00:00,147.1380157470703,588.5520629882812,880.4255700183932
E.K. Chalki,PhotovoltaicArray,2024-09-05 12:15:00,156.0902862548828,624.3611450195312,848.6725166734675
E.K. Chalki,PhotovoltaicArray,2024-09-05 12:30:00,146.70343017578125,586.813720703125,816.9194633285418
E.K. Chalki,PhotovoltaicArray,2024-09-05 12:45:00,137.58262634277344,550.3305053710938,782.8570970130761
E.K. Chalki,PhotovoltaicArray,2024-09-05 13:00:00,137.31509399414062,549.2603759765625,737.5368299662277
E.K. Chalki,PhotovoltaicArray,2024-09-05 13:15:00,142.03919982910156,568.1567993164062,692.2165629193793
E.K. Chalki,PhotovoltaicArray,2024-09-05 13:30:00,112.1241455078125,448.49658203125,646.8962958725309
E.K. Chalki,PhotovoltaicArray,2024-09-05 13:45:00,110.00703430175781,440.02813720703125,601.5760288256824
E.K. Chalki,PhotovoltaicArray,2024-09-05 14:00:00,94.84162139892578,379.3664855957031,547.0185098966738
E.K. Chalki,PhotovoltaicArray,2024-09-05 14:15:00,98.31693267822266,393.2677307128906,492.46099096766517
E.K. Chalki,PhotovoltaicArray,2024-09-05 14:30:00,74.64651489257812,298.5860595703125,437.9034720386565
E.K. Chalki,PhotovoltaicArray,2024-09-05 14:45:00,57.80565643310547,231.22262573242188,383.3459531096479
E.K. Chalki,PhotovoltaicArray,2024-09-05 15:00:00,54.236663818359375,216.9466552734375,327.63377769536925
E.K. Chalki,PhotovoltaicArray,2024-09-05 15:15:00,39.93035888671875,159.721435546875,271.9216022810906
E.K. Chalki,PhotovoltaicArray,2024-09-05 15:30:00,26.248516082763672,104.99406433105469,216.20942686681195
E.K. Chalki,PhotovoltaicArray,2024-09-05 15:45:00,18.606201171875,74.4248046875,160.49725145253328
E.K. Chalki,PhotovoltaicArray,2024-09-05 16:00:00,11.037454605102539,44.149818420410156,123.83690804521002
E.K. Chalki,PhotovoltaicArray,2024-09-05 16:15:00,0.0,0.0,87.17656463788678
E.K. Chalki,PhotovoltaicArray,2024-09-05 16:30:00,0.0,0.0,50.51622123056354
E.K. Chalki,PhotovoltaicArray,2024-09-05 16:45:00,0.0,0.0,13.855877823240286
E.K. Chalki,PhotovoltaicArray,2024-09-05 17:00:00,0.0,0.0,10.391908367430213
E.K. Chalki,PhotovoltaicArray,2024-09-05 17:15:00,0.0,0.0,6.927938911620143
E.K. Chalki,PhotovoltaicArray,2024-09-05 17:30:00,0.0,0.0,3.4639694558100715
E.K. Chalki,PhotovoltaicArray,2024-09-05 17:45:00,0.0,0.0,0.0
E.K. Chalki,PhotovoltaicArray,2024-09-05 18:00:00,0.0,0.0,0.0
E.K. Chalki,PhotovoltaicArray,2024-09-05 18:15:00,0.0,0.0,0.0
E.K. Chalki,PhotovoltaicArray,2024-09-05 18:30:00,0.0,0.0,0.0
E.K. Chalki,PhotovoltaicArray,2024-09-05 18:45:00,0.0,0.0,0.0
E.K. Chalki,PhotovoltaicArray,2024-09-05 19:00:00,0.0,0.0,0.0
E.K. Chalki,PhotovoltaicArray,2024-09-05 19:15:00,0.0,0.0,0.0
E.K. Chalki,PhotovoltaicArray,2024-09-05 19:30:00,0.0,0.0,0.0
E.K. Chalki,PhotovoltaicArray,2024-09-05 19:45:00,0.0,0.0,0.0
E.K. Chalki,PhotovoltaicArray,2024-09-05 20:00:00,0.0,0.0,0.0
E.K. Chalki,PhotovoltaicArray,2024-09-05 20:15:00,0.0,0.0,0.0
E.K. Chalki,PhotovoltaicArray,2024-09-05 20:30:00,0.0,0.0,0.0
E.K. Chalki,PhotovoltaicArray,2024-09-05 20:45:00,0.0,0.0,0.0
E.K. Chalki,PhotovoltaicArray,2024-09-05 21:00:00,0.0,0.0,0.0
E.K. Chalki,PhotovoltaicArray,2024-09-05 21:15:00,0.0,0.0,0.0
E.K. Chalki,PhotovoltaicArray,2024-09-05 21:30:00,0.0,0.0,0.0
E.K. Chalki,PhotovoltaicArray,2024-09-05 21:45:00,0.0,0.0,0.0
E.K. Chalki,PhotovoltaicArray,2024-09-05 22:00:00,0.0,0.0,0.0
E.K. Chalki,PhotovoltaicArray,2024-09-05 22:15:00,0.0,0.0,0.0
E.K. Chalki,PhotovoltaicArray,2024-09-05 22:30:00,0.0,0.0,0.0
E.K. Chalki,PhotovoltaicArray,2024-09-05 22:45:00,0.0,0.0,0.0
E.K. Chalki,PhotovoltaicArray,2024-09-05 23:00:00,0.0,0.0,0.0
E.K. Chalki,PhotovoltaicArray,2024-09-05 23:15:00,0.0,0.0,0.0
E.K. Chalki,PhotovoltaicArray,2024-09-05 23:30:00,0.0,0.0,0.0
E.K. Chalki,PhotovoltaicArray,2024-09-05 23:45:00,0.0,0.0,0.0
E.K. Chalki,PhotovoltaicArray,2024-09-06 00:00:00,0.0,0.0,0.0
E.K. Chalki,PhotovoltaicArray,2024-09-06 00:15:00,0.0,0.0,0.0
E.K. Chalki,PhotovoltaicArray,2024-09-06 00:30:00,0.0,0.0,0.0
E.K. Chalki,PhotovoltaicArray,2024-09-06 00:45:00,0.0,0.0,0.0
E.K. Chalki,PhotovoltaicArray,2024-09-06 01:00:00,0.0,0.0,0.0
E.K. Chalki,PhotovoltaicArray,2024-09-06 01:15:00,0.0,0.0,0.0
E.K. Chalki,PhotovoltaicArray,2024-09-06 01:30:00,0.0,0.0,0.0
E.K. Chalki,PhotovoltaicArray,2024-09-06 01:45:00,0.0,0.0,0.0
E.K. Chalki,PhotovoltaicArray,2024-09-06 02:00:00,0.0,0.0,0.0
E.K. Chalki,PhotovoltaicArray,2024-09-06 02:15:00,0.0,0.0,0.0
E.K. Chalki,PhotovoltaicArray,2024-09-06 02:30:00,0.0,0.0,0.0
E.K. Chalki,PhotovoltaicArray,2024-09-06 02:45:00,0.0,0.0,0.0
E.K. Chalki,PhotovoltaicArray,2024-09-06 03:00:00,0.0,0.0,0.28964054323689287
E.K. Chalki,PhotovoltaicArray,2024-09-06 03:15:00,0.0,0.0,0.5792810864737857
E.K. Chalki,PhotovoltaicArray,2024-09-06 03:30:00,0.0,0.0,0.8689216297106787
E.K. Chalki,PhotovoltaicArray,2024-09-06 03:45:00,0.0,0.0,1.1585621729475715
E.K. Chalki,PhotovoltaicArray,2024-09-06 04:00:00,0.0,0.0,24.329805631899
E.K. Chalki,PhotovoltaicArray,2024-09-06 04:15:00,3.8570096492767334,15.428038597106934,47.50104909085044
E.K. Chalki,PhotovoltaicArray,2024-09-06 04:30:00,8.893092155456543,35.57236862182617,70.67229254980187
E.K. Chalki,PhotovoltaicArray,2024-09-06 04:45:00,13.660463333129883,54.64185333251953,93.84353600875329
E.K. Chalki,PhotovoltaicArray,2024-09-06 05:00:00,24.491300582885742,97.96520233154297,148.29595813728915
E.K. Chalki,PhotovoltaicArray,2024-09-06 05:15:00,34.72624206542969,138.90496826171875,202.74838026582503
E.K. Chalki,PhotovoltaicArray,2024-09-06 05:30:00,45.40555191040039,181.62220764160156,257.2008023943609
E.K. Chalki,PhotovoltaicArray,2024-09-06 05:45:00,57.83332443237305,231.3332977294922,311.6532245228967
E.K. Chalki,PhotovoltaicArray,2024-09-06 06:00:00,79.10269927978516,316.4107971191406,369.0020520838015
E.K. Chalki,PhotovoltaicArray,2024-09-06 06:15:00,91.45022583007812,365.8009033203125,426.3508796447063
E.K. Chalki,PhotovoltaicArray,2024-09-06 06:30:00,101.56674194335938,406.2669677734375,483.69970720561105
E.K. Chalki,PhotovoltaicArray,2024-09-06 06:45:00,109.87986755371094,439.51947021484375,538.7314104206207
E.K. Chalki,PhotovoltaicArray,2024-09-06 07:00:00,130.5598602294922,522.2394409179688,589.1288649438401
E.K. Chalki,PhotovoltaicArray,2024-09-06 07:15:00,132.86593627929688,531.4637451171875,639.5263194670595
E.K. Chalki,PhotovoltaicArray,2024-09-06 07:30:00,133.2781219482422,533.1124877929688,689.9237739902788
E.K. Chalki,PhotovoltaicArray,2024-09-06 07:45:00,146.88406372070312,587.5362548828125,740.3212285134982
E.K. Chalki,PhotovoltaicArray,2024-09-06 08:00:00,155.31329345703125,621.253173828125,777.6848585910574
E.K. Chalki,PhotovoltaicArray,2024-09-06 08:15:00,153.05284118652344,612.2113647460938,815.0484886686166
E.K. Chalki,PhotovoltaicArray,2024-09-06 08:30:00,163.69630432128906,654.7852172851562,852.4121187461758
E.K. Chalki,PhotovoltaicArray,2024-09-06 08:45:00,169.15733337402344,676.6293334960938,889.775748823735
E.K. Chalki,PhotovoltaicArray,2024-09-06 09:00:00,168.33860778808594,673.3544311523438,910.3402273935543
E.K. Chalki,PhotovoltaicArray,2024-09-06 09:15:00,169.9416961669922,679.7667846679688,930.9047059633737
E.K. Chalki,PhotovoltaicArray,2024-09-06 09:30:00,169.73110961914062,678.9244384765625,951.4691845331931
E.K. Chalki,PhotovoltaicArray,2024-09-06 09:45:00,173.41595458984375,693.663818359375,972.0336631030125
E.K. Chalki,PhotovoltaicArray,2024-09-06 10:00:00,176.4901123046875,705.96044921875,974.9300685353813
E.K. Chalki,PhotovoltaicArray,2024-09-06 10:15:00,177.08840942382812,708.3536376953125,977.8264739677503
E.K. Chalki,PhotovoltaicArray,2024-09-06 10:30:00,178.8874969482422,715.5499877929688,980.7228794001193
E.K. Chalki,PhotovoltaicArray,2024-09-06 10:45:00,182.06459045410156,728.2583618164062,983.6192848324882
E.K. Chalki,PhotovoltaicArray,2024-09-06 11:00:00,195.9496612548828,783.7986450195312,968.5579765841698
E.K. Chalki,PhotovoltaicArray,2024-09-06 11:15:00,174.21554565429688,696.8621826171875,953.4966683358514
E.K. Chalki,PhotovoltaicArray,2024-09-06 11:30:00,177.30706787109375,709.228271484375,938.4353600875329
E.K. Chalki,PhotovoltaicArray,2024-09-06 11:45:00,166.50599670410156,666.0239868164062,923.3740518392144
E.K. Chalki,PhotovoltaicArray,2024-09-06 12:00:00,143.10696411132812,572.4278564453125,891.2239515399194
E.K. Chalki,PhotovoltaicArray,2024-09-06 12:15:00,162.07666015625,648.306640625,859.0738512406243
E.K. Chalki,PhotovoltaicArray,2024-09-06 12:30:00,146.1766357421875,584.70654296875,826.9237509413291
E.K. Chalki,PhotovoltaicArray,2024-09-06 12:45:00,140.2987518310547,561.1950073242188,793.6150884690866
E.K. Chalki,PhotovoltaicArray,2024-09-06 13:00:00,139.01145935058594,556.0458374023438,747.5622420944206
E.K. Chalki,PhotovoltaicArray,2024-09-06 13:15:00,141.20750427246094,564.8300170898438,701.5093957197546
E.K. Chalki,PhotovoltaicArray,2024-09-06 13:30:00,106.7748031616211,427.0992126464844,655.4565493450887
E.K. Chalki,PhotovoltaicArray,2024-09-06 13:45:00,109.94155883789062,439.7662353515625,609.4037029704226
E.K. Chalki,PhotovoltaicArray,2024-09-06 14:00:00,94.29589080810547,377.1835632324219,553.7927186689392
E.K. Chalki,PhotovoltaicArray,2024-09-06 14:15:00,98.10670471191406,392.42681884765625,498.18173436745576
E.K. Chalki,PhotovoltaicArray,2024-09-06 14:30:00,75.71549987792969,302.86199951171875,442.5707500659723
E.K. Chalki,PhotovoltaicArray,2024-09-06 14:45:00,58.41434097290039,233.65736389160156,386.95976576448885
E.K. Chalki,PhotovoltaicArray,2024-09-06 15:00:00,54.236663818359375,216.9466552734375,330.1902192900579
E.K. Chalki,PhotovoltaicArray,2024-09-06 15:15:00,39.93035888671875,159.721435546875,273.42067281562686
E.K. Chalki,PhotovoltaicArray,2024-09-06 15:30:00,22.526193618774414,90.10477447509766,216.65112634119586
E.K. Chalki,PhotovoltaicArray,2024-09-06 15:45:00,18.004741668701172,72.01896667480469,159.88157986676487
E.K. Chalki,PhotovoltaicArray,2024-09-06 16:00:00,11.037454605102539,44.149818420410156,123.09723087567947
E.K. Chalki,PhotovoltaicArray,2024-09-06 16:15:00,0.0,0.0,86.31288188459408
E.K. Chalki,PhotovoltaicArray,2024-09-06 16:30:00,0.0,0.0,49.52853289350868
E.K. Chalki,PhotovoltaicArray,2024-09-06 16:45:00,0.0,0.0,12.744183902423288
E.K. Chalki,PhotovoltaicArray,2024-09-06 17:00:00,0.0,0.0,9.558137926817466
E.K. Chalki,PhotovoltaicArray,2024-09-06 17:15:00,0.0,0.0,6.372091951211644
E.K. Chalki,PhotovoltaicArray,2024-09-06 17:30:00,0.0,0.0,3.186045975605822
E.K. Chalki,PhotovoltaicArray,2024-09-06 17:45:00,0.0,0.0,0.0
E.K. Chalki,PhotovoltaicArray,2024-09-06 18:00:00,0.0,0.0,0.0
E.K. Chalki,PhotovoltaicArray,2024-09-06 18:15:00,0.0,0.0,0.0
E.K. Chalki,PhotovoltaicArray,2024-09-06 18:30:00,0.0,0.0,0.0
E.K. Chalki,PhotovoltaicArray,2024-09-06 18:45:00,0.0,0.0,0.0
E.K. Chalki,PhotovoltaicArray,2024-09-06 19:00:00,0.0,0.0,0.0
E.K. Chalki,PhotovoltaicArray,2024-09-06 19:15:00,0.0,0.0,0.0
E.K. Chalki,PhotovoltaicArray,2024-09-06 19:30:00,0.0,0.0,0.0
E.K. Chalki,PhotovoltaicArray,2024-09-06 19:45:00,0.0,0.0,0.0
E.K. Chalki,PhotovoltaicArray,2024-09-06 20:00:00,0.0,0.0,0.0
E.K. Chalki,PhotovoltaicArray,2024-09-06 20:15:00,0.0,0.0,0.0
E.K. Chalki,PhotovoltaicArray,2024-09-06 20:30:00,0.0,0.0,0.0
E.K. Chalki,PhotovoltaicArray,2024-09-06 20:45:00,0.0,0.0,0.0
E.K. Chalki,PhotovoltaicArray,2024-09-06 21:00:00,0.0,0.0,0.0
E.K. Chalki,PhotovoltaicArray,2024-09-06 21:15:00,0.0,0.0,0.0
E.K. Chalki,PhotovoltaicArray,2024-09-06 21:30:00,0.0,0.0,0.0
E.K. Chalki,PhotovoltaicArray,2024-09-06 21:45:00,0.0,0.0,0.0
E.K. Chalki,PhotovoltaicArray,2024-09-06 22:00:00,0.0,0.0,0.0
E.K. Chalki,PhotovoltaicArray,2024-09-06 22:15:00,0.0,0.0,0.0
E.K. Chalki,PhotovoltaicArray,2024-09-06 22:30:00,0.0,0.0,0.0
E.K. Chalki,PhotovoltaicArray,2024-09-06 22:45:00,0.0,0.0,0.0
E.K. Chalki,PhotovoltaicArray,2024-09-06 23:00:00,0.0,0.0,0.0
E.K. Chalki,PhotovoltaicArray,2024-09-06 23:15:00,0.0,0.0,0.0
E.K. Chalki,PhotovoltaicArray,2024-09-06 23:30:00,0.0,0.0,0.0
E.K. Chalki,PhotovoltaicArray,2024-09-06 23:45:00,0.0,0.0,0.0
E.K. Chalki,PhotovoltaicArray,2024-09-07 00:00:00,0.0,0.0,0.0
E.K. Chalki,PhotovoltaicArray,2024-09-07 00:15:00,0.0,0.0,0.0
E.K. Chalki,PhotovoltaicArray,2024-09-07 00:30:00,0.0,0.0,0.0
E.K. Chalki,PhotovoltaicArray,2024-09-07 00:45:00,0.0,0.0,0.0
E.K. Chalki,PhotovoltaicArray,2024-09-07 01:00:00,0.0,0.0,0.0
E.K. Chalki,PhotovoltaicArray,2024-09-07 01:15:00,0.0,0.0,0.0
E.K. Chalki,PhotovoltaicArray,2024-09-07 01:30:00,0.0,0.0,0.0
E.K. Chalki,PhotovoltaicArray,2024-09-07 01:45:00,0.0,0.0,0.0
E.K. Chalki,PhotovoltaicArray,2024-09-07 02:00:00,0.0,0.0,0.0
E.K. Chalki,PhotovoltaicArray,2024-09-07 02:15:00,0.0,0.0,0.0
E.K. Chalki,PhotovoltaicArray,2024-09-07 02:30:00,0.0,0.0,0.0
E.K. Chalki,PhotovoltaicArray,2024-09-07 02:45:00,0.0,0.0,0.0
E.K. Chalki,PhotovoltaicArray,2024-09-07 03:00:00,0.0,0.0,0.2906290084279263
E.K. Chalki,PhotovoltaicArray,2024-09-07 03:15:00,0.0,0.0,0.5812580168558527
E.K. Chalki,PhotovoltaicArray,2024-09-07 03:30:00,0.0,0.0,0.871887025283779
E.K. Chalki,PhotovoltaicArray,2024-09-07 03:45:00,0.0,0.0,1.1625160337117053
E.K. Chalki,PhotovoltaicArray,2024-09-07 04:00:00,0.0,0.0,24.122207699517887
E.K. Chalki,PhotovoltaicArray,2024-09-07 04:15:00,3.8451993465423584,15.380797386169434,47.08189936532406
E.K. Chalki,PhotovoltaicArray,2024-09-07 04:30:00,7.487627029418945,29.95050811767578,70.04159103113025
E.K. Chalki,PhotovoltaicArray,2024-09-07 04:45:00,13.660463333129883,54.64185333251953,93.00128269693643
E.K. Chalki,PhotovoltaicArray,2024-09-07 05:00:00,24.157548904418945,96.63019561767578,147.05827826453074
E.K. Chalki,PhotovoltaicArray,2024-09-07 05:15:00,34.73276901245117,138.9310760498047,201.11527383212504
E.K. Chalki,PhotovoltaicArray,2024-09-07 05:30:00,45.40555191040039,181.62220764160156,255.17226939971934
E.K. Chalki,PhotovoltaicArray,2024-09-07 05:45:00,58.90553283691406,235.62213134765625,309.2292649673136
E.K. Chalki,PhotovoltaicArray,2024-09-07 06:00:00,78.54057312011719,314.16229248046875,366.4831796276151
E.K. Chalki,PhotovoltaicArray,2024-09-07 06:15:00,87.603271484375,350.4130859375,423.7370942879166
E.K. Chalki,PhotovoltaicArray,2024-09-07 06:30:00,102.53555297851562,410.1422119140625,480.99100894821817
E.K. Chalki,PhotovoltaicArray,2024-09-07 06:45:00,108.8735580444336,435.4942321777344,539.4074396422313
E.K. Chalki,PhotovoltaicArray,2024-09-07 07:00:00,125.58688354492188,502.3475341796875,589.6862581002625
E.K. Chalki,PhotovoltaicArray,2024-09-07 07:15:00,133.2159423828125,532.86376953125,639.9650765582938
E.K. Chalki,PhotovoltaicArray,2024-09-07 07:30:00,133.13938903808594,532.5575561523438,690.2438950163252
E.K. Chalki,PhotovoltaicArray,2024-09-07 07:45:00,146.78067016601562,587.1226806640625,740.5227134743562
E.K. Chalki,PhotovoltaicArray,2024-09-07 08:00:00,155.8233642578125,623.29345703125,777.723226553131
E.K. Chalki,PhotovoltaicArray,2024-09-07 08:15:00,157.1445770263672,628.5783081054688,814.9237396319054
E.K. Chalki,PhotovoltaicArray,2024-09-07 08:30:00,162.4930877685547,649.9723510742188,852.1242527106801
E.K. Chalki,PhotovoltaicArray,2024-09-07 08:45:00,169.99053955078125,679.962158203125,889.3247657894547
E.K. Chalki,PhotovoltaicArray,2024-09-07 09:00:00,169.42770385742188,677.7108154296875,910.2500543962653
E.K. Chalki,PhotovoltaicArray,2024-09-07 09:15:00,166.04473876953125,664.178955078125,931.175343003076
E.K. Chalki,PhotovoltaicArray,2024-09-07 09:30:00,169.3621368408203,677.4485473632812,952.1006316098867
E.K. Chalki,PhotovoltaicArray,2024-09-07 09:45:00,179.97793579101562,719.9117431640625,973.0259202166974
E.K. Chalki,PhotovoltaicArray,2024-09-07 10:00:00,172.7115936279297,690.8463745117188,975.6415812925487
E.K. Chalki,PhotovoltaicArray,2024-09-07 10:15:00,173.30990600585938,693.2396240234375,978.2572423684001
E.K. Chalki,PhotovoltaicArray,2024-09-07 10:30:00,181.15994262695312,724.6397705078125,980.8729034442514
E.K. Chalki,PhotovoltaicArray,2024-09-07 10:45:00,182.2267608642578,728.9070434570312,983.4885645201027
E.K. Chalki,PhotovoltaicArray,2024-09-07 11:00:00,192.45562744140625,769.822509765625,967.7945980649947
E.K. Chalki,PhotovoltaicArray,2024-09-07 11:15:00,172.85684204101562,691.4273681640625,952.1006316098867
E.K. Chalki,PhotovoltaicArray,2024-09-07 11:30:00,177.30706787109375,709.228271484375,936.4066651547787
E.K. Chalki,PhotovoltaicArray,2024-09-07 11:45:00,168.23519897460938,672.9407958984375,920.7126986996707
E.K. Chalki,PhotovoltaicArray,2024-09-07 12:00:00,155.4277801513672,621.7111206054688,887.871620747315
E.K. Chalki,PhotovoltaicArray,2024-09-07 12:15:00,166.0469970703125,664.18798828125,855.0305427949593
E.K. Chalki,PhotovoltaicArray,2024-09-07 12:30:00,146.02679443359375,584.107177734375,822.1894648426038
E.K. Chalki,PhotovoltaicArray,2024-09-07 12:45:00,138.0239715576172,552.0958862304688,785.8608387891127
E.K. Chalki,PhotovoltaicArray,2024-09-07 13:00:00,138.1957550048828,552.7830200195312,739.0695684322166
E.K. Chalki,PhotovoltaicArray,2024-09-07 13:15:00,142.03919982910156,568.1567993164062,692.2782980753205
E.K. Chalki,PhotovoltaicArray,2024-09-07 13:30:00,112.1241455078125,448.49658203125,645.4870277184245
E.K. Chalki,PhotovoltaicArray,2024-09-07 13:45:00,113.43008422851562,453.7203369140625,598.6957573615284
E.K. Chalki,PhotovoltaicArray,2024-09-07 14:00:00,94.84162139892578,379.3664855957031,542.8949877433665
E.K. Chalki,PhotovoltaicArray,2024-09-07 14:15:00,99.35148620605469,397.40594482421875,487.09421812520463
E.K. Chalki,PhotovoltaicArray,2024-09-07 14:30:00,73.3754653930664,293.5018615722656,431.2934485070427
E.K. Chalki,PhotovoltaicArray,2024-09-07 14:45:00,57.247352600097656,228.98941040039062,375.49267888888085
E.K. Chalki,PhotovoltaicArray,2024-09-07 15:00:00,49.08009338378906,196.32037353515625,319.40128026229104
E.K. Chalki,PhotovoltaicArray,2024-09-07 15:15:00,38.44820022583008,153.7928009033203,263.3098816357013
E.K. Chalki,PhotovoltaicArray,2024-09-07 15:30:00,22.298141479492188,89.19256591796875,207.21848300911148
E.K. Chalki,PhotovoltaicArray,2024-09-07 15:45:00,15.13541316986084,60.54165267944336,151.1270843825217
E.K. Chalki,PhotovoltaicArray,2024-09-07 16:00:00,8.787379264831543,35.14951705932617,115.9609743627426
E.K. Chalki,PhotovoltaicArray,2024-09-07 16:15:00,0.0,0.0,80.79486434296352
E.K. Chalki,PhotovoltaicArray,2024-09-07 16:30:00,0.0,0.0,45.62875432318444
E.K. Chalki,PhotovoltaicArray,2024-09-07 16:45:00,0.0,0.0,10.462644303405348
E.K. Chalki,PhotovoltaicArray,2024-09-07 17:00:00,0.0,0.0,7.846983227554011
E.K. Chalki,PhotovoltaicArray,2024-09-07 17:15:00,0.0,0.0,5.231322151702674
E.K. Chalki,PhotovoltaicArray,2024-09-07 17:30:00,0.0,0.0,2.615661075851337
E.K. Chalki,PhotovoltaicArray,2024-09-07 17:45:00,0.0,0.0,0.0
E.K. Chalki,PhotovoltaicArray,2024-09-07 18:00:00,0.0,0.0,0.0
E.K. Chalki,PhotovoltaicArray,2024-09-07 18:15:00,0.0,0.0,0.0
E.K. Chalki,PhotovoltaicArray,2024-09-07 18:30:00,0.0,0.0,0.0
E.K. Chalki,PhotovoltaicArray,2024-09-07 18:45:00,0.0,0.0,0.0
E.K. Chalki,PhotovoltaicArray,2024-09-07 19:00:00,0.0,0.0,0.0
E.K. Chalki,PhotovoltaicArray,2024-09-07 19:15:00,0.0,0.0,0.0
E.K. Chalki,PhotovoltaicArray,2024-09-07 19:30:00,0.0,0.0,0.0
E.K. Chalki,PhotovoltaicArray,2024-09-07 19:45:00,0.0,0.0,0.0
E.K. Chalki,PhotovoltaicArray,2024-09-07 20:00:00,0.0,0.0,0.0
E.K. Chalki,PhotovoltaicArray,2024-09-07 20:15:00,0.0,0.0,0.0
E.K. Chalki,PhotovoltaicArray,2024-09-07 20:30:00,0.0,0.0,0.0
E.K. Chalki,PhotovoltaicArray,2024-09-07 20:45:00,0.0,0.0,0.0
E.K. Chalki,PhotovoltaicArray,2024-09-07 21:00:00,0.0,0.0,0.0
E.K. Chalki,PhotovoltaicArray,2024-09-07 21:15:00,0.0,0.0,0.0
E.K. Chalki,PhotovoltaicArray,2024-09-07 21:30:00,0.0,0.0,0.0
E.K. Chalki,PhotovoltaicArray,2024-09-07 21:45:00,0.0,0.0,0.0
E.K. Chalki,PhotovoltaicArray,2024-09-07 22:00:00,0.0,0.0,0.0
E.K. Chalki,PhotovoltaicArray,2024-09-07 22:15:00,0.0,0.0,0.0
E.K. Chalki,PhotovoltaicArray,2024-09-07 22:30:00,0.0,0.0,0.0
E.K. Chalki,PhotovoltaicArray,2024-09-07 22:45:00,0.0,0.0,0.0
E.K. Chalki,PhotovoltaicArray,2024-09-07 23:00:00,0.0,0.0,0.0
E.K. Chalki,PhotovoltaicArray,2024-09-07 23:15:00,0.0,0.0,0.0
E.K. Chalki,PhotovoltaicArray,2024-09-07 23:30:00,0.0,0.0,0.0
E.K. Chalki,PhotovoltaicArray,2024-09-07 23:45:00,0.0,0.0,0.0
E.K. Chalki,PhotovoltaicArray,2024-09-08 00:00:00,0.0,0.0,0.0
E.K. Chalki,PhotovoltaicArray,2024-09-08 00:15:00,0.0,0.0,0.0
E.K. Chalki,PhotovoltaicArray,2024-09-08 00:30:00,0.0,0.0,0.0
E.K. Chalki,PhotovoltaicArray,2024-09-08 00:45:00,0.0,0.0,0.0
E.K. Chalki,PhotovoltaicArray,2024-09-08 01:00:00,0.0,0.0,0.0
E.K. Chalki,PhotovoltaicArray,2024-09-08 01:15:00,0.0,0.0,0.0
E.K. Chalki,PhotovoltaicArray,2024-09-08 01:30:00,0.0,0.0,0.0
E.K. Chalki,PhotovoltaicArray,2024-09-08 01:45:00,0.0,0.0,0.0
E.K. Chalki,PhotovoltaicArray,2024-09-08 02:00:00,0.0,0.0,0.0
E.K. Chalki,PhotovoltaicArray,2024-09-08 02:15:00,0.0,0.0,0.0
E.K. Chalki,PhotovoltaicArray,2024-09-08 02:30:00,0.0,0.0,0.0
E.K. Chalki,PhotovoltaicArray,2024-09-08 02:45:00,0.0,0.0,0.0
E.K. Chalki,PhotovoltaicArray,2024-09-08 03:00:00,0.0,0.0,0.0
E.K. Chalki,PhotovoltaicArray,2024-09-08 03:15:00,0.0,0.0,0.0
E.K. Chalki,PhotovoltaicArray,2024-09-08 03:30:00,0.0,0.0,0.0
E.K. Chalki,PhotovoltaicArray,2024-09-08 03:45:00,0.0,0.0,0.0
E.K. Chalki,PhotovoltaicArray,2024-09-08 04:00:00,0.0,0.0,22.163843106129285
E.K. Chalki,PhotovoltaicArray,2024-09-08 04:15:00,3.8451993465423584,15.380797386169434,44.32768621225857
E.K. Chalki,PhotovoltaicArray,2024-09-08 04:30:00,7.434496879577637,29.737987518310547,66.49152931838785
E.K. Chalki,PhotovoltaicArray,2024-09-08 04:45:00,12.151041984558105,48.60416793823242,88.65537242451714
E.K. Chalki,PhotovoltaicArray,2024-09-08 05:00:00,23.573198318481445,94.29279327392578,142.02357358796002
E.K. Chalki,PhotovoltaicArray,2024-09-08 05:15:00,34.587459564208984,138.34983825683594,195.3917747514029
E.K. Chalki,PhotovoltaicArray,2024-09-08 05:30:00,47.93358612060547,191.73434448242188,248.75997591484577
E.K. Chalki,PhotovoltaicArray,2024-09-08 05:45:00,53.01427459716797,212.05709838867188,302.1281770782887
E.K. Chalki,PhotovoltaicArray,2024-09-08 06:00:00,75.45321655273438,301.8128662109375,359.2875619309379
E.K. Chalki,PhotovoltaicArray,2024-09-08 06:15:00,84.5687255859375,338.27490234375,416.44694678358707
E.K. Chalki,PhotovoltaicArray,2024-09-08 06:30:00,101.4652328491211,405.8609313964844,473.6063316362363
E.K. Chalki,PhotovoltaicArray,2024-09-08 06:45:00,109.60873413085938,438.4349365234375,529.5991984306683
E.K. Chalki,PhotovoltaicArray,2024-09-08 07:00:00,121.11318969726562,484.4527587890625,579.4678454194592
E.K. Chalki,PhotovoltaicArray,2024-09-08 07:15:00,131.35269165039062,525.4107666015625,629.33649240825
E.K. Chalki,PhotovoltaicArray,2024-09-08 07:30:00,130.85520935058594,523.4208374023438,679.205139397041
E.K. Chalki,PhotovoltaicArray,2024-09-08 07:45:00,143.3261260986328,573.3045043945312,729.0737863858319
E.K. Chalki,PhotovoltaicArray,2024-09-08 08:00:00,150.69329833984375,602.773193359375,766.9856232778951
E.K. Chalki,PhotovoltaicArray,2024-09-08 08:15:00,152.21192932128906,608.8477172851562,804.8974601699582
E.K. Chalki,PhotovoltaicArray,2024-09-08 08:30:00,170.586181640625,682.3447265625,842.8092970620214
E.K. Chalki,PhotovoltaicArray,2024-09-08 08:45:00,165.35658264160156,661.4263305664062,880.7211339540847
E.K. Chalki,PhotovoltaicArray,2024-09-08 09:00:00,164.8548583984375,659.41943359375,902.3017180311052
E.K. Chalki,PhotovoltaicArray,2024-09-08 09:15:00,173.03782653808594,692.1513061523438,923.8823021081259
E.K. Chalki,PhotovoltaicArray,2024-09-08 09:30:00,157.8081817626953,631.2327270507812,945.4628861851467
E.K. Chalki,PhotovoltaicArray,2024-09-08 09:45:00,175.17601013183594,700.7040405273438,967.0434702621674
E.K. Chalki,PhotovoltaicArray,2024-09-08 10:00:00,172.3759002685547,689.5036010742188,970.251394922265
E.K. Chalki,PhotovoltaicArray,2024-09-08 10:15:00,172.9741973876953,691.8967895507812,973.4593195823625
E.K. Chalki,PhotovoltaicArray,2024-09-08 10:30:00,175.49290466308594,701.9716186523438,976.6672442424601
E.K. Chalki,PhotovoltaicArray,2024-09-08 10:45:00,182.06459045410156,728.2583618164062,979.8751689025578
E.K. Chalki,PhotovoltaicArray,2024-09-08 11:00:00,193.7794189453125,775.11767578125,963.8355456020696
E.K. Chalki,PhotovoltaicArray,2024-09-08 11:15:00,172.43997192382812,689.7598876953125,947.7959223015812
E.K. Chalki,PhotovoltaicArray,2024-09-08 11:30:00,172.84092712402344,691.3637084960938,931.756299001093
E.K. Chalki,PhotovoltaicArray,2024-09-08 11:45:00,167.3062286376953,669.2249145507812,915.7166757006048
E.K. Chalki,PhotovoltaicArray,2024-09-08 12:00:00,157.97120666503906,631.8848266601562,883.3457995850738
E.K. Chalki,PhotovoltaicArray,2024-09-08 12:15:00,152.1668243408203,608.6672973632812,850.9749234695428
E.K. Chalki,PhotovoltaicArray,2024-09-08 12:30:00,146.51353454589844,586.0541381835938,818.6040473540119
E.K. Chalki,PhotovoltaicArray,2024-09-08 12:45:00,131.54212951660156,526.1685180664062,787.3996892966983
E.K. Chalki,PhotovoltaicArray,2024-09-08 13:00:00,138.67735290527344,554.7094116210938,741.0305964825594
E.K. Chalki,PhotovoltaicArray,2024-09-08 13:15:00,139.9973907470703,559.9895629882812,694.6615036684206
E.K. Chalki,PhotovoltaicArray,2024-09-08 13:30:00,111.77685546875,447.107421875,648.2924108542816
E.K. Chalki,PhotovoltaicArray,2024-09-08 13:45:00,112.69698333740234,450.7879333496094,601.9233180401426
E.K. Chalki,PhotovoltaicArray,2024-09-08 14:00:00,96.17385864257812,384.6954345703125,545.6388217311564
E.K. Chalki,PhotovoltaicArray,2024-09-08 14:15:00,99.35148620605469,397.40594482421875,489.35432542217023
E.K. Chalki,PhotovoltaicArray,2024-09-08 14:30:00,73.3754653930664,293.5018615722656,433.06982911318397
E.K. Chalki,PhotovoltaicArray,2024-09-08 14:45:00,57.95131301879883,231.8052520751953,376.7853328041978
E.K. Chalki,PhotovoltaicArray,2024-09-08 15:00:00,51.31737518310547,205.26950073242188,319.91757746610295
E.K. Chalki,PhotovoltaicArray,2024-09-08 15:15:00,38.44820022583008,153.7928009033203,263.0498221280081
E.K. Chalki,PhotovoltaicArray,2024-09-08 15:30:00,22.209203720092773,88.8368148803711,206.1820667899132
E.K. Chalki,PhotovoltaicArray,2024-09-08 15:45:00,15.13541316986084,60.54165267944336,149.31431145181833
E.K. Chalki,PhotovoltaicArray,2024-09-08 16:00:00,10.039877891540527,40.15951156616211,114.31876970529841
E.K. Chalki,PhotovoltaicArray,2024-09-08 16:15:00,0.0,0.0,79.32322795877849
E.K. Chalki,PhotovoltaicArray,2024-09-08 16:30:00,0.0,0.0,44.32768621225857
E.K. Chalki,PhotovoltaicArray,2024-09-08 16:45:00,0.0,0.0,9.332144465738645
E.K. Chalki,PhotovoltaicArray,2024-09-08 17:00:00,0.0,0.0,6.9991083493039845
E.K. Chalki,PhotovoltaicArray,2024-09-08 17:15:00,0.0,0.0,4.666072232869323
E.K. Chalki,PhotovoltaicArray,2024-09-08 17:30:00,0.0,0.0,2.3330361164346614
E.K. Chalki,PhotovoltaicArray,2024-09-08 17:45:00,0.0,0.0,0.0
E.K. Chalki,PhotovoltaicArray,2024-09-08 18:00:00,0.0,0.0,0.0
E.K. Chalki,PhotovoltaicArray,2024-09-08 18:15:00,0.0,0.0,0.0
E.K. Chalki,PhotovoltaicArray,2024-09-08 18:30:00,0.0,0.0,0.0
E.K. Chalki,PhotovoltaicArray,2024-09-08 18:45:00,0.0,0.0,0.0
E.K. Chalki,PhotovoltaicArray,2024-09-08 19:00:00,0.0,0.0,0.0
E.K. Chalki,PhotovoltaicArray,2024-09-08 19:15:00,0.0,0.0,0.0
E.K. Chalki,PhotovoltaicArray,2024-09-08 19:30:00,0.0,0.0,0.0
E.K. Chalki,PhotovoltaicArray,2024-09-08 19:45:00,0.0,0.0,0.0
E.K. Chalki,PhotovoltaicArray,2024-09-08 20:00:00,0.0,0.0,0.0
E.K. Chalki,PhotovoltaicArray,2024-09-08 20:15:00,0.0,0.0,0.0
E.K. Chalki,PhotovoltaicArray,2024-09-08 20:30:00,0.0,0.0,0.0
E.K. Chalki,PhotovoltaicArray,2024-09-08 20:45:00,0.0,0.0,0.0
E.K. Chalki,PhotovoltaicArray,2024-09-08 21:00:00,0.0,0.0,0.0
E.K. Chalki,PhotovoltaicArray,2024-09-08 21:15:00,0.0,0.0,0.0
E.K. Chalki,PhotovoltaicArray,2024-09-08 21:30:00,0.0,0.0,0.0
E.K. Chalki,PhotovoltaicArray,2024-09-08 21:45:00,0.0,0.0,0.0
E.K. Chalki,PhotovoltaicArray,2024-09-08 22:00:00,0.0,0.0,0.0
E.K. Chalki,PhotovoltaicArray,2024-09-08 22:15:00,0.0,0.0,0.0
E.K. Chalki,PhotovoltaicArray,2024-09-08 22:30:00,0.0,0.0,0.0
E.K. Chalki,PhotovoltaicArray,2024-09-08 22:45:00,0.0,0.0,0.0
E.K. Chalki,PhotovoltaicArray,2024-09-08 23:00:00,0.0,0.0,0.0
E.K. Chalki,PhotovoltaicArray,2024-09-08 23:15:00,0.0,0.0,0.0
E.K. Chalki,PhotovoltaicArray,2024-09-08 23:30:00,0.0,0.0,0.0
E.K. Chalki,PhotovoltaicArray,2024-09-08 23:45:00,0.0,0.0,0.0
E.K. Chalki,PhotovoltaicArray,2024-09-09 00:00:00,0.0,0.0,0.0
E.K. Chalki,PhotovoltaicArray,2024-09-09 00:15:00,0.0,0.0,0.0
E.K. Chalki,PhotovoltaicArray,2024-09-09 00:30:00,0.0,0.0,0.0
E.K. Chalki,PhotovoltaicArray,2024-09-09 00:45:00,0.0,0.0,0.0
E.K. Chalki,PhotovoltaicArray,2024-09-09 01:00:00,0.0,0.0,0.0
E.K. Chalki,PhotovoltaicArray,2024-09-09 01:15:00,0.0,0.0,0.0
E.K. Chalki,PhotovoltaicArray,2024-09-09 01:30:00,0.0,0.0,0.0
E.K. Chalki,PhotovoltaicArray,2024-09-09 01:45:00,0.0,0.0,0.0
E.K. Chalki,PhotovoltaicArray,2024-09-09 02:00:00,0.0,0.0,0.0
E.K. Chalki,PhotovoltaicArray,2024-09-09 02:15:00,0.0,0.0,0.0
E.K. Chalki,PhotovoltaicArray,2024-09-09 02:30:00,0.0,0.0,0.0
E.K. Chalki,PhotovoltaicArray,2024-09-09 02:45:00,0.0,0.0,0.0
E.K. Chalki,PhotovoltaicArray,2024-09-09 03:00:00,0.0,0.0,0.0
E.K. Chalki,PhotovoltaicArray,2024-09-09 03:15:00,0.0,0.0,0.0
E.K. Chalki,PhotovoltaicArray,2024-09-09 03:30:00,0.0,0.0,0.0
E.K. Chalki,PhotovoltaicArray,2024-09-09 03:45:00,0.0,0.0,0.0
E.K. Chalki,PhotovoltaicArray,2024-09-09 04:00:00,0.0,0.0,21.65551229463901
E.K. Chalki,PhotovoltaicArray,2024-09-09 04:15:00,3.1141271591186523,12.45650863647461,43.31102458927802
E.K. Chalki,PhotovoltaicArray,2024-09-09 04:30:00,5.498486518859863,21.993946075439453,64.96653688391703
E.K. Chalki,PhotovoltaicArray,2024-09-09 04:45:00,12.045408248901367,48.18163299560547,86.62204917855604
E.K. Chalki,PhotovoltaicArray,2024-09-09 05:00:00,23.573198318481445,94.29279327392578,139.5902616830109
E.K. Chalki,PhotovoltaicArray,2024-09-09 05:15:00,33.47490692138672,133.89962768554688,192.55847418746578
E.K. Chalki,PhotovoltaicArray,2024-09-09 05:30:00,47.93358612060547,191.73434448242188,245.52668669192064
E.K. Chalki,PhotovoltaicArray,2024-09-09 05:45:00,59.518714904785156,238.07485961914062,298.49489919637557
E.K. Chalki,PhotovoltaicArray,2024-09-09 06:00:00,76.33580017089844,305.34320068359375,355.85274257136535
E.K. Chalki,PhotovoltaicArray,2024-09-09 06:15:00,79.82089233398438,319.2835693359375,413.21058594635514
E.K. Chalki,PhotovoltaicArray,2024-09-09 06:30:00,100.53656005859375,402.146240234375,470.5684293213449
E.K. Chalki,PhotovoltaicArray,2024-09-09 06:45:00,108.42264556884766,433.6905822753906,527.9262726963346
E.K. Chalki,PhotovoltaicArray,2024-09-09 07:00:00,121.11318969726562,484.4527587890625,577.968064620433
E.K. Chalki,PhotovoltaicArray,2024-09-09 07:15:00,131.35269165039062,525.4107666015625,628.0098565445312
E.K. Chalki,PhotovoltaicArray,2024-09-09 07:30:00,130.17164611816406,520.6865844726562,678.0516484686295
E.K. Chalki,PhotovoltaicArray,2024-09-09 07:45:00,143.3261260986328,573.3045043945312,728.0934403927278
E.K. Chalki,PhotovoltaicArray,2024-09-09 08:00:00,150.69329833984375,602.773193359375,765.8442658793282
E.K. Chalki,PhotovoltaicArray,2024-09-09 08:15:00,154.0000762939453,616.0003051757812,803.5950913659286
E.K. Chalki,PhotovoltaicArray,2024-09-09 08:30:00,160.7861328125,643.14453125,841.3459168525291
E.K. Chalki,PhotovoltaicArray,2024-09-09 08:45:00,165.35658264160156,661.4263305664062,879.0967423391295
E.K. Chalki,PhotovoltaicArray,2024-09-09 09:00:00,164.8548583984375,659.41943359375,900.1669705176972
E.K. Chalki,PhotovoltaicArray,2024-09-09 09:15:00,177.97386169433594,711.8954467773438,921.2371986962648
E.K. Chalki,PhotovoltaicArray,2024-09-09 09:30:00,157.8081817626953,631.2327270507812,942.3074268748327
E.K. Chalki,PhotovoltaicArray,2024-09-09 09:45:00,175.61683654785156,702.4673461914062,963.3776550534004
E.K. Chalki,PhotovoltaicArray,2024-09-09 10:00:00,172.43626403808594,689.7450561523438,966.3040756337571
E.K. Chalki,PhotovoltaicArray,2024-09-09 10:15:00,173.02481079101562,692.0992431640625,969.2304962141135
E.K. Chalki,PhotovoltaicArray,2024-09-09 10:30:00,174.06312561035156,696.2525024414062,972.1569167944701
E.K. Chalki,PhotovoltaicArray,2024-09-09 10:45:00,190.99441528320312,763.9776611328125,975.0833373748267
E.K. Chalki,PhotovoltaicArray,2024-09-09 11:00:00,161.02659606933594,644.1063842773438,960.158592415008
E.K. Chalki,PhotovoltaicArray,2024-09-09 11:15:00,164.6970977783203,658.7883911132812,945.2338474551891
E.K. Chalki,PhotovoltaicArray,2024-09-09 11:30:00,172.3401336669922,689.3605346679688,930.3091024953706
E.K. Chalki,PhotovoltaicArray,2024-09-09 11:45:00,167.12477111816406,668.4990844726562,915.3843575355519
E.K. Chalki,PhotovoltaicArray,2024-09-09 12:00:00,157.97120666503906,631.8848266601562,882.9010890935933
E.K. Chalki,PhotovoltaicArray,2024-09-09 12:15:00,150.43238830566406,601.7295532226562,850.4178206516347
E.K. Chalki,PhotovoltaicArray,2024-09-09 12:30:00,144.9772186279297,579.9088745117188,817.9345522096761
E.K. Chalki,PhotovoltaicArray,2024-09-09 12:45:00,138.68772888183594,554.7509155273438,785.4512837677175
E.K. Chalki,PhotovoltaicArray,2024-09-09 13:00:00,137.98219299316406,551.9287719726562,738.335912423976
E.K. Chalki,PhotovoltaicArray,2024-09-09 13:15:00,140.1807098388672,560.7228393554688,691.2205410802343
E.K. Chalki,PhotovoltaicArray,2024-09-09 13:30:00,116.86311340332031,467.45245361328125,644.1051697364927
E.K. Chalki,PhotovoltaicArray,2024-09-09 13:45:00,112.4697494506836,449.8789978027344,596.9897983927511
E.K. Chalki,PhotovoltaicArray,2024-09-09 14:00:00,96.17385864257812,384.6954345703125,540.8025232499039
E.K. Chalki,PhotovoltaicArray,2024-09-09 14:15:00,90.45629119873047,361.8251647949219,484.61524810705674
E.K. Chalki,PhotovoltaicArray,2024-09-09 14:30:00,76.32172393798828,305.2868957519531,428.4279729642096
E.K. Chalki,PhotovoltaicArray,2024-09-09 14:45:00,57.50519943237305,230.0207977294922,372.2406978213624
E.K. Chalki,PhotovoltaicArray,2024-09-09 15:00:00,50.35275650024414,201.41102600097656,315.1754965044083
E.K. Chalki,PhotovoltaicArray,2024-09-09 15:15:00,36.5538444519043,146.2153778076172,258.11029518745414
E.K. Chalki,PhotovoltaicArray,2024-09-09 15:30:00,22.10356903076172,88.41427612304688,201.04509387049998
E.K. Chalki,PhotovoltaicArray,2024-09-09 15:45:00,14.801658630371094,59.206634521484375,143.97989255354585
E.K. Chalki,PhotovoltaicArray,2024-09-09 16:00:00,10.43284797668457,41.73139190673828,110.03341382140904
E.K. Chalki,PhotovoltaicArray,2024-09-09 16:15:00,0.0,0.0,76.0869350892722
E.K. Chalki,PhotovoltaicArray,2024-09-09 16:30:00,0.0,0.0,42.14045635713536
E.K. Chalki,PhotovoltaicArray,2024-09-09 16:45:00,0.0,0.0,8.193977624998544
E.K. Chalki,PhotovoltaicArray,2024-09-09 17:00:00,0.0,0.0,6.1454832187489075
E.K. Chalki,PhotovoltaicArray,2024-09-09 17:15:00,0.0,0.0,4.096988812499272
E.K. Chalki,PhotovoltaicArray,2024-09-09 17:30:00,0.0,0.0,2.048494406249636
E.K. Chalki,PhotovoltaicArray,2024-09-09 17:45:00,0.0,0.0,0.0
E.K. Chalki,PhotovoltaicArray,2024-09-09 18:00:00,0.0,0.0,0.0
E.K. Chalki,PhotovoltaicArray,2024-09-09 18:15:00,0.0,0.0,0.0
E.K. Chalki,PhotovoltaicArray,2024-09-09 18:30:00,0.0,0.0,0.0
E.K. Chalki,PhotovoltaicArray,2024-09-09 18:45:00,0.0,0.0,0.0
E.K. Chalki,PhotovoltaicArray,2024-09-09 19:00:00,0.0,0.0,0.0
E.K. Chalki,PhotovoltaicArray,2024-09-09 19:15:00,0.0,0.0,0.0
E.K. Chalki,PhotovoltaicArray,2024-09-09 19:30:00,0.0,0.0,0.0
E.K. Chalki,PhotovoltaicArray,2024-09-09 19:45:00,0.0,0.0,0.0
E.K. Chalki,PhotovoltaicArray,2024-09-09 20:00:00,0.0,0.0,0.0
E.K. Chalki,PhotovoltaicArray,2024-09-09 20:15:00,0.0,0.0,0.0
E.K. Chalki,PhotovoltaicArray,2024-09-09 20:30:00,0.0,0.0,0.0
E.K. Chalki,PhotovoltaicArray,2024-09-09 20:45:00,0.0,0.0,0.0
E.K. Chalki,PhotovoltaicArray,2024-09-09 21:00:00,0.0,0.0,0.0
E.K. Chalki,PhotovoltaicArray,2024-09-09 21:15:00,0.0,0.0,0.0
E.K. Chalki,PhotovoltaicArray,2024-09-09 21:30:00,0.0,0.0,0.0
E.K. Chalki,PhotovoltaicArray,2024-09-09 21:45:00,0.0,0.0,0.0
E.K. Chalki,PhotovoltaicArray,2024-09-09 22:00:00,0.0,0.0,0.0
E.K. Chalki,PhotovoltaicArray,2024-09-09 22:15:00,0.0,0.0,0.0
E.K. Chalki,PhotovoltaicArray,2024-09-09 22:30:00,0.0,0.0,0.0
E.K. Chalki,PhotovoltaicArray,2024-09-09 22:45:00,0.0,0.0,0.0
E.K. Chalki,PhotovoltaicArray,2024-09-09 23:00:00,0.0,0.0,0.0
E.K. Chalki,PhotovoltaicArray,2024-09-09 23:15:00,0.0,0.0,0.0
E.K. Chalki,PhotovoltaicArray,2024-09-09 23:30:00,0.0,0.0,0.0
E.K. Chalki,PhotovoltaicArray,2024-09-09 23:45:00,0.0,0.0,0.0
E.K. Chalki,PhotovoltaicArray,2024-09-10 00:00:00,0.0,0.0,0.0
E.K. Chalki,PhotovoltaicArray,2024-09-10 00:15:00,0.0,0.0,0.0
E.K. Chalki,PhotovoltaicArray,2024-09-10 00:30:00,0.0,0.0,0.0
E.K. Chalki,PhotovoltaicArray,2024-09-10 00:45:00,0.0,0.0,0.0
E.K. Chalki,PhotovoltaicArray,2024-09-10 01:00:00,0.0,0.0,0.0
E.K. Chalki,PhotovoltaicArray,2024-09-10 01:15:00,0.0,0.0,0.0
E.K. Chalki,PhotovoltaicArray,2024-09-10 01:30:00,0.0,0.0,0.0
E.K. Chalki,PhotovoltaicArray,2024-09-10 01:45:00,0.0,0.0,0.0
E.K. Chalki,PhotovoltaicArray,2024-09-10 02:00:00,0.0,0.0,0.0
E.K. Chalki,PhotovoltaicArray,2024-09-10 02:15:00,0.0,0.0,0.0
E.K. Chalki,PhotovoltaicArray,2024-09-10 02:30:00,0.0,0.0,0.0
E.K. Chalki,PhotovoltaicArray,2024-09-10 02:45:00,0.0,0.0,0.0
E.K. Chalki,PhotovoltaicArray,2024-09-10 03:00:00,0.0,0.0,0.0
E.K. Chalki,PhotovoltaicArray,2024-09-10 03:15:00,0.0,0.0,0.0
E.K. Chalki,PhotovoltaicArray,2024-09-10 03:30:00,0.0,0.0,0.0
E.K. Chalki,PhotovoltaicArray,2024-09-10 03:45:00,0.0,0.0,0.0
E.K. Chalki,PhotovoltaicArray,2024-09-10 04:00:00,0.0,0.0,21.14399763341061
E.K. Chalki,PhotovoltaicArray,2024-09-10 04:15:00,3.192884683609009,12.771538734436035,42.28799526682122
E.K. Chalki,PhotovoltaicArray,2024-09-10 04:30:00,6.9813432693481445,27.925373077392578,63.43199290023184
E.K. Chalki,PhotovoltaicArray,2024-09-10 04:45:00,12.151041984558105,48.60416793823242,84.57599053364244
E.K. Chalki,PhotovoltaicArray,2024-09-10 05:00:00,22.493587493896484,89.97434997558594,129.50698550464
E.K. Chalki,PhotovoltaicArray,2024-09-10 05:15:00,30.85032081604004,123.40128326416016,174.43798047563754
E.K. Chalki,PhotovoltaicArray,2024-09-10 05:30:00,40.076576232910156,160.30630493164062,219.36897544663512
E.K. Chalki,PhotovoltaicArray,2024-09-10 05:45:00,53.71270751953125,214.850830078125,264.29997041763266
E.K. Chalki,PhotovoltaicArray,2024-09-10 06:00:00,66.74396514892578,266.9758605957031,316.8662978673618
E.K. Chalki,PhotovoltaicArray,2024-09-10 06:15:00,76.69921112060547,306.7968444824219,369.432625317091
E.K. Chalki,PhotovoltaicArray,2024-09-10 06:30:00,91.4775619506836,365.9102478027344,421.99895276682014
E.K. Chalki,PhotovoltaicArray,2024-09-10 06:45:00,67.98526000976562,271.9410400390625,385.290623542149
E.K. Chalki,PhotovoltaicArray,2024-09-10 07:00:00,71.07247161865234,284.2898864746094,412.6016204853044
E.K. Chalki,PhotovoltaicArray,2024-09-10 07:15:00,92.09269714355469,368.37078857421875,439.91261742845967
E.K. Chalki,PhotovoltaicArray,2024-09-10 07:30:00,95.93032836914062,383.7213134765625,467.22361437161504
E.K. Chalki,PhotovoltaicArray,2024-09-10 07:45:00,103.75501251220703,415.0200500488281,494.5346113147704
E.K. Chalki,PhotovoltaicArray,2024-09-10 08:00:00,91.4610366821289,365.8441467285156,494.24094468097303
E.K. Chalki,PhotovoltaicArray,2024-09-10 08:15:00,68.27384185791016,273.0953674316406,493.9472780471757
E.K. Chalki,PhotovoltaicArray,2024-09-10 08:30:00,51.81443786621094,207.25775146484375,493.65361141337826
E.K. Chalki,PhotovoltaicArray,2024-09-10 08:45:00,55.151859283447266,220.60743713378906,493.3599447795809
E.K. Chalki,PhotovoltaicArray,2024-09-10 09:00:00,93.62181854248047,374.4872741699219,504.22561023008365
E.K. Chalki,PhotovoltaicArray,2024-09-10 09:15:00,90.58478546142578,362.3391418457031,515.0912756805863
E.K. Chalki,PhotovoltaicArray,2024-09-10 09:30:00,109.7291259765625,438.91650390625,525.9569411310889
E.K. Chalki,PhotovoltaicArray,2024-09-10 09:45:00,101.10589599609375,404.423583984375,536.8226065815916
E.K. Chalki,PhotovoltaicArray,2024-09-10 10:00:00,129.7159881591797,518.8639526367188,594.0876001720786
E.K. Chalki,PhotovoltaicArray,2024-09-10 10:15:00,137.0617218017578,548.2468872070312,651.3525937625658
E.K. Chalki,PhotovoltaicArray,2024-09-10 10:30:00,85.74242401123047,342.9696960449219,708.6175873530528
E.K. Chalki,PhotovoltaicArray,2024-09-10 10:45:00,137.2808380126953,549.1233520507812,765.8825809435399
E.K. Chalki,PhotovoltaicArray,2024-09-10 11:00:00,127.6642837524414,510.6571350097656,781.4469125348005
E.K. Chalki,PhotovoltaicArray,2024-09-10 11:15:00,131.606201171875,526.4248046875,797.0112441260611
E.K. Chalki,PhotovoltaicArray,2024-09-10 11:30:00,119.28717803955078,477.1487121582031,812.5755757173217
E.K. Chalki,PhotovoltaicArray,2024-09-10 11:45:00,144.31057739257812,577.2423095703125,828.1399073085823
E.K. Chalki,PhotovoltaicArray,2024-09-10 12:00:00,153.03152465820312,612.1260986328125,805.5275765061849
E.K. Chalki,PhotovoltaicArray,2024-09-10 12:15:00,148.78854370117188,595.1541748046875,782.9152457037874
E.K. Chalki,PhotovoltaicArray,2024-09-10 12:30:00,139.09205627441406,556.3682250976562,760.30291490139
E.K. Chalki,PhotovoltaicArray,2024-09-10 12:45:00,93.36357116699219,373.45428466796875,581.4599349187918
E.K. Chalki,PhotovoltaicArray,2024-09-10 13:00:00,118.57612609863281,474.30450439453125,573.8246024400601
E.K. Chalki,PhotovoltaicArray,2024-09-10 13:15:00,103.02298736572266,412.0919494628906,566.1892699613285
E.K. Chalki,PhotovoltaicArray,2024-09-10 13:30:00,100.4375991821289,401.7503967285156,558.5539374825969
E.K. Chalki,PhotovoltaicArray,2024-09-10 13:45:00,102.63750457763672,410.5500183105469,550.9186050038653
E.K. Chalki,PhotovoltaicArray,2024-09-10 14:00:00,89.82957458496094,359.31829833984375,501.87627715970456
E.K. Chalki,PhotovoltaicArray,2024-09-10 14:15:00,80.30842590332031,321.23370361328125,452.8339493155439
E.K. Chalki,PhotovoltaicArray,2024-09-10 14:30:00,70.19851684570312,280.7940673828125,403.7916214713832
E.K. Chalki,PhotovoltaicArray,2024-09-10 14:45:00,56.81821823120117,227.2728729248047,354.74929362722247
E.K. Chalki,PhotovoltaicArray,2024-09-10 15:00:00,47.22245407104492,188.8898162841797,299.2462998395196
E.K. Chalki,PhotovoltaicArray,2024-09-10 15:15:00,34.79964065551758,139.1985626220703,243.74330605181675
E.K. Chalki,PhotovoltaicArray,2024-09-10 15:30:00,21.420516967773438,85.68206787109375,188.24031226411392
E.K. Chalki,PhotovoltaicArray,2024-09-10 15:45:00,13.912821769714355,55.65128707885742,132.73731847641105
E.K. Chalki,PhotovoltaicArray,2024-09-10 16:00:00,6.696397304534912,26.78558921813965,101.31498866009251
E.K. Chalki,PhotovoltaicArray,2024-09-10 16:15:00,0.0,0.0,69.89265884377396
E.K. Chalki,PhotovoltaicArray,2024-09-10 16:30:00,0.0,0.0,38.47032902745542
E.K. Chalki,PhotovoltaicArray,2024-09-10 16:45:00,0.0,0.0,7.0479992111368714
E.K. Chalki,PhotovoltaicArray,2024-09-10 17:00:00,0.0,0.0,5.2859994083526525
E.K. Chalki,PhotovoltaicArray,2024-09-10 17:15:00,0.0,0.0,3.5239996055684357
E.K. Chalki,PhotovoltaicArray,2024-09-10 17:30:00,0.0,0.0,1.7619998027842179
E.K. Chalki,PhotovoltaicArray,2024-09-10 17:45:00,0.0,0.0,0.0
E.K. Chalki,PhotovoltaicArray,2024-09-10 18:00:00,0.0,0.0,0.0
E.K. Chalki,PhotovoltaicArray,2024-09-10 18:15:00,0.0,0.0,0.0
E.K. Chalki,PhotovoltaicArray,2024-09-10 18:30:00,0.0,0.0,0.0
E.K. Chalki,PhotovoltaicArray,2024-09-10 18:45:00,0.0,0.0,0.0
E.K. Chalki,PhotovoltaicArray,2024-09-10 19:00:00,0.0,0.0,0.0
E.K. Chalki,PhotovoltaicArray,2024-09-10 19:15:00,0.0,0.0,0.0
E.K. Chalki,PhotovoltaicArray,2024-09-10 19:30:00,0.0,0.0,0.0
E.K. Chalki,PhotovoltaicArray,2024-09-10 19:45:00,0.0,0.0,0.0
E.K. Chalki,PhotovoltaicArray,2024-09-10 20:00:00,0.0,0.0,0.0
E.K. Chalki,PhotovoltaicArray,2024-09-10 20:15:00,0.0,0.0,0.0
E.K. Chalki,PhotovoltaicArray,2024-09-10 20:30:00,0.0,0.0,0.0
E.K. Chalki,PhotovoltaicArray,2024-09-10 20:45:00,0.0,0.0,0.0
E.K. Chalki,PhotovoltaicArray,2024-09-10 21:00:00,0.0,0.0,0.0
E.K. Chalki,PhotovoltaicArray,2024-09-10 21:15:00,0.0,0.0,0.0
E.K. Chalki,PhotovoltaicArray,2024-09-10 21:30:00,0.0,0.0,0.0
E.K. Chalki,PhotovoltaicArray,2024-09-10 21:45:00,0.0,0.0,0.0
E.K. Chalki,PhotovoltaicArray,2024-09-10 22:00:00,0.0,0.0,0.0
E.K. Chalki,PhotovoltaicArray,2024-09-10 22:15:00,0.0,0.0,0.0
E.K. Chalki,PhotovoltaicArray,2024-09-10 22:30:00,0.0,0.0,0.0
E.K. Chalki,PhotovoltaicArray,2024-09-10 22:45:00,0.0,0.0,0.0
E.K. Chalki,PhotovoltaicArray,2024-09-10 23:00:00,0.0,0.0,0.0
E.K. Chalki,PhotovoltaicArray,2024-09-10 23:15:00,0.0,0.0,0.0
E.K. Chalki,PhotovoltaicArray,2024-09-10 23:30:00,0.0,0.0,0.0
E.K. Chalki,PhotovoltaicArray,2024-09-10 23:45:00,0.0,0.0,0.0
E.K. Chalki,PhotovoltaicArray,2024-09-11 00:00:00,0.0,0.0,0.0
E.K. Chalki,PhotovoltaicArray,2024-09-11 00:15:00,0.0,0.0,0.0
E.K. Chalki,PhotovoltaicArray,2024-09-11 00:30:00,0.0,0.0,0.0
E.K. Chalki,PhotovoltaicArray,2024-09-11 00:45:00,0.0,0.0,0.0
E.K. Chalki,PhotovoltaicArray,2024-09-11 01:00:00,0.0,0.0,0.0
E.K. Chalki,PhotovoltaicArray,2024-09-11 01:15:00,0.0,0.0,0.0
E.K. Chalki,PhotovoltaicArray,2024-09-11 01:30:00,0.0,0.0,0.0
E.K. Chalki,PhotovoltaicArray,2024-09-11 01:45:00,0.0,0.0,0.0
E.K. Chalki,PhotovoltaicArray,2024-09-11 02:00:00,0.0,0.0,0.0
E.K. Chalki,PhotovoltaicArray,2024-09-11 02:15:00,0.0,0.0,0.0
E.K. Chalki,PhotovoltaicArray,2024-09-11 02:30:00,0.0,0.0,0.0
E.K. Chalki,PhotovoltaicArray,2024-09-11 02:45:00,0.0,0.0,0.0
E.K. Chalki,PhotovoltaicArray,2024-09-11 03:00:00,0.0,0.0,0.0
E.K. Chalki,PhotovoltaicArray,2024-09-11 03:15:00,0.0,0.0,0.0
E.K. Chalki,PhotovoltaicArray,2024-09-11 03:30:00,0.0,0.0,0.0
E.K. Chalki,PhotovoltaicArray,2024-09-11 03:45:00,0.0,0.0,0.0
E.K. Chalki,PhotovoltaicArray,2024-09-11 04:00:00,0.0,0.0,18.86100704038811
E.K. Chalki,PhotovoltaicArray,2024-09-11 04:15:00,3.1141271591186523,12.45650863647461,37.72201408077622
E.K. Chalki,PhotovoltaicArray,2024-09-11 04:30:00,4.815067291259766,19.260269165039062,56.583021121164336
E.K. Chalki,PhotovoltaicArray,2024-09-11 04:45:00,8.191679954528809,32.766719818115234,75.44402816155244
E.K. Chalki,PhotovoltaicArray,2024-09-11 05:00:00,13.574336051940918,54.29734420776367,119.35481017745602
E.K. Chalki,PhotovoltaicArray,2024-09-11 05:15:00,26.792024612426758,107.16809844970703,163.2655921933596
E.K. Chalki,PhotovoltaicArray,2024-09-11 05:30:00,40.674217224121094,162.69686889648438,207.17637420926314
E.K. Chalki,PhotovoltaicArray,2024-09-11 05:45:00,51.882442474365234,207.52976989746094,251.08715622516672
E.K. Chalki,PhotovoltaicArray,2024-09-11 06:00:00,64.4698486328125,257.87939453125,290.57738971597934
E.K. Chalki,PhotovoltaicArray,2024-09-11 06:15:00,72.14837646484375,288.593505859375,330.06762320679195
E.K. Chalki,PhotovoltaicArray,2024-09-11 06:30:00,75.58690643310547,302.3476257324219,369.55785669760445
E.K. Chalki,PhotovoltaicArray,2024-09-11 06:45:00,98.54460906982422,394.1784362792969,495.1014348101879
E.K. Chalki,PhotovoltaicArray,2024-09-11 07:00:00,105.48522186279297,421.9408874511719,546.6745009362492
E.K. Chalki,PhotovoltaicArray,2024-09-11 07:15:00,137.9850616455078,551.9402465820312,598.2475670623104
E.K. Chalki,PhotovoltaicArray,2024-09-11 07:30:00,129.61740112304688,518.4696044921875,649.8206331883715
E.K. Chalki,PhotovoltaicArray,2024-09-11 07:45:00,134.89768981933594,539.5907592773438,701.393699314433
E.K. Chalki,PhotovoltaicArray,2024-09-11 08:00:00,134.52491760253906,538.0996704101562,741.1786360402515
E.K. Chalki,PhotovoltaicArray,2024-09-11 08:15:00,154.45321655273438,617.8128662109375,780.9635727660702
E.K. Chalki,PhotovoltaicArray,2024-09-11 08:30:00,133.2714080810547,533.0856323242188,820.7485094918889
E.K. Chalki,PhotovoltaicArray,2024-09-11 08:45:00,121.70276641845703,486.8110656738281,860.5334462177076
E.K. Chalki,PhotovoltaicArray,2024-09-11 09:00:00,162.57838439941406,650.3135375976562,878.8050467880835
E.K. Chalki,PhotovoltaicArray,2024-09-11 09:15:00,159.3500213623047,637.4000854492188,897.0766473584596
E.K. Chalki,PhotovoltaicArray,2024-09-11 09:30:00,159.52755737304688,638.1102294921875,915.3482479288355
E.K. Chalki,PhotovoltaicArray,2024-09-11 09:45:00,151.10728454589844,604.4291381835938,933.6198484992115
E.K. Chalki,PhotovoltaicArray,2024-09-11 10:00:00,147.62522888183594,590.5009155273438,936.566880849272
E.K. Chalki,PhotovoltaicArray,2024-09-11 10:15:00,168.48065185546875,673.922607421875,939.5139131993327
E.K. Chalki,PhotovoltaicArray,2024-09-11 10:30:00,166.84861755371094,667.3944702148438,942.4609455493935
E.K. Chalki,PhotovoltaicArray,2024-09-11 10:45:00,162.3611602783203,649.4446411132812,945.4079778994541
E.K. Chalki,PhotovoltaicArray,2024-09-11 11:00:00,165.53851318359375,662.154052734375,933.0304420291993
E.K. Chalki,PhotovoltaicArray,2024-09-11 11:15:00,162.94015502929688,651.7606201171875,920.6529061589447
E.K. Chalki,PhotovoltaicArray,2024-09-11 11:30:00,167.34422302246094,669.3768920898438,908.2753702886899
E.K. Chalki,PhotovoltaicArray,2024-09-11 11:45:00,163.7312469482422,654.9249877929688,895.8978344184353
E.K. Chalki,PhotovoltaicArray,2024-09-11 12:00:00,165.9307861328125,663.72314453125,864.0698850377803
E.K. Chalki,PhotovoltaicArray,2024-09-11 12:15:00,152.73574829101562,610.9429931640625,832.2419356571254
E.K. Chalki,PhotovoltaicArray,2024-09-11 12:30:00,146.74546813964844,586.9818725585938,800.4139862764705
E.K. Chalki,PhotovoltaicArray,2024-09-11 12:45:00,140.2029571533203,560.8118286132812,747.3674039753788
E.K. Chalki,PhotovoltaicArray,2024-09-11 13:00:00,126.5439682006836,506.1758728027344,703.7513251944814
E.K. Chalki,PhotovoltaicArray,2024-09-11 13:15:00,109.1275863647461,436.5103454589844,660.1352464135839
E.K. Chalki,PhotovoltaicArray,2024-09-11 13:30:00,107.43441009521484,429.7376403808594,616.5191676326864
E.K. Chalki,PhotovoltaicArray,2024-09-11 13:45:00,99.63130187988281,398.52520751953125,572.9030888517889
E.K. Chalki,PhotovoltaicArray,2024-09-11 14:00:00,92.12310028076172,368.4924011230469,518.382990375667
E.K. Chalki,PhotovoltaicArray,2024-09-11 14:15:00,85.6808853149414,342.7235412597656,463.8628918995451
E.K. Chalki,PhotovoltaicArray,2024-09-11 14:30:00,70.27899932861328,281.1159973144531,409.34279342342325
E.K. Chalki,PhotovoltaicArray,2024-09-11 14:45:00,62.862152099609375,251.4486083984375,354.82269494730133
E.K. Chalki,PhotovoltaicArray,2024-09-11 15:00:00,47.22245407104492,188.8898162841797,299.41848676616127
E.K. Chalki,PhotovoltaicArray,2024-09-11 15:15:00,32.11043930053711,128.44175720214844,244.01427858502117
E.K. Chalki,PhotovoltaicArray,2024-09-11 15:30:00,21.420516967773438,85.68206787109375,188.6100704038811
E.K. Chalki,PhotovoltaicArray,2024-09-11 15:45:00,13.912821769714355,55.65128707885742,133.20586222274102
E.K. Chalki,PhotovoltaicArray,2024-09-11 16:00:00,6.592911243438721,26.371644973754883,101.3779128420861
E.K. Chalki,PhotovoltaicArray,2024-09-11 16:15:00,0.0,0.0,69.54996346143116
E.K. Chalki,PhotovoltaicArray,2024-09-11 16:30:00,0.0,0.0,37.72201408077622
E.K. Chalki,PhotovoltaicArray,2024-09-11 16:45:00,0.0,0.0,5.894064700121285
E.K. Chalki,PhotovoltaicArray,2024-09-11 17:00:00,0.0,0.0,4.420548525090963
E.K. Chalki,PhotovoltaicArray,2024-09-11 17:15:00,0.0,0.0,2.9470323500606423
E.K. Chalki,PhotovoltaicArray,2024-09-11 17:30:00,0.0,0.0,1.4735161750303212
E.K. Chalki,PhotovoltaicArray,2024-09-11 17:45:00,0.0,0.0,0.0
E.K. Chalki,PhotovoltaicArray,2024-09-11 18:00:00,0.0,0.0,0.0
E.K. Chalki,PhotovoltaicArray,2024-09-11 18:15:00,0.0,0.0,0.0
E.K. Chalki,PhotovoltaicArray,2024-09-11 18:30:00,0.0,0.0,0.0
E.K. Chalki,PhotovoltaicArray,2024-09-11 18:45:00,0.0,0.0,0.0
E.K. Chalki,PhotovoltaicArray,2024-09-11 19:00:00,0.0,0.0,0.0
E.K. Chalki,PhotovoltaicArray,2024-09-11 19:15:00,0.0,0.0,0.0
E.K. Chalki,PhotovoltaicArray,2024-09-11 19:30:00,0.0,0.0,0.0
E.K. Chalki,PhotovoltaicArray,2024-09-11 19:45:00,0.0,0.0,0.0
E.K. Chalki,PhotovoltaicArray,2024-09-11 20:00:00,0.0,0.0,0.0
E.K. Chalki,PhotovoltaicArray,2024-09-11 20:15:00,0.0,0.0,0.0
E.K. Chalki,PhotovoltaicArray,2024-09-11 20:30:00,0.0,0.0,0.0
E.K. Chalki,PhotovoltaicArray,2024-09-11 20:45:00,0.0,0.0,0.0
E.K. Chalki,PhotovoltaicArray,2024-09-11 21:00:00,0.0,0.0,0.0
E.K. Chalki,PhotovoltaicArray,2024-09-11 21:15:00,0.0,0.0,0.0
E.K. Chalki,PhotovoltaicArray,2024-09-11 21:30:00,0.0,0.0,0.0
E.K. Chalki,PhotovoltaicArray,2024-09-11 21:45:00,0.0,0.0,0.0
E.K. Chalki,PhotovoltaicArray,2024-09-11 22:00:00,0.0,0.0,0.0
E.K. Chalki,PhotovoltaicArray,2024-09-11 22:15:00,0.0,0.0,0.0
E.K. Chalki,PhotovoltaicArray,2024-09-11 22:30:00,0.0,0.0,0.0
E.K. Chalki,PhotovoltaicArray,2024-09-11 22:45:00,0.0,0.0,0.0
E.K. Chalki,PhotovoltaicArray,2024-09-11 23:00:00,0.0,0.0,0.0
E.K. Chalki,PhotovoltaicArray,2024-09-11 23:15:00,0.0,0.0,0.0
E.K. Chalki,PhotovoltaicArray,2024-09-11 23:30:00,0.0,0.0,0.0
E.K. Chalki,PhotovoltaicArray,2024-09-11 23:45:00,0.0,0.0,0.0
E.K. Chalki,PhotovoltaicArray,2024-09-12 00:00:00,0.0,0.0,0.0
E.K. Chalki,PhotovoltaicArray,2024-09-12 00:15:00,0.0,0.0,0.0
E.K. Chalki,PhotovoltaicArray,2024-09-12 00:30:00,0.0,0.0,0.0
E.K. Chalki,PhotovoltaicArray,2024-09-12 00:45:00,0.0,0.0,0.0
E.K. Chalki,PhotovoltaicArray,2024-09-12 01:00:00,0.0,0.0,0.0
E.K. Chalki,PhotovoltaicArray,2024-09-12 01:15:00,0.0,0.0,0.0
E.K. Chalki,PhotovoltaicArray,2024-09-12 01:30:00,0.0,0.0,0.0
E.K. Chalki,PhotovoltaicArray,2024-09-12 01:45:00,0.0,0.0,0.0
E.K. Chalki,PhotovoltaicArray,2024-09-12 02:00:00,0.0,0.0,0.0
E.K. Chalki,PhotovoltaicArray,2024-09-12 02:15:00,0.0,0.0,0.0
E.K. Chalki,PhotovoltaicArray,2024-09-12 02:30:00,0.0,0.0,0.0
E.K. Chalki,PhotovoltaicArray,2024-09-12 02:45:00,0.0,0.0,0.0
E.K. Chalki,PhotovoltaicArray,2024-09-12 03:00:00,0.0,0.0,0.0
E.K. Chalki,PhotovoltaicArray,2024-09-12 03:15:00,0.0,0.0,0.0
E.K. Chalki,PhotovoltaicArray,2024-09-12 03:30:00,0.0,0.0,0.0
E.K. Chalki,PhotovoltaicArray,2024-09-12 03:45:00,0.0,0.0,0.0
E.K. Chalki,PhotovoltaicArray,2024-09-12 04:00:00,0.0,0.0,17.449359314581525
E.K. Chalki,PhotovoltaicArray,2024-09-12 04:15:00,2.9352147579193115,11.740859031677246,34.89871862916305
E.K. Chalki,PhotovoltaicArray,2024-09-12 04:30:00,5.175554275512695,20.70221710205078,52.34807794374457
E.K. Chalki,PhotovoltaicArray,2024-09-12 04:45:00,10.038046836853027,40.15218734741211,69.7974372583261
E.K. Chalki,PhotovoltaicArray,2024-09-12 05:00:00,19.640966415405273,78.5638656616211,118.89224482138597
E.K. Chalki,PhotovoltaicArray,2024-09-12 05:15:00,27.671602249145508,110.68640899658203,167.98705238444586
E.K. Chalki,PhotovoltaicArray,2024-09-12 05:30:00,40.888916015625,163.5556640625,217.08185994750576
E.K. Chalki,PhotovoltaicArray,2024-09-12 05:45:00,53.567344665527344,214.26937866210938,266.1766675105656
E.K. Chalki,PhotovoltaicArray,2024-09-12 06:00:00,69.06411743164062,276.2564697265625,316.7502343375731
E.K. Chalki,PhotovoltaicArray,2024-09-12 06:15:00,75.79254913330078,303.1701965332031,367.3238011645806
E.K. Chalki,PhotovoltaicArray,2024-09-12 06:30:00,87.36382293701172,349.4552917480469,417.897367991588
E.K. Chalki,PhotovoltaicArray,2024-09-12 06:45:00,107.78926849365234,431.1570739746094,503.9611571533376
E.K. Chalki,PhotovoltaicArray,2024-09-12 07:00:00,109.85531616210938,439.4212646484375,555.126227685924
E.K. Chalki,PhotovoltaicArray,2024-09-12 07:15:00,128.7410125732422,514.9640502929688,606.2912982185106
E.K. Chalki,PhotovoltaicArray,2024-09-12 07:30:00,130.41534423828125,521.661376953125,657.456368751097
E.K. Chalki,PhotovoltaicArray,2024-09-12 07:45:00,142.295654296875,569.1826171875,708.6214392836836
E.K. Chalki,PhotovoltaicArray,2024-09-12 08:00:00,148.908935546875,595.6357421875,744.4074134712152
E.K. Chalki,PhotovoltaicArray,2024-09-12 08:15:00,154.45321655273438,617.8128662109375,780.1933876587468
E.K. Chalki,PhotovoltaicArray,2024-09-12 08:30:00,153.01390075683594,612.0556030273438,815.9793618462785
E.K. Chalki,PhotovoltaicArray,2024-09-12 08:45:00,163.85658264160156,655.4263305664062,851.7653360338101
E.K. Chalki,PhotovoltaicArray,2024-09-12 09:00:00,159.89840698242188,639.5936279296875,873.3552212874449
E.K. Chalki,PhotovoltaicArray,2024-09-12 09:15:00,159.3463897705078,637.3855590820312,894.9451065410796
E.K. Chalki,PhotovoltaicArray,2024-09-12 09:30:00,158.89920043945312,635.5968017578125,916.5349917947143
E.K. Chalki,PhotovoltaicArray,2024-09-12 09:45:00,166.74749755859375,666.989990234375,938.124877048349
E.K. Chalki,PhotovoltaicArray,2024-09-12 10:00:00,147.62522888183594,590.5009155273438,937.8291251955595
E.K. Chalki,PhotovoltaicArray,2024-09-12 10:15:00,167.03749084472656,668.1499633789062,937.5333733427701
E.K. Chalki,PhotovoltaicArray,2024-09-12 10:30:00,161.6111297607422,646.4445190429688,937.2376214899805
E.K. Chalki,PhotovoltaicArray,2024-09-12 10:45:00,167.3284454345703,669.3137817382812,936.941869637191
E.K. Chalki,PhotovoltaicArray,2024-09-12 11:00:00,165.77410888671875,663.096435546875,926.5905547895578
E.K. Chalki,PhotovoltaicArray,2024-09-12 11:15:00,162.94015502929688,651.7606201171875,916.2392399419248
E.K. Chalki,PhotovoltaicArray,2024-09-12 11:30:00,167.34422302246094,669.3768920898438,905.8879250942916
E.K. Chalki,PhotovoltaicArray,2024-09-12 11:45:00,151.54225158691406,606.1690063476562,895.5366102466586
E.K. Chalki,PhotovoltaicArray,2024-09-12 12:00:00,165.9307861328125,663.72314453125,863.5954101453907
E.K. Chalki,PhotovoltaicArray,2024-09-12 12:15:00,147.64833068847656,590.5933227539062,831.6542100441229
E.K. Chalki,PhotovoltaicArray,2024-09-12 12:30:00,145.3076171875,581.23046875,799.7130099428549
E.K. Chalki,PhotovoltaicArray,2024-09-12 12:45:00,143.6693878173828,574.6775512695312,766.5888024304289
E.K. Chalki,PhotovoltaicArray,2024-09-12 13:00:00,130.1354522705078,520.5418090820312,720.1557615424747
E.K. Chalki,PhotovoltaicArray,2024-09-12 13:15:00,126.8580551147461,507.4322204589844,673.7227206545205
E.K. Chalki,PhotovoltaicArray,2024-09-12 13:30:00,100.35997009277344,401.43988037109375,627.2896797665662
E.K. Chalki,PhotovoltaicArray,2024-09-12 13:45:00,100.7037582397461,402.8150329589844,580.8566388786121
E.K. Chalki,PhotovoltaicArray,2024-09-12 14:00:00,105.2546615600586,421.0186462402344,525.2552905541828
E.K. Chalki,PhotovoltaicArray,2024-09-12 14:15:00,85.81820678710938,343.2728271484375,469.65394222975357
E.K. Chalki,PhotovoltaicArray,2024-09-12 14:30:00,71.02607727050781,284.10430908203125,414.0525939053242
E.K. Chalki,PhotovoltaicArray,2024-09-12 14:45:00,62.862152099609375,251.4486083984375,358.4512455808949
E.K. Chalki,PhotovoltaicArray,2024-09-12 15:00:00,47.22245407104492,188.8898162841797,301.66688984530765
E.K. Chalki,PhotovoltaicArray,2024-09-12 15:15:00,32.11043930053711,128.44175720214844,244.88253410972032
E.K. Chalki,PhotovoltaicArray,2024-09-12 15:30:00,21.019147872924805,84.07659149169922,188.098178374133
E.K. Chalki,PhotovoltaicArray,2024-09-12 15:45:00,13.37832260131836,53.51329040527344,131.3138226385457
E.K. Chalki,PhotovoltaicArray,2024-09-12 16:00:00,5.422888278961182,21.691553115844727,99.96412624285685
E.K. Chalki,PhotovoltaicArray,2024-09-12 16:15:00,0.0,0.0,68.61442984716803
E.K. Chalki,PhotovoltaicArray,2024-09-12 16:30:00,0.0,0.0,37.26473345147918
E.K. Chalki,PhotovoltaicArray,2024-09-12 16:45:00,0.0,0.0,5.915037055790347
E.K. Chalki,PhotovoltaicArray,2024-09-12 17:00:00,0.0,0.0,4.436277791842761
E.K. Chalki,PhotovoltaicArray,2024-09-12 17:15:00,0.0,0.0,2.9575185278951737
E.K. Chalki,PhotovoltaicArray,2024-09-12 17:30:00,0.0,0.0,1.4787592639475868
E.K. Chalki,PhotovoltaicArray,2024-09-12 17:45:00,0.0,0.0,0.0
E.K. Chalki,PhotovoltaicArray,2024-09-12 18:00:00,0.0,0.0,0.0
E.K. Chalki,PhotovoltaicArray,2024-09-12 18:15:00,0.0,0.0,0.0
E.K. Chalki,PhotovoltaicArray,2024-09-12 18:30:00,0.0,0.0,0.0
E.K. Chalki,PhotovoltaicArray,2024-09-12 18:45:00,0.0,0.0,0.0
E.K. Chalki,PhotovoltaicArray,2024-09-12 19:00:00,0.0,0.0,0.0
E.K. Chalki,PhotovoltaicArray,2024-09-12 19:15:00,0.0,0.0,0.0
E.K. Chalki,PhotovoltaicArray,2024-09-12 19:30:00,0.0,0.0,0.0
E.K. Chalki,PhotovoltaicArray,2024-09-12 19:45:00,0.0,0.0,0.0
E.K. Chalki,PhotovoltaicArray,2024-09-12 20:00:00,0.0,0.0,0.0
E.K. Chalki,PhotovoltaicArray,2024-09-12 20:15:00,0.0,0.0,0.0
E.K. Chalki,PhotovoltaicArray,2024-09-12 20:30:00,0.0,0.0,0.0
E.K. Chalki,PhotovoltaicArray,2024-09-12 20:45:00,0.0,0.0,0.0
E.K. Chalki,PhotovoltaicArray,2024-09-12 21:00:00,0.0,0.0,0.0
E.K. Chalki,PhotovoltaicArray,2024-09-12 21:15:00,0.0,0.0,0.0
E.K. Chalki,PhotovoltaicArray,2024-09-12 21:30:00,0.0,0.0,0.0
E.K. Chalki,PhotovoltaicArray,2024-09-12 21:45:00,0.0,0.0,0.0
E.K. Chalki,PhotovoltaicArray,2024-09-12 22:00:00,0.0,0.0,0.0
E.K. Chalki,PhotovoltaicArray,2024-09-12 22:15:00,0.0,0.0,0.0
E.K. Chalki,PhotovoltaicArray,2024-09-12 22:30:00,0.0,0.0,0.0
E.K. Chalki,PhotovoltaicArray,2024-09-12 22:45:00,0.0,0.0,0.0
E.K. Chalki,PhotovoltaicArray,2024-09-12 23:00:00,0.0,0.0,0.0
E.K. Chalki,PhotovoltaicArray,2024-09-12 23:15:00,0.0,0.0,0.0
E.K. Chalki,PhotovoltaicArray,2024-09-12 23:30:00,0.0,0.0,0.0
E.K. Chalki,PhotovoltaicArray,2024-09-12 23:45:00,0.0,0.0,0.0
E.K. Chalki,PhotovoltaicArray,2024-09-13 00:00:00,0.0,0.0,0.0
E.K. Chalki,PhotovoltaicArray,2024-09-13 00:15:00,0.0,0.0,0.0
E.K. Chalki,PhotovoltaicArray,2024-09-13 00:30:00,0.0,0.0,0.0
E.K. Chalki,PhotovoltaicArray,2024-09-13 00:45:00,0.0,0.0,0.0
E.K. Chalki,PhotovoltaicArray,2024-09-13 01:00:00,0.0,0.0,0.0
E.K. Chalki,PhotovoltaicArray,2024-09-13 01:15:00,0.0,0.0,0.0
E.K. Chalki,PhotovoltaicArray,2024-09-13 01:30:00,0.0,0.0,0.0
E.K. Chalki,PhotovoltaicArray,2024-09-13 01:45:00,0.0,0.0,0.0
E.K. Chalki,PhotovoltaicArray,2024-09-13 02:00:00,0.0,0.0,0.0
E.K. Chalki,PhotovoltaicArray,2024-09-13 02:15:00,0.0,0.0,0.0
E.K. Chalki,PhotovoltaicArray,2024-09-13 02:30:00,0.0,0.0,0.0
E.K. Chalki,PhotovoltaicArray,2024-09-13 02:45:00,0.0,0.0,0.0
E.K. Chalki,PhotovoltaicArray,2024-09-13 03:00:00,0.0,0.0,0.0
E.K. Chalki,PhotovoltaicArray,2024-09-13 03:15:00,0.0,0.0,0.0
E.K. Chalki,PhotovoltaicArray,2024-09-13 03:30:00,0.0,0.0,0.0
E.K. Chalki,PhotovoltaicArray,2024-09-13 03:45:00,0.0,0.0,0.0
E.K. Chalki,PhotovoltaicArray,2024-09-13 04:00:00,0.0,0.0,19.58962341210655
E.K. Chalki,PhotovoltaicArray,2024-09-13 04:15:00,3.1141271591186523,12.45650863647461,39.1792468242131
E.K. Chalki,PhotovoltaicArray,2024-09-13 04:30:00,5.498722553253174,21.994890213012695,58.768870236319664
E.K. Chalki,PhotovoltaicArray,2024-09-13 04:45:00,11.9947509765625,47.97900390625,78.3584936484262
E.K. Chalki,PhotovoltaicArray,2024-09-13 05:00:00,21.82538414001465,87.3015365600586,127.92617713057462
E.K. Chalki,PhotovoltaicArray,2024-09-13 05:15:00,28.57256317138672,114.29025268554688,177.493860612723
E.K. Chalki,PhotovoltaicArray,2024-09-13 05:30:00,40.888916015625,163.5556640625,227.06154409487138
E.K. Chalki,PhotovoltaicArray,2024-09-13 05:45:00,56.959716796875,227.8388671875,276.62922757701983
E.K. Chalki,PhotovoltaicArray,2024-09-13 06:00:00,73.04765319824219,292.19061279296875,332.7267855298704
E.K. Chalki,PhotovoltaicArray,2024-09-13 06:15:00,81.28765106201172,325.1506042480469,388.824343482721
E.K. Chalki,PhotovoltaicArray,2024-09-13 06:30:00,101.24718475341797,404.9887390136719,444.92190143557156
E.K. Chalki,PhotovoltaicArray,2024-09-13 06:45:00,111.59618377685547,446.3847351074219,510.5174586185345
E.K. Chalki,PhotovoltaicArray,2024-09-13 07:00:00,109.6796875,438.71875,557.4138298172137
E.K. Chalki,PhotovoltaicArray,2024-09-13 07:15:00,128.04519653320312,512.1807861328125,604.3102010158931
E.K. Chalki,PhotovoltaicArray,2024-09-13 07:30:00,132.28286743164062,529.1314697265625,651.2065722145724
E.K. Chalki,PhotovoltaicArray,2024-09-13 07:45:00,136.53640747070312,546.1456298828125,698.1029434132516
E.K. Chalki,PhotovoltaicArray,2024-09-13 08:00:00,125.84748840332031,503.38995361328125,726.5969411035885
E.K. Chalki,PhotovoltaicArray,2024-09-13 08:15:00,157.30831909179688,629.2332763671875,755.0909387939254
E.K. Chalki,PhotovoltaicArray,2024-09-13 08:30:00,143.8978729248047,575.5914916992188,783.5849364842624
E.K. Chalki,PhotovoltaicArray,2024-09-13 08:45:00,157.35061645507812,629.4024658203125,812.0789341745991
E.K. Chalki,PhotovoltaicArray,2024-09-13 09:00:00,160.2279510498047,640.9118041992188,837.0111821536437
E.K. Chalki,PhotovoltaicArray,2024-09-13 09:15:00,155.8553009033203,623.4212036132812,861.9434301326884
E.K. Chalki,PhotovoltaicArray,2024-09-13 09:30:00,160.7566680908203,643.0266723632812,886.875678111733
E.K. Chalki,PhotovoltaicArray,2024-09-13 09:45:00,156.67906188964844,626.7162475585938,911.8079260907779
E.K. Chalki,PhotovoltaicArray,2024-09-13 10:00:00,161.8297882080078,647.3191528320312,916.556925705834
E.K. Chalki,PhotovoltaicArray,2024-09-13 10:15:00,162.00135803222656,648.0054321289062,921.3059253208901
E.K. Chalki,PhotovoltaicArray,2024-09-13 10:30:00,162.33309936523438,649.3323974609375,926.0549249359462
E.K. Chalki,PhotovoltaicArray,2024-09-13 10:45:00,162.92637634277344,651.7055053710938,930.8039245510023
E.K. Chalki,PhotovoltaicArray,2024-09-13 11:00:00,155.7255401611328,622.9021606445312,921.3059253208901
E.K. Chalki,PhotovoltaicArray,2024-09-13 11:15:00,162.56796264648438,650.2718505859375,911.8079260907779
E.K. Chalki,PhotovoltaicArray,2024-09-13 11:30:00,162.4781494140625,649.91259765625,902.3099268606655
E.K. Chalki,PhotovoltaicArray,2024-09-13 11:45:00,156.96884155273438,627.8753662109375,892.8119276305532
E.K. Chalki,PhotovoltaicArray,2024-09-13 12:00:00,167.06216430664062,668.2486572265625,859.5689303251603
E.K. Chalki,PhotovoltaicArray,2024-09-13 12:15:00,147.2813720703125,589.12548828125,826.3259330197674
E.K. Chalki,PhotovoltaicArray,2024-09-13 12:30:00,146.37001037597656,585.4800415039062,793.0829357143745
E.K. Chalki,PhotovoltaicArray,2024-09-13 12:45:00,142.83338928222656,571.3335571289062,753.9036888901612
E.K. Chalki,PhotovoltaicArray,2024-09-13 13:00:00,126.5439682006836,506.1758728027344,704.3360054080129
E.K. Chalki,PhotovoltaicArray,2024-09-13 13:15:00,108.24147033691406,432.96588134765625,654.7683219258645
E.K. Chalki,PhotovoltaicArray,2024-09-13 13:30:00,111.7789535522461,447.1158142089844,605.2006384437161
E.K. Chalki,PhotovoltaicArray,2024-09-13 13:45:00,102.95418548583984,411.8167419433594,555.6329549615679
E.K. Chalki,PhotovoltaicArray,2024-09-13 14:00:00,98.35323333740234,393.4129333496094,502.80033424406827
E.K. Chalki,PhotovoltaicArray,2024-09-13 14:15:00,82.15104675292969,328.60418701171875,449.96771352656873
E.K. Chalki,PhotovoltaicArray,2024-09-13 14:30:00,71.78540802001953,287.1416320800781,397.1350928090692
E.K. Chalki,PhotovoltaicArray,2024-09-13 14:45:00,59.66115188598633,238.6446075439453,344.30247209156977
E.K. Chalki,PhotovoltaicArray,2024-09-13 15:00:00,46.55681228637695,186.2272491455078,289.6889765184242
E.K. Chalki,PhotovoltaicArray,2024-09-13 15:15:00,31.588220596313477,126.3528823852539,235.07548094527866
E.K. Chalki,PhotovoltaicArray,2024-09-13 15:30:00,22.21211814880371,88.84847259521484,180.46198537213309
E.K. Chalki,PhotovoltaicArray,2024-09-13 15:45:00,12.433765411376953,49.73506164550781,125.84848979898757
E.K. Chalki,PhotovoltaicArray,2024-09-13 16:00:00,5.514078140258789,22.056312561035156,95.5736172530047
E.K. Chalki,PhotovoltaicArray,2024-09-13 16:15:00,0.0,0.0,65.29874470702184
E.K. Chalki,PhotovoltaicArray,2024-09-13 16:30:00,0.0,0.0,35.023872161038994
E.K. Chalki,PhotovoltaicArray,2024-09-13 16:45:00,0.0,0.0,4.748999615056134
E.K. Chalki,PhotovoltaicArray,2024-09-13 17:00:00,0.0,0.0,3.561749711292101
E.K. Chalki,PhotovoltaicArray,2024-09-13 17:15:00,0.0,0.0,2.374499807528067
E.K. Chalki,PhotovoltaicArray,2024-09-13 17:30:00,0.0,0.0,1.1872499037640336
E.K. Chalki,PhotovoltaicArray,2024-09-13 17:45:00,0.0,0.0,0.0
E.K. Chalki,PhotovoltaicArray,2024-09-13 18:00:00,0.0,0.0,0.0
E.K. Chalki,PhotovoltaicArray,2024-09-13 18:15:00,0.0,0.0,0.0
E.K. Chalki,PhotovoltaicArray,2024-09-13 18:30:00,0.0,0.0,0.0
E.K. Chalki,PhotovoltaicArray,2024-09-13 18:45:00,0.0,0.0,0.0
E.K. Chalki,PhotovoltaicArray,2024-09-13 19:00:00,0.0,0.0,0.0
E.K. Chalki,PhotovoltaicArray,2024-09-13 19:15:00,0.0,0.0,0.0
E.K. Chalki,PhotovoltaicArray,2024-09-13 19:30:00,0.0,0.0,0.0
E.K. Chalki,PhotovoltaicArray,2024-09-13 19:45:00,0.0,0.0,0.0
E.K. Chalki,PhotovoltaicArray,2024-09-13 20:00:00,0.0,0.0,0.0
E.K. Chalki,PhotovoltaicArray,2024-09-13 20:15:00,0.0,0.0,0.0
E.K. Chalki,PhotovoltaicArray,2024-09-13 20:30:00,0.0,0.0,0.0
E.K. Chalki,PhotovoltaicArray,2024-09-13 20:45:00,0.0,0.0,0.0
E.K. Chalki,PhotovoltaicArray,2024-09-13 21:00:00,0.0,0.0,0.0
E.K. Chalki,PhotovoltaicArray,2024-09-13 21:15:00,0.0,0.0,0.0
E.K. Chalki,PhotovoltaicArray,2024-09-13 21:30:00,0.0,0.0,0.0
E.K. Chalki,PhotovoltaicArray,2024-09-13 21:45:00,0.0,0.0,0.0
E.K. Chalki,PhotovoltaicArray,2024-09-13 22:00:00,0.0,0.0,0.0
E.K. Chalki,PhotovoltaicArray,2024-09-13 22:15:00,0.0,0.0,0.0
E.K. Chalki,PhotovoltaicArray,2024-09-13 22:30:00,0.0,0.0,0.0
E.K. Chalki,PhotovoltaicArray,2024-09-13 22:45:00,0.0,0.0,0.0
E.K. Chalki,PhotovoltaicArray,2024-09-13 23:00:00,0.0,0.0,0.0
E.K. Chalki,PhotovoltaicArray,2024-09-13 23:15:00,0.0,0.0,0.0
E.K. Chalki,PhotovoltaicArray,2024-09-13 23:30:00,0.0,0.0,0.0
E.K. Chalki,PhotovoltaicArray,2024-09-13 23:45:00,0.0,0.0,0.0
E.K. Chalki,PhotovoltaicArray,2024-09-14 00:00:00,0.0,0.0,0.0
E.K. Chalki,PhotovoltaicArray,2024-09-14 00:15:00,0.0,0.0,0.0
E.K. Chalki,PhotovoltaicArray,2024-09-14 00:30:00,0.0,0.0,0.0
E.K. Chalki,PhotovoltaicArray,2024-09-14 00:45:00,0.0,0.0,0.0
E.K. Chalki,PhotovoltaicArray,2024-09-14 01:00:00,0.0,0.0,0.0
E.K. Chalki,PhotovoltaicArray,2024-09-14 01:15:00,0.0,0.0,0.0
E.K. Chalki,PhotovoltaicArray,2024-09-14 01:30:00,0.0,0.0,0.0
E.K. Chalki,PhotovoltaicArray,2024-09-14 01:45:00,0.0,0.0,0.0
E.K. Chalki,PhotovoltaicArray,2024-09-14 02:00:00,0.0,0.0,0.0
E.K. Chalki,PhotovoltaicArray,2024-09-14 02:15:00,0.0,0.0,0.0
E.K. Chalki,PhotovoltaicArray,2024-09-14 02:30:00,0.0,0.0,0.0
E.K. Chalki,PhotovoltaicArray,2024-09-14 02:45:00,0.0,0.0,0.0
E.K. Chalki,PhotovoltaicArray,2024-09-14 03:00:00,0.0,0.0,0.0
E.K. Chalki,PhotovoltaicArray,2024-09-14 03:15:00,0.0,0.0,0.0
E.K. Chalki,PhotovoltaicArray,2024-09-14 03:30:00,0.0,0.0,0.0
E.K. Chalki,PhotovoltaicArray,2024-09-14 03:45:00,0.0,0.0,0.0
E.K. Chalki,PhotovoltaicArray,2024-09-14 04:00:00,0.0,0.0,19.064645798886268
E.K. Chalki,PhotovoltaicArray,2024-09-14 04:15:00,2.8154048919677734,11.261619567871094,38.129291597772536
E.K. Chalki,PhotovoltaicArray,2024-09-14 04:30:00,5.024536609649658,20.098146438598633,57.1939373966588
E.K. Chalki,PhotovoltaicArray,2024-09-14 04:45:00,11.9947509765625,47.97900390625,76.25858319554507
E.K. Chalki,PhotovoltaicArray,2024-09-14 05:00:00,20.9019832611084,83.6079330444336,128.09058896126712
E.K. Chalki,PhotovoltaicArray,2024-09-14 05:15:00,30.277421951293945,121.10968780517578,179.92259472698913
E.K. Chalki,PhotovoltaicArray,2024-09-14 05:30:00,43.258331298828125,173.0333251953125,231.75460049271115
E.K. Chalki,PhotovoltaicArray,2024-09-14 05:45:00,56.81665802001953,227.26663208007812,283.5866062584332
E.K. Chalki,PhotovoltaicArray,2024-09-14 06:00:00,73.44122314453125,293.764892578125,341.3763138363072
E.K. Chalki,PhotovoltaicArray,2024-09-14 06:15:00,82.77521514892578,331.1008605957031,399.16602141418116
E.K. Chalki,PhotovoltaicArray,2024-09-14 06:30:00,97.76069641113281,391.04278564453125,456.9557289920551
E.K. Chalki,PhotovoltaicArray,2024-09-14 06:45:00,110.44728088378906,441.78912353515625,515.9369769323596
E.K. Chalki,PhotovoltaicArray,2024-09-14 07:00:00,107.87310791015625,431.492431640625,565.3859019732208
E.K. Chalki,PhotovoltaicArray,2024-09-14 07:15:00,126.35152435302734,505.4060974121094,614.8348270140821
E.K. Chalki,PhotovoltaicArray,2024-09-14 07:30:00,133.26837158203125,533.073486328125,664.2837520549434
E.K. Chalki,PhotovoltaicArray,2024-09-14 07:45:00,139.49244689941406,557.9697875976562,713.7326770958047
E.K. Chalki,PhotovoltaicArray,2024-09-14 08:00:00,151.07284545898438,604.2913818359375,750.0746581499316
E.K. Chalki,PhotovoltaicArray,2024-09-14 08:15:00,155.1488037109375,620.59521484375,786.4166392040585
E.K. Chalki,PhotovoltaicArray,2024-09-14 08:30:00,154.41241455078125,617.649658203125,822.7586202581855
E.K. Chalki,PhotovoltaicArray,2024-09-14 08:45:00,163.07110595703125,652.284423828125,859.1006013123124
E.K. Chalki,PhotovoltaicArray,2024-09-14 09:00:00,159.89840698242188,639.5936279296875,870.7181198460087
E.K. Chalki,PhotovoltaicArray,2024-09-14 09:15:00,160.26882934570312,641.0753173828125,882.3356383797051
E.K. Chalki,PhotovoltaicArray,2024-09-14 09:30:00,154.24169921875,616.966796875,893.9531569134014
E.K. Chalki,PhotovoltaicArray,2024-09-14 09:45:00,161.85662841796875,647.426513671875,905.5706754470976
E.K. Chalki,PhotovoltaicArray,2024-09-14 10:00:00,152.26284790039062,609.0513916015625,910.6347219874268
E.K. Chalki,PhotovoltaicArray,2024-09-14 10:15:00,152.47744750976562,609.9097900390625,915.698768527756
E.K. Chalki,PhotovoltaicArray,2024-09-14 10:30:00,151.05410766601562,604.2164306640625,920.7628150680853
E.K. Chalki,PhotovoltaicArray,2024-09-14 10:45:00,158.5747833251953,634.2991333007812,925.8268616084142
E.K. Chalki,PhotovoltaicArray,2024-09-14 11:00:00,155.09295654296875,620.371826171875,901.1023990879836
E.K. Chalki,PhotovoltaicArray,2024-09-14 11:15:00,149.1426239013672,596.5704956054688,876.377936567553
E.K. Chalki,PhotovoltaicArray,2024-09-14 11:30:00,152.72207641601562,610.8883056640625,851.6534740471222
E.K. Chalki,PhotovoltaicArray,2024-09-14 11:45:00,140.99563598632812,563.9825439453125,826.9290115266916
E.K. Chalki,PhotovoltaicArray,2024-09-14 12:00:00,149.59805297851562,598.3922119140625,801.6087788250459
E.K. Chalki,PhotovoltaicArray,2024-09-14 12:15:00,146.23660278320312,584.9464111328125,776.2885461234002
E.K. Chalki,PhotovoltaicArray,2024-09-14 12:30:00,134.03237915039062,536.1295166015625,750.9683134217544
E.K. Chalki,PhotovoltaicArray,2024-09-14 12:45:00,140.41038513183594,561.6415405273438,751.8619686935772
E.K. Chalki,PhotovoltaicArray,2024-09-14 13:00:00,131.4591064453125,525.83642578125,697.0511120217792
E.K. Chalki,PhotovoltaicArray,2024-09-14 13:15:00,115.15384674072266,460.6153869628906,642.2402553499811
E.K. Chalki,PhotovoltaicArray,2024-09-14 13:30:00,118.89429473876953,475.5771789550781,587.429398678183
E.K. Chalki,PhotovoltaicArray,2024-09-14 13:45:00,98.17842102050781,392.71368408203125,532.618542006385
E.K. Chalki,PhotovoltaicArray,2024-09-14 14:00:00,96.1860122680664,384.7440490722656,483.1696169655238
E.K. Chalki,PhotovoltaicArray,2024-09-14 14:15:00,79.12003326416016,316.4801330566406,433.72069192466256
E.K. Chalki,PhotovoltaicArray,2024-09-14 14:30:00,59.232261657714844,236.92904663085938,384.2717668838014
E.K. Chalki,PhotovoltaicArray,2024-09-14 14:45:00,47.4283561706543,189.7134246826172,334.82284184294014
E.K. Chalki,PhotovoltaicArray,2024-09-14 15:00:00,31.957914352416992,127.83165740966797,279.71410008053454
E.K. Chalki,PhotovoltaicArray,2024-09-14 15:15:00,24.358606338500977,97.4344253540039,224.60535831812885
E.K. Chalki,PhotovoltaicArray,2024-09-14 15:30:00,19.745166778564453,78.98066711425781,169.49661655572322
E.K. Chalki,PhotovoltaicArray,2024-09-14 15:45:00,10.105535507202148,40.422142028808594,114.3878747933176
E.K. Chalki,PhotovoltaicArray,2024-09-14 16:00:00,4.018204689025879,16.072818756103516,86.68456136681098
E.K. Chalki,PhotovoltaicArray,2024-09-14 16:15:00,0.0,0.0,58.981247940304385
E.K. Chalki,PhotovoltaicArray,2024-09-14 16:30:00,0.0,0.0,31.27793451379778
E.K. Chalki,PhotovoltaicArray,2024-09-14 16:45:00,0.0,0.0,3.574621087291175
E.K. Chalki,PhotovoltaicArray,2024-09-14 17:00:00,0.0,0.0,2.6809658154683813
E.K. Chalki,PhotovoltaicArray,2024-09-14 17:15:00,0.0,0.0,1.7873105436455874
E.K. Chalki,PhotovoltaicArray,2024-09-14 17:30:00,0.0,0.0,0.8936552718227937
E.K. Chalki,PhotovoltaicArray,2024-09-14 17:45:00,0.0,0.0,0.0
E.K. Chalki,PhotovoltaicArray,2024-09-14 18:00:00,0.0,0.0,0.0
E.K. Chalki,PhotovoltaicArray,2024-09-14 18:15:00,0.0,0.0,0.0
E.K. Chalki,PhotovoltaicArray,2024-09-14 18:30:00,0.0,0.0,0.0
E.K. Chalki,PhotovoltaicArray,2024-09-14 18:45:00,0.0,0.0,0.0
E.K. Chalki,PhotovoltaicArray,2024-09-14 19:00:00,0.0,0.0,0.0
E.K. Chalki,PhotovoltaicArray,2024-09-14 19:15:00,0.0,0.0,0.0
E.K. Chalki,PhotovoltaicArray,2024-09-14 19:30:00,0.0,0.0,0.0
E.K. Chalki,PhotovoltaicArray,2024-09-14 19:45:00,0.0,0.0,0.0
E.K. Chalki,PhotovoltaicArray,2024-09-14 20:00:00,0.0,0.0,0.0
E.K. Chalki,PhotovoltaicArray,2024-09-14 20:15:00,0.0,0.0,0.0
E.K. Chalki,PhotovoltaicArray,2024-09-14 20:30:00,0.0,0.0,0.0
E.K. Chalki,PhotovoltaicArray,2024-09-14 20:45:00,0.0,0.0,0.0
E.K. Chalki,PhotovoltaicArray,2024-09-14 21:00:00,0.0,0.0,0.0
E.K. Chalki,PhotovoltaicArray,2024-09-14 21:15:00,0.0,0.0,0.0
E.K. Chalki,PhotovoltaicArray,2024-09-14 21:30:00,0.0,0.0,0.0
E.K. Chalki,PhotovoltaicArray,2024-09-14 21:45:00,0.0,0.0,0.0
E.K. Chalki,PhotovoltaicArray,2024-09-14 22:00:00,0.0,0.0,0.0
E.K. Chalki,PhotovoltaicArray,2024-09-14 22:15:00,0.0,0.0,0.0
E.K. Chalki,PhotovoltaicArray,2024-09-14 22:30:00,0.0,0.0,0.0
E.K. Chalki,PhotovoltaicArray,2024-09-14 22:45:00,0.0,0.0,0.0
E.K. Chalki,PhotovoltaicArray,2024-09-14 23:00:00,0.0,0.0,0.0
E.K. Chalki,PhotovoltaicArray,2024-09-14 23:15:00,0.0,0.0,0.0
E.K. Chalki,PhotovoltaicArray,2024-09-14 23:30:00,0.0,0.0,0.0
E.K. Chalki,PhotovoltaicArray,2024-09-14 23:45:00,0.0,0.0,0.0
E.K. Chalki,PhotovoltaicArray,2024-09-15 00:00:00,0.0,0.0,0.0
E.K. Chalki,PhotovoltaicArray,2024-09-15 00:15:00,0.0,0.0,0.0
E.K. Chalki,PhotovoltaicArray,2024-09-15 00:30:00,0.0,0.0,0.0
E.K. Chalki,PhotovoltaicArray,2024-09-15 00:45:00,0.0,0.0,0.0
E.K. Chalki,PhotovoltaicArray,2024-09-15 01:00:00,0.0,0.0,0.0
E.K. Chalki,PhotovoltaicArray,2024-09-15 01:15:00,0.0,0.0,0.0
E.K. Chalki,PhotovoltaicArray,2024-09-15 01:30:00,0.0,0.0,0.0
E.K. Chalki,PhotovoltaicArray,2024-09-15 01:45:00,0.0,0.0,0.0
E.K. Chalki,PhotovoltaicArray,2024-09-15 02:00:00,0.0,0.0,0.0
E.K. Chalki,PhotovoltaicArray,2024-09-15 02:15:00,0.0,0.0,0.0
E.K. Chalki,PhotovoltaicArray,2024-09-15 02:30:00,0.0,0.0,0.0
E.K. Chalki,PhotovoltaicArray,2024-09-15 02:45:00,0.0,0.0,0.0
E.K. Chalki,PhotovoltaicArray,2024-09-15 03:00:00,0.0,0.0,0.0
E.K. Chalki,PhotovoltaicArray,2024-09-15 03:15:00,0.0,0.0,0.0
E.K. Chalki,PhotovoltaicArray,2024-09-15 03:30:00,0.0,0.0,0.0
E.K. Chalki,PhotovoltaicArray,2024-09-15 03:45:00,0.0,0.0,0.0
E.K. Chalki,PhotovoltaicArray,2024-09-15 04:00:00,0.0,0.0,18.835089837600886
E.K. Chalki,PhotovoltaicArray,2024-09-15 04:15:00,3.1141271591186523,12.45650863647461,37.67017967520177
E.K. Chalki,PhotovoltaicArray,2024-09-15 04:30:00,5.498722553253174,21.994890213012695,56.50526951280266
E.K. Chalki,PhotovoltaicArray,2024-09-15 04:45:00,11.825684547424316,47.302738189697266,75.34035935040355
E.K. Chalki,PhotovoltaicArray,2024-09-15 05:00:00,21.82538414001465,87.3015365600586,129.45387142351083
E.K. Chalki,PhotovoltaicArray,2024-09-15 05:15:00,30.277421951293945,121.10968780517578,183.5673834966181
E.K. Chalki,PhotovoltaicArray,2024-09-15 05:30:00,43.87299346923828,175.49197387695312,237.6808955697254
E.K. Chalki,PhotovoltaicArray,2024-09-15 05:45:00,59.37335205078125,237.493408203125,291.7944076428327
E.K. Chalki,PhotovoltaicArray,2024-09-15 06:00:00,77.62471771240234,310.4988708496094,350.99040427529263
E.K. Chalki,PhotovoltaicArray,2024-09-15 06:15:00,76.21221160888672,304.8488464355469,410.1864009077525
E.K. Chalki,PhotovoltaicArray,2024-09-15 06:30:00,99.3076171875,397.23046875,469.3823975402125
E.K. Chalki,PhotovoltaicArray,2024-09-15 06:45:00,113.87249755859375,455.489990234375,524.9907580131294
E.K. Chalki,PhotovoltaicArray,2024-09-15 07:00:00,109.88815307617188,439.5526123046875,574.3207552068459
E.K. Chalki,PhotovoltaicArray,2024-09-15 07:15:00,130.80496215820312,523.2198486328125,623.6507524005625
E.K. Chalki,PhotovoltaicArray,2024-09-15 07:30:00,134.12925720214844,536.5170288085938,672.9807495942791
E.K. Chalki,PhotovoltaicArray,2024-09-15 07:45:00,142.58673095703125,570.346923828125,722.3107467879958
E.K. Chalki,PhotovoltaicArray,2024-09-15 08:00:00,126.23475646972656,504.93902587890625,758.4860780633879
E.K. Chalki,PhotovoltaicArray,2024-09-15 08:15:00,154.49256896972656,617.9702758789062,794.6614093387801
E.K. Chalki,PhotovoltaicArray,2024-09-15 08:30:00,156.02407836914062,624.0963134765625,830.8367406141722
E.K. Chalki,PhotovoltaicArray,2024-09-15 08:45:00,164.42807006835938,657.7122802734375,867.0120718895644
E.K. Chalki,PhotovoltaicArray,2024-09-15 09:00:00,172.25733947753906,689.0293579101562,883.1564346075081
E.K. Chalki,PhotovoltaicArray,2024-09-15 09:15:00,151.25634765625,605.025390625,899.3007973254516
E.K. Chalki,PhotovoltaicArray,2024-09-15 09:30:00,150.5720672607422,602.2882690429688,915.4451600433954
E.K. Chalki,PhotovoltaicArray,2024-09-15 09:45:00,171.4043426513672,685.6173706054688,931.589522761339
E.K. Chalki,PhotovoltaicArray,2024-09-15 10:00:00,169.79693603515625,679.187744140625,942.0534615600062
E.K. Chalki,PhotovoltaicArray,2024-09-15 10:15:00,169.6694793701172,678.6779174804688,952.5174003586734
E.K. Chalki,PhotovoltaicArray,2024-09-15 10:30:00,174.52191162109375,698.087646484375,962.9813391573406
E.K. Chalki,PhotovoltaicArray,2024-09-15 10:45:00,181.6854248046875,726.74169921875,973.4452779560078
E.K. Chalki,PhotovoltaicArray,2024-09-15 11:00:00,180.98590087890625,723.943603515625,954.9091577983687
E.K. Chalki,PhotovoltaicArray,2024-09-15 11:15:00,167.94017028808594,671.7606811523438,936.3730376407295
E.K. Chalki,PhotovoltaicArray,2024-09-15 11:30:00,171.32376098632812,685.2950439453125,917.8369174830906
E.K. Chalki,PhotovoltaicArray,2024-09-15 11:45:00,165.56065368652344,662.2426147460938,899.3007973254516
E.K. Chalki,PhotovoltaicArray,2024-09-15 12:00:00,167.2626495361328,669.0505981445312,858.9398905305926
E.K. Chalki,PhotovoltaicArray,2024-09-15 12:15:00,150.2115020751953,600.8460083007812,818.5789837357336
E.K. Chalki,PhotovoltaicArray,2024-09-15 12:30:00,142.49440002441406,569.9776000976562,778.2180769408747
E.K. Chalki,PhotovoltaicArray,2024-09-15 12:45:00,145.62948608398438,582.5179443359375,770.1458955819029
E.K. Chalki,PhotovoltaicArray,2024-09-15 13:00:00,130.1354522705078,520.5418090820312,721.1148680681482
E.K. Chalki,PhotovoltaicArray,2024-09-15 13:15:00,115.50316619873047,462.0126647949219,672.0838405543933
E.K. Chalki,PhotovoltaicArray,2024-09-15 13:30:00,110.56965637207031,442.27862548828125,623.0528130406387
E.K. Chalki,PhotovoltaicArray,2024-09-15 13:45:00,104.02369689941406,416.09478759765625,574.0217855268841
E.K. Chalki,PhotovoltaicArray,2024-09-15 14:00:00,96.19580078125,384.783203125,517.2175463341194
E.K. Chalki,PhotovoltaicArray,2024-09-15 14:15:00,83.03527069091797,332.1410827636719,460.4133071413549
E.K. Chalki,PhotovoltaicArray,2024-09-15 14:30:00,64.5309829711914,258.1239318847656,403.60906794859034
E.K. Chalki,PhotovoltaicArray,2024-09-15 14:45:00,57.47330093383789,229.89320373535156,346.8048287558258
E.K. Chalki,PhotovoltaicArray,2024-09-15 15:00:00,44.923179626464844,179.69271850585938,290.0005895630612
E.K. Chalki,PhotovoltaicArray,2024-09-15 15:15:00,30.154088973999023,120.6163558959961,233.19635037029664
E.K. Chalki,PhotovoltaicArray,2024-09-15 15:30:00,22.35969352722168,89.43877410888672,176.3921111775321
E.K. Chalki,PhotovoltaicArray,2024-09-15 15:45:00,10.105535507202148,40.422142028808594,119.5878719847675
E.K. Chalki,PhotovoltaicArray,2024-09-15 16:00:00,0.0,0.0,90.58781302846138
E.K. Chalki,PhotovoltaicArray,2024-09-15 16:15:00,0.0,0.0,61.58775407215527
E.K. Chalki,PhotovoltaicArray,2024-09-15 16:30:00,0.0,0.0,32.587695115849144
E.K. Chalki,PhotovoltaicArray,2024-09-15 16:45:00,0.0,0.0,3.5876361595430253
E.K. Chalki,PhotovoltaicArray,2024-09-15 17:00:00,0.0,0.0,2.6907271196572693
E.K. Chalki,PhotovoltaicArray,2024-09-15 17:15:00,0.0,0.0,1.7938180797715126
E.K. Chalki,PhotovoltaicArray,2024-09-15 17:30:00,0.0,0.0,0.8969090398857563
E.K. Chalki,PhotovoltaicArray,2024-09-15 17:45:00,0.0,0.0,0.0
E.K. Chalki,PhotovoltaicArray,2024-09-15 18:00:00,0.0,0.0,0.0
E.K. Chalki,PhotovoltaicArray,2024-09-15 18:15:00,0.0,0.0,0.0
E.K. Chalki,PhotovoltaicArray,2024-09-15 18:30:00,0.0,0.0,0.0
E.K. Chalki,PhotovoltaicArray,2024-09-15 18:45:00,0.0,0.0,0.0
E.K. Chalki,PhotovoltaicArray,2024-09-15 19:00:00,0.0,0.0,0.0
E.K. Chalki,PhotovoltaicArray,2024-09-15 19:15:00,0.0,0.0,0.0
E.K. Chalki,PhotovoltaicArray,2024-09-15 19:30:00,0.0,0.0,0.0
E.K. Chalki,PhotovoltaicArray,2024-09-15 19:45:00,0.0,0.0,0.0
E.K. Chalki,PhotovoltaicArray,2024-09-15 20:00:00,0.0,0.0,0.0
E.K. Chalki,PhotovoltaicArray,2024-09-15 20:15:00,0.0,0.0,0.0
E.K. Chalki,PhotovoltaicArray,2024-09-15 20:30:00,0.0,0.0,0.0
E.K. Chalki,PhotovoltaicArray,2024-09-15 20:45:00,0.0,0.0,0.0
E.K. Chalki,PhotovoltaicArray,2024-09-15 21:00:00,0.0,0.0,0.0
E.K. Chalki,PhotovoltaicArray,2024-09-15 21:15:00,0.0,0.0,0.0
E.K. Chalki,PhotovoltaicArray,2024-09-15 21:30:00,0.0,0.0,0.0
E.K. Chalki,PhotovoltaicArray,2024-09-15 21:45:00,0.0,0.0,0.0
E.K. Chalki,PhotovoltaicArray,2024-09-15 22:00:00,0.0,0.0,0.0
E.K. Chalki,PhotovoltaicArray,2024-09-15 22:15:00,0.0,0.0,0.0
E.K. Chalki,PhotovoltaicArray,2024-09-15 22:30:00,0.0,0.0,0.0
E.K. Chalki,PhotovoltaicArray,2024-09-15 22:45:00,0.0,0.0,0.0
E.K. Chalki,PhotovoltaicArray,2024-09-15 23:00:00,0.0,0.0,0.0
E.K. Chalki,PhotovoltaicArray,2024-09-15 23:15:00,0.0,0.0,0.0
E.K. Chalki,PhotovoltaicArray,2024-09-15 23:30:00,0.0,0.0,0.0
E.K. Chalki,PhotovoltaicArray,2024-09-15 23:45:00,0.0,0.0,0.0
E.K. Chalki,PhotovoltaicArray,2024-09-16 00:00:00,0.0,0.0,0.0
E.K. Chalki,PhotovoltaicArray,2024-09-16 00:15:00,0.0,0.0,0.0
E.K. Chalki,PhotovoltaicArray,2024-09-16 00:30:00,0.0,0.0,0.0
E.K. Chalki,PhotovoltaicArray,2024-09-16 00:45:00,0.0,0.0,0.0
E.K. Chalki,PhotovoltaicArray,2024-09-16 01:00:00,0.0,0.0,0.0
E.K. Chalki,PhotovoltaicArray,2024-09-16 01:15:00,0.0,0.0,0.0
E.K. Chalki,PhotovoltaicArray,2024-09-16 01:30:00,0.0,0.0,0.0
E.K. Chalki,PhotovoltaicArray,2024-09-16 01:45:00,0.0,0.0,0.0
E.K. Chalki,PhotovoltaicArray,2024-09-16 02:00:00,0.0,0.0,0.0
E.K. Chalki,PhotovoltaicArray,2024-09-16 02:15:00,0.0,0.0,0.0
E.K. Chalki,PhotovoltaicArray,2024-09-16 02:30:00,0.0,0.0,0.0
E.K. Chalki,PhotovoltaicArray,2024-09-16 02:45:00,0.0,0.0,0.0
E.K. Chalki,PhotovoltaicArray,2024-09-16 03:00:00,0.0,0.0,0.0
E.K. Chalki,PhotovoltaicArray,2024-09-16 03:15:00,0.0,0.0,0.0
E.K. Chalki,PhotovoltaicArray,2024-09-16 03:30:00,0.0,0.0,0.0
E.K. Chalki,PhotovoltaicArray,2024-09-16 03:45:00,0.0,0.0,0.0
E.K. Chalki,PhotovoltaicArray,2024-09-16 04:00:00,0.0,0.0,16.503642312139583
E.K. Chalki,PhotovoltaicArray,2024-09-16 04:15:00,2.471796989440918,9.887187957763672,33.007284624279166
E.K. Chalki,PhotovoltaicArray,2024-09-16 04:30:00,4.65387487411499,18.61549949645996,49.51092693641874
E.K. Chalki,PhotovoltaicArray,2024-09-16 04:45:00,9.984917640686035,39.93967056274414,66.01456924855833
E.K. Chalki,PhotovoltaicArray,2024-09-16 05:00:00,18.239093780517578,72.95637512207031,106.82357569312167
E.K. Chalki,PhotovoltaicArray,2024-09-16 05:15:00,27.727794647216797,110.91117858886719,147.63258213768498
E.K. Chalki,PhotovoltaicArray,2024-09-16 05:30:00,35.96426010131836,143.85704040527344,188.4415885822483
E.K. Chalki,PhotovoltaicArray,2024-09-16 05:45:00,46.26612854003906,185.06451416015625,229.25059502681162
E.K. Chalki,PhotovoltaicArray,2024-09-16 06:00:00,60.46897506713867,241.8759002685547,268.8593365759466
E.K. Chalki,PhotovoltaicArray,2024-09-16 06:15:00,63.4532470703125,253.81298828125,308.46807812508166
E.K. Chalki,PhotovoltaicArray,2024-09-16 06:30:00,72.23509979248047,288.9403991699219,348.07681967421667
E.K. Chalki,PhotovoltaicArray,2024-09-16 06:45:00,83.57659912109375,334.306396484375,430.89509745877166
E.K. Chalki,PhotovoltaicArray,2024-09-16 07:00:00,92.9489517211914,371.7958068847656,487.60761376776037
E.K. Chalki,PhotovoltaicArray,2024-09-16 07:15:00,113.74178314208984,454.9671325683594,544.3201300767491
E.K. Chalki,PhotovoltaicArray,2024-09-16 07:30:00,111.46029663085938,445.8411865234375,601.032646385738
E.K. Chalki,PhotovoltaicArray,2024-09-16 07:45:00,125.80680084228516,503.2272033691406,657.7451626947267
E.K. Chalki,PhotovoltaicArray,2024-09-16 08:00:00,139.19570922851562,556.7828369140625,691.6526459905771
E.K. Chalki,PhotovoltaicArray,2024-09-16 08:15:00,150.80198669433594,603.2079467773438,725.5601292864276
E.K. Chalki,PhotovoltaicArray,2024-09-16 08:30:00,123.80086517333984,495.2034606933594,759.4676125822779
E.K. Chalki,PhotovoltaicArray,2024-09-16 08:45:00,147.54869079589844,590.1947631835938,793.3750958781283
E.K. Chalki,PhotovoltaicArray,2024-09-16 09:00:00,146.8603057861328,587.4412231445312,830.2832414125495
E.K. Chalki,PhotovoltaicArray,2024-09-16 09:15:00,157.49810791015625,629.992431640625,867.1913869469709
E.K. Chalki,PhotovoltaicArray,2024-09-16 09:30:00,161.7193145751953,646.8772583007812,904.0995324813921
E.K. Chalki,PhotovoltaicArray,2024-09-16 09:45:00,171.8748321533203,687.4993286132812,941.0076780158132
E.K. Chalki,PhotovoltaicArray,2024-09-16 10:00:00,170.41412353515625,681.656494140625,943.1081415828129
E.K. Chalki,PhotovoltaicArray,2024-09-16 10:15:00,169.96852111816406,679.8740844726562,945.2086051498125
E.K. Chalki,PhotovoltaicArray,2024-09-16 10:30:00,170.8169403076172,683.2677612304688,947.3090687168121
E.K. Chalki,PhotovoltaicArray,2024-09-16 10:45:00,167.90444946289062,671.6177978515625,949.4095322838118
E.K. Chalki,PhotovoltaicArray,2024-09-16 11:00:00,165.53851318359375,662.154052734375,928.1048303899588
E.K. Chalki,PhotovoltaicArray,2024-09-16 11:15:00,162.99720764160156,651.9888305664062,906.8001284961059
E.K. Chalki,PhotovoltaicArray,2024-09-16 11:30:00,162.34368896484375,649.374755859375,885.4954266022531
E.K. Chalki,PhotovoltaicArray,2024-09-16 11:45:00,163.78038024902344,655.1215209960938,864.1907247084001
E.K. Chalki,PhotovoltaicArray,2024-09-16 12:00:00,154.5522918701172,618.2091674804688,828.4828440694072
E.K. Chalki,PhotovoltaicArray,2024-09-16 12:15:00,151.73703002929688,606.9481201171875,792.7749634304141
E.K. Chalki,PhotovoltaicArray,2024-09-16 12:30:00,145.09385681152344,580.3754272460938,757.0670827914213
E.K. Chalki,PhotovoltaicArray,2024-09-16 12:45:00,138.53005981445312,554.1202392578125,724.9599968387133
E.K. Chalki,PhotovoltaicArray,2024-09-16 13:00:00,128.60476684570312,514.4190673828125,683.5508579464357
E.K. Chalki,PhotovoltaicArray,2024-09-16 13:15:00,113.29360961914062,453.1744384765625,642.1417190541583
E.K. Chalki,PhotovoltaicArray,2024-09-16 13:30:00,122.03298950195312,488.1319580078125,600.7325801618807
E.K. Chalki,PhotovoltaicArray,2024-09-16 13:45:00,103.17102813720703,412.6841125488281,559.3234412696032
E.K. Chalki,PhotovoltaicArray,2024-09-16 14:00:00,93.973876953125,375.8955078125,504.11125607989993
E.K. Chalki,PhotovoltaicArray,2024-09-16 14:15:00,82.34982299804688,329.3992919921875,448.8990708901967
E.K. Chalki,PhotovoltaicArray,2024-09-16 14:30:00,59.3449821472168,237.3799285888672,393.6868857004933
E.K. Chalki,PhotovoltaicArray,2024-09-16 14:45:00,54.83734893798828,219.34939575195312,338.47470051079
E.K. Chalki,PhotovoltaicArray,2024-09-16 15:00:00,42.064231872558594,168.25692749023438,282.0622504256583
E.K. Chalki,PhotovoltaicArray,2024-09-16 15:15:00,29.639127731323242,118.55651092529297,225.64980034052667
E.K. Chalki,PhotovoltaicArray,2024-09-16 15:30:00,16.620532989501953,66.48213195800781,169.237350255395
E.K. Chalki,PhotovoltaicArray,2024-09-16 15:45:00,10.105535507202148,40.422142028808594,112.82490017026333
E.K. Chalki,PhotovoltaicArray,2024-09-16 16:00:00,0.0,0.0,85.21880757541166
E.K. Chalki,PhotovoltaicArray,2024-09-16 16:15:00,0.0,0.0,57.61271498056
E.K. Chalki,PhotovoltaicArray,2024-09-16 16:30:00,0.0,0.0,30.006622385708333
E.K. Chalki,PhotovoltaicArray,2024-09-16 16:45:00,0.0,0.0,2.4005297908566665
E.K. Chalki,PhotovoltaicArray,2024-09-16 17:00:00,0.0,0.0,1.8003973431425
E.K. Chalki,PhotovoltaicArray,2024-09-16 17:15:00,0.0,0.0,1.2002648954283333
E.K. Chalki,PhotovoltaicArray,2024-09-16 17:30:00,0.0,0.0,0.6001324477141666
E.K. Chalki,PhotovoltaicArray,2024-09-16 17:45:00,0.0,0.0,0.0
E.K. Chalki,PhotovoltaicArray,2024-09-16 18:00:00,0.0,0.0,0.0
E.K. Chalki,PhotovoltaicArray,2024-09-16 18:15:00,0.0,0.0,0.0
E.K. Chalki,PhotovoltaicArray,2024-09-16 18:30:00,0.0,0.0,0.0
E.K. Chalki,PhotovoltaicArray,2024-09-16 18:45:00,0.0,0.0,0.0
E.K. Chalki,PhotovoltaicArray,2024-09-16 19:00:00,0.0,0.0,0.0
E.K. Chalki,PhotovoltaicArray,2024-09-16 19:15:00,0.0,0.0,0.0
E.K. Chalki,PhotovoltaicArray,2024-09-16 19:30:00,0.0,0.0,0.0
E.K. Chalki,PhotovoltaicArray,2024-09-16 19:45:00,0.0,0.0,0.0
E.K. Chalki,PhotovoltaicArray,2024-09-16 20:00:00,0.0,0.0,0.0
E.K. Chalki,PhotovoltaicArray,2024-09-16 20:15:00,0.0,0.0,0.0
E.K. Chalki,PhotovoltaicArray,2024-09-16 20:30:00,0.0,0.0,0.0
E.K. Chalki,PhotovoltaicArray,2024-09-16 20:45:00,0.0,0.0,0.0
E.K. Chalki,PhotovoltaicArray,2024-09-16 21:00:00,0.0,0.0,0.0
E.K. Chalki,PhotovoltaicArray,2024-09-16 21:15:00,0.0,0.0,0.0
E.K. Chalki,PhotovoltaicArray,2024-09-16 21:30:00,0.0,0.0,0.0
E.K. Chalki,PhotovoltaicArray,2024-09-16 21:45:00,0.0,0.0,0.0
E.K. Chalki,PhotovoltaicArray,2024-09-16 22:00:00,0.0,0.0,0.0
E.K. Chalki,PhotovoltaicArray,2024-09-16 22:15:00,0.0,0.0,0.0
E.K. Chalki,PhotovoltaicArray,2024-09-16 22:30:00,0.0,0.0,0.0
E.K. Chalki,PhotovoltaicArray,2024-09-16 22:45:00,0.0,0.0,0.0
E.K. Chalki,PhotovoltaicArray,2024-09-16 23:00:00,0.0,0.0,0.0
E.K. Chalki,PhotovoltaicArray,2024-09-16 23:15:00,0.0,0.0,0.0
E.K. Chalki,PhotovoltaicArray,2024-09-16 23:30:00,0.0,0.0,0.0
E.K. Chalki,PhotovoltaicArray,2024-09-16 23:45:00,0.0,0.0,0.0
E.K. Chalki,PhotovoltaicArray,2024-09-17 00:00:00,0.0,0.0,0.0
E.K. Chalki,PhotovoltaicArray,2024-09-17 00:15:00,0.0,0.0,0.0
E.K. Chalki,PhotovoltaicArray,2024-09-17 00:30:00,0.0,0.0,0.0
E.K. Chalki,PhotovoltaicArray,2024-09-17 00:45:00,0.0,0.0,0.0
E.K. Chalki,PhotovoltaicArray,2024-09-17 01:00:00,0.0,0.0,0.0
E.K. Chalki,PhotovoltaicArray,2024-09-17 01:15:00,0.0,0.0,0.0
E.K. Chalki,PhotovoltaicArray,2024-09-17 01:30:00,0.0,0.0,0.0
E.K. Chalki,PhotovoltaicArray,2024-09-17 01:45:00,0.0,0.0,0.0
E.K. Chalki,PhotovoltaicArray,2024-09-17 02:00:00,0.0,0.0,0.0
E.K. Chalki,PhotovoltaicArray,2024-09-17 02:15:00,0.0,0.0,0.0
E.K. Chalki,PhotovoltaicArray,2024-09-17 02:30:00,0.0,0.0,0.0
E.K. Chalki,PhotovoltaicArray,2024-09-17 02:45:00,0.0,0.0,0.0
E.K. Chalki,PhotovoltaicArray,2024-09-17 03:00:00,0.0,0.0,0.0
E.K. Chalki,PhotovoltaicArray,2024-09-17 03:15:00,0.0,0.0,0.0
E.K. Chalki,PhotovoltaicArray,2024-09-17 03:30:00,0.0,0.0,0.0
E.K. Chalki,PhotovoltaicArray,2024-09-17 03:45:00,0.0,0.0,0.0
E.K. Chalki,PhotovoltaicArray,2024-09-17 04:00:00,0.0,0.0,18.07048190785892
E.K. Chalki,PhotovoltaicArray,2024-09-17 04:15:00,2.6364924907684326,10.54596996307373,36.14096381571784
E.K. Chalki,PhotovoltaicArray,2024-09-17 04:30:00,5.318171977996826,21.272687911987305,54.21144572357675
E.K. Chalki,PhotovoltaicArray,2024-09-17 04:45:00,10.321895599365234,41.28758239746094,72.28192763143568
E.K. Chalki,PhotovoltaicArray,2024-09-17 05:00:00,20.9019832611084,83.6079330444336,125.89102395808379
E.K. Chalki,PhotovoltaicArray,2024-09-17 05:15:00,30.277421951293945,121.10968780517578,179.5001202847319
E.K. Chalki,PhotovoltaicArray,2024-09-17 05:30:00,48.47462844848633,193.8985137939453,233.10921661138002
E.K. Chalki,PhotovoltaicArray,2024-09-17 05:45:00,59.339969635009766,237.35987854003906,286.71831293802813
E.K. Chalki,PhotovoltaicArray,2024-09-17 06:00:00,77.62471771240234,310.4988708496094,345.74855383703397
E.K. Chalki,PhotovoltaicArray,2024-09-17 06:15:00,88.08480072021484,352.3392028808594,404.77879473603974
E.K. Chalki,PhotovoltaicArray,2024-09-17 06:30:00,99.61188507080078,398.4475402832031,463.8090356350455
E.K. Chalki,PhotovoltaicArray,2024-09-17 06:45:00,111.65833282470703,446.6333312988281,521.6345777401941
E.K. Chalki,PhotovoltaicArray,2024-09-17 07:00:00,110.48042297363281,441.92169189453125,573.135451177592
E.K. Chalki,PhotovoltaicArray,2024-09-17 07:15:00,128.5115509033203,514.0462036132812,624.6363246149899
E.K. Chalki,PhotovoltaicArray,2024-09-17 07:30:00,141.12869262695312,564.5147705078125,676.1371980523878
E.K. Chalki,PhotovoltaicArray,2024-09-17 07:45:00,143.3261260986328,573.3045043945312,727.6380714897857
E.K. Chalki,PhotovoltaicArray,2024-09-17 08:00:00,147.4309539794922,589.7238159179688,765.5860834962896
E.K. Chalki,PhotovoltaicArray,2024-09-17 08:15:00,162.52310180664062,650.0924072265625,803.5340955027932
E.K. Chalki,PhotovoltaicArray,2024-09-17 08:30:00,158.45753479003906,633.8301391601562,841.482107509297
E.K. Chalki,PhotovoltaicArray,2024-09-17 08:45:00,159.5529327392578,638.2117309570312,879.4301195158006
E.K. Chalki,PhotovoltaicArray,2024-09-17 09:00:00,162.9871368408203,651.9485473632812,900.813523106767
E.K. Chalki,PhotovoltaicArray,2024-09-17 09:15:00,169.27374267578125,677.094970703125,922.1969266977334
E.K. Chalki,PhotovoltaicArray,2024-09-17 09:30:00,164.7357635498047,658.9430541992188,943.5803302886998
E.K. Chalki,PhotovoltaicArray,2024-09-17 09:45:00,173.20147705078125,692.805908203125,964.9637338796662
E.K. Chalki,PhotovoltaicArray,2024-09-17 10:00:00,176.33609008789062,705.3443603515625,967.3731314673806
E.K. Chalki,PhotovoltaicArray,2024-09-17 10:15:00,176.92465209960938,707.6986083984375,969.7825290550952
E.K. Chalki,PhotovoltaicArray,2024-09-17 10:30:00,174.93885803222656,699.7554321289062,972.1919266428098
E.K. Chalki,PhotovoltaicArray,2024-09-17 10:45:00,180.5240478515625,722.09619140625,974.6013242305244
E.K. Chalki,PhotovoltaicArray,2024-09-17 11:00:00,161.02659606933594,644.1063842773438,957.7355411165227
E.K. Chalki,PhotovoltaicArray,2024-09-17 11:15:00,167.93251037597656,671.7300415039062,940.8697580025209
E.K. Chalki,PhotovoltaicArray,2024-09-17 11:30:00,171.43975830078125,685.759033203125,924.0039748885192
E.K. Chalki,PhotovoltaicArray,2024-09-17 11:45:00,170.42672729492188,681.7069091796875,907.1381917745175
E.K. Chalki,PhotovoltaicArray,2024-09-17 12:00:00,166.52671813964844,666.1068725585938,872.8042761495856
E.K. Chalki,PhotovoltaicArray,2024-09-17 12:15:00,147.23953247070312,588.9581298828125,838.4703605246538
E.K. Chalki,PhotovoltaicArray,2024-09-17 12:30:00,140.79652404785156,563.1860961914062,804.1364448997218
E.K. Chalki,PhotovoltaicArray,2024-09-17 12:45:00,141.4996795654297,565.9987182617188,767.3931316870753
E.K. Chalki,PhotovoltaicArray,2024-09-17 13:00:00,126.12239837646484,504.4895935058594,718.301655837392
E.K. Chalki,PhotovoltaicArray,2024-09-17 13:15:00,119.73844146728516,478.9537658691406,669.2101799877086
E.K. Chalki,PhotovoltaicArray,2024-09-17 13:30:00,108.01437377929688,432.0574951171875,620.1187041380251
E.K. Chalki,PhotovoltaicArray,2024-09-17 13:45:00,99.40572357177734,397.6228942871094,571.0272282883418
E.K. Chalki,PhotovoltaicArray,2024-09-17 14:00:00,97.87903594970703,391.5161437988281,512.9005114847289
E.K. Chalki,PhotovoltaicArray,2024-09-17 14:15:00,69.94876098632812,279.7950439453125,454.7737946811161
E.K. Chalki,PhotovoltaicArray,2024-09-17 14:30:00,60.25148391723633,241.0059356689453,396.6470778775033
E.K. Chalki,PhotovoltaicArray,2024-09-17 14:45:00,54.177276611328125,216.7091064453125,338.5203610738904
E.K. Chalki,PhotovoltaicArray,2024-09-17 15:00:00,42.064231872558594,168.25692749023438,281.5983430641349
E.K. Chalki,PhotovoltaicArray,2024-09-17 15:15:00,29.46518898010254,117.86075592041016,224.67632505437922
E.K. Chalki,PhotovoltaicArray,2024-09-17 15:30:00,16.620532989501953,66.48213195800781,167.7543070446236
E.K. Chalki,PhotovoltaicArray,2024-09-17 15:45:00,9.933082580566406,39.732330322265625,110.83228903486804
E.K. Chalki,PhotovoltaicArray,2024-09-17 16:00:00,0.0,0.0,83.72656617307965
E.K. Chalki,PhotovoltaicArray,2024-09-17 16:15:00,0.0,0.0,56.620843311291274
E.K. Chalki,PhotovoltaicArray,2024-09-17 16:30:00,0.0,0.0,29.5151204495029
E.K. Chalki,PhotovoltaicArray,2024-09-17 16:45:00,0.0,0.0,2.409397587714522
E.K. Chalki,PhotovoltaicArray,2024-09-17 17:00:00,0.0,0.0,1.8070481907858917
E.K. Chalki,PhotovoltaicArray,2024-09-17 17:15:00,0.0,0.0,1.204698793857261
E.K. Chalki,PhotovoltaicArray,2024-09-17 17:30:00,0.0,0.0,0.6023493969286305
E.K. Chalki,PhotovoltaicArray,2024-09-17 17:45:00,0.0,0.0,0.0
E.K. Chalki,PhotovoltaicArray,2024-09-17 18:00:00,0.0,0.0,0.0
E.K. Chalki,PhotovoltaicArray,2024-09-17 18:15:00,0.0,0.0,0.0
E.K. Chalki,PhotovoltaicArray,2024-09-17 18:30:00,0.0,0.0,0.0
E.K. Chalki,PhotovoltaicArray,2024-09-17 18:45:00,0.0,0.0,0.0
E.K. Chalki,PhotovoltaicArray,2024-09-17 19:00:00,0.0,0.0,0.0
E.K. Chalki,PhotovoltaicArray,2024-09-17 19:15:00,0.0,0.0,0.0
E.K. Chalki,PhotovoltaicArray,2024-09-17 19:30:00,0.0,0.0,0.0
E.K. Chalki,PhotovoltaicArray,2024-09-17 19:45:00,0.0,0.0,0.0
E.K. Chalki,PhotovoltaicArray,2024-09-17 20:00:00,0.0,0.0,0.0
E.K. Chalki,PhotovoltaicArray,2024-09-17 20:15:00,0.0,0.0,0.0
E.K. Chalki,PhotovoltaicArray,2024-09-17 20:30:00,0.0,0.0,0.0
E.K. Chalki,PhotovoltaicArray,2024-09-17 20:45:00,0.0,0.0,0.0
E.K. Chalki,PhotovoltaicArray,2024-09-17 21:00:00,0.0,0.0,0.0
E.K. Chalki,PhotovoltaicArray,2024-09-17 21:15:00,0.0,0.0,0.0
E.K. Chalki,PhotovoltaicArray,2024-09-17 21:30:00,0.0,0.0,0.0
E.K. Chalki,PhotovoltaicArray,2024-09-17 21:45:00,0.0,0.0,0.0
E.K. Chalki,PhotovoltaicArray,2024-09-17 22:00:00,0.0,0.0,0.0
E.K. Chalki,PhotovoltaicArray,2024-09-17 22:15:00,0.0,0.0,0.0
E.K. Chalki,PhotovoltaicArray,2024-09-17 22:30:00,0.0,0.0,0.0
E.K. Chalki,PhotovoltaicArray,2024-09-17 22:45:00,0.0,0.0,0.0
E.K. Chalki,PhotovoltaicArray,2024-09-17 23:00:00,0.0,0.0,0.0
E.K. Chalki,PhotovoltaicArray,2024-09-17 23:15:00,0.0,0.0,0.0
E.K. Chalki,PhotovoltaicArray,2024-09-17 23:30:00,0.0,0.0,0.0
E.K. Chalki,PhotovoltaicArray,2024-09-17 23:45:00,0.0,0.0,0.0
E.K. Chalki,PhotovoltaicArray,2024-09-18 00:00:00,0.0,0.0,0.0
E.K. Chalki,PhotovoltaicArray,2024-09-18 00:15:00,0.0,0.0,0.0
E.K. Chalki,PhotovoltaicArray,2024-09-18 00:30:00,0.0,0.0,0.0
E.K. Chalki,PhotovoltaicArray,2024-09-18 00:45:00,0.0,0.0,0.0
E.K. Chalki,PhotovoltaicArray,2024-09-18 01:00:00,0.0,0.0,0.0
E.K. Chalki,PhotovoltaicArray,2024-09-18 01:15:00,0.0,0.0,0.0
E.K. Chalki,PhotovoltaicArray,2024-09-18 01:30:00,0.0,0.0,0.0
E.K. Chalki,PhotovoltaicArray,2024-09-18 01:45:00,0.0,0.0,0.0
E.K. Chalki,PhotovoltaicArray,2024-09-18 02:00:00,0.0,0.0,0.0
E.K. Chalki,PhotovoltaicArray,2024-09-18 02:15:00,0.0,0.0,0.0
E.K. Chalki,PhotovoltaicArray,2024-09-18 02:30:00,0.0,0.0,0.0
E.K. Chalki,PhotovoltaicArray,2024-09-18 02:45:00,0.0,0.0,0.0
E.K. Chalki,PhotovoltaicArray,2024-09-18 03:00:00,0.0,0.0,0.0
E.K. Chalki,PhotovoltaicArray,2024-09-18 03:15:00,0.0,0.0,0.0
E.K. Chalki,PhotovoltaicArray,2024-09-18 03:30:00,0.0,0.0,0.0
E.K. Chalki,PhotovoltaicArray,2024-09-18 03:45:00,0.0,0.0,0.0
E.K. Chalki,PhotovoltaicArray,2024-09-18 04:00:00,0.0,0.0,12.696393187502883
E.K. Chalki,PhotovoltaicArray,2024-09-18 04:15:00,2.3242809772491455,9.297123908996582,25.392786375005766
E.K. Chalki,PhotovoltaicArray,2024-09-18 04:30:00,4.246520042419434,16.986080169677734,38.08917956250865
E.K. Chalki,PhotovoltaicArray,2024-09-18 04:45:00,8.21989631652832,32.87958526611328,50.78557275001153
E.K. Chalki,PhotovoltaicArray,2024-09-18 05:00:00,17.255237579345703,69.02095031738281,103.08262087948768
E.K. Chalki,PhotovoltaicArray,2024-09-18 05:15:00,27.22426986694336,108.89707946777344,155.37966900896384
E.K. Chalki,PhotovoltaicArray,2024-09-18 05:30:00,44.44139099121094,177.76556396484375,207.67671713844
E.K. Chalki,PhotovoltaicArray,2024-09-18 05:45:00,53.31226348876953,213.24905395507812,259.9737652679162
E.K. Chalki,PhotovoltaicArray,2024-09-18 06:00:00,53.59617614746094,214.38470458984375,291.11015808488753
E.K. Chalki,PhotovoltaicArray,2024-09-18 06:15:00,55.746517181396484,222.98606872558594,322.2465509018589
E.K. Chalki,PhotovoltaicArray,2024-09-18 06:30:00,55.15570068359375,220.622802734375,353.38294371883023
E.K. Chalki,PhotovoltaicArray,2024-09-18 06:45:00,76.30944061279297,305.2377624511719,384.5193365358016
E.K. Chalki,PhotovoltaicArray,2024-09-18 07:00:00,64.68785095214844,258.75140380859375,418.3763850358093
E.K. Chalki,PhotovoltaicArray,2024-09-18 07:15:00,83.16642761230469,332.66571044921875,452.23343353581697
E.K. Chalki,PhotovoltaicArray,2024-09-18 07:30:00,95.07610321044922,380.3044128417969,486.09048203582466
E.K. Chalki,PhotovoltaicArray,2024-09-18 07:45:00,84.37870025634766,337.5148010253906,519.9475305358324
E.K. Chalki,PhotovoltaicArray,2024-09-18 08:00:00,97.9813003540039,391.9252014160156,561.0596608572703
E.K. Chalki,PhotovoltaicArray,2024-09-18 08:15:00,97.63404083251953,390.5361633300781,602.1717911787082
E.K. Chalki,PhotovoltaicArray,2024-09-18 08:30:00,112.22578430175781,448.90313720703125,643.2839215001461
E.K. Chalki,PhotovoltaicArray,2024-09-18 08:45:00,121.44461822509766,485.7784729003906,684.3960518215839
E.K. Chalki,PhotovoltaicArray,2024-09-18 09:00:00,100.30258178710938,401.2103271484375,709.4865431206968
E.K. Chalki,PhotovoltaicArray,2024-09-18 09:15:00,101.2260971069336,404.9043884277344,734.5770344198097
E.K. Chalki,PhotovoltaicArray,2024-09-18 09:30:00,118.3301010131836,473.3204040527344,759.6675257189225
E.K. Chalki,PhotovoltaicArray,2024-09-18 09:45:00,133.8179473876953,535.2717895507812,784.7580170180354
E.K. Chalki,PhotovoltaicArray,2024-09-18 10:00:00,132.9568634033203,531.8274536132812,759.3652306430296
E.K. Chalki,PhotovoltaicArray,2024-09-18 10:15:00,113.76457214355469,455.05828857421875,733.9724442680239
E.K. Chalki,PhotovoltaicArray,2024-09-18 10:30:00,111.85466766357422,447.4186706542969,708.5796578930181
E.K. Chalki,PhotovoltaicArray,2024-09-18 10:45:00,83.75934600830078,335.0373840332031,683.1868715180121
E.K. Chalki,PhotovoltaicArray,2024-09-18 11:00:00,112.813232421875,451.2529296875,682.5822813662263
E.K. Chalki,PhotovoltaicArray,2024-09-18 11:15:00,127.63348388671875,510.533935546875,681.9776912144406
E.K. Chalki,PhotovoltaicArray,2024-09-18 11:30:00,124.92123413085938,499.6849365234375,681.3731010626548
E.K. Chalki,PhotovoltaicArray,2024-09-18 11:45:00,98.04309844970703,392.1723937988281,680.7685109108689
E.K. Chalki,PhotovoltaicArray,2024-09-18 12:00:00,108.12769317626953,432.5107727050781,660.2124457501499
E.K. Chalki,PhotovoltaicArray,2024-09-18 12:15:00,98.59622955322266,394.3849182128906,639.6563805894309
E.K. Chalki,PhotovoltaicArray,2024-09-18 12:30:00,112.65631866455078,450.6252746582031,619.100315428712
E.K. Chalki,PhotovoltaicArray,2024-09-18 12:45:00,68.0552978515625,272.22119140625,449.8150729286736
E.K. Chalki,PhotovoltaicArray,2024-09-18 13:00:00,70.8194351196289,283.2777404785156,422.6085160983103
E.K. Chalki,PhotovoltaicArray,2024-09-18 13:15:00,67.03382110595703,268.1352844238281,395.4019592679469
E.K. Chalki,PhotovoltaicArray,2024-09-18 13:30:00,60.947837829589844,243.79135131835938,368.1954024375836
E.K. Chalki,PhotovoltaicArray,2024-09-18 13:45:00,51.8677864074707,207.4711456298828,340.9888456072203
E.K. Chalki,PhotovoltaicArray,2024-09-18 14:00:00,55.02480697631836,220.09922790527344,318.3167149152509
E.K. Chalki,PhotovoltaicArray,2024-09-18 14:15:00,45.697410583496094,182.78964233398438,295.6445842232814
E.K. Chalki,PhotovoltaicArray,2024-09-18 14:30:00,50.266929626464844,201.06771850585938,272.972453531312
E.K. Chalki,PhotovoltaicArray,2024-09-18 14:45:00,40.03671646118164,160.14686584472656,250.30032283934258
E.K. Chalki,PhotovoltaicArray,2024-09-18 15:00:00,25.59516143798828,102.38064575195312,210.6996678973693
E.K. Chalki,PhotovoltaicArray,2024-09-18 15:15:00,19.440486907958984,77.76194763183594,171.09901295539598
E.K. Chalki,PhotovoltaicArray,2024-09-18 15:30:00,14.610245704650879,58.440982818603516,131.49835801342272
E.K. Chalki,PhotovoltaicArray,2024-09-18 15:45:00,7.684521675109863,30.738086700439453,91.89770307144943
E.K. Chalki,PhotovoltaicArray,2024-09-18 16:00:00,0.0,0.0,69.22557237948001
E.K. Chalki,PhotovoltaicArray,2024-09-18 16:15:00,0.0,0.0,46.55344168751057
E.K. Chalki,PhotovoltaicArray,2024-09-18 16:30:00,0.0,0.0,23.88131099554114
E.K. Chalki,PhotovoltaicArray,2024-09-18 16:45:00,0.0,0.0,1.209180303571703
E.K. Chalki,PhotovoltaicArray,2024-09-18 17:00:00,0.0,0.0,0.9068852276787774
E.K. Chalki,PhotovoltaicArray,2024-09-18 17:15:00,0.0,0.0,0.6045901517858515
E.K. Chalki,PhotovoltaicArray,2024-09-18 17:30:00,0.0,0.0,0.30229507589292576
E.K. Chalki,PhotovoltaicArray,2024-09-18 17:45:00,0.0,0.0,0.0
E.K. Chalki,PhotovoltaicArray,2024-09-18 18:00:00,0.0,0.0,0.0
E.K. Chalki,PhotovoltaicArray,2024-09-18 18:15:00,0.0,0.0,0.0
E.K. Chalki,PhotovoltaicArray,2024-09-18 18:30:00,0.0,0.0,0.0
E.K. Chalki,PhotovoltaicArray,2024-09-18 18:45:00,0.0,0.0,0.0
E.K. Chalki,PhotovoltaicArray,2024-09-18 19:00:00,0.0,0.0,0.0
E.K. Chalki,PhotovoltaicArray,2024-09-18 19:15:00,0.0,0.0,0.0
E.K. Chalki,PhotovoltaicArray,2024-09-18 19:30:00,0.0,0.0,0.0
E.K. Chalki,PhotovoltaicArray,2024-09-18 19:45:00,0.0,0.0,0.0
E.K. Chalki,PhotovoltaicArray,2024-09-18 20:00:00,0.0,0.0,0.0
E.K. Chalki,PhotovoltaicArray,2024-09-18 20:15:00,0.0,0.0,0.0
E.K. Chalki,PhotovoltaicArray,2024-09-18 20:30:00,0.0,0.0,0.0
E.K. Chalki,PhotovoltaicArray,2024-09-18 20:45:00,0.0,0.0,0.0
E.K. Chalki,PhotovoltaicArray,2024-09-18 21:00:00,0.0,0.0,0.0
E.K. Chalki,PhotovoltaicArray,2024-09-18 21:15:00,0.0,0.0,0.0
E.K. Chalki,PhotovoltaicArray,2024-09-18 21:30:00,0.0,0.0,0.0
E.K. Chalki,PhotovoltaicArray,2024-09-18 21:45:00,0.0,0.0,0.0
E.K. Chalki,PhotovoltaicArray,2024-09-18 22:00:00,0.0,0.0,0.0
E.K. Chalki,PhotovoltaicArray,2024-09-18 22:15:00,0.0,0.0,0.0
E.K. Chalki,PhotovoltaicArray,2024-09-18 22:30:00,0.0,0.0,0.0
E.K. Chalki,PhotovoltaicArray,2024-09-18 22:45:00,0.0,0.0,0.0
E.K. Chalki,PhotovoltaicArray,2024-09-18 23:00:00,0.0,0.0,0.0
E.K. Chalki,PhotovoltaicArray,2024-09-18 23:15:00,0.0,0.0,0.0
E.K. Chalki,PhotovoltaicArray,2024-09-18 23:30:00,0.0,0.0,0.0
E.K. Chalki,PhotovoltaicArray,2024-09-18 23:45:00,0.0,0.0,0.0
E.K. Chalki,PhotovoltaicArray,2024-09-19 00:00:00,0.0,0.0,0.0
E.K. Chalki,PhotovoltaicArray,2024-09-19 00:15:00,0.0,0.0,0.0
E.K. Chalki,PhotovoltaicArray,2024-09-19 00:30:00,0.0,0.0,0.0
E.K. Chalki,PhotovoltaicArray,2024-09-19 00:45:00,0.0,0.0,0.0
E.K. Chalki,PhotovoltaicArray,2024-09-19 01:00:00,0.0,0.0,0.0
E.K. Chalki,PhotovoltaicArray,2024-09-19 01:15:00,0.0,0.0,0.0
E.K. Chalki,PhotovoltaicArray,2024-09-19 01:30:00,0.0,0.0,0.0
E.K. Chalki,PhotovoltaicArray,2024-09-19 01:45:00,0.0,0.0,0.0
E.K. Chalki,PhotovoltaicArray,2024-09-19 02:00:00,0.0,0.0,0.0
E.K. Chalki,PhotovoltaicArray,2024-09-19 02:15:00,0.0,0.0,0.0
E.K. Chalki,PhotovoltaicArray,2024-09-19 02:30:00,0.0,0.0,0.0
E.K. Chalki,PhotovoltaicArray,2024-09-19 02:45:00,0.0,0.0,0.0
E.K. Chalki,PhotovoltaicArray,2024-09-19 03:00:00,0.0,0.0,0.0
E.K. Chalki,PhotovoltaicArray,2024-09-19 03:15:00,0.0,0.0,0.0
E.K. Chalki,PhotovoltaicArray,2024-09-19 03:30:00,0.0,0.0,0.0
E.K. Chalki,PhotovoltaicArray,2024-09-19 03:45:00,0.0,0.0,0.0
E.K. Chalki,PhotovoltaicArray,2024-09-19 04:00:00,0.0,0.0,15.47479351340581
E.K. Chalki,PhotovoltaicArray,2024-09-19 04:15:00,1.6226600408554077,6.490640163421631,30.94958702681162
E.K. Chalki,PhotovoltaicArray,2024-09-19 04:30:00,4.898834705352783,19.595338821411133,46.42438054021743
E.K. Chalki,PhotovoltaicArray,2024-09-19 04:45:00,8.481128692626953,33.92451477050781,61.89917405362324
E.K. Chalki,PhotovoltaicArray,2024-09-19 05:00:00,18.18105697631836,72.72422790527344,106.19956332729478
E.K. Chalki,PhotovoltaicArray,2024-09-19 05:15:00,27.727794647216797,110.91117858886719,150.49995260096628
E.K. Chalki,PhotovoltaicArray,2024-09-19 05:30:00,40.2255859375,160.90234375,194.80034187463778
E.K. Chalki,PhotovoltaicArray,2024-09-19 05:45:00,47.2862434387207,189.1449737548828,239.10073114830934
E.K. Chalki,PhotovoltaicArray,2024-09-19 06:00:00,62.98213577270508,251.9285430908203,307.3718790015703
E.K. Chalki,PhotovoltaicArray,2024-09-19 06:15:00,85.32881164550781,341.31524658203125,375.6430268548312
E.K. Chalki,PhotovoltaicArray,2024-09-19 06:30:00,99.71401977539062,398.8560791015625,443.91417470809216
E.K. Chalki,PhotovoltaicArray,2024-09-19 06:45:00,105.30259704589844,421.21038818359375,510.97161326618397
E.K. Chalki,PhotovoltaicArray,2024-09-19 07:00:00,106.93220520019531,427.72882080078125,561.6439763394932
E.K. Chalki,PhotovoltaicArray,2024-09-19 07:15:00,126.1259994506836,504.5039978027344,612.3163394128023
E.K. Chalki,PhotovoltaicArray,2024-09-19 07:30:00,139.1696319580078,556.6785278320312,662.9887024861116
E.K. Chalki,PhotovoltaicArray,2024-09-19 07:45:00,142.20651245117188,568.8260498046875,713.6610655594208
E.K. Chalki,PhotovoltaicArray,2024-09-19 08:00:00,151.06271362304688,604.2508544921875,753.1066176524159
E.K. Chalki,PhotovoltaicArray,2024-09-19 08:15:00,157.36907958984375,629.476318359375,792.5521697454112
E.K. Chalki,PhotovoltaicArray,2024-09-19 08:30:00,164.6032257080078,658.4129028320312,831.9977218384065
E.K. Chalki,PhotovoltaicArray,2024-09-19 08:45:00,155.25546264648438,621.0218505859375,871.4432739314017
E.K. Chalki,PhotovoltaicArray,2024-09-19 09:00:00,160.3009490966797,641.2037963867188,892.0763319492761
E.K. Chalki,PhotovoltaicArray,2024-09-19 09:15:00,154.7921142578125,619.16845703125,912.7093899671505
E.K. Chalki,PhotovoltaicArray,2024-09-19 09:30:00,164.04786682128906,656.1914672851562,933.3424479850248
E.K. Chalki,PhotovoltaicArray,2024-09-19 09:45:00,172.7282257080078,690.9129028320312,953.9755060028994
E.K. Chalki,PhotovoltaicArray,2024-09-19 10:00:00,170.72218322753906,682.8887329101562,956.4029245932376
E.K. Chalki,PhotovoltaicArray,2024-09-19 10:15:00,168.95132446289062,675.8052978515625,958.8303431835757
E.K. Chalki,PhotovoltaicArray,2024-09-19 10:30:00,184.2265167236328,736.9060668945312,961.2577617739137
E.K. Chalki,PhotovoltaicArray,2024-09-19 10:45:00,187.93911743164062,751.7564697265625,963.6851803642518
E.K. Chalki,PhotovoltaicArray,2024-09-19 11:00:00,169.6908721923828,678.7634887695312,946.3898229080924
E.K. Chalki,PhotovoltaicArray,2024-09-19 11:15:00,164.32554626464844,657.3021850585938,929.094465451933
E.K. Chalki,PhotovoltaicArray,2024-09-19 11:30:00,161.2828826904297,645.1315307617188,911.7991079957736
E.K. Chalki,PhotovoltaicArray,2024-09-19 11:45:00,161.88206481933594,647.5282592773438,894.5037505396143
E.K. Chalki,PhotovoltaicArray,2024-09-19 12:00:00,162.08303833007812,648.3321533203125,858.0924716845418
E.K. Chalki,PhotovoltaicArray,2024-09-19 12:15:00,152.60694885253906,610.4277954101562,821.6811928294693
E.K. Chalki,PhotovoltaicArray,2024-09-19 12:30:00,147.4676971435547,589.8707885742188,785.2699139743968
E.K. Chalki,PhotovoltaicArray,2024-09-19 12:45:00,140.4609832763672,561.8439331054688,751.2860537096624
E.K. Chalki,PhotovoltaicArray,2024-09-19 13:00:00,118.07615661621094,472.30462646484375,702.1308272553146
E.K. Chalki,PhotovoltaicArray,2024-09-19 13:15:00,110.42827606201172,441.7131042480469,652.9756008009666
E.K. Chalki,PhotovoltaicArray,2024-09-19 13:30:00,111.7447509765625,446.97900390625,603.8203743466188
E.K. Chalki,PhotovoltaicArray,2024-09-19 13:45:00,94.68859100341797,378.7543640136719,554.6651478922709
E.K. Chalki,PhotovoltaicArray,2024-09-19 14:00:00,100.47541809082031,401.90167236328125,493.97968313381676
E.K. Chalki,PhotovoltaicArray,2024-09-19 14:15:00,77.12267303466797,308.4906921386719,433.2942183753627
E.K. Chalki,PhotovoltaicArray,2024-09-19 14:30:00,62.13029861450195,248.5211944580078,372.6087536169085
E.K. Chalki,PhotovoltaicArray,2024-09-19 14:45:00,51.86959457397461,207.47837829589844,311.9232888584544
E.K. Chalki,PhotovoltaicArray,2024-09-19 15:00:00,39.26039505004883,157.0415802001953,258.21665254722245
E.K. Chalki,PhotovoltaicArray,2024-09-19 15:15:00,23.694766998291016,94.77906799316406,204.5100162359905
E.K. Chalki,PhotovoltaicArray,2024-09-19 15:30:00,16.49234390258789,65.96937561035156,150.8033799247586
E.K. Chalki,PhotovoltaicArray,2024-09-19 15:45:00,7.699434280395508,30.79773712158203,97.09674361352666
E.K. Chalki,PhotovoltaicArray,2024-09-19 16:00:00,0.0,0.0,73.12598503393725
E.K. Chalki,PhotovoltaicArray,2024-09-19 16:15:00,0.0,0.0,49.15522645434787
E.K. Chalki,PhotovoltaicArray,2024-09-19 16:30:00,0.0,0.0,25.184467874758475
E.K. Chalki,PhotovoltaicArray,2024-09-19 16:45:00,0.0,0.0,1.213709295169083
E.K. Chalki,PhotovoltaicArray,2024-09-19 17:00:00,0.0,0.0,0.9102819713768123
E.K. Chalki,PhotovoltaicArray,2024-09-19 17:15:00,0.0,0.0,0.6068546475845416
E.K. Chalki,PhotovoltaicArray,2024-09-19 17:30:00,0.0,0.0,0.3034273237922708
E.K. Chalki,PhotovoltaicArray,2024-09-19 17:45:00,0.0,0.0,0.0
E.K. Chalki,PhotovoltaicArray,2024-09-19 18:00:00,0.0,0.0,0.0
E.K. Chalki,PhotovoltaicArray,2024-09-19 18:15:00,0.0,0.0,0.0
E.K. Chalki,PhotovoltaicArray,2024-09-19 18:30:00,0.0,0.0,0.0
E.K. Chalki,PhotovoltaicArray,2024-09-19 18:45:00,0.0,0.0,0.0
E.K. Chalki,PhotovoltaicArray,2024-09-19 19:00:00,0.0,0.0,0.0
E.K. Chalki,PhotovoltaicArray,2024-09-19 19:15:00,0.0,0.0,0.0
E.K. Chalki,PhotovoltaicArray,2024-09-19 19:30:00,0.0,0.0,0.0
E.K. Chalki,PhotovoltaicArray,2024-09-19 19:45:00,0.0,0.0,0.0
E.K. Chalki,PhotovoltaicArray,2024-09-19 20:00:00,0.0,0.0,0.0
E.K. Chalki,PhotovoltaicArray,2024-09-19 20:15:00,0.0,0.0,0.0
E.K. Chalki,PhotovoltaicArray,2024-09-19 20:30:00,0.0,0.0,0.0
E.K. Chalki,PhotovoltaicArray,2024-09-19 20:45:00,0.0,0.0,0.0
E.K. Chalki,PhotovoltaicArray,2024-09-19 21:00:00,0.0,0.0,0.0
E.K. Chalki,PhotovoltaicArray,2024-09-19 21:15:00,0.0,0.0,0.0
E.K. Chalki,PhotovoltaicArray,2024-09-19 21:30:00,0.0,0.0,0.0
E.K. Chalki,PhotovoltaicArray,2024-09-19 21:45:00,0.0,0.0,0.0
E.K. Chalki,PhotovoltaicArray,2024-09-19 22:00:00,0.0,0.0,0.0
E.K. Chalki,PhotovoltaicArray,2024-09-19 22:15:00,0.0,0.0,0.0
E.K. Chalki,PhotovoltaicArray,2024-09-19 22:30:00,0.0,0.0,0.0
E.K. Chalki,PhotovoltaicArray,2024-09-19 22:45:00,0.0,0.0,0.0
E.K. Chalki,PhotovoltaicArray,2024-09-19 23:00:00,0.0,0.0,0.0
E.K. Chalki,PhotovoltaicArray,2024-09-19 23:15:00,0.0,0.0,0.0
E.K. Chalki,PhotovoltaicArray,2024-09-19 23:30:00,0.0,0.0,0.0
E.K. Chalki,PhotovoltaicArray,2024-09-19 23:45:00,0.0,0.0,0.0
E.K. Chalki,PhotovoltaicArray,2024-09-20 00:00:00,0.0,0.0,0.0
E.K. Chalki,PhotovoltaicArray,2024-09-20 00:15:00,0.0,0.0,0.0
E.K. Chalki,PhotovoltaicArray,2024-09-20 00:30:00,0.0,0.0,0.0
E.K. Chalki,PhotovoltaicArray,2024-09-20 00:45:00,0.0,0.0,0.0
E.K. Chalki,PhotovoltaicArray,2024-09-20 01:00:00,0.0,0.0,0.0
E.K. Chalki,PhotovoltaicArray,2024-09-20 01:15:00,0.0,0.0,0.0
E.K. Chalki,PhotovoltaicArray,2024-09-20 01:30:00,0.0,0.0,0.0
E.K. Chalki,PhotovoltaicArray,2024-09-20 01:45:00,0.0,0.0,0.0
E.K. Chalki,PhotovoltaicArray,2024-09-20 02:00:00,0.0,0.0,0.0
E.K. Chalki,PhotovoltaicArray,2024-09-20 02:15:00,0.0,0.0,0.0
E.K. Chalki,PhotovoltaicArray,2024-09-20 02:30:00,0.0,0.0,0.0
E.K. Chalki,PhotovoltaicArray,2024-09-20 02:45:00,0.0,0.0,0.0
E.K. Chalki,PhotovoltaicArray,2024-09-20 03:00:00,0.0,0.0,0.0
E.K. Chalki,PhotovoltaicArray,2024-09-20 03:15:00,0.0,0.0,0.0
E.K. Chalki,PhotovoltaicArray,2024-09-20 03:30:00,0.0,0.0,0.0
E.K. Chalki,PhotovoltaicArray,2024-09-20 03:45:00,0.0,0.0,0.0
E.K. Chalki,PhotovoltaicArray,2024-09-20 04:00:00,0.0,0.0,15.83771305663797
E.K. Chalki,PhotovoltaicArray,2024-09-20 04:15:00,1.3080825805664062,5.232330322265625,31.67542611327594
E.K. Chalki,PhotovoltaicArray,2024-09-20 04:30:00,4.123488426208496,16.493953704833984,47.51313916991391
E.K. Chalki,PhotovoltaicArray,2024-09-20 04:45:00,8.39747142791748,33.58988571166992,63.35085222655188
E.K. Chalki,PhotovoltaicArray,2024-09-20 05:00:00,18.756427764892578,75.02571105957031,107.8182773471123
E.K. Chalki,PhotovoltaicArray,2024-09-20 05:15:00,27.202939987182617,108.81175994873047,152.28570246767276
E.K. Chalki,PhotovoltaicArray,2024-09-20 05:30:00,37.93330764770508,151.7332305908203,196.7531275882332
E.K. Chalki,PhotovoltaicArray,2024-09-20 05:45:00,47.759151458740234,191.03660583496094,241.22055270879363
E.K. Chalki,PhotovoltaicArray,2024-09-20 06:00:00,65.04685974121094,260.18743896484375,298.4799768366386
E.K. Chalki,PhotovoltaicArray,2024-09-20 06:15:00,79.58154296875,318.326171875,355.73940096448354
E.K. Chalki,PhotovoltaicArray,2024-09-20 06:30:00,87.18508911132812,348.7403564453125,412.9988250923285
E.K. Chalki,PhotovoltaicArray,2024-09-20 06:45:00,96.75594329833984,387.0237731933594,465.3851067412079
E.K. Chalki,PhotovoltaicArray,2024-09-20 07:00:00,98.25270080566406,393.01080322265625,516.8576741752812
E.K. Chalki,PhotovoltaicArray,2024-09-20 07:15:00,108.73832702636719,434.95330810546875,568.3302416093547
E.K. Chalki,PhotovoltaicArray,2024-09-20 07:30:00,123.685546875,494.7421875,619.8028090434282
E.K. Chalki,PhotovoltaicArray,2024-09-20 07:45:00,111.78789520263672,447.1515808105469,671.2753764775016
E.K. Chalki,PhotovoltaicArray,2024-09-20 08:00:00,131.09463500976562,524.3785400390625,713.3062303585791
E.K. Chalki,PhotovoltaicArray,2024-09-20 08:15:00,137.17799377441406,548.7119750976562,755.3370842396569
E.K. Chalki,PhotovoltaicArray,2024-09-20 08:30:00,157.57513427734375,630.300537109375,797.3679381207346
E.K. Chalki,PhotovoltaicArray,2024-09-20 08:45:00,135.49012756347656,541.9605102539062,839.3987920018122
E.K. Chalki,PhotovoltaicArray,2024-09-20 09:00:00,150.06100463867188,600.2440185546875,850.0587911745494
E.K. Chalki,PhotovoltaicArray,2024-09-20 09:15:00,144.7639617919922,579.0558471679688,860.7187903472864
E.K. Chalki,PhotovoltaicArray,2024-09-20 09:30:00,148.4088592529297,593.6354370117188,871.3787895200236
E.K. Chalki,PhotovoltaicArray,2024-09-20 09:45:00,140.41445922851562,561.6578369140625,882.0387886927606
E.K. Chalki,PhotovoltaicArray,2024-09-20 10:00:00,122.54210662841797,490.1684265136719,887.8256453865322
E.K. Chalki,PhotovoltaicArray,2024-09-20 10:15:00,132.30885314941406,529.2354125976562,893.6125020803037
E.K. Chalki,PhotovoltaicArray,2024-09-20 10:30:00,145.46728515625,581.869140625,899.3993587740753
E.K. Chalki,PhotovoltaicArray,2024-09-20 10:45:00,145.5179901123047,582.0719604492188,905.1862154678469
E.K. Chalki,PhotovoltaicArray,2024-09-20 11:00:00,126.1253890991211,504.5015563964844,900.3130729888813
E.K. Chalki,PhotovoltaicArray,2024-09-20 11:15:00,124.81317901611328,499.2527160644531,895.4399305099158
E.K. Chalki,PhotovoltaicArray,2024-09-20 11:30:00,128.9562530517578,515.8250122070312,890.5667880309503
E.K. Chalki,PhotovoltaicArray,2024-09-20 11:45:00,122.1065444946289,488.4261779785156,885.6936455519847
E.K. Chalki,PhotovoltaicArray,2024-09-20 12:00:00,143.59368896484375,574.374755859375,851.581648199226
E.K. Chalki,PhotovoltaicArray,2024-09-20 12:15:00,146.2114715576172,584.8458862304688,817.4696508464673
E.K. Chalki,PhotovoltaicArray,2024-09-20 12:30:00,147.40040588378906,589.6016235351562,783.3576534937089
E.K. Chalki,PhotovoltaicArray,2024-09-20 12:45:00,140.29518127441406,561.1807250976562,752.9005130001741
E.K. Chalki,PhotovoltaicArray,2024-09-20 13:00:00,112.95914459228516,451.8365783691406,702.9508025907774
E.K. Chalki,PhotovoltaicArray,2024-09-20 13:15:00,112.46338653564453,449.8535461425781,653.0010921813807
E.K. Chalki,PhotovoltaicArray,2024-09-20 13:30:00,108.18827056884766,432.7530822753906,603.0513817719842
E.K. Chalki,PhotovoltaicArray,2024-09-20 13:45:00,82.81806945800781,331.27227783203125,553.1016713625875
E.K. Chalki,PhotovoltaicArray,2024-09-20 14:00:00,90.42626190185547,361.7050476074219,494.92853301993654
E.K. Chalki,PhotovoltaicArray,2024-09-20 14:15:00,77.24647521972656,308.98590087890625,436.75539467728544
E.K. Chalki,PhotovoltaicArray,2024-09-20 14:30:00,58.20915985107422,232.83663940429688,378.58225633463445
E.K. Chalki,PhotovoltaicArray,2024-09-20 14:45:00,52.951622009277344,211.80648803710938,320.40911799198346
E.K. Chalki,PhotovoltaicArray,2024-09-20 15:00:00,40.33564758300781,161.34259033203125,264.36797948387994
E.K. Chalki,PhotovoltaicArray,2024-09-20 15:15:00,23.479663848876953,93.91865539550781,208.32684097577635
E.K. Chalki,PhotovoltaicArray,2024-09-20 15:30:00,16.33924674987793,65.35698699951172,152.28570246767276
E.K. Chalki,PhotovoltaicArray,2024-09-20 15:45:00,7.699434280395508,30.79773712158203,96.24456395956918
E.K. Chalki,PhotovoltaicArray,2024-09-20 16:00:00,0.0,0.0,72.48799437461223
E.K. Chalki,PhotovoltaicArray,2024-09-20 16:15:00,0.0,0.0,48.73142478965528
E.K. Chalki,PhotovoltaicArray,2024-09-20 16:30:00,0.0,0.0,24.974855204698333
E.K. Chalki,PhotovoltaicArray,2024-09-20 16:45:00,0.0,0.0,1.218285619741382
E.K. Chalki,PhotovoltaicArray,2024-09-20 17:00:00,0.0,0.0,0.9137142148060365
E.K. Chalki,PhotovoltaicArray,2024-09-20 17:15:00,0.0,0.0,0.609142809870691
E.K. Chalki,PhotovoltaicArray,2024-09-20 17:30:00,0.0,0.0,0.3045714049353455
E.K. Chalki,PhotovoltaicArray,2024-09-20 17:45:00,0.0,0.0,0.0
E.K. Chalki,PhotovoltaicArray,2024-09-20 18:00:00,0.0,0.0,0.0
E.K. Chalki,PhotovoltaicArray,2024-09-20 18:15:00,0.0,0.0,0.0
E.K. Chalki,PhotovoltaicArray,2024-09-20 18:30:00,0.0,0.0,0.0
E.K. Chalki,PhotovoltaicArray,2024-09-20 18:45:00,0.0,0.0,0.0
E.K. Chalki,PhotovoltaicArray,2024-09-20 19:00:00,0.0,0.0,0.0
E.K. Chalki,PhotovoltaicArray,2024-09-20 19:15:00,0.0,0.0,0.0
E.K. Chalki,PhotovoltaicArray,2024-09-20 19:30:00,0.0,0.0,0.0
E.K. Chalki,PhotovoltaicArray,2024-09-20 19:45:00,0.0,0.0,0.0
E.K. Chalki,PhotovoltaicArray,2024-09-20 20:00:00,0.0,0.0,0.0
E.K. Chalki,PhotovoltaicArray,2024-09-20 20:15:00,0.0,0.0,0.0
E.K. Chalki,PhotovoltaicArray,2024-09-20 20:30:00,0.0,0.0,0.0
E.K. Chalki,PhotovoltaicArray,2024-09-20 20:45:00,0.0,0.0,0.0
E.K. Chalki,PhotovoltaicArray,2024-09-20 21:00:00,0.0,0.0,0.0
E.K. Chalki,PhotovoltaicArray,2024-09-20 21:15:00,0.0,0.0,0.0
E.K. Chalki,PhotovoltaicArray,2024-09-20 21:30:00,0.0,0.0,0.0
E.K. Chalki,PhotovoltaicArray,2024-09-20 21:45:00,0.0,0.0,0.0
E.K. Chalki,PhotovoltaicArray,2024-09-20 22:00:00,0.0,0.0,0.0
E.K. Chalki,PhotovoltaicArray,2024-09-20 22:15:00,0.0,0.0,0.0
E.K. Chalki,PhotovoltaicArray,2024-09-20 22:30:00,0.0,0.0,0.0
E.K. Chalki,PhotovoltaicArray,2024-09-20 22:45:00,0.0,0.0,0.0
E.K. Chalki,PhotovoltaicArray,2024-09-20 23:00:00,0.0,0.0,0.0
E.K. Chalki,PhotovoltaicArray,2024-09-20 23:15:00,0.0,0.0,0.0
E.K. Chalki,PhotovoltaicArray,2024-09-20 23:30:00,0.0,0.0,0.0
E.K. Chalki,PhotovoltaicArray,2024-09-20 23:45:00,0.0,0.0,0.0
E.K. Chalki,PhotovoltaicArray,2024-09-21 00:00:00,0.0,0.0,0.0
E.K. Chalki,PhotovoltaicArray,2024-09-21 00:15:00,0.0,0.0,0.0
E.K. Chalki,PhotovoltaicArray,2024-09-21 00:30:00,0.0,0.0,0.0
E.K. Chalki,PhotovoltaicArray,2024-09-21 00:45:00,0.0,0.0,0.0
E.K. Chalki,PhotovoltaicArray,2024-09-21 01:00:00,0.0,0.0,0.0
E.K. Chalki,PhotovoltaicArray,2024-09-21 01:15:00,0.0,0.0,0.0
E.K. Chalki,PhotovoltaicArray,2024-09-21 01:30:00,0.0,0.0,0.0
E.K. Chalki,PhotovoltaicArray,2024-09-21 01:45:00,0.0,0.0,0.0
E.K. Chalki,PhotovoltaicArray,2024-09-21 02:00:00,0.0,0.0,0.0
E.K. Chalki,PhotovoltaicArray,2024-09-21 02:15:00,0.0,0.0,0.0
E.K. Chalki,PhotovoltaicArray,2024-09-21 02:30:00,0.0,0.0,0.0
E.K. Chalki,PhotovoltaicArray,2024-09-21 02:45:00,0.0,0.0,0.0
E.K. Chalki,PhotovoltaicArray,2024-09-21 03:00:00,0.0,0.0,0.0
E.K. Chalki,PhotovoltaicArray,2024-09-21 03:15:00,0.0,0.0,0.0
E.K. Chalki,PhotovoltaicArray,2024-09-21 03:30:00,0.0,0.0,0.0
E.K. Chalki,PhotovoltaicArray,2024-09-21 03:45:00,0.0,0.0,0.0
E.K. Chalki,PhotovoltaicArray,2024-09-21 04:00:00,0.0,0.0,15.897818392752313
E.K. Chalki,PhotovoltaicArray,2024-09-21 04:15:00,0.0,0.0,31.795636785504627
E.K. Chalki,PhotovoltaicArray,2024-09-21 04:30:00,4.123488426208496,16.493953704833984,47.69345517825695
E.K. Chalki,PhotovoltaicArray,2024-09-21 04:45:00,8.39747142791748,33.58988571166992,63.59127357100925
E.K. Chalki,PhotovoltaicArray,2024-09-21 05:00:00,19.423871994018555,77.69548797607422,116.17636517780535
E.K. Chalki,PhotovoltaicArray,2024-09-21 05:15:00,30.317014694213867,121.26805877685547,168.76145678460148
E.K. Chalki,PhotovoltaicArray,2024-09-21 05:30:00,45.79773712158203,183.19094848632812,221.3465483913976
E.K. Chalki,PhotovoltaicArray,2024-09-21 05:45:00,54.9475212097168,219.7900848388672,273.93163999819365
E.K. Chalki,PhotovoltaicArray,2024-09-21 06:00:00,73.43049621582031,293.72198486328125,332.9370044174475
E.K. Chalki,PhotovoltaicArray,2024-09-21 06:15:00,90.61297607421875,362.451904296875,391.94236883670123
E.K. Chalki,PhotovoltaicArray,2024-09-21 06:30:00,98.31940460205078,393.2776184082031,450.947733255955
E.K. Chalki,PhotovoltaicArray,2024-09-21 06:45:00,112.47200775146484,449.8880310058594,512.3989158894783
E.K. Chalki,PhotovoltaicArray,2024-09-21 07:00:00,107.87310791015625,431.492431640625,564.372552942707
E.K. Chalki,PhotovoltaicArray,2024-09-21 07:15:00,128.12818908691406,512.5127563476562,616.3461899959358
E.K. Chalki,PhotovoltaicArray,2024-09-21 07:30:00,139.84068298339844,559.3627319335938,668.3198270491644
E.K. Chalki,PhotovoltaicArray,2024-09-21 07:45:00,140.8211212158203,563.2844848632812,720.2934641023932
E.K. Chalki,PhotovoltaicArray,2024-09-21 08:00:00,148.309814453125,593.2392578125,758.5093737003555
E.K. Chalki,PhotovoltaicArray,2024-09-21 08:15:00,160.43276977539062,641.7310791015625,796.7252832983177
E.K. Chalki,PhotovoltaicArray,2024-09-21 08:30:00,164.6032257080078,658.4129028320312,834.9411928962801
E.K. Chalki,PhotovoltaicArray,2024-09-21 08:45:00,154.23606872558594,616.9442749023438,873.1571024942424
E.K. Chalki,PhotovoltaicArray,2024-09-21 09:00:00,160.3336639404297,641.3346557617188,894.2522845923177
E.K. Chalki,PhotovoltaicArray,2024-09-21 09:15:00,154.7921142578125,619.16845703125,915.3474666903927
E.K. Chalki,PhotovoltaicArray,2024-09-21 09:30:00,163.7346649169922,654.9386596679688,936.4426487884679
E.K. Chalki,PhotovoltaicArray,2024-09-21 09:45:00,172.7282257080078,690.9129028320312,957.537830886543
E.K. Chalki,PhotovoltaicArray,2024-09-21 10:00:00,170.72218322753906,682.8887329101562,959.3721945472453
E.K. Chalki,PhotovoltaicArray,2024-09-21 10:15:00,171.91854858398438,687.6741943359375,961.2065582079475
E.K. Chalki,PhotovoltaicArray,2024-09-21 10:30:00,184.17710876464844,736.7084350585938,963.0409218686494
E.K. Chalki,PhotovoltaicArray,2024-09-21 10:45:00,187.93911743164062,751.7564697265625,964.8752855293517
E.K. Chalki,PhotovoltaicArray,2024-09-21 11:00:00,173.5825653076172,694.3302612304688,947.1431034758972
E.K. Chalki,PhotovoltaicArray,2024-09-21 11:15:00,164.91627502441406,659.6651000976562,929.4109214224428
E.K. Chalki,PhotovoltaicArray,2024-09-21 11:30:00,173.85406494140625,695.416259765625,911.6787393689883
E.K. Chalki,PhotovoltaicArray,2024-09-21 11:45:00,161.47080993652344,645.8832397460938,893.9465573155338
E.K. Chalki,PhotovoltaicArray,2024-09-21 12:00:00,162.08303833007812,648.3321533203125,857.8707386550574
E.K. Chalki,PhotovoltaicArray,2024-09-21 12:15:00,146.02154541015625,584.086181640625,821.794919994581
E.K. Chalki,PhotovoltaicArray,2024-09-21 12:30:00,147.40040588378906,589.6016235351562,785.7191013341047
E.K. Chalki,PhotovoltaicArray,2024-09-21 12:45:00,140.4609832763672,561.8439331054688,749.6432826736282
E.K. Chalki,PhotovoltaicArray,2024-09-21 13:00:00,112.95914459228516,451.8365783691406,699.8097365578853
E.K. Chalki,PhotovoltaicArray,2024-09-21 13:15:00,114.43902587890625,457.756103515625,649.9761904421425
E.K. Chalki,PhotovoltaicArray,2024-09-21 13:30:00,109.86041259765625,439.441650390625,600.1426443263997
E.K. Chalki,PhotovoltaicArray,2024-09-21 13:45:00,104.41122436523438,417.6448974609375,550.3090982106569
E.K. Chalki,PhotovoltaicArray,2024-09-21 14:00:00,101.50997161865234,406.0398864746094,491.30373379140315
E.K. Chalki,PhotovoltaicArray,2024-09-21 14:15:00,76.27613830566406,305.10455322265625,432.2983693721494
E.K. Chalki,PhotovoltaicArray,2024-09-21 14:30:00,63.42393493652344,253.69573974609375,373.2930049528956
E.K. Chalki,PhotovoltaicArray,2024-09-21 14:45:00,51.987003326416016,207.94801330566406,314.2876405336419
E.K. Chalki,PhotovoltaicArray,2024-09-21 15:00:00,40.238075256347656,160.95230102539062,258.64527615900874
E.K. Chalki,PhotovoltaicArray,2024-09-21 15:15:00,23.589134216308594,94.35653686523438,203.00291178437567
E.K. Chalki,PhotovoltaicArray,2024-09-21 15:30:00,16.0054931640625,64.02197265625,147.3605474097426
E.K. Chalki,PhotovoltaicArray,2024-09-21 15:45:00,6.681667327880859,26.726669311523438,91.7181830351095
E.K. Chalki,PhotovoltaicArray,2024-09-21 16:00:00,0.0,0.0,68.78863727633214
E.K. Chalki,PhotovoltaicArray,2024-09-21 16:15:00,0.0,0.0,45.85909151755475
E.K. Chalki,PhotovoltaicArray,2024-09-21 16:30:00,0.0,0.0,22.929545758777376
E.K. Chalki,PhotovoltaicArray,2024-09-21 16:45:00,0.0,0.0,0.0
E.K. Chalki,PhotovoltaicArray,2024-09-21 17:00:00,0.0,0.0,0.0
E.K. Chalki,PhotovoltaicArray,2024-09-21 17:15:00,0.0,0.0,0.0
E.K. Chalki,PhotovoltaicArray,2024-09-21 17:30:00,0.0,0.0,0.0
E.K. Chalki,PhotovoltaicArray,2024-09-21 17:45:00,0.0,0.0,0.0
E.K. Chalki,PhotovoltaicArray,2024-09-21 18:00:00,0.0,0.0,0.0
E.K. Chalki,PhotovoltaicArray,2024-09-21 18:15:00,0.0,0.0,0.0
E.K. Chalki,PhotovoltaicArray,2024-09-21 18:30:00,0.0,0.0,0.0
E.K. Chalki,PhotovoltaicArray,2024-09-21 18:45:00,0.0,0.0,0.0
E.K. Chalki,PhotovoltaicArray,2024-09-21 19:00:00,0.0,0.0,0.0
E.K. Chalki,PhotovoltaicArray,2024-09-21 19:15:00,0.0,0.0,0.0
E.K. Chalki,PhotovoltaicArray,2024-09-21 19:30:00,0.0,0.0,0.0
E.K. Chalki,PhotovoltaicArray,2024-09-21 19:45:00,0.0,0.0,0.0
E.K. Chalki,PhotovoltaicArray,2024-09-21 20:00:00,0.0,0.0,0.0
E.K. Chalki,PhotovoltaicArray,2024-09-21 20:15:00,0.0,0.0,0.0
E.K. Chalki,PhotovoltaicArray,2024-09-21 20:30:00,0.0,0.0,0.0
E.K. Chalki,PhotovoltaicArray,2024-09-21 20:45:00,0.0,0.0,0.0
E.K. Chalki,PhotovoltaicArray,2024-09-21 21:00:00,0.0,0.0,0.0
E.K. Chalki,PhotovoltaicArray,2024-09-21 21:15:00,0.0,0.0,0.0
E.K. Chalki,PhotovoltaicArray,2024-09-21 21:30:00,0.0,0.0,0.0
E.K. Chalki,PhotovoltaicArray,2024-09-21 21:45:00,0.0,0.0,0.0
E.K. Chalki,PhotovoltaicArray,2024-09-21 22:00:00,0.0,0.0,0.0
E.K. Chalki,PhotovoltaicArray,2024-09-21 22:15:00,0.0,0.0,0.0
E.K. Chalki,PhotovoltaicArray,2024-09-21 22:30:00,0.0,0.0,0.0
E.K. Chalki,PhotovoltaicArray,2024-09-21 22:45:00,0.0,0.0,0.0
E.K. Chalki,PhotovoltaicArray,2024-09-21 23:00:00,0.0,0.0,0.0
E.K. Chalki,PhotovoltaicArray,2024-09-21 23:15:00,0.0,0.0,0.0
E.K. Chalki,PhotovoltaicArray,2024-09-21 23:30:00,0.0,0.0,0.0
E.K. Chalki,PhotovoltaicArray,2024-09-21 23:45:00,0.0,0.0,0.0
E.K. Chalki,PhotovoltaicArray,2024-09-22 00:00:00,0.0,0.0,0.0
E.K. Chalki,PhotovoltaicArray,2024-09-22 00:15:00,0.0,0.0,0.0
E.K. Chalki,PhotovoltaicArray,2024-09-22 00:30:00,0.0,0.0,0.0
E.K. Chalki,PhotovoltaicArray,2024-09-22 00:45:00,0.0,0.0,0.0
E.K. Chalki,PhotovoltaicArray,2024-09-22 01:00:00,0.0,0.0,0.0
E.K. Chalki,PhotovoltaicArray,2024-09-22 01:15:00,0.0,0.0,0.0
E.K. Chalki,PhotovoltaicArray,2024-09-22 01:30:00,0.0,0.0,0.0
E.K. Chalki,PhotovoltaicArray,2024-09-22 01:45:00,0.0,0.0,0.0
E.K. Chalki,PhotovoltaicArray,2024-09-22 02:00:00,0.0,0.0,0.0
E.K. Chalki,PhotovoltaicArray,2024-09-22 02:15:00,0.0,0.0,0.0
E.K. Chalki,PhotovoltaicArray,2024-09-22 02:30:00,0.0,0.0,0.0
E.K. Chalki,PhotovoltaicArray,2024-09-22 02:45:00,0.0,0.0,0.0
E.K. Chalki,PhotovoltaicArray,2024-09-22 03:00:00,0.0,0.0,0.0
E.K. Chalki,PhotovoltaicArray,2024-09-22 03:15:00,0.0,0.0,0.0
E.K. Chalki,PhotovoltaicArray,2024-09-22 03:30:00,0.0,0.0,0.0
E.K. Chalki,PhotovoltaicArray,2024-09-22 03:45:00,0.0,0.0,0.0
E.K. Chalki,PhotovoltaicArray,2024-09-22 04:00:00,0.0,0.0,14.424059878568384
E.K. Chalki,PhotovoltaicArray,2024-09-22 04:15:00,0.0,0.0,28.848119757136768
E.K. Chalki,PhotovoltaicArray,2024-09-22 04:30:00,3.4711740016937256,13.884696006774902,43.27217963570515
E.K. Chalki,PhotovoltaicArray,2024-09-22 04:45:00,8.136240005493164,32.544960021972656,57.696239514273536
E.K. Chalki,PhotovoltaicArray,2024-09-22 05:00:00,18.667158126831055,74.66863250732422,106.79942207961273
E.K. Chalki,PhotovoltaicArray,2024-09-22 05:15:00,31.601594924926758,126.40637969970703,155.9026046449519
E.K. Chalki,PhotovoltaicArray,2024-09-22 05:30:00,40.91550064086914,163.66200256347656,205.00578721029112
E.K. Chalki,PhotovoltaicArray,2024-09-22 05:45:00,52.392921447753906,209.57168579101562,254.1089697756303
E.K. Chalki,PhotovoltaicArray,2024-09-22 06:00:00,64.62351989746094,258.49407958984375,312.7258939630039
E.K. Chalki,PhotovoltaicArray,2024-09-22 06:15:00,82.93858337402344,331.75433349609375,371.3428181503776
E.K. Chalki,PhotovoltaicArray,2024-09-22 06:30:00,92.75775909423828,371.0310363769531,429.9597423377512
E.K. Chalki,PhotovoltaicArray,2024-09-22 06:45:00,111.17979431152344,444.71917724609375,508.2179395512606
E.K. Chalki,PhotovoltaicArray,2024-09-22 07:00:00,106.93220520019531,427.72882080078125,560.3900710269335
E.K. Chalki,PhotovoltaicArray,2024-09-22 07:15:00,128.12818908691406,512.5127563476562,612.5622025026063
E.K. Chalki,PhotovoltaicArray,2024-09-22 07:30:00,139.1696319580078,556.6785278320312,664.7343339782792
E.K. Chalki,PhotovoltaicArray,2024-09-22 07:45:00,140.6332550048828,562.5330200195312,716.906465453952
E.K. Chalki,PhotovoltaicArray,2024-09-22 08:00:00,151.29554748535156,605.1821899414062,755.2683268331233
E.K. Chalki,PhotovoltaicArray,2024-09-22 08:15:00,154.90443420410156,619.6177368164062,793.6301882122946
E.K. Chalki,PhotovoltaicArray,2024-09-22 08:30:00,164.6032257080078,658.4129028320312,831.9920495914658
E.K. Chalki,PhotovoltaicArray,2024-09-22 08:45:00,154.23606872558594,616.9442749023438,870.3539109706369
E.K. Chalki,PhotovoltaicArray,2024-09-22 09:00:00,163.1509246826172,652.6036987304688,891.8365533429729
E.K. Chalki,PhotovoltaicArray,2024-09-22 09:15:00,154.7921142578125,619.16845703125,913.3191957153088
E.K. Chalki,PhotovoltaicArray,2024-09-22 09:30:00,163.7346649169922,654.9386596679688,934.8018380876448
E.K. Chalki,PhotovoltaicArray,2024-09-22 09:45:00,172.7282257080078,690.9129028320312,956.2844804599806
E.K. Chalki,PhotovoltaicArray,2024-09-22 10:00:00,170.72218322753906,682.8887329101562,958.4327446972143
E.K. Chalki,PhotovoltaicArray,2024-09-22 10:15:00,171.91854858398438,687.6741943359375,960.5810089344477
E.K. Chalki,PhotovoltaicArray,2024-09-22 10:30:00,184.17710876464844,736.7084350585938,962.7292731716813
E.K. Chalki,PhotovoltaicArray,2024-09-22 10:45:00,187.93911743164062,751.7564697265625,964.8775374089149
E.K. Chalki,PhotovoltaicArray,2024-09-22 11:00:00,167.87806701660156,671.5122680664062,946.4638439469127
E.K. Chalki,PhotovoltaicArray,2024-09-22 11:15:00,164.41021728515625,657.640869140625,928.0501504849105
E.K. Chalki,PhotovoltaicArray,2024-09-22 11:30:00,173.85406494140625,695.416259765625,909.6364570229082
E.K. Chalki,PhotovoltaicArray,2024-09-22 11:45:00,164.47804260253906,657.9121704101562,891.222763560906
E.K. Chalki,PhotovoltaicArray,2024-09-22 12:00:00,158.0659637451172,632.2638549804688,856.2367459831019
E.K. Chalki,PhotovoltaicArray,2024-09-22 12:15:00,146.02154541015625,584.086181640625,821.2507284052978
E.K. Chalki,PhotovoltaicArray,2024-09-22 12:30:00,146.9590606689453,587.8362426757812,786.2647108274938
E.K. Chalki,PhotovoltaicArray,2024-09-22 12:45:00,140.29518127441406,561.1807250976562,754.96143194209
E.K. Chalki,PhotovoltaicArray,2024-09-22 13:00:00,111.522216796875,446.0888671875,704.9375647036507
E.K. Chalki,PhotovoltaicArray,2024-09-22 13:15:00,120.15354919433594,480.61419677734375,654.9136974652113
E.K. Chalki,PhotovoltaicArray,2024-09-22 13:30:00,110.08763885498047,440.3505554199219,604.889830226772
E.K. Chalki,PhotovoltaicArray,2024-09-22 13:45:00,101.73705291748047,406.9482116699219,554.8659629883327
E.K. Chalki,PhotovoltaicArray,2024-09-22 14:00:00,102.06991577148438,408.2796630859375,495.0214592368256
E.K. Chalki,PhotovoltaicArray,2024-09-22 14:15:00,74.713623046875,298.8544921875,435.17695548531844
E.K. Chalki,PhotovoltaicArray,2024-09-22 14:30:00,63.42393493652344,253.69573974609375,375.33245173381135
E.K. Chalki,PhotovoltaicArray,2024-09-22 14:45:00,49.60373306274414,198.41493225097656,315.4879479823042
E.K. Chalki,PhotovoltaicArray,2024-09-22 15:00:00,39.99705505371094,159.98822021484375,259.0192880321642
E.K. Chalki,PhotovoltaicArray,2024-09-22 15:15:00,23.589134216308594,94.35653686523438,202.55062808202413
E.K. Chalki,PhotovoltaicArray,2024-09-22 15:30:00,16.0054931640625,64.02197265625,146.08196813188405
E.K. Chalki,PhotovoltaicArray,2024-09-22 15:45:00,4.887211799621582,19.548847198486328,89.613308181744
E.K. Chalki,PhotovoltaicArray,2024-09-22 16:00:00,0.0,0.0,67.209981136308
E.K. Chalki,PhotovoltaicArray,2024-09-22 16:15:00,0.0,0.0,44.806654090872
E.K. Chalki,PhotovoltaicArray,2024-09-22 16:30:00,0.0,0.0,22.403327045436
E.K. Chalki,PhotovoltaicArray,2024-09-22 16:45:00,0.0,0.0,0.0
E.K. Chalki,PhotovoltaicArray,2024-09-22 17:00:00,0.0,0.0,0.0
E.K. Chalki,PhotovoltaicArray,2024-09-22 17:15:00,0.0,0.0,0.0
E.K. Chalki,PhotovoltaicArray,2024-09-22 17:30:00,0.0,0.0,0.0
E.K. Chalki,PhotovoltaicArray,2024-09-22 17:45:00,0.0,0.0,0.0
E.K. Chalki,PhotovoltaicArray,2024-09-22 18:00:00,0.0,0.0,0.0
E.K. Chalki,PhotovoltaicArray,2024-09-22 18:15:00,0.0,0.0,0.0
E.K. Chalki,PhotovoltaicArray,2024-09-22 18:30:00,0.0,0.0,0.0
E.K. Chalki,PhotovoltaicArray,2024-09-22 18:45:00,0.0,0.0,0.0
E.K. Chalki,PhotovoltaicArray,2024-09-22 19:00:00,0.0,0.0,0.0
E.K. Chalki,PhotovoltaicArray,2024-09-22 19:15:00,0.0,0.0,0.0
E.K. Chalki,PhotovoltaicArray,2024-09-22 19:30:00,0.0,0.0,0.0
E.K. Chalki,PhotovoltaicArray,2024-09-22 19:45:00,0.0,0.0,0.0
E.K. Chalki,PhotovoltaicArray,2024-09-22 20:00:00,0.0,0.0,0.0
E.K. Chalki,PhotovoltaicArray,2024-09-22 20:15:00,0.0,0.0,0.0
E.K. Chalki,PhotovoltaicArray,2024-09-22 20:30:00,0.0,0.0,0.0
E.K. Chalki,PhotovoltaicArray,2024-09-22 20:45:00,0.0,0.0,0.0
E.K. Chalki,PhotovoltaicArray,2024-09-22 21:00:00,0.0,0.0,0.0
E.K. Chalki,PhotovoltaicArray,2024-09-22 21:15:00,0.0,0.0,0.0
E.K. Chalki,PhotovoltaicArray,2024-09-22 21:30:00,0.0,0.0,0.0
E.K. Chalki,PhotovoltaicArray,2024-09-22 21:45:00,0.0,0.0,0.0
E.K. Chalki,PhotovoltaicArray,2024-09-22 22:00:00,0.0,0.0,0.0
E.K. Chalki,PhotovoltaicArray,2024-09-22 22:15:00,0.0,0.0,0.0
E.K. Chalki,PhotovoltaicArray,2024-09-22 22:30:00,0.0,0.0,0.0
E.K. Chalki,PhotovoltaicArray,2024-09-22 22:45:00,0.0,0.0,0.0
E.K. Chalki,PhotovoltaicArray,2024-09-22 23:00:00,0.0,0.0,0.0
E.K. Chalki,PhotovoltaicArray,2024-09-22 23:15:00,0.0,0.0,0.0
E.K. Chalki,PhotovoltaicArray,2024-09-22 23:30:00,0.0,0.0,0.0
E.K. Chalki,PhotovoltaicArray,2024-09-22 23:45:00,0.0,0.0,0.0
E.K. Chalki,PhotovoltaicArray,2024-09-23 00:00:00,0.0,0.0,0.0
E.K. Chalki,PhotovoltaicArray,2024-09-23 00:15:00,0.0,0.0,0.0
E.K. Chalki,PhotovoltaicArray,2024-09-23 00:30:00,0.0,0.0,0.0
E.K. Chalki,PhotovoltaicArray,2024-09-23 00:45:00,0.0,0.0,0.0
E.K. Chalki,PhotovoltaicArray,2024-09-23 01:00:00,0.0,0.0,0.0
E.K. Chalki,PhotovoltaicArray,2024-09-23 01:15:00,0.0,0.0,0.0
E.K. Chalki,PhotovoltaicArray,2024-09-23 01:30:00,0.0,0.0,0.0
E.K. Chalki,PhotovoltaicArray,2024-09-23 01:45:00,0.0,0.0,0.0
E.K. Chalki,PhotovoltaicArray,2024-09-23 02:00:00,0.0,0.0,0.0
E.K. Chalki,PhotovoltaicArray,2024-09-23 02:15:00,0.0,0.0,0.0
E.K. Chalki,PhotovoltaicArray,2024-09-23 02:30:00,0.0,0.0,0.0
E.K. Chalki,PhotovoltaicArray,2024-09-23 02:45:00,0.0,0.0,0.0
E.K. Chalki,PhotovoltaicArray,2024-09-23 03:00:00,0.0,0.0,0.0
E.K. Chalki,PhotovoltaicArray,2024-09-23 03:15:00,0.0,0.0,0.0
E.K. Chalki,PhotovoltaicArray,2024-09-23 03:30:00,0.0,0.0,0.0
E.K. Chalki,PhotovoltaicArray,2024-09-23 03:45:00,0.0,0.0,0.0
E.K. Chalki,PhotovoltaicArray,2024-09-23 04:00:00,0.0,0.0,15.403709657080112
E.K. Chalki,PhotovoltaicArray,2024-09-23 04:15:00,0.0,0.0,30.807419314160224
E.K. Chalki,PhotovoltaicArray,2024-09-23 04:30:00,4.123488426208496,16.493953704833984,46.211128971240335
E.K. Chalki,PhotovoltaicArray,2024-09-23 04:45:00,8.39747142791748,33.58988571166992,61.61483862832045
E.K. Chalki,PhotovoltaicArray,2024-09-23 05:00:00,19.423871994018555,77.69548797607422,115.21974823495924
E.K. Chalki,PhotovoltaicArray,2024-09-23 05:15:00,30.317014694213867,121.26805877685547,168.82465784159803
E.K. Chalki,PhotovoltaicArray,2024-09-23 05:30:00,45.76435470581055,183.0574188232422,222.42956744823684
E.K. Chalki,PhotovoltaicArray,2024-09-23 05:45:00,54.98494338989258,219.9397735595703,276.03447705487565
E.K. Chalki,PhotovoltaicArray,2024-09-23 06:00:00,64.40447998046875,257.617919921875,336.4170189106297
E.K. Chalki,PhotovoltaicArray,2024-09-23 06:15:00,96.60822296142578,386.4328918457031,396.7995607663837
E.K. Chalki,PhotovoltaicArray,2024-09-23 06:30:00,97.76069641113281,391.04278564453125,457.18210262213773
E.K. Chalki,PhotovoltaicArray,2024-09-23 06:45:00,116.90814208984375,467.632568359375,511.40316061505973
E.K. Chalki,PhotovoltaicArray,2024-09-23 07:00:00,107.75675964355469,431.02703857421875,565.6242186079818
E.K. Chalki,PhotovoltaicArray,2024-09-23 07:15:00,127.20494842529297,508.8197937011719,619.8452766009037
E.K. Chalki,PhotovoltaicArray,2024-09-23 07:30:00,141.12869262695312,564.5147705078125,674.0663345938259
E.K. Chalki,PhotovoltaicArray,2024-09-23 07:45:00,144.25071716308594,577.0028686523438,728.287392586748
E.K. Chalki,PhotovoltaicArray,2024-09-23 08:00:00,151.22821044921875,604.912841796875,767.7208893088729
E.K. Chalki,PhotovoltaicArray,2024-09-23 08:15:00,162.8811492919922,651.5245971679688,807.1543860309979
E.K. Chalki,PhotovoltaicArray,2024-09-23 08:30:00,166.0425567626953,664.1702270507812,846.5878827531229
E.K. Chalki,PhotovoltaicArray,2024-09-23 08:45:00,172.70797729492188,690.8319091796875,886.0213794752481
E.K. Chalki,PhotovoltaicArray,2024-09-23 09:00:00,166.10108947753906,664.4043579101562,907.2784988020186
E.K. Chalki,PhotovoltaicArray,2024-09-23 09:15:00,170.3606414794922,681.4425659179688,928.5356181287891
E.K. Chalki,PhotovoltaicArray,2024-09-23 09:30:00,174.35494995117188,697.4197998046875,949.7927374555596
E.K. Chalki,PhotovoltaicArray,2024-09-23 09:45:00,176.69004821777344,706.7601928710938,971.0498567823302
E.K. Chalki,PhotovoltaicArray,2024-09-23 10:00:00,180.8672637939453,723.4690551757812,972.8983019411797
E.K. Chalki,PhotovoltaicArray,2024-09-23 10:15:00,176.92465209960938,707.6986083984375,974.7467471000293
E.K. Chalki,PhotovoltaicArray,2024-09-23 10:30:00,174.93885803222656,699.7554321289062,976.595192258879
E.K. Chalki,PhotovoltaicArray,2024-09-23 10:45:00,180.5240478515625,722.09619140625,978.4436374177286
E.K. Chalki,PhotovoltaicArray,2024-09-23 11:00:00,161.02659606933594,644.1063842773438,960.2672600223741
E.K. Chalki,PhotovoltaicArray,2024-09-23 11:15:00,181.68348693847656,726.7339477539062,942.0908826270195
E.K. Chalki,PhotovoltaicArray,2024-09-23 11:30:00,177.03591918945312,708.1436767578125,923.914505231665
E.K. Chalki,PhotovoltaicArray,2024-09-23 11:45:00,168.8147430419922,675.2589721679688,905.7381278363105
E.K. Chalki,PhotovoltaicArray,2024-09-23 12:00:00,157.34396362304688,629.3758544921875,869.3853730456013
E.K. Chalki,PhotovoltaicArray,2024-09-23 12:15:00,143.8461456298828,575.3845825195312,833.0326182548926
E.K. Chalki,PhotovoltaicArray,2024-09-23 12:30:00,153.23538208007812,612.9415283203125,796.6798634641834
E.K. Chalki,PhotovoltaicArray,2024-09-23 12:45:00,139.53257751464844,558.1303100585938,757.8625151283417
E.K. Chalki,PhotovoltaicArray,2024-09-23 13:00:00,116.3912582397461,465.5650329589844,707.0302732599773
E.K. Chalki,PhotovoltaicArray,2024-09-23 13:15:00,120.15354919433594,480.61419677734375,656.1980313916127
E.K. Chalki,PhotovoltaicArray,2024-09-23 13:30:00,110.08763885498047,440.3505554199219,605.3657895232484
E.K. Chalki,PhotovoltaicArray,2024-09-23 13:45:00,101.73705291748047,406.9482116699219,554.533547654884
E.K. Chalki,PhotovoltaicArray,2024-09-23 14:00:00,102.06991577148438,408.2796630859375,494.45907999227165
E.K. Chalki,PhotovoltaicArray,2024-09-23 14:15:00,74.713623046875,298.8544921875,434.38461232965915
E.K. Chalki,PhotovoltaicArray,2024-09-23 14:30:00,63.42393493652344,253.69573974609375,374.3101446670467
E.K. Chalki,PhotovoltaicArray,2024-09-23 14:45:00,48.87090301513672,195.48361206054688,314.2356770044343
E.K. Chalki,PhotovoltaicArray,2024-09-23 15:00:00,35.511077880859375,142.0443115234375,257.2419512732379
E.K. Chalki,PhotovoltaicArray,2024-09-23 15:15:00,25.322589874267578,101.29035949707031,200.24822554204147
E.K. Chalki,PhotovoltaicArray,2024-09-23 15:30:00,15.84894847869873,63.39579391479492,143.25449981084506
E.K. Chalki,PhotovoltaicArray,2024-09-23 15:45:00,4.731252193450928,18.92500877380371,86.26077407964863
E.K. Chalki,PhotovoltaicArray,2024-09-23 16:00:00,0.0,0.0,64.69558055973647
E.K. Chalki,PhotovoltaicArray,2024-09-23 16:15:00,0.0,0.0,43.13038703982431
E.K. Chalki,PhotovoltaicArray,2024-09-23 16:30:00,0.0,0.0,21.565193519912157
E.K. Chalki,PhotovoltaicArray,2024-09-23 16:45:00,0.0,0.0,0.0
E.K. Chalki,PhotovoltaicArray,2024-09-23 17:00:00,0.0,0.0,0.0
E.K. Chalki,PhotovoltaicArray,2024-09-23 17:15:00,0.0,0.0,0.0
E.K. Chalki,PhotovoltaicArray,2024-09-23 17:30:00,0.0,0.0,0.0
E.K. Chalki,PhotovoltaicArray,2024-09-23 17:45:00,0.0,0.0,0.0
E.K. Chalki,PhotovoltaicArray,2024-09-23 18:00:00,0.0,0.0,0.0
E.K. Chalki,PhotovoltaicArray,2024-09-23 18:15:00,0.0,0.0,0.0
E.K. Chalki,PhotovoltaicArray,2024-09-23 18:30:00,0.0,0.0,0.0
E.K. Chalki,PhotovoltaicArray,2024-09-23 18:45:00,0.0,0.0,0.0
E.K. Chalki,PhotovoltaicArray,2024-09-23 19:00:00,0.0,0.0,0.0
E.K. Chalki,PhotovoltaicArray,2024-09-23 19:15:00,0.0,0.0,0.0
E.K. Chalki,PhotovoltaicArray,2024-09-23 19:30:00,0.0,0.0,0.0
E.K. Chalki,PhotovoltaicArray,2024-09-23 19:45:00,0.0,0.0,0.0
E.K. Chalki,PhotovoltaicArray,2024-09-23 20:00:00,0.0,0.0,0.0
E.K. Chalki,PhotovoltaicArray,2024-09-23 20:15:00,0.0,0.0,0.0
E.K. Chalki,PhotovoltaicArray,2024-09-23 20:30:00,0.0,0.0,0.0
E.K. Chalki,PhotovoltaicArray,2024-09-23 20:45:00,0.0,0.0,0.0
E.K. Chalki,PhotovoltaicArray,2024-09-23 21:00:00,0.0,0.0,0.0
E.K. Chalki,PhotovoltaicArray,2024-09-23 21:15:00,0.0,0.0,0.0
E.K. Chalki,PhotovoltaicArray,2024-09-23 21:30:00,0.0,0.0,0.0
E.K. Chalki,PhotovoltaicArray,2024-09-23 21:45:00,0.0,0.0,0.0
E.K. Chalki,PhotovoltaicArray,2024-09-23 22:00:00,0.0,0.0,0.0
E.K. Chalki,PhotovoltaicArray,2024-09-23 22:15:00,0.0,0.0,0.0
E.K. Chalki,PhotovoltaicArray,2024-09-23 22:30:00,0.0,0.0,0.0
E.K. Chalki,PhotovoltaicArray,2024-09-23 22:45:00,0.0,0.0,0.0
E.K. Chalki,PhotovoltaicArray,2024-09-23 23:00:00,0.0,0.0,0.0
E.K. Chalki,PhotovoltaicArray,2024-09-23 23:15:00,0.0,0.0,0.0
E.K. Chalki,PhotovoltaicArray,2024-09-23 23:30:00,0.0,0.0,0.0
E.K. Chalki,PhotovoltaicArray,2024-09-23 23:45:00,0.0,0.0,0.0
E.K. Chalki,PhotovoltaicArray,2024-09-24 00:00:00,0.0,0.0,0.0
E.K. Chalki,PhotovoltaicArray,2024-09-24 00:15:00,0.0,0.0,0.0
E.K. Chalki,PhotovoltaicArray,2024-09-24 00:30:00,0.0,0.0,0.0
E.K. Chalki,PhotovoltaicArray,2024-09-24 00:45:00,0.0,0.0,0.0
E.K. Chalki,PhotovoltaicArray,2024-09-24 01:00:00,0.0,0.0,0.0
E.K. Chalki,PhotovoltaicArray,2024-09-24 01:15:00,0.0,0.0,0.0
E.K. Chalki,PhotovoltaicArray,2024-09-24 01:30:00,0.0,0.0,0.0
E.K. Chalki,PhotovoltaicArray,2024-09-24 01:45:00,0.0,0.0,0.0
E.K. Chalki,PhotovoltaicArray,2024-09-24 02:00:00,0.0,0.0,0.0
E.K. Chalki,PhotovoltaicArray,2024-09-24 02:15:00,0.0,0.0,0.0
E.K. Chalki,PhotovoltaicArray,2024-09-24 02:30:00,0.0,0.0,0.0
E.K. Chalki,PhotovoltaicArray,2024-09-24 02:45:00,0.0,0.0,0.0
E.K. Chalki,PhotovoltaicArray,2024-09-24 03:00:00,0.0,0.0,0.0
E.K. Chalki,PhotovoltaicArray,2024-09-24 03:15:00,0.0,0.0,0.0
E.K. Chalki,PhotovoltaicArray,2024-09-24 03:30:00,0.0,0.0,0.0
E.K. Chalki,PhotovoltaicArray,2024-09-24 03:45:00,0.0,0.0,0.0
E.K. Chalki,PhotovoltaicArray,2024-09-24 04:00:00,0.0,0.0,7.422362924018298
E.K. Chalki,PhotovoltaicArray,2024-09-24 04:15:00,0.3493272662162781,1.3973090648651123,14.844725848036596
E.K. Chalki,PhotovoltaicArray,2024-09-24 04:30:00,2.693586587905884,10.774346351623535,22.267088772054894
E.K. Chalki,PhotovoltaicArray,2024-09-24 04:45:00,6.550223350524902,26.20089340209961,29.689451696073192
E.K. Chalki,PhotovoltaicArray,2024-09-24 05:00:00,12.623929023742676,50.4957160949707,55.976987051971335
E.K. Chalki,PhotovoltaicArray,2024-09-24 05:15:00,19.406261444091797,77.62504577636719,82.26452240786946
E.K. Chalki,PhotovoltaicArray,2024-09-24 05:30:00,22.946983337402344,91.78793334960938,108.55205776376762
E.K. Chalki,PhotovoltaicArray,2024-09-24 05:45:00,25.716960906982422,102.86784362792969,134.83959311966575
E.K. Chalki,PhotovoltaicArray,2024-09-24 06:00:00,45.34505844116211,181.38023376464844,209.99101772535104
E.K. Chalki,PhotovoltaicArray,2024-09-24 06:15:00,64.11650848388672,256.4660339355469,285.1424423310363
E.K. Chalki,PhotovoltaicArray,2024-09-24 06:30:00,74.35796356201172,297.4318542480469,360.2938669367216
E.K. Chalki,PhotovoltaicArray,2024-09-24 06:45:00,71.14148712158203,284.5659484863281,346.3769364541873
E.K. Chalki,PhotovoltaicArray,2024-09-24 07:00:00,73.7505111694336,295.0020446777344,424.0024820345453
E.K. Chalki,PhotovoltaicArray,2024-09-24 07:15:00,95.92842102050781,383.71368408203125,501.6280276149033
E.K. Chalki,PhotovoltaicArray,2024-09-24 07:30:00,120.71065521240234,482.8426208496094,579.2535731952614
E.K. Chalki,PhotovoltaicArray,2024-09-24 07:45:00,127.75519561767578,511.0207824707031,656.8791187756194
E.K. Chalki,PhotovoltaicArray,2024-09-24 08:00:00,127.74211883544922,510.9684753417969,669.5589887708173
E.K. Chalki,PhotovoltaicArray,2024-09-24 08:15:00,122.9028091430664,491.6112365722656,682.2388587660153
E.K. Chalki,PhotovoltaicArray,2024-09-24 08:30:00,132.10968017578125,528.438720703125,694.9187287612131
E.K. Chalki,PhotovoltaicArray,2024-09-24 08:45:00,133.59042358398438,534.3616943359375,707.598598756411
E.K. Chalki,PhotovoltaicArray,2024-09-24 09:00:00,133.78372192382812,535.1348876953125,735.7417248433137
E.K. Chalki,PhotovoltaicArray,2024-09-24 09:15:00,145.32080078125,581.283203125,763.8848509302165
E.K. Chalki,PhotovoltaicArray,2024-09-24 09:30:00,148.28329467773438,593.1331787109375,792.0279770171193
E.K. Chalki,PhotovoltaicArray,2024-09-24 09:45:00,144.7544708251953,579.0178833007812,820.1711031040221
E.K. Chalki,PhotovoltaicArray,2024-09-24 10:00:00,150.5293426513672,602.1173706054688,856.6643874804453
E.K. Chalki,PhotovoltaicArray,2024-09-24 10:15:00,134.36764526367188,537.4705810546875,893.1576718568687
E.K. Chalki,PhotovoltaicArray,2024-09-24 10:30:00,161.9795379638672,647.9181518554688,929.6509562332919
E.K. Chalki,PhotovoltaicArray,2024-09-24 10:45:00,185.9351348876953,743.7405395507812,966.1442406097151
E.K. Chalki,PhotovoltaicArray,2024-09-24 11:00:00,173.5825653076172,694.3302612304688,946.9698030560013
E.K. Chalki,PhotovoltaicArray,2024-09-24 11:15:00,177.06805419921875,708.272216796875,927.7953655022874
E.K. Chalki,PhotovoltaicArray,2024-09-24 11:30:00,172.71719360351562,690.8687744140625,908.6209279485734
E.K. Chalki,PhotovoltaicArray,2024-09-24 11:45:00,163.01351928710938,652.0540771484375,889.4464903948594
E.K. Chalki,PhotovoltaicArray,2024-09-24 12:00:00,148.17906188964844,592.7162475585938,852.334675774768
E.K. Chalki,PhotovoltaicArray,2024-09-24 12:15:00,145.20367431640625,580.814697265625,815.2228611546765
E.K. Chalki,PhotovoltaicArray,2024-09-24 12:30:00,146.7017059326172,586.8068237304688,778.111046534585
E.K. Chalki,PhotovoltaicArray,2024-09-24 12:45:00,136.86810302734375,547.472412109375,740.9992319144935
E.K. Chalki,PhotovoltaicArray,2024-09-24 13:00:00,111.55665588378906,446.22662353515625,690.2797519337018
E.K. Chalki,PhotovoltaicArray,2024-09-24 13:15:00,122.53072357177734,490.1228942871094,639.56027195291
E.K. Chalki,PhotovoltaicArray,2024-09-24 13:30:00,106.61748504638672,426.4699401855469,588.8407919721183
E.K. Chalki,PhotovoltaicArray,2024-09-24 13:45:00,101.12269592285156,404.49078369140625,538.1213119913266
E.K. Chalki,PhotovoltaicArray,2024-09-24 14:00:00,89.36550903320312,357.4620361328125,478.7424085991802
E.K. Chalki,PhotovoltaicArray,2024-09-24 14:15:00,71.72787475585938,286.9114990234375,419.3635052070339
E.K. Chalki,PhotovoltaicArray,2024-09-24 14:30:00,60.635414123535156,242.54165649414062,359.98460181488747
E.K. Chalki,PhotovoltaicArray,2024-09-24 14:45:00,53.024967193603516,212.09986877441406,300.6056984227411
E.K. Chalki,PhotovoltaicArray,2024-09-24 15:00:00,33.93984603881836,135.75938415527344,245.24724161443797
E.K. Chalki,PhotovoltaicArray,2024-09-24 15:15:00,23.663362503051758,94.65345001220703,189.8887848061348
E.K. Chalki,PhotovoltaicArray,2024-09-24 15:30:00,12.760361671447754,51.041446685791016,134.53032799783168
E.K. Chalki,PhotovoltaicArray,2024-09-24 15:45:00,3.757146120071411,15.028584480285645,79.17187118952852
E.K. Chalki,PhotovoltaicArray,2024-09-24 16:00:00,0.0,0.0,59.378903392146384
E.K. Chalki,PhotovoltaicArray,2024-09-24 16:15:00,0.0,0.0,39.58593559476426
E.K. Chalki,PhotovoltaicArray,2024-09-24 16:30:00,0.0,0.0,19.79296779738213
E.K. Chalki,PhotovoltaicArray,2024-09-24 16:45:00,0.0,0.0,0.0
E.K. Chalki,PhotovoltaicArray,2024-09-24 17:00:00,0.0,0.0,0.0
E.K. Chalki,PhotovoltaicArray,2024-09-24 17:15:00,0.0,0.0,0.0
E.K. Chalki,PhotovoltaicArray,2024-09-24 17:30:00,0.0,0.0,0.0
E.K. Chalki,PhotovoltaicArray,2024-09-24 17:45:00,0.0,0.0,0.0
E.K. Chalki,PhotovoltaicArray,2024-09-24 18:00:00,0.0,0.0,0.0
E.K. Chalki,PhotovoltaicArray,2024-09-24 18:15:00,0.0,0.0,0.0
E.K. Chalki,PhotovoltaicArray,2024-09-24 18:30:00,0.0,0.0,0.0
E.K. Chalki,PhotovoltaicArray,2024-09-24 18:45:00,0.0,0.0,0.0
E.K. Chalki,PhotovoltaicArray,2024-09-24 19:00:00,0.0,0.0,0.0
E.K. Chalki,PhotovoltaicArray,2024-09-24 19:15:00,0.0,0.0,0.0
E.K. Chalki,PhotovoltaicArray,2024-09-24 19:30:00,0.0,0.0,0.0
E.K. Chalki,PhotovoltaicArray,2024-09-24 19:45:00,0.0,0.0,0.0
E.K. Chalki,PhotovoltaicArray,2024-09-24 20:00:00,0.0,0.0,0.0
E.K. Chalki,PhotovoltaicArray,2024-09-24 20:15:00,0.0,0.0,0.0
E.K. Chalki,PhotovoltaicArray,2024-09-24 20:30:00,0.0,0.0,0.0
E.K. Chalki,PhotovoltaicArray,2024-09-24 20:45:00,0.0,0.0,0.0
E.K. Chalki,PhotovoltaicArray,2024-09-24 21:00:00,0.0,0.0,0.0
E.K. Chalki,PhotovoltaicArray,2024-09-24 21:15:00,0.0,0.0,0.0
E.K. Chalki,PhotovoltaicArray,2024-09-24 21:30:00,0.0,0.0,0.0
E.K. Chalki,PhotovoltaicArray,2024-09-24 21:45:00,0.0,0.0,0.0
E.K. Chalki,PhotovoltaicArray,2024-09-24 22:00:00,0.0,0.0,0.0
E.K. Chalki,PhotovoltaicArray,2024-09-24 22:15:00,0.0,0.0,0.0
E.K. Chalki,PhotovoltaicArray,2024-09-24 22:30:00,0.0,0.0,0.0
E.K. Chalki,PhotovoltaicArray,2024-09-24 22:45:00,0.0,0.0,0.0
E.K. Chalki,PhotovoltaicArray,2024-09-24 23:00:00,0.0,0.0,0.0
E.K. Chalki,PhotovoltaicArray,2024-09-24 23:15:00,0.0,0.0,0.0
E.K. Chalki,PhotovoltaicArray,2024-09-24 23:30:00,0.0,0.0,0.0
E.K. Chalki,PhotovoltaicArray,2024-09-24 23:45:00,0.0,0.0,0.0
E.K. Chalki,PhotovoltaicArray,2024-09-25 00:00:00,0.0,0.0,0.0
E.K. Chalki,PhotovoltaicArray,2024-09-25 00:15:00,0.0,0.0,0.0
E.K. Chalki,PhotovoltaicArray,2024-09-25 00:30:00,0.0,0.0,0.0
E.K. Chalki,PhotovoltaicArray,2024-09-25 00:45:00,0.0,0.0,0.0
E.K. Chalki,PhotovoltaicArray,2024-09-25 01:00:00,0.0,0.0,0.0
E.K. Chalki,PhotovoltaicArray,2024-09-25 01:15:00,0.0,0.0,0.0
E.K. Chalki,PhotovoltaicArray,2024-09-25 01:30:00,0.0,0.0,0.0
E.K. Chalki,PhotovoltaicArray,2024-09-25 01:45:00,0.0,0.0,0.0
E.K. Chalki,PhotovoltaicArray,2024-09-25 02:00:00,0.0,0.0,0.0
E.K. Chalki,PhotovoltaicArray,2024-09-25 02:15:00,0.0,0.0,0.0
E.K. Chalki,PhotovoltaicArray,2024-09-25 02:30:00,0.0,0.0,0.0
E.K. Chalki,PhotovoltaicArray,2024-09-25 02:45:00,0.0,0.0,0.0
E.K. Chalki,PhotovoltaicArray,2024-09-25 03:00:00,0.0,0.0,0.0
E.K. Chalki,PhotovoltaicArray,2024-09-25 03:15:00,0.0,0.0,0.0
E.K. Chalki,PhotovoltaicArray,2024-09-25 03:30:00,0.0,0.0,0.0
E.K. Chalki,PhotovoltaicArray,2024-09-25 03:45:00,0.0,0.0,0.0
E.K. Chalki,PhotovoltaicArray,2024-09-25 04:00:00,0.0,0.0,14.591977603854186
E.K. Chalki,PhotovoltaicArray,2024-09-25 04:15:00,0.0,0.0,29.183955207708372
E.K. Chalki,PhotovoltaicArray,2024-09-25 04:30:00,4.057831764221191,16.231327056884766,43.77593281156256
E.K. Chalki,PhotovoltaicArray,2024-09-25 04:45:00,7.588870525360107,30.35548210144043,58.367910415416745
E.K. Chalki,PhotovoltaicArray,2024-09-25 05:00:00,19.181550979614258,76.72620391845703,111.76833909335122
E.K. Chalki,PhotovoltaicArray,2024-09-25 05:15:00,29.915681838989258,119.66272735595703,165.1687677712857
E.K. Chalki,PhotovoltaicArray,2024-09-25 05:30:00,42.93552780151367,171.7421112060547,218.5691964492202
E.K. Chalki,PhotovoltaicArray,2024-09-25 05:45:00,54.9475212097168,219.7900848388672,271.96962512715464
E.K. Chalki,PhotovoltaicArray,2024-09-25 06:00:00,68.24018859863281,272.96075439453125,332.51080880271996
E.K. Chalki,PhotovoltaicArray,2024-09-25 06:15:00,83.1395263671875,332.55810546875,393.0519924782852
E.K. Chalki,PhotovoltaicArray,2024-09-25 06:30:00,97.76069641113281,391.04278564453125,453.59317615385044
E.K. Chalki,PhotovoltaicArray,2024-09-25 06:45:00,112.47200775146484,449.8880310058594,514.1343598294156
E.K. Chalki,PhotovoltaicArray,2024-09-25 07:00:00,116.99454498291016,467.9781799316406,567.2243208987575
E.K. Chalki,PhotovoltaicArray,2024-09-25 07:15:00,127.20494842529297,508.8197937011719,620.3142819680993
E.K. Chalki,PhotovoltaicArray,2024-09-25 07:30:00,141.78025817871094,567.1210327148438,673.4042430374411
E.K. Chalki,PhotovoltaicArray,2024-09-25 07:45:00,153.507080078125,614.0283203125,726.494204106783
E.K. Chalki,PhotovoltaicArray,2024-09-25 08:00:00,147.4309539794922,589.7238159179688,764.9921875722705
E.K. Chalki,PhotovoltaicArray,2024-09-25 08:15:00,164.3374481201172,657.3497924804688,803.4901710377582
E.K. Chalki,PhotovoltaicArray,2024-09-25 08:30:00,172.59085083007812,690.3634033203125,841.9881545032459
E.K. Chalki,PhotovoltaicArray,2024-09-25 08:45:00,168.48182678222656,673.9273071289062,880.4861379687335
E.K. Chalki,PhotovoltaicArray,2024-09-25 09:00:00,167.9877166748047,671.9508666992188,901.2874677444404
E.K. Chalki,PhotovoltaicArray,2024-09-25 09:15:00,160.39361572265625,641.574462890625,922.0887975201475
E.K. Chalki,PhotovoltaicArray,2024-09-25 09:30:00,164.7357635498047,658.9430541992188,942.8901272958544
E.K. Chalki,PhotovoltaicArray,2024-09-25 09:45:00,173.20147705078125,692.805908203125,963.6914570715616
E.K. Chalki,PhotovoltaicArray,2024-09-25 10:00:00,176.33609008789062,705.3443603515625,964.6228598973394
E.K. Chalki,PhotovoltaicArray,2024-09-25 10:15:00,173.43606567382812,693.7442626953125,965.5542627231175
E.K. Chalki,PhotovoltaicArray,2024-09-25 10:30:00,174.52191162109375,698.087646484375,966.4856655488954
E.K. Chalki,PhotovoltaicArray,2024-09-25 10:45:00,187.3831787109375,749.53271484375,967.4170683746735
E.K. Chalki,PhotovoltaicArray,2024-09-25 11:00:00,176.8127899169922,707.2511596679688,948.7890118591149
E.K. Chalki,PhotovoltaicArray,2024-09-25 11:15:00,177.57411193847656,710.2964477539062,930.1609553435562
E.K. Chalki,PhotovoltaicArray,2024-09-25 11:30:00,173.85406494140625,695.416259765625,911.5328988279978
E.K. Chalki,PhotovoltaicArray,2024-09-25 11:45:00,164.47804260253906,657.9121704101562,892.9048423124392
E.K. Chalki,PhotovoltaicArray,2024-09-25 12:00:00,158.0659637451172,632.2638549804688,855.9591968899147
E.K. Chalki,PhotovoltaicArray,2024-09-25 12:15:00,152.0955352783203,608.3821411132812,819.0135514673902
E.K. Chalki,PhotovoltaicArray,2024-09-25 12:30:00,146.7017059326172,586.8068237304688,782.0679060448659
E.K. Chalki,PhotovoltaicArray,2024-09-25 12:45:00,136.8522186279297,547.4088745117188,745.1222606223415
E.K. Chalki,PhotovoltaicArray,2024-09-25 13:00:00,132.392578125,529.5703125,694.2055728131483
E.K. Chalki,PhotovoltaicArray,2024-09-25 13:15:00,122.53072357177734,490.1228942871094,643.2888850039548
E.K. Chalki,PhotovoltaicArray,2024-09-25 13:30:00,107.9301986694336,431.7207946777344,592.3721971947615
E.K. Chalki,PhotovoltaicArray,2024-09-25 13:45:00,102.0068588256836,408.0274353027344,541.4555093855681
E.K. Chalki,PhotovoltaicArray,2024-09-25 14:00:00,88.16992950439453,352.6797180175781,481.2247933185955
E.K. Chalki,PhotovoltaicArray,2024-09-25 14:15:00,75.16162109375,300.646484375,420.99407725162297
E.K. Chalki,PhotovoltaicArray,2024-09-25 14:30:00,60.635414123535156,242.54165649414062,360.76336118465036
E.K. Chalki,PhotovoltaicArray,2024-09-25 14:45:00,52.54793167114258,210.1917266845703,300.5326451176777
E.K. Chalki,PhotovoltaicArray,2024-09-25 15:00:00,33.93984603881836,135.75938415527344,244.6484755710021
E.K. Chalki,PhotovoltaicArray,2024-09-25 15:15:00,21.90740203857422,87.62960815429688,188.7643060243265
E.K. Chalki,PhotovoltaicArray,2024-09-25 15:30:00,11.985015869140625,47.9400634765625,132.8801364776509
E.K. Chalki,PhotovoltaicArray,2024-09-25 15:45:00,0.0,0.0,76.99596693097527
E.K. Chalki,PhotovoltaicArray,2024-09-25 16:00:00,0.0,0.0,57.746975198231446
E.K. Chalki,PhotovoltaicArray,2024-09-25 16:15:00,0.0,0.0,38.497983465487636
E.K. Chalki,PhotovoltaicArray,2024-09-25 16:30:00,0.0,0.0,19.248991732743818
E.K. Chalki,PhotovoltaicArray,2024-09-25 16:45:00,0.0,0.0,0.0
E.K. Chalki,PhotovoltaicArray,2024-09-25 17:00:00,0.0,0.0,0.0
E.K. Chalki,PhotovoltaicArray,2024-09-25 17:15:00,0.0,0.0,0.0
E.K. Chalki,PhotovoltaicArray,2024-09-25 17:30:00,0.0,0.0,0.0
E.K. Chalki,PhotovoltaicArray,2024-09-25 17:45:00,0.0,0.0,0.0
E.K. Chalki,PhotovoltaicArray,2024-09-25 18:00:00,0.0,0.0,0.0
E.K. Chalki,PhotovoltaicArray,2024-09-25 18:15:00,0.0,0.0,0.0
E.K. Chalki,PhotovoltaicArray,2024-09-25 18:30:00,0.0,0.0,0.0
E.K. Chalki,PhotovoltaicArray,2024-09-25 18:45:00,0.0,0.0,0.0
E.K. Chalki,PhotovoltaicArray,2024-09-25 19:00:00,0.0,0.0,0.0
E.K. Chalki,PhotovoltaicArray,2024-09-25 19:15:00,0.0,0.0,0.0
E.K. Chalki,PhotovoltaicArray,2024-09-25 19:30:00,0.0,0.0,0.0
E.K. Chalki,PhotovoltaicArray,2024-09-25 19:45:00,0.0,0.0,0.0
E.K. Chalki,PhotovoltaicArray,2024-09-25 20:00:00,0.0,0.0,0.0
E.K. Chalki,PhotovoltaicArray,2024-09-25 20:15:00,0.0,0.0,0.0
E.K. Chalki,PhotovoltaicArray,2024-09-25 20:30:00,0.0,0.0,0.0
E.K. Chalki,PhotovoltaicArray,2024-09-25 20:45:00,0.0,0.0,0.0
E.K. Chalki,PhotovoltaicArray,2024-09-25 21:00:00,0.0,0.0,0.0
E.K. Chalki,PhotovoltaicArray,2024-09-25 21:15:00,0.0,0.0,0.0
E.K. Chalki,PhotovoltaicArray,2024-09-25 21:30:00,0.0,0.0,0.0
E.K. Chalki,PhotovoltaicArray,2024-09-25 21:45:00,0.0,0.0,0.0
E.K. Chalki,PhotovoltaicArray,2024-09-25 22:00:00,0.0,0.0,0.0
E.K. Chalki,PhotovoltaicArray,2024-09-25 22:15:00,0.0,0.0,0.0
E.K. Chalki,PhotovoltaicArray,2024-09-25 22:30:00,0.0,0.0,0.0
E.K. Chalki,PhotovoltaicArray,2024-09-25 22:45:00,0.0,0.0,0.0
E.K. Chalki,PhotovoltaicArray,2024-09-25 23:00:00,0.0,0.0,0.0
E.K. Chalki,PhotovoltaicArray,2024-09-25 23:15:00,0.0,0.0,0.0
E.K. Chalki,PhotovoltaicArray,2024-09-25 23:30:00,0.0,0.0,0.0
E.K. Chalki,PhotovoltaicArray,2024-09-25 23:45:00,0.0,0.0,0.0
E.K. Chalki,PhotovoltaicArray,2024-09-26 00:00:00,0.0,0.0,0.0
E.K. Chalki,PhotovoltaicArray,2024-09-26 00:15:00,0.0,0.0,0.0
E.K. Chalki,PhotovoltaicArray,2024-09-26 00:30:00,0.0,0.0,0.0
E.K. Chalki,PhotovoltaicArray,2024-09-26 00:45:00,0.0,0.0,0.0
E.K. Chalki,PhotovoltaicArray,2024-09-26 01:00:00,0.0,0.0,0.0
E.K. Chalki,PhotovoltaicArray,2024-09-26 01:15:00,0.0,0.0,0.0
E.K. Chalki,PhotovoltaicArray,2024-09-26 01:30:00,0.0,0.0,0.0
E.K. Chalki,PhotovoltaicArray,2024-09-26 01:45:00,0.0,0.0,0.0
E.K. Chalki,PhotovoltaicArray,2024-09-26 02:00:00,0.0,0.0,0.0
E.K. Chalki,PhotovoltaicArray,2024-09-26 02:15:00,0.0,0.0,0.0
E.K. Chalki,PhotovoltaicArray,2024-09-26 02:30:00,0.0,0.0,0.0
E.K. Chalki,PhotovoltaicArray,2024-09-26 02:45:00,0.0,0.0,0.0
E.K. Chalki,PhotovoltaicArray,2024-09-26 03:00:00,0.0,0.0,0.0
E.K. Chalki,PhotovoltaicArray,2024-09-26 03:15:00,0.0,0.0,0.0
E.K. Chalki,PhotovoltaicArray,2024-09-26 03:30:00,0.0,0.0,0.0
E.K. Chalki,PhotovoltaicArray,2024-09-26 03:45:00,0.0,0.0,0.0
E.K. Chalki,PhotovoltaicArray,2024-09-26 04:00:00,0.0,0.0,14.02567097053524
E.K. Chalki,PhotovoltaicArray,2024-09-26 04:15:00,0.0,0.0,28.05134194107048
E.K. Chalki,PhotovoltaicArray,2024-09-26 04:30:00,3.178154945373535,12.71261978149414,42.07701291160573
E.K. Chalki,PhotovoltaicArray,2024-09-26 04:45:00,7.3657732009887695,29.463092803955078,56.10268388214096
E.K. Chalki,PhotovoltaicArray,2024-09-26 05:00:00,18.736217498779297,74.94486999511719,109.40023357017486
E.K. Chalki,PhotovoltaicArray,2024-09-26 05:15:00,26.776065826416016,107.10426330566406,162.69778325820877
E.K. Chalki,PhotovoltaicArray,2024-09-26 05:30:00,42.93552780151367,171.7421112060547,215.99533294624263
E.K. Chalki,PhotovoltaicArray,2024-09-26 05:45:00,54.19440841674805,216.7776336669922,269.29288263427657
E.K. Chalki,PhotovoltaicArray,2024-09-26 06:00:00,68.24018859863281,272.96075439453125,329.7591085961395
E.K. Chalki,PhotovoltaicArray,2024-09-26 06:15:00,82.3934555053711,329.5738220214844,390.22533455800254
E.K. Chalki,PhotovoltaicArray,2024-09-26 06:30:00,96.70362854003906,386.81451416015625,450.69156051986556
E.K. Chalki,PhotovoltaicArray,2024-09-26 06:45:00,114.19206237792969,456.76824951171875,511.15778648172864
E.K. Chalki,PhotovoltaicArray,2024-09-26 07:00:00,116.99454498291016,467.9781799316406,564.4553361697625
E.K. Chalki,PhotovoltaicArray,2024-09-26 07:15:00,125.73870849609375,502.954833984375,617.7528858577965
E.K. Chalki,PhotovoltaicArray,2024-09-26 07:30:00,140.03053283691406,560.1221313476562,671.0504355458304
E.K. Chalki,PhotovoltaicArray,2024-09-26 07:45:00,152.37973022460938,609.5189208984375,724.3479852338644
E.K. Chalki,PhotovoltaicArray,2024-09-26 08:00:00,149.0736846923828,596.2947387695312,763.30818237424
E.K. Chalki,PhotovoltaicArray,2024-09-26 08:15:00,164.2671661376953,657.0686645507812,802.2683795146156
E.K. Chalki,PhotovoltaicArray,2024-09-26 08:30:00,168.13604736328125,672.544189453125,841.2285766549912
E.K. Chalki,PhotovoltaicArray,2024-09-26 08:45:00,173.67491149902344,694.6996459960938,880.1887737953667
E.K. Chalki,PhotovoltaicArray,2024-09-26 09:00:00,165.8035888671875,663.21435546875,901.0714394626082
E.K. Chalki,PhotovoltaicArray,2024-09-26 09:15:00,159.73480224609375,638.939208984375,921.9541051298496
E.K. Chalki,PhotovoltaicArray,2024-09-26 09:30:00,168.18869018554688,672.7547607421875,942.836770797091
E.K. Chalki,PhotovoltaicArray,2024-09-26 09:45:00,176.91036987304688,707.6414794921875,963.7194364643326
E.K. Chalki,PhotovoltaicArray,2024-09-26 10:00:00,173.705322265625,694.8212890625,964.9661627728245
E.K. Chalki,PhotovoltaicArray,2024-09-26 10:15:00,171.91854858398438,687.6741943359375,966.2128890813163
E.K. Chalki,PhotovoltaicArray,2024-09-26 10:30:00,184.17710876464844,736.7084350585938,967.4596153898085
E.K. Chalki,PhotovoltaicArray,2024-09-26 10:45:00,186.3520965576172,745.4083862304688,968.7063416983004
E.K. Chalki,PhotovoltaicArray,2024-09-26 11:00:00,175.03720092773438,700.1488037109375,949.6937654937971
E.K. Chalki,PhotovoltaicArray,2024-09-26 11:15:00,176.56724548339844,706.2689819335938,930.6811892892938
E.K. Chalki,PhotovoltaicArray,2024-09-26 11:30:00,171.4814910888672,685.9259643554688,911.6686130847904
E.K. Chalki,PhotovoltaicArray,2024-09-26 11:45:00,163.01351928710938,652.0540771484375,892.6560368802872
E.K. Chalki,PhotovoltaicArray,2024-09-26 12:00:00,157.8752899169922,631.5011596679688,855.2542476255265
E.K. Chalki,PhotovoltaicArray,2024-09-26 12:15:00,148.49977111816406,593.9990844726562,817.8524583707659
E.K. Chalki,PhotovoltaicArray,2024-09-26 12:30:00,146.269287109375,585.0771484375,780.4506691160052
E.K. Chalki,PhotovoltaicArray,2024-09-26 12:45:00,139.06153869628906,556.2461547851562,744.2956061697367
E.K. Chalki,PhotovoltaicArray,2024-09-26 13:00:00,131.36695861816406,525.4678344726562,692.5564643673179
E.K. Chalki,PhotovoltaicArray,2024-09-26 13:15:00,120.32617950439453,481.3047180175781,640.8173225648989
E.K. Chalki,PhotovoltaicArray,2024-09-26 13:30:00,104.84284973144531,419.37139892578125,589.07818076248
E.K. Chalki,PhotovoltaicArray,2024-09-26 13:45:00,82.42212677001953,329.6885070800781,537.3390389600611
E.K. Chalki,PhotovoltaicArray,2024-09-26 14:00:00,88.16992950439453,352.6797180175781,476.8728129981981
E.K. Chalki,PhotovoltaicArray,2024-09-26 14:15:00,73.02137756347656,292.08551025390625,416.40658703633505
E.K. Chalki,PhotovoltaicArray,2024-09-26 14:30:00,62.56636428833008,250.2654571533203,355.94036107447204
E.K. Chalki,PhotovoltaicArray,2024-09-26 14:45:00,46.81062698364258,187.2425079345703,295.474135112609
E.K. Chalki,PhotovoltaicArray,2024-09-26 15:00:00,33.85057830810547,135.40231323242188,239.99481438471406
E.K. Chalki,PhotovoltaicArray,2024-09-26 15:15:00,23.978410720825195,95.91364288330078,184.51549365681916
E.K. Chalki,PhotovoltaicArray,2024-09-26 15:30:00,12.737248420715332,50.94899368286133,129.0361729289242
E.K. Chalki,PhotovoltaicArray,2024-09-26 15:45:00,0.0,0.0,73.55685220102924
E.K. Chalki,PhotovoltaicArray,2024-09-26 16:00:00,0.0,0.0,55.16763915077194
E.K. Chalki,PhotovoltaicArray,2024-09-26 16:15:00,0.0,0.0,36.77842610051462
E.K. Chalki,PhotovoltaicArray,2024-09-26 16:30:00,0.0,0.0,18.38921305025731
E.K. Chalki,PhotovoltaicArray,2024-09-26 16:45:00,0.0,0.0,0.0
E.K. Chalki,PhotovoltaicArray,2024-09-26 17:00:00,0.0,0.0,0.0
E.K. Chalki,PhotovoltaicArray,2024-09-26 17:15:00,0.0,0.0,0.0
E.K. Chalki,PhotovoltaicArray,2024-09-26 17:30:00,0.0,0.0,0.0
E.K. Chalki,PhotovoltaicArray,2024-09-26 17:45:00,0.0,0.0,0.0
E.K. Chalki,PhotovoltaicArray,2024-09-26 18:00:00,0.0,0.0,0.0
E.K. Chalki,PhotovoltaicArray,2024-09-26 18:15:00,0.0,0.0,0.0
E.K. Chalki,PhotovoltaicArray,2024-09-26 18:30:00,0.0,0.0,0.0
E.K. Chalki,PhotovoltaicArray,2024-09-26 18:45:00,0.0,0.0,0.0
E.K. Chalki,PhotovoltaicArray,2024-09-26 19:00:00,0.0,0.0,0.0
E.K. Chalki,PhotovoltaicArray,2024-09-26 19:15:00,0.0,0.0,0.0
E.K. Chalki,PhotovoltaicArray,2024-09-26 19:30:00,0.0,0.0,0.0
E.K. Chalki,PhotovoltaicArray,2024-09-26 19:45:00,0.0,0.0,0.0
E.K. Chalki,PhotovoltaicArray,2024-09-26 20:00:00,0.0,0.0,0.0
E.K. Chalki,PhotovoltaicArray,2024-09-26 20:15:00,0.0,0.0,0.0
E.K. Chalki,PhotovoltaicArray,2024-09-26 20:30:00,0.0,0.0,0.0
E.K. Chalki,PhotovoltaicArray,2024-09-26 20:45:00,0.0,0.0,0.0
E.K. Chalki,PhotovoltaicArray,2024-09-26 21:00:00,0.0,0.0,0.0
E.K. Chalki,PhotovoltaicArray,2024-09-26 21:15:00,0.0,0.0,0.0
E.K. Chalki,PhotovoltaicArray,2024-09-26 21:30:00,0.0,0.0,0.0
E.K. Chalki,PhotovoltaicArray,2024-09-26 21:45:00,0.0,0.0,0.0
E.K. Chalki,PhotovoltaicArray,2024-09-26 22:00:00,0.0,0.0,0.0
E.K. Chalki,PhotovoltaicArray,2024-09-26 22:15:00,0.0,0.0,0.0
E.K. Chalki,PhotovoltaicArray,2024-09-26 22:30:00,0.0,0.0,0.0
E.K. Chalki,PhotovoltaicArray,2024-09-26 22:45:00,0.0,0.0,0.0
E.K. Chalki,PhotovoltaicArray,2024-09-26 23:00:00,0.0,0.0,0.0
E.K. Chalki,PhotovoltaicArray,2024-09-26 23:15:00,0.0,0.0,0.0
E.K. Chalki,PhotovoltaicArray,2024-09-26 23:30:00,0.0,0.0,0.0
E.K. Chalki,PhotovoltaicArray,2024-09-26 23:45:00,0.0,0.0,0.0
E.K. Chalki,PhotovoltaicArray,2024-09-27 00:00:00,0.0,0.0,0.0
E.K. Chalki,PhotovoltaicArray,2024-09-27 00:15:00,0.0,0.0,0.0
E.K. Chalki,PhotovoltaicArray,2024-09-27 00:30:00,0.0,0.0,0.0
E.K. Chalki,PhotovoltaicArray,2024-09-27 00:45:00,0.0,0.0,0.0
E.K. Chalki,PhotovoltaicArray,2024-09-27 01:00:00,0.0,0.0,0.0
E.K. Chalki,PhotovoltaicArray,2024-09-27 01:15:00,0.0,0.0,0.0
E.K. Chalki,PhotovoltaicArray,2024-09-27 01:30:00,0.0,0.0,0.0
E.K. Chalki,PhotovoltaicArray,2024-09-27 01:45:00,0.0,0.0,0.0
E.K. Chalki,PhotovoltaicArray,2024-09-27 02:00:00,0.0,0.0,0.0
E.K. Chalki,PhotovoltaicArray,2024-09-27 02:15:00,0.0,0.0,0.0
E.K. Chalki,PhotovoltaicArray,2024-09-27 02:30:00,0.0,0.0,0.0
E.K. Chalki,PhotovoltaicArray,2024-09-27 02:45:00,0.0,0.0,0.0
E.K. Chalki,PhotovoltaicArray,2024-09-27 03:00:00,0.0,0.0,0.0
E.K. Chalki,PhotovoltaicArray,2024-09-27 03:15:00,0.0,0.0,0.0
E.K. Chalki,PhotovoltaicArray,2024-09-27 03:30:00,0.0,0.0,0.0
E.K. Chalki,PhotovoltaicArray,2024-09-27 03:45:00,0.0,0.0,0.0
E.K. Chalki,PhotovoltaicArray,2024-09-27 04:00:00,0.0,0.0,13.767905483331267
E.K. Chalki,PhotovoltaicArray,2024-09-27 04:15:00,0.0,0.0,27.535810966662535
E.K. Chalki,PhotovoltaicArray,2024-09-27 04:30:00,3.178154945373535,12.71261978149414,41.3037164499938
E.K. Chalki,PhotovoltaicArray,2024-09-27 04:45:00,7.060473442077637,28.241893768310547,55.07162193332507
E.K. Chalki,PhotovoltaicArray,2024-09-27 05:00:00,18.56227684020996,74.24910736083984,108.8916160954382
E.K. Chalki,PhotovoltaicArray,2024-09-27 05:15:00,26.776065826416016,107.10426330566406,162.71161025755134
E.K. Chalki,PhotovoltaicArray,2024-09-27 05:30:00,42.93552780151367,171.7421112060547,216.53160441966443
E.K. Chalki,PhotovoltaicArray,2024-09-27 05:45:00,54.19440841674805,216.7776336669922,270.3515985817776
E.K. Chalki,PhotovoltaicArray,2024-09-27 06:00:00,68.24018859863281,272.96075439453125,331.6813593711624
E.K. Chalki,PhotovoltaicArray,2024-09-27 06:15:00,83.1395263671875,332.55810546875,393.0111201605471
E.K. Chalki,PhotovoltaicArray,2024-09-27 06:30:00,90.7623291015625,363.04931640625,454.3408809499318
E.K. Chalki,PhotovoltaicArray,2024-09-27 06:45:00,112.13207244873047,448.5282897949219,516.9222695105284
E.K. Chalki,PhotovoltaicArray,2024-09-27 07:00:00,116.855224609375,467.4208984375,571.0551706154445
E.K. Chalki,PhotovoltaicArray,2024-09-27 07:15:00,127.20494842529297,508.8197937011719,625.1880717203607
E.K. Chalki,PhotovoltaicArray,2024-09-27 07:30:00,141.1024627685547,564.4098510742188,679.3209728252768
E.K. Chalki,PhotovoltaicArray,2024-09-27 07:45:00,153.68185424804688,614.7274169921875,733.453873930193
E.K. Chalki,PhotovoltaicArray,2024-09-27 08:00:00,148.14617919921875,592.584716796875,772.8801487233688
E.K. Chalki,PhotovoltaicArray,2024-09-27 08:15:00,158.79652404785156,635.1860961914062,812.3064235165447
E.K. Chalki,PhotovoltaicArray,2024-09-27 08:30:00,167.98780822753906,671.9512329101562,851.7326983097205
E.K. Chalki,PhotovoltaicArray,2024-09-27 08:45:00,171.595458984375,686.3818359375,891.1589731028964
E.K. Chalki,PhotovoltaicArray,2024-09-27 09:00:00,184.06219482421875,736.248779296875,912.7495521563022
E.K. Chalki,PhotovoltaicArray,2024-09-27 09:15:00,183.3720703125,733.48828125,934.3401312097081
E.K. Chalki,PhotovoltaicArray,2024-09-27 09:30:00,175.06655883789062,700.2662353515625,955.9307102631141
E.K. Chalki,PhotovoltaicArray,2024-09-27 09:45:00,173.61842346191406,694.4736938476562,977.52128931652
E.K. Chalki,PhotovoltaicArray,2024-09-27 10:00:00,173.68145751953125,694.725830078125,978.4600101449289
E.K. Chalki,PhotovoltaicArray,2024-09-27 10:15:00,175.77459716796875,703.098388671875,979.3987309733379
E.K. Chalki,PhotovoltaicArray,2024-09-27 10:30:00,178.504150390625,714.0166015625,980.3374518017467
E.K. Chalki,PhotovoltaicArray,2024-09-27 10:45:00,192.91415405273438,771.6566162109375,981.2761726301557
E.K. Chalki,PhotovoltaicArray,2024-09-27 11:00:00,190.32763671875,761.310546875,962.1888491191738
E.K. Chalki,PhotovoltaicArray,2024-09-27 11:15:00,182.37945556640625,729.517822265625,943.1015256081918
E.K. Chalki,PhotovoltaicArray,2024-09-27 11:30:00,180.89256286621094,723.5702514648438,924.0142020972096
E.K. Chalki,PhotovoltaicArray,2024-09-27 11:45:00,164.71629333496094,658.8651733398438,904.9268785862278
E.K. Chalki,PhotovoltaicArray,2024-09-27 12:00:00,152.12686157226562,608.5074462890625,867.0651385070666
E.K. Chalki,PhotovoltaicArray,2024-09-27 12:15:00,149.10740661621094,596.4296264648438,829.2033984279058
E.K. Chalki,PhotovoltaicArray,2024-09-27 12:30:00,136.79615783691406,547.1846313476562,791.3416583487449
E.K. Chalki,PhotovoltaicArray,2024-09-27 12:45:00,139.1259002685547,556.5036010742188,754.7315460407959
E.K. Chalki,PhotovoltaicArray,2024-09-27 13:00:00,132.2904510498047,529.1618041992188,701.8502727070918
E.K. Chalki,PhotovoltaicArray,2024-09-27 13:15:00,123.3519515991211,493.4078063964844,648.9689993733874
E.K. Chalki,PhotovoltaicArray,2024-09-27 13:30:00,99.77727508544922,399.1091003417969,596.0877260396833
E.K. Chalki,PhotovoltaicArray,2024-09-27 13:45:00,102.93412017822266,411.7364807128906,543.2064527059791
E.K. Chalki,PhotovoltaicArray,2024-09-27 14:00:00,88.77198791503906,355.08795166015625,481.56378497379137
E.K. Chalki,PhotovoltaicArray,2024-09-27 14:15:00,76.45513916015625,305.820556640625,419.9211172416036
E.K. Chalki,PhotovoltaicArray,2024-09-27 14:30:00,57.83149719238281,231.32598876953125,358.2784495094159
E.K. Chalki,PhotovoltaicArray,2024-09-27 14:45:00,46.81062698364258,187.2425079345703,296.6357817772282
E.K. Chalki,PhotovoltaicArray,2024-09-27 15:00:00,33.85057830810547,135.40231323242188,239.99962512988822
E.K. Chalki,PhotovoltaicArray,2024-09-27 15:15:00,20.93148422241211,83.72593688964844,183.36346848254826
E.K. Chalki,PhotovoltaicArray,2024-09-27 15:30:00,12.022598266601562,48.09039306640625,126.72731183520824
E.K. Chalki,PhotovoltaicArray,2024-09-27 15:45:00,0.0,0.0,70.09115518786827
E.K. Chalki,PhotovoltaicArray,2024-09-27 16:00:00,0.0,0.0,52.5683663909012
E.K. Chalki,PhotovoltaicArray,2024-09-27 16:15:00,0.0,0.0,35.045577593934134
E.K. Chalki,PhotovoltaicArray,2024-09-27 16:30:00,0.0,0.0,17.522788796967067
E.K. Chalki,PhotovoltaicArray,2024-09-27 16:45:00,0.0,0.0,0.0
E.K. Chalki,PhotovoltaicArray,2024-09-27 17:00:00,0.0,0.0,0.0
E.K. Chalki,PhotovoltaicArray,2024-09-27 17:15:00,0.0,0.0,0.0
E.K. Chalki,PhotovoltaicArray,2024-09-27 17:30:00,0.0,0.0,0.0
E.K. Chalki,PhotovoltaicArray,2024-09-27 17:45:00,0.0,0.0,0.0
E.K. Chalki,PhotovoltaicArray,2024-09-27 18:00:00,0.0,0.0,0.0
E.K. Chalki,PhotovoltaicArray,2024-09-27 18:15:00,0.0,0.0,0.0
E.K. Chalki,PhotovoltaicArray,2024-09-27 18:30:00,0.0,0.0,0.0
E.K. Chalki,PhotovoltaicArray,2024-09-27 18:45:00,0.0,0.0,0.0
E.K. Chalki,PhotovoltaicArray,2024-09-27 19:00:00,0.0,0.0,0.0
E.K. Chalki,PhotovoltaicArray,2024-09-27 19:15:00,0.0,0.0,0.0
E.K. Chalki,PhotovoltaicArray,2024-09-27 19:30:00,0.0,0.0,0.0
E.K. Chalki,PhotovoltaicArray,2024-09-27 19:45:00,0.0,0.0,0.0
E.K. Chalki,PhotovoltaicArray,2024-09-27 20:00:00,0.0,0.0,0.0
E.K. Chalki,PhotovoltaicArray,2024-09-27 20:15:00,0.0,0.0,0.0
E.K. Chalki,PhotovoltaicArray,2024-09-27 20:30:00,0.0,0.0,0.0
E.K. Chalki,PhotovoltaicArray,2024-09-27 20:45:00,0.0,0.0,0.0
E.K. Chalki,PhotovoltaicArray,2024-09-27 21:00:00,0.0,0.0,0.0
E.K. Chalki,PhotovoltaicArray,2024-09-27 21:15:00,0.0,0.0,0.0
E.K. Chalki,PhotovoltaicArray,2024-09-27 21:30:00,0.0,0.0,0.0
E.K. Chalki,PhotovoltaicArray,2024-09-27 21:45:00,0.0,0.0,0.0
E.K. Chalki,PhotovoltaicArray,2024-09-27 22:00:00,0.0,0.0,0.0
E.K. Chalki,PhotovoltaicArray,2024-09-27 22:15:00,0.0,0.0,0.0
E.K. Chalki,PhotovoltaicArray,2024-09-27 22:30:00,0.0,0.0,0.0
E.K. Chalki,PhotovoltaicArray,2024-09-27 22:45:00,0.0,0.0,0.0
E.K. Chalki,PhotovoltaicArray,2024-09-27 23:00:00,0.0,0.0,0.0
E.K. Chalki,PhotovoltaicArray,2024-09-27 23:15:00,0.0,0.0,0.0
E.K. Chalki,PhotovoltaicArray,2024-09-27 23:30:00,0.0,0.0,0.0
E.K. Chalki,PhotovoltaicArray,2024-09-27 23:45:00,0.0,0.0,0.0
E.K. Chalki,PhotovoltaicArray,2024-09-28 00:00:00,0.0,0.0,0.0
E.K. Chalki,PhotovoltaicArray,2024-09-28 00:15:00,0.0,0.0,0.0
E.K. Chalki,PhotovoltaicArray,2024-09-28 00:30:00,0.0,0.0,0.0
E.K. Chalki,PhotovoltaicArray,2024-09-28 00:45:00,0.0,0.0,0.0
E.K. Chalki,PhotovoltaicArray,2024-09-28 01:00:00,0.0,0.0,0.0
E.K. Chalki,PhotovoltaicArray,2024-09-28 01:15:00,0.0,0.0,0.0
E.K. Chalki,PhotovoltaicArray,2024-09-28 01:30:00,0.0,0.0,0.0
E.K. Chalki,PhotovoltaicArray,2024-09-28 01:45:00,0.0,0.0,0.0
E.K. Chalki,PhotovoltaicArray,2024-09-28 02:00:00,0.0,0.0,0.0
E.K. Chalki,PhotovoltaicArray,2024-09-28 02:15:00,0.0,0.0,0.0
E.K. Chalki,PhotovoltaicArray,2024-09-28 02:30:00,0.0,0.0,0.0
E.K. Chalki,PhotovoltaicArray,2024-09-28 02:45:00,0.0,0.0,0.0
E.K. Chalki,PhotovoltaicArray,2024-09-28 03:00:00,0.0,0.0,0.0
E.K. Chalki,PhotovoltaicArray,2024-09-28 03:15:00,0.0,0.0,0.0
E.K. Chalki,PhotovoltaicArray,2024-09-28 03:30:00,0.0,0.0,0.0
E.K. Chalki,PhotovoltaicArray,2024-09-28 03:45:00,0.0,0.0,0.0
E.K. Chalki,PhotovoltaicArray,2024-09-28 04:00:00,0.0,0.0,13.194031708647236
E.K. Chalki,PhotovoltaicArray,2024-09-28 04:15:00,0.0,0.0,26.38806341729447
E.K. Chalki,PhotovoltaicArray,2024-09-28 04:30:00,3.0993974208831787,12.397589683532715,39.582095125941706
E.K. Chalki,PhotovoltaicArray,2024-09-28 04:45:00,7.060473442077637,28.241893768310547,52.77612683458894
E.K. Chalki,PhotovoltaicArray,2024-09-28 05:00:00,18.250896453857422,73.00358581542969,106.18054089339918
E.K. Chalki,PhotovoltaicArray,2024-09-28 05:15:00,29.02311134338379,116.09244537353516,159.58495495220942
E.K. Chalki,PhotovoltaicArray,2024-09-28 05:30:00,42.34379196166992,169.3751678466797,212.98936901101968
E.K. Chalki,PhotovoltaicArray,2024-09-28 05:45:00,52.399349212646484,209.59739685058594,266.3937830698299
E.K. Chalki,PhotovoltaicArray,2024-09-28 06:00:00,64.26685333251953,257.0674133300781,327.02350020718507
E.K. Chalki,PhotovoltaicArray,2024-09-28 06:15:00,82.3934555053711,329.5738220214844,387.6532173445402
E.K. Chalki,PhotovoltaicArray,2024-09-28 06:30:00,87.37403106689453,349.4961242675781,448.28293448189544
E.K. Chalki,PhotovoltaicArray,2024-09-28 06:45:00,112.89984130859375,451.599365234375,508.9126516192506
E.K. Chalki,PhotovoltaicArray,2024-09-28 07:00:00,113.36769104003906,453.47076416015625,562.0029220659502
E.K. Chalki,PhotovoltaicArray,2024-09-28 07:15:00,125.73870849609375,502.954833984375,615.0931925126497
E.K. Chalki,PhotovoltaicArray,2024-09-28 07:30:00,130.09112548828125,520.364501953125,668.1834629593494
E.K. Chalki,PhotovoltaicArray,2024-09-28 07:45:00,149.53265380859375,598.130615234375,721.2737334060489
E.K. Chalki,PhotovoltaicArray,2024-09-28 08:00:00,148.309814453125,593.2392578125,760.2275413077692
E.K. Chalki,PhotovoltaicArray,2024-09-28 08:15:00,160.43276977539062,641.7310791015625,799.1813492094898
E.K. Chalki,PhotovoltaicArray,2024-09-28 08:30:00,167.8609161376953,671.4436645507812,838.1351571112101
E.K. Chalki,PhotovoltaicArray,2024-09-28 08:45:00,171.8826904296875,687.53076171875,877.0889650129305
E.K. Chalki,PhotovoltaicArray,2024-09-28 09:00:00,174.6634063720703,698.6536254882812,898.1365870243441
E.K. Chalki,PhotovoltaicArray,2024-09-28 09:15:00,178.31466674804688,713.2586669921875,919.1842090357574
E.K. Chalki,PhotovoltaicArray,2024-09-28 09:30:00,166.55067443847656,666.2026977539062,940.2318310471709
E.K. Chalki,PhotovoltaicArray,2024-09-28 09:45:00,176.91036987304688,707.6414794921875,961.2794530585844
E.K. Chalki,PhotovoltaicArray,2024-09-28 10:00:00,173.705322265625,694.8212890625,961.9077402828055
E.K. Chalki,PhotovoltaicArray,2024-09-28 10:15:00,171.91854858398438,687.6741943359375,962.5360275070269
E.K. Chalki,PhotovoltaicArray,2024-09-28 10:30:00,184.17710876464844,736.7084350585938,963.1643147312484
E.K. Chalki,PhotovoltaicArray,2024-09-28 10:45:00,186.73585510253906,746.9434204101562,963.7926019554698
E.K. Chalki,PhotovoltaicArray,2024-09-28 11:00:00,180.29576110839844,721.1830444335938,944.3156980046094
E.K. Chalki,PhotovoltaicArray,2024-09-28 11:15:00,174.75961303710938,699.0384521484375,924.8387940537491
E.K. Chalki,PhotovoltaicArray,2024-09-28 11:30:00,169.4686737060547,677.8746948242188,905.3618901028889
E.K. Chalki,PhotovoltaicArray,2024-09-28 11:45:00,161.2777862548828,645.1111450195312,885.8849861520288
E.K. Chalki,PhotovoltaicArray,2024-09-28 12:00:00,156.6127166748047,626.4508666992188,848.1877526987508
E.K. Chalki,PhotovoltaicArray,2024-09-28 12:15:00,150.40792846679688,601.6317138671875,810.490519245473
E.K. Chalki,PhotovoltaicArray,2024-09-28 12:30:00,147.86268615722656,591.4507446289062,772.7932857921952
E.K. Chalki,PhotovoltaicArray,2024-09-28 12:45:00,138.01153564453125,552.046142578125,736.3526267873601
E.K. Chalki,PhotovoltaicArray,2024-09-28 13:00:00,128.06768798828125,512.270751953125,683.8906435648817
E.K. Chalki,PhotovoltaicArray,2024-09-28 13:15:00,114.80746459960938,459.2298583984375,631.4286603424034
E.K. Chalki,PhotovoltaicArray,2024-09-28 13:30:00,94.9129638671875,379.65185546875,578.9666771199251
E.K. Chalki,PhotovoltaicArray,2024-09-28 13:45:00,99.56022644042969,398.24090576171875,526.5046938974467
E.K. Chalki,PhotovoltaicArray,2024-09-28 14:00:00,82.14347076416016,328.5738830566406,465.8749767600916
E.K. Chalki,PhotovoltaicArray,2024-09-28 14:15:00,65.83779907226562,263.3511962890625,405.2452596227365
E.K. Chalki,PhotovoltaicArray,2024-09-28 14:30:00,56.92107009887695,227.6842803955078,344.61554248538135
E.K. Chalki,PhotovoltaicArray,2024-09-28 14:45:00,43.95167922973633,175.8067169189453,283.98582534802625
E.K. Chalki,PhotovoltaicArray,2024-09-28 15:00:00,29.95317840576172,119.81271362304688,229.32483684077337
E.K. Chalki,PhotovoltaicArray,2024-09-28 15:15:00,19.408573150634766,77.63429260253906,174.66384833352058
E.K. Chalki,PhotovoltaicArray,2024-09-28 15:30:00,9.838179588317871,39.352718353271484,120.00285982626771
E.K. Chalki,PhotovoltaicArray,2024-09-28 15:45:00,0.0,0.0,65.34187131901488
E.K. Chalki,PhotovoltaicArray,2024-09-28 16:00:00,0.0,0.0,49.006403489261174
E.K. Chalki,PhotovoltaicArray,2024-09-28 16:15:00,0.0,0.0,32.67093565950744
E.K. Chalki,PhotovoltaicArray,2024-09-28 16:30:00,0.0,0.0,16.33546782975372
E.K. Chalki,PhotovoltaicArray,2024-09-28 16:45:00,0.0,0.0,0.0
E.K. Chalki,PhotovoltaicArray,2024-09-28 17:00:00,0.0,0.0,0.0
E.K. Chalki,PhotovoltaicArray,2024-09-28 17:15:00,0.0,0.0,0.0
E.K. Chalki,PhotovoltaicArray,2024-09-28 17:30:00,0.0,0.0,0.0
E.K. Chalki,PhotovoltaicArray,2024-09-28 17:45:00,0.0,0.0,0.0
E.K. Chalki,PhotovoltaicArray,2024-09-28 18:00:00,0.0,0.0,0.0
E.K. Chalki,PhotovoltaicArray,2024-09-28 18:15:00,0.0,0.0,0.0
E.K. Chalki,PhotovoltaicArray,2024-09-28 18:30:00,0.0,0.0,0.0
E.K. Chalki,PhotovoltaicArray,2024-09-28 18:45:00,0.0,0.0,0.0
E.K. Chalki,PhotovoltaicArray,2024-09-28 19:00:00,0.0,0.0,0.0
E.K. Chalki,PhotovoltaicArray,2024-09-28 19:15:00,0.0,0.0,0.0
E.K. Chalki,PhotovoltaicArray,2024-09-28 19:30:00,0.0,0.0,0.0
E.K. Chalki,PhotovoltaicArray,2024-09-28 19:45:00,0.0,0.0,0.0
E.K. Chalki,PhotovoltaicArray,2024-09-28 20:00:00,0.0,0.0,0.0
E.K. Chalki,PhotovoltaicArray,2024-09-28 20:15:00,0.0,0.0,0.0
E.K. Chalki,PhotovoltaicArray,2024-09-28 20:30:00,0.0,0.0,0.0
E.K. Chalki,PhotovoltaicArray,2024-09-28 20:45:00,0.0,0.0,0.0
E.K. Chalki,PhotovoltaicArray,2024-09-28 21:00:00,0.0,0.0,0.0
E.K. Chalki,PhotovoltaicArray,2024-09-28 21:15:00,0.0,0.0,0.0
E.K. Chalki,PhotovoltaicArray,2024-09-28 21:30:00,0.0,0.0,0.0
E.K. Chalki,PhotovoltaicArray,2024-09-28 21:45:00,0.0,0.0,0.0
E.K. Chalki,PhotovoltaicArray,2024-09-28 22:00:00,0.0,0.0,0.0
E.K. Chalki,PhotovoltaicArray,2024-09-28 22:15:00,0.0,0.0,0.0
E.K. Chalki,PhotovoltaicArray,2024-09-28 22:30:00,0.0,0.0,0.0
E.K. Chalki,PhotovoltaicArray,2024-09-28 22:45:00,0.0,0.0,0.0
E.K. Chalki,PhotovoltaicArray,2024-09-28 23:00:00,0.0,0.0,0.0
E.K. Chalki,PhotovoltaicArray,2024-09-28 23:15:00,0.0,0.0,0.0
E.K. Chalki,PhotovoltaicArray,2024-09-28 23:30:00,0.0,0.0,0.0
E.K. Chalki,PhotovoltaicArray,2024-09-28 23:45:00,0.0,0.0,0.0
E.K. Chalki,PhotovoltaicArray,2024-09-29 00:00:00,0.0,0.0,0.0
E.K. Chalki,PhotovoltaicArray,2024-09-29 00:15:00,0.0,0.0,0.0
E.K. Chalki,PhotovoltaicArray,2024-09-29 00:30:00,0.0,0.0,0.0
E.K. Chalki,PhotovoltaicArray,2024-09-29 00:45:00,0.0,0.0,0.0
E.K. Chalki,PhotovoltaicArray,2024-09-29 01:00:00,0.0,0.0,0.0
E.K. Chalki,PhotovoltaicArray,2024-09-29 01:15:00,0.0,0.0,0.0
E.K. Chalki,PhotovoltaicArray,2024-09-29 01:30:00,0.0,0.0,0.0
E.K. Chalki,PhotovoltaicArray,2024-09-29 01:45:00,0.0,0.0,0.0
E.K. Chalki,PhotovoltaicArray,2024-09-29 02:00:00,0.0,0.0,0.0
E.K. Chalki,PhotovoltaicArray,2024-09-29 02:15:00,0.0,0.0,0.0
E.K. Chalki,PhotovoltaicArray,2024-09-29 02:30:00,0.0,0.0,0.0
E.K. Chalki,PhotovoltaicArray,2024-09-29 02:45:00,0.0,0.0,0.0
E.K. Chalki,PhotovoltaicArray,2024-09-29 03:00:00,0.0,0.0,0.0
E.K. Chalki,PhotovoltaicArray,2024-09-29 03:15:00,0.0,0.0,0.0
E.K. Chalki,PhotovoltaicArray,2024-09-29 03:30:00,0.0,0.0,0.0
E.K. Chalki,PhotovoltaicArray,2024-09-29 03:45:00,0.0,0.0,0.0
E.K. Chalki,PhotovoltaicArray,2024-09-29 04:00:00,0.0,0.0,12.615659281313343
E.K. Chalki,PhotovoltaicArray,2024-09-29 04:15:00,0.0,0.0,25.231318562626686
E.K. Chalki,PhotovoltaicArray,2024-09-29 04:30:00,3.0993974208831787,12.397589683532715,37.84697784394003
E.K. Chalki,PhotovoltaicArray,2024-09-29 04:45:00,6.779139518737793,27.116558074951172,50.46263712525337
E.K. Chalki,PhotovoltaicArray,2024-09-29 05:00:00,14.8917818069458,59.5671272277832,103.44840610676941
E.K. Chalki,PhotovoltaicArray,2024-09-29 05:15:00,28.424406051635742,113.69762420654297,156.43417508828549
E.K. Chalki,PhotovoltaicArray,2024-09-29 05:30:00,42.11573791503906,168.46295166015625,209.41994406980155
E.K. Chalki,PhotovoltaicArray,2024-09-29 05:45:00,52.399349212646484,209.59739685058594,262.4057130513176
E.K. Chalki,PhotovoltaicArray,2024-09-29 06:00:00,64.59037017822266,258.3614807128906,323.2762690836544
E.K. Chalki,PhotovoltaicArray,2024-09-29 06:15:00,81.790283203125,327.1611328125,384.1468251159913
E.K. Chalki,PhotovoltaicArray,2024-09-29 06:30:00,87.58536529541016,350.3414611816406,445.0173811483282
E.K. Chalki,PhotovoltaicArray,2024-09-29 06:45:00,104.91361999511719,419.65447998046875,505.88793718066506
E.K. Chalki,PhotovoltaicArray,2024-09-29 07:00:00,113.36769104003906,453.47076416015625,558.5583146801483
E.K. Chalki,PhotovoltaicArray,2024-09-29 07:15:00,125.73870849609375,502.954833984375,611.2286921796316
E.K. Chalki,PhotovoltaicArray,2024-09-29 07:30:00,130.59922790527344,522.3969116210938,663.8990696791149
E.K. Chalki,PhotovoltaicArray,2024-09-29 07:45:00,147.125,588.5,716.569447178598
E.K. Chalki,PhotovoltaicArray,2024-09-29 08:00:00,151.97079467773438,607.8831787109375,754.4164250225381
E.K. Chalki,PhotovoltaicArray,2024-09-29 08:15:00,154.90443420410156,619.6177368164062,792.263402866478
E.K. Chalki,PhotovoltaicArray,2024-09-29 08:30:00,163.85940551757812,655.4376220703125,830.1103807104179
E.K. Chalki,PhotovoltaicArray,2024-09-29 08:45:00,168.19444274902344,672.7777709960938,867.9573585543579
E.K. Chalki,PhotovoltaicArray,2024-09-29 09:00:00,174.8092498779297,699.2369995117188,886.880847476328
E.K. Chalki,PhotovoltaicArray,2024-09-29 09:15:00,178.36412048339844,713.4564819335938,905.804336398298
E.K. Chalki,PhotovoltaicArray,2024-09-29 09:30:00,161.37364196777344,645.4945678710938,924.7278253202682
E.K. Chalki,PhotovoltaicArray,2024-09-29 09:45:00,162.39743041992188,649.5897216796875,943.6513142422381
E.K. Chalki,PhotovoltaicArray,2024-09-29 10:00:00,165.36529541015625,661.461181640625,941.4435738680082
E.K. Chalki,PhotovoltaicArray,2024-09-29 10:15:00,159.0479736328125,636.19189453125,939.2358334937784
E.K. Chalki,PhotovoltaicArray,2024-09-29 10:30:00,180.77703857421875,723.108154296875,937.0280931195484
E.K. Chalki,PhotovoltaicArray,2024-09-29 10:45:00,187.72286987304688,750.8914794921875,934.8203527453186
E.K. Chalki,PhotovoltaicArray,2024-09-29 11:00:00,174.24139404296875,696.965576171875,916.5276467874143
E.K. Chalki,PhotovoltaicArray,2024-09-29 11:15:00,165.97525024414062,663.9010009765625,898.23494082951
E.K. Chalki,PhotovoltaicArray,2024-09-29 11:30:00,161.30113220214844,645.2045288085938,879.9422348716057
E.K. Chalki,PhotovoltaicArray,2024-09-29 11:45:00,162.25437927246094,649.0175170898438,861.6495289137013
E.K. Chalki,PhotovoltaicArray,2024-09-29 12:00:00,153.11669921875,612.466796875,825.3795084799256
E.K. Chalki,PhotovoltaicArray,2024-09-29 12:15:00,134.59178161621094,538.3671264648438,789.1094880461496
E.K. Chalki,PhotovoltaicArray,2024-09-29 12:30:00,144.03173828125,576.126953125,752.8394676123739
E.K. Chalki,PhotovoltaicArray,2024-09-29 12:45:00,126.10890197753906,504.43560791015625,717.8310131067292
E.K. Chalki,PhotovoltaicArray,2024-09-29 13:00:00,125.0192642211914,500.0770568847656,666.4222015353773
E.K. Chalki,PhotovoltaicArray,2024-09-29 13:15:00,104.91621398925781,419.66485595703125,615.0133899640255
E.K. Chalki,PhotovoltaicArray,2024-09-29 13:30:00,113.6025619506836,454.4102478027344,563.6045783926736
E.K. Chalki,PhotovoltaicArray,2024-09-29 13:45:00,97.83767700195312,391.3507080078125,512.1957668213216
E.K. Chalki,PhotovoltaicArray,2024-09-29 14:00:00,82.35135650634766,329.4054260253906,452.5867767171161
E.K. Chalki,PhotovoltaicArray,2024-09-29 14:15:00,47.805450439453125,191.2218017578125,392.9777866129106
E.K. Chalki,PhotovoltaicArray,2024-09-29 14:30:00,55.11735916137695,220.4694366455078,333.3687965087051
E.K. Chalki,PhotovoltaicArray,2024-09-29 14:45:00,40.978389739990234,163.91355895996094,273.75980640449956
E.K. Chalki,PhotovoltaicArray,2024-09-29 15:00:00,27.63031578063965,110.5212631225586,220.14325445891785
E.K. Chalki,PhotovoltaicArray,2024-09-29 15:15:00,16.716339111328125,66.8653564453125,166.52670251333615
E.K. Chalki,PhotovoltaicArray,2024-09-29 15:30:00,10.337944984436035,41.35177993774414,112.91015056775443
E.K. Chalki,PhotovoltaicArray,2024-09-29 15:45:00,0.0,0.0,59.293598622172716
E.K. Chalki,PhotovoltaicArray,2024-09-29 16:00:00,0.0,0.0,44.47019896662954
E.K. Chalki,PhotovoltaicArray,2024-09-29 16:15:00,0.0,0.0,29.646799311086358
E.K. Chalki,PhotovoltaicArray,2024-09-29 16:30:00,0.0,0.0,14.823399655543179
E.K. Chalki,PhotovoltaicArray,2024-09-29 16:45:00,0.0,0.0,0.0
E.K. Chalki,PhotovoltaicArray,2024-09-29 17:00:00,0.0,0.0,0.0
E.K. Chalki,PhotovoltaicArray,2024-09-29 17:15:00,0.0,0.0,0.0
E.K. Chalki,PhotovoltaicArray,2024-09-29 17:30:00,0.0,0.0,0.0
E.K. Chalki,PhotovoltaicArray,2024-09-29 17:45:00,0.0,0.0,0.0
E.K. Chalki,PhotovoltaicArray,2024-09-29 18:00:00,0.0,0.0,0.0
E.K. Chalki,PhotovoltaicArray,2024-09-29 18:15:00,0.0,0.0,0.0
E.K. Chalki,PhotovoltaicArray,2024-09-29 18:30:00,0.0,0.0,0.0
E.K. Chalki,PhotovoltaicArray,2024-09-29 18:45:00,0.0,0.0,0.0
E.K. Chalki,PhotovoltaicArray,2024-09-29 19:00:00,0.0,0.0,0.0
E.K. Chalki,PhotovoltaicArray,2024-09-29 19:15:00,0.0,0.0,0.0
E.K. Chalki,PhotovoltaicArray,2024-09-29 19:30:00,0.0,0.0,0.0
E.K. Chalki,PhotovoltaicArray,2024-09-29 19:45:00,0.0,0.0,0.0
E.K. Chalki,PhotovoltaicArray,2024-09-29 20:00:00,0.0,0.0,0.0
E.K. Chalki,PhotovoltaicArray,2024-09-29 20:15:00,0.0,0.0,0.0
E.K. Chalki,PhotovoltaicArray,2024-09-29 20:30:00,0.0,0.0,0.0
E.K. Chalki,PhotovoltaicArray,2024-09-29 20:45:00,0.0,0.0,0.0
E.K. Chalki,PhotovoltaicArray,2024-09-29 21:00:00,0.0,0.0,0.0
E.K. Chalki,PhotovoltaicArray,2024-09-29 21:15:00,0.0,0.0,0.0
E.K. Chalki,PhotovoltaicArray,2024-09-29 21:30:00,0.0,0.0,0.0
E.K. Chalki,PhotovoltaicArray,2024-09-29 21:45:00,0.0,0.0,0.0
E.K. Chalki,PhotovoltaicArray,2024-09-29 22:00:00,0.0,0.0,0.0
E.K. Chalki,PhotovoltaicArray,2024-09-29 22:15:00,0.0,0.0,0.0
E.K. Chalki,PhotovoltaicArray,2024-09-29 22:30:00,0.0,0.0,0.0
E.K. Chalki,PhotovoltaicArray,2024-09-29 22:45:00,0.0,0.0,0.0
E.K. Chalki,PhotovoltaicArray,2024-09-29 23:00:00,0.0,0.0,0.0
E.K. Chalki,PhotovoltaicArray,2024-09-29 23:15:00,0.0,0.0,0.0
E.K. Chalki,PhotovoltaicArray,2024-09-29 23:30:00,0.0,0.0,0.0
E.K. Chalki,PhotovoltaicArray,2024-09-29 23:45:00,0.0,0.0,0.0
E.K. Chalki,PhotovoltaicArray,2024-09-30 00:00:00,0.0,0.0,0.0
E.K. Chalki,PhotovoltaicArray,2024-09-30 00:15:00,0.0,0.0,0.0
E.K. Chalki,PhotovoltaicArray,2024-09-30 00:30:00,0.0,0.0,0.0
E.K. Chalki,PhotovoltaicArray,2024-09-30 00:45:00,0.0,0.0,0.0
E.K. Chalki,PhotovoltaicArray,2024-09-30 01:00:00,0.0,0.0,0.0
E.K. Chalki,PhotovoltaicArray,2024-09-30 01:15:00,0.0,0.0,0.0
E.K. Chalki,PhotovoltaicArray,2024-09-30 01:30:00,0.0,0.0,0.0
E.K. Chalki,PhotovoltaicArray,2024-09-30 01:45:00,0.0,0.0,0.0
E.K. Chalki,PhotovoltaicArray,2024-09-30 02:00:00,0.0,0.0,0.0
E.K. Chalki,PhotovoltaicArray,2024-09-30 02:15:00,0.0,0.0,0.0
E.K. Chalki,PhotovoltaicArray,2024-09-30 02:30:00,0.0,0.0,0.0
E.K. Chalki,PhotovoltaicArray,2024-09-30 02:45:00,0.0,0.0,0.0
E.K. Chalki,PhotovoltaicArray,2024-09-30 03:00:00,0.0,0.0,0.0
E.K. Chalki,PhotovoltaicArray,2024-09-30 03:15:00,0.0,0.0,0.0
E.K. Chalki,PhotovoltaicArray,2024-09-30 03:30:00,0.0,0.0,0.0
E.K. Chalki,PhotovoltaicArray,2024-09-30 03:45:00,0.0,0.0,0.0
E.K. Chalki,PhotovoltaicArray,2024-09-30 04:00:00,0.0,0.0,11.716066259798307
E.K. Chalki,PhotovoltaicArray,2024-09-30 04:15:00,0.0,0.0,23.432132519596614
E.K. Chalki,PhotovoltaicArray,2024-09-30 04:30:00,2.920485258102417,11.681941032409668,35.148198779394924
E.K. Chalki,PhotovoltaicArray,2024-09-30 04:45:00,6.6411356925964355,26.564542770385742,46.86426503919323
E.K. Chalki,PhotovoltaicArray,2024-09-30 05:00:00,14.85263729095459,59.41054916381836,97.84498579128856
E.K. Chalki,PhotovoltaicArray,2024-09-30 05:15:00,28.13701820373535,112.5480728149414,148.82570654338392
E.K. Chalki,PhotovoltaicArray,2024-09-30 05:30:00,39.441558837890625,157.7662353515625,199.80642729547927
E.K. Chalki,PhotovoltaicArray,2024-09-30 05:45:00,52.55775451660156,210.23101806640625,250.78714804757462
E.K. Chalki,PhotovoltaicArray,2024-09-30 06:00:00,61.54803466796875,246.192138671875,312.2173333016522
E.K. Chalki,PhotovoltaicArray,2024-09-30 06:15:00,85.22972869873047,340.9189147949219,373.6475185557298
E.K. Chalki,PhotovoltaicArray,2024-09-30 06:30:00,87.4948959350586,349.9795837402344,435.0777038098075
E.K. Chalki,PhotovoltaicArray,2024-09-30 06:45:00,98.94617462158203,395.7846984863281,495.2412873060691
E.K. Chalki,PhotovoltaicArray,2024-09-30 07:00:00,114.06322479248047,456.2528991699219,541.4722514663542
E.K. Chalki,PhotovoltaicArray,2024-09-30 07:15:00,125.26847076416016,501.0738830566406,587.7032156266395
E.K. Chalki,PhotovoltaicArray,2024-09-30 07:30:00,127.85374450683594,511.41497802734375,633.9341797869247
E.K. Chalki,PhotovoltaicArray,2024-09-30 07:45:00,142.8011474609375,571.20458984375,680.1651439472099
E.K. Chalki,PhotovoltaicArray,2024-09-30 08:00:00,144.342041015625,577.3681640625,724.812855910225
E.K. Chalki,PhotovoltaicArray,2024-09-30 08:15:00,152.43060302734375,609.722412109375,769.4605678732402
E.K. Chalki,PhotovoltaicArray,2024-09-30 08:30:00,157.3142547607422,629.2570190429688,814.1082798362554
E.K. Chalki,PhotovoltaicArray,2024-09-30 08:45:00,167.87722778320312,671.5089111328125,858.7559917992706
E.K. Chalki,PhotovoltaicArray,2024-09-30 09:00:00,173.3907012939453,693.5628051757812,882.5047747583212
E.K. Chalki,PhotovoltaicArray,2024-09-30 09:15:00,182.61911010742188,730.4764404296875,906.2535577173718
E.K. Chalki,PhotovoltaicArray,2024-09-30 09:30:00,175.5724639892578,702.2898559570312,930.0023406764224
E.K. Chalki,PhotovoltaicArray,2024-09-30 09:45:00,180.52395629882812,722.0958251953125,953.7511236354729
E.K. Chalki,PhotovoltaicArray,2024-09-30 10:00:00,170.72218322753906,682.8887329101562,956.284327151105
E.K. Chalki,PhotovoltaicArray,2024-09-30 10:15:00,176.5778350830078,706.3113403320312,958.8175306667372
E.K. Chalki,PhotovoltaicArray,2024-09-30 10:30:00,184.12954711914062,736.5181884765625,961.3507341823695
E.K. Chalki,PhotovoltaicArray,2024-09-30 10:45:00,194.98875427246094,779.9550170898438,963.8839376980015
E.K. Chalki,PhotovoltaicArray,2024-09-30 11:00:00,180.29576110839844,721.1830444335938,945.518212209669
E.K. Chalki,PhotovoltaicArray,2024-09-30 11:15:00,174.75961303710938,699.0384521484375,927.1524867213365
E.K. Chalki,PhotovoltaicArray,2024-09-30 11:30:00,169.4686737060547,677.8746948242188,908.7867612330041
E.K. Chalki,PhotovoltaicArray,2024-09-30 11:45:00,164.7841339111328,659.1365356445312,890.4210357446716
E.K. Chalki,PhotovoltaicArray,2024-09-30 12:00:00,150.83370971679688,603.3348388671875,851.7896821312826
E.K. Chalki,PhotovoltaicArray,2024-09-30 12:15:00,150.37081909179688,601.4832763671875,813.1583285178933
E.K. Chalki,PhotovoltaicArray,2024-09-30 12:30:00,138.44021606445312,553.7608642578125,774.5269749045043
E.K. Chalki,PhotovoltaicArray,2024-09-30 12:45:00,138.90628051757812,555.6251220703125,734.6290195332992
E.K. Chalki,PhotovoltaicArray,2024-09-30 13:00:00,130.40567016601562,521.6226806640625,681.115095265572
E.K. Chalki,PhotovoltaicArray,2024-09-30 13:15:00,105.07121276855469,420.28485107421875,627.6011709978445
E.K. Chalki,PhotovoltaicArray,2024-09-30 13:30:00,111.3746337890625,445.49853515625,574.0872467301172
E.K. Chalki,PhotovoltaicArray,2024-09-30 13:45:00,98.31597137451172,393.2638854980469,520.5733224623897
E.K. Chalki,PhotovoltaicArray,2024-09-30 14:00:00,69.9502944946289,279.8011779785156,458.1931858899501
E.K. Chalki,PhotovoltaicArray,2024-09-30 14:15:00,67.31450653076172,269.2580261230469,395.81304931751043
E.K. Chalki,PhotovoltaicArray,2024-09-30 14:30:00,55.11735916137695,220.4694366455078,333.4329127450707
E.K. Chalki,PhotovoltaicArray,2024-09-30 14:45:00,39.33052062988281,157.32208251953125,271.0527761726311
E.K. Chalki,PhotovoltaicArray,2024-09-30 15:00:00,25.89920425415039,103.59681701660156,217.53885190490374
E.K. Chalki,PhotovoltaicArray,2024-09-30 15:15:00,20.231595993041992,80.92638397216797,164.02492763717632
E.K. Chalki,PhotovoltaicArray,2024-09-30 15:30:00,9.228111267089844,36.912445068359375,110.51100336944891
E.K. Chalki,PhotovoltaicArray,2024-09-30 15:45:00,0.0,0.0,56.9970791017215
E.K. Chalki,PhotovoltaicArray,2024-09-30 16:00:00,0.0,0.0,42.74780932629113
E.K. Chalki,PhotovoltaicArray,2024-09-30 16:15:00,0.0,0.0,28.49853955086075
E.K. Chalki,PhotovoltaicArray,2024-09-30 16:30:00,0.0,0.0,14.249269775430376
E.K. Chalki,PhotovoltaicArray,2024-09-30 16:45:00,0.0,0.0,0.0
E.K. Chalki,PhotovoltaicArray,2024-09-30 17:00:00,0.0,0.0,0.0
E.K. Chalki,PhotovoltaicArray,2024-09-30 17:15:00,0.0,0.0,0.0
E.K. Chalki,PhotovoltaicArray,2024-09-30 17:30:00,0.0,0.0,0.0
E.K. Chalki,PhotovoltaicArray,2024-09-30 17:45:00,0.0,0.0,0.0
E.K. Chalki,PhotovoltaicArray,2024-09-30 18:00:00,0.0,0.0,0.0
E.K. Chalki,PhotovoltaicArray,2024-09-30 18:15:00,0.0,0.0,0.0
E.K. Chalki,PhotovoltaicArray,2024-09-30 18:30:00,0.0,0.0,0.0
E.K. Chalki,PhotovoltaicArray,2024-09-30 18:45:00,0.0,0.0,0.0
E.K. Chalki,PhotovoltaicArray,2024-09-30 19:00:00,0.0,0.0,0.0
E.K. Chalki,PhotovoltaicArray,2024-09-30 19:15:00,0.0,0.0,0.0
E.K. Chalki,PhotovoltaicArray,2024-09-30 19:30:00,0.0,0.0,0.0
E.K. Chalki,PhotovoltaicArray,2024-09-30 19:45:00,0.0,0.0,0.0
E.K. Chalki,PhotovoltaicArray,2024-09-30 20:00:00,0.0,0.0,0.0
E.K. Chalki,PhotovoltaicArray,2024-09-30 20:15:00,0.0,0.0,0.0
E.K. Chalki,PhotovoltaicArray,2024-09-30 20:30:00,0.0,0.0,0.0
E.K. Chalki,PhotovoltaicArray,2024-09-30 20:45:00,0.0,0.0,0.0
E.K. Chalki,PhotovoltaicArray,2024-09-30 21:00:00,0.0,0.0,0.0
E.K. Chalki,PhotovoltaicArray,2024-09-30 21:15:00,0.0,0.0,0.0
E.K. Chalki,PhotovoltaicArray,2024-09-30 21:30:00,0.0,0.0,0.0
E.K. Chalki,PhotovoltaicArray,2024-09-30 21:45:00,0.0,0.0,0.0
E.K. Chalki,PhotovoltaicArray,2024-09-30 22:00:00,0.0,0.0,0.0
E.K. Chalki,PhotovoltaicArray,2024-09-30 22:15:00,0.0,0.0,0.0
E.K. Chalki,PhotovoltaicArray,2024-09-30 22:30:00,0.0,0.0,0.0
E.K. Chalki,PhotovoltaicArray,2024-09-30 22:45:00,0.0,0.0,0.0
E.K. Chalki,PhotovoltaicArray,2024-09-30 23:00:00,0.0,0.0,0.0
E.K. Chalki,PhotovoltaicArray,2024-09-30 23:15:00,0.0,0.0,0.0
E.K. Chalki,PhotovoltaicArray,2024-09-30 23:30:00,0.0,0.0,0.0
E.K. Chalki,PhotovoltaicArray,2024-09-30 23:45:00,0.0,0.0,0.0
E.K. Chalki,PhotovoltaicArray,2024-10-01 00:00:00,0.0,0.0,0.0
E.K. Chalki,PhotovoltaicArray,2024-10-01 00:15:00,0.0,0.0,0.0
E.K. Chalki,PhotovoltaicArray,2024-10-01 00:30:00,0.0,0.0,0.0
E.K. Chalki,PhotovoltaicArray,2024-10-01 00:45:00,0.0,0.0,0.0
E.K. Chalki,PhotovoltaicArray,2024-10-01 01:00:00,0.0,0.0,0.0
E.K. Chalki,PhotovoltaicArray,2024-10-01 01:15:00,0.0,0.0,0.0
E.K. Chalki,PhotovoltaicArray,2024-10-01 01:30:00,0.0,0.0,0.0
E.K. Chalki,PhotovoltaicArray,2024-10-01 01:45:00,0.0,0.0,0.0
E.K. Chalki,PhotovoltaicArray,2024-10-01 02:00:00,0.0,0.0,0.0
E.K. Chalki,PhotovoltaicArray,2024-10-01 02:15:00,0.0,0.0,0.0
E.K. Chalki,PhotovoltaicArray,2024-10-01 02:30:00,0.0,0.0,0.0
E.K. Chalki,PhotovoltaicArray,2024-10-01 02:45:00,0.0,0.0,0.0
E.K. Chalki,PhotovoltaicArray,2024-10-01 03:00:00,0.0,0.0,0.0
E.K. Chalki,PhotovoltaicArray,2024-10-01 03:15:00,0.0,0.0,0.0
E.K. Chalki,PhotovoltaicArray,2024-10-01 03:30:00,0.0,0.0,0.0
E.K. Chalki,PhotovoltaicArray,2024-10-01 03:45:00,0.0,0.0,0.0
E.K. Chalki,PhotovoltaicArray,2024-10-01 04:00:00,0.0,0.0,12.080973699979836
E.K. Chalki,PhotovoltaicArray,2024-10-01 04:15:00,0.0,0.0,24.161947399959672
E.K. Chalki,PhotovoltaicArray,2024-10-01 04:30:00,2.920485258102417,11.681941032409668,36.24292109993951
E.K. Chalki,PhotovoltaicArray,2024-10-01 04:45:00,6.6411356925964355,26.564542770385742,48.323894799919344
E.K. Chalki,PhotovoltaicArray,2024-10-01 05:00:00,14.85263729095459,59.41054916381836,101.09867464719969
E.K. Chalki,PhotovoltaicArray,2024-10-01 05:15:00,28.820453643798828,115.28181457519531,153.87345449448003
E.K. Chalki,PhotovoltaicArray,2024-10-01 05:30:00,41.455665588378906,165.82266235351562,206.64823434176037
E.K. Chalki,PhotovoltaicArray,2024-10-01 05:45:00,52.399349212646484,209.59739685058594,259.4230141890407
E.K. Chalki,PhotovoltaicArray,2024-10-01 06:00:00,62.838016510009766,251.35206604003906,320.4637234099915
E.K. Chalki,PhotovoltaicArray,2024-10-01 06:15:00,81.93042755126953,327.7217102050781,381.5044326309422
E.K. Chalki,PhotovoltaicArray,2024-10-01 06:30:00,102.6572036743164,410.6288146972656,442.545141851893
E.K. Chalki,PhotovoltaicArray,2024-10-01 06:45:00,112.89984130859375,451.599365234375,507.4008953991531
E.K. Chalki,PhotovoltaicArray,2024-10-01 07:00:00,120.86687469482422,483.4674987792969,561.4473566885366
E.K. Chalki,PhotovoltaicArray,2024-10-01 07:15:00,125.73870849609375,502.954833984375,615.4938179779201
E.K. Chalki,PhotovoltaicArray,2024-10-01 07:30:00,133.44764709472656,533.7905883789062,669.5402792673036
E.K. Chalki,PhotovoltaicArray,2024-10-01 07:45:00,152.37973022460938,609.5189208984375,723.586740556687
E.K. Chalki,PhotovoltaicArray,2024-10-01 08:00:00,147.6824493408203,590.7297973632812,762.6909449013586
E.K. Chalki,PhotovoltaicArray,2024-10-01 08:15:00,164.3374481201172,657.3497924804688,801.7951492460303
E.K. Chalki,PhotovoltaicArray,2024-10-01 08:30:00,163.55686950683594,654.2274780273438,840.8993535907018
E.K. Chalki,PhotovoltaicArray,2024-10-01 08:45:00,166.2182159423828,664.8728637695312,880.0035579353734
E.K. Chalki,PhotovoltaicArray,2024-10-01 09:00:00,179.9972381591797,719.9889526367188,901.304222090601
E.K. Chalki,PhotovoltaicArray,2024-10-01 09:15:00,183.39556884765625,733.582275390625,922.6048862458287
E.K. Chalki,PhotovoltaicArray,2024-10-01 09:30:00,176.26036071777344,705.0414428710938,943.9055504010561
E.K. Chalki,PhotovoltaicArray,2024-10-01 09:45:00,185.4027099609375,741.61083984375,965.2062145562836
E.K. Chalki,PhotovoltaicArray,2024-10-01 10:00:00,181.3216094970703,725.2864379882812,965.8420552773352
E.K. Chalki,PhotovoltaicArray,2024-10-01 10:15:00,185.39625549316406,741.5850219726562,966.477895998387
E.K. Chalki,PhotovoltaicArray,2024-10-01 10:30:00,187.0506591796875,748.20263671875,967.1137367194387
E.K. Chalki,PhotovoltaicArray,2024-10-01 10:45:00,196.58428955078125,786.337158203125,967.7495774404903
E.K. Chalki,PhotovoltaicArray,2024-10-01 11:00:00,187.2410430908203,748.9641723632812,947.40267436684
E.K. Chalki,PhotovoltaicArray,2024-10-01 11:15:00,151.4862823486328,605.9451293945312,927.0557712931897
E.K. Chalki,PhotovoltaicArray,2024-10-01 11:30:00,169.11917114257812,676.4766845703125,906.7088682195396
E.K. Chalki,PhotovoltaicArray,2024-10-01 11:45:00,159.50717163085938,638.0286865234375,886.3619651458893
E.K. Chalki,PhotovoltaicArray,2024-10-01 12:00:00,162.03280639648438,648.1312255859375,847.8936015222691
E.K. Chalki,PhotovoltaicArray,2024-10-01 12:15:00,150.40792846679688,601.6317138671875,809.425237898649
E.K. Chalki,PhotovoltaicArray,2024-10-01 12:30:00,140.20079040527344,560.8031616210938,770.956874275029
E.K. Chalki,PhotovoltaicArray,2024-10-01 12:45:00,138.01153564453125,552.046142578125,737.5752364198216
E.K. Chalki,PhotovoltaicArray,2024-10-01 13:00:00,132.89779663085938,531.5911865234375,683.5287751304381
E.K. Chalki,PhotovoltaicArray,2024-10-01 13:15:00,105.07121276855469,420.28485107421875,629.4823138410546
E.K. Chalki,PhotovoltaicArray,2024-10-01 13:30:00,111.3746337890625,445.49853515625,575.435852551671
E.K. Chalki,PhotovoltaicArray,2024-10-01 13:45:00,98.31597137451172,393.2638854980469,521.3893912622876
E.K. Chalki,PhotovoltaicArray,2024-10-01 14:00:00,88.03191375732422,352.1276550292969,459.0770005992337
E.K. Chalki,PhotovoltaicArray,2024-10-01 14:15:00,67.31450653076172,269.2580261230469,396.7646099361799
E.K. Chalki,PhotovoltaicArray,2024-10-01 14:30:00,53.12358856201172,212.49435424804688,334.45221927312605
E.K. Chalki,PhotovoltaicArray,2024-10-01 14:45:00,40.86014938354492,163.4405975341797,272.13982861007213
E.K. Chalki,PhotovoltaicArray,2024-10-01 15:00:00,25.700796127319336,102.80318450927734,217.77544696016284
E.K. Chalki,PhotovoltaicArray,2024-10-01 15:15:00,20.078500747680664,80.31400299072266,163.41106531025358
E.K. Chalki,PhotovoltaicArray,2024-10-01 15:30:00,9.228111267089844,36.912445068359375,109.04668366034431
E.K. Chalki,PhotovoltaicArray,2024-10-01 15:45:00,0.0,0.0,54.682302010435045
E.K. Chalki,PhotovoltaicArray,2024-10-01 16:00:00,0.0,0.0,41.01172650782628
E.K. Chalki,PhotovoltaicArray,2024-10-01 16:15:00,0.0,0.0,27.341151005217522
E.K. Chalki,PhotovoltaicArray,2024-10-01 16:30:00,0.0,0.0,13.670575502608761
E.K. Chalki,PhotovoltaicArray,2024-10-01 16:45:00,0.0,0.0,0.0
E.K. Chalki,PhotovoltaicArray,2024-10-01 17:00:00,0.0,0.0,0.0
E.K. Chalki,PhotovoltaicArray,2024-10-01 17:15:00,0.0,0.0,0.0
E.K. Chalki,PhotovoltaicArray,2024-10-01 17:30:00,0.0,0.0,0.0
E.K. Chalki,PhotovoltaicArray,2024-10-01 17:45:00,0.0,0.0,0.0
E.K. Chalki,PhotovoltaicArray,2024-10-01 18:00:00,0.0,0.0,0.0
E.K. Chalki,PhotovoltaicArray,2024-10-01 18:15:00,0.0,0.0,0.0
E.K. Chalki,PhotovoltaicArray,2024-10-01 18:30:00,0.0,0.0,0.0
E.K. Chalki,PhotovoltaicArray,2024-10-01 18:45:00,0.0,0.0,0.0
E.K. Chalki,PhotovoltaicArray,2024-10-01 19:00:00,0.0,0.0,0.0
E.K. Chalki,PhotovoltaicArray,2024-10-01 19:15:00,0.0,0.0,0.0
E.K. Chalki,PhotovoltaicArray,2024-10-01 19:30:00,0.0,0.0,0.0
E.K. Chalki,PhotovoltaicArray,2024-10-01 19:45:00,0.0,0.0,0.0
E.K. Chalki,PhotovoltaicArray,2024-10-01 20:00:00,0.0,0.0,0.0
E.K. Chalki,PhotovoltaicArray,2024-10-01 20:15:00,0.0,0.0,0.0
E.K. Chalki,PhotovoltaicArray,2024-10-01 20:30:00,0.0,0.0,0.0
E.K. Chalki,PhotovoltaicArray,2024-10-01 20:45:00,0.0,0.0,0.0
E.K. Chalki,PhotovoltaicArray,2024-10-01 21:00:00,0.0,0.0,0.0
E.K. Chalki,PhotovoltaicArray,2024-10-01 21:15:00,0.0,0.0,0.0
E.K. Chalki,PhotovoltaicArray,2024-10-01 21:30:00,0.0,0.0,0.0
E.K. Chalki,PhotovoltaicArray,2024-10-01 21:45:00,0.0,0.0,0.0
E.K. Chalki,PhotovoltaicArray,2024-10-01 22:00:00,0.0,0.0,0.0
E.K. Chalki,PhotovoltaicArray,2024-10-01 22:15:00,0.0,0.0,0.0
E.K. Chalki,PhotovoltaicArray,2024-10-01 22:30:00,0.0,0.0,0.0
E.K. Chalki,PhotovoltaicArray,2024-10-01 22:45:00,0.0,0.0,0.0
E.K. Chalki,PhotovoltaicArray,2024-10-01 23:00:00,0.0,0.0,0.0
E.K. Chalki,PhotovoltaicArray,2024-10-01 23:15:00,0.0,0.0,0.0
E.K. Chalki,PhotovoltaicArray,2024-10-01 23:30:00,0.0,0.0,0.0
E.K. Chalki,PhotovoltaicArray,2024-10-01 23:45:00,0.0,0.0,0.0
E.K. Chalki,PhotovoltaicArray,2024-10-02 00:00:00,0.0,0.0,0.0
E.K. Chalki,PhotovoltaicArray,2024-10-02 00:15:00,0.0,0.0,0.0
E.K. Chalki,PhotovoltaicArray,2024-10-02 00:30:00,0.0,0.0,0.0
E.K. Chalki,PhotovoltaicArray,2024-10-02 00:45:00,0.0,0.0,0.0
E.K. Chalki,PhotovoltaicArray,2024-10-02 01:00:00,0.0,0.0,0.0
E.K. Chalki,PhotovoltaicArray,2024-10-02 01:15:00,0.0,0.0,0.0
E.K. Chalki,PhotovoltaicArray,2024-10-02 01:30:00,0.0,0.0,0.0
E.K. Chalki,PhotovoltaicArray,2024-10-02 01:45:00,0.0,0.0,0.0
E.K. Chalki,PhotovoltaicArray,2024-10-02 02:00:00,0.0,0.0,0.0
E.K. Chalki,PhotovoltaicArray,2024-10-02 02:15:00,0.0,0.0,0.0
E.K. Chalki,PhotovoltaicArray,2024-10-02 02:30:00,0.0,0.0,0.0
E.K. Chalki,PhotovoltaicArray,2024-10-02 02:45:00,0.0,0.0,0.0
E.K. Chalki,PhotovoltaicArray,2024-10-02 03:00:00,0.0,0.0,0.0
E.K. Chalki,PhotovoltaicArray,2024-10-02 03:15:00,0.0,0.0,0.0
E.K. Chalki,PhotovoltaicArray,2024-10-02 03:30:00,0.0,0.0,0.0
E.K. Chalki,PhotovoltaicArray,2024-10-02 03:45:00,0.0,0.0,0.0
E.K. Chalki,PhotovoltaicArray,2024-10-02 04:00:00,0.0,0.0,11.810441070643172
E.K. Chalki,PhotovoltaicArray,2024-10-02 04:15:00,0.0,0.0,23.620882141286344
E.K. Chalki,PhotovoltaicArray,2024-10-02 04:30:00,2.949342727661133,11.797370910644531,35.43132321192952
E.K. Chalki,PhotovoltaicArray,2024-10-02 04:45:00,5.401878356933594,21.607513427734375,47.24176428257269
E.K. Chalki,PhotovoltaicArray,2024-10-02 05:00:00,14.654230117797852,58.616920471191406,100.22914854545829
E.K. Chalki,PhotovoltaicArray,2024-10-02 05:15:00,28.820453643798828,115.28181457519531,153.21653280834383
E.K. Chalki,PhotovoltaicArray,2024-10-02 05:30:00,40.222042083740234,160.88816833496094,206.20391707122943
E.K. Chalki,PhotovoltaicArray,2024-10-02 05:45:00,58.014076232910156,232.05630493164062,259.191301334115
E.K. Chalki,PhotovoltaicArray,2024-10-02 06:00:00,64.59037017822266,258.3614807128906,321.4355177875047
E.K. Chalki,PhotovoltaicArray,2024-10-02 06:15:00,81.790283203125,327.1611328125,383.67973424089445
E.K. Chalki,PhotovoltaicArray,2024-10-02 06:30:00,100.72957611083984,402.9183044433594,445.9239506942841
E.K. Chalki,PhotovoltaicArray,2024-10-02 06:45:00,110.42068481445312,441.6827392578125,509.44497158774334
E.K. Chalki,PhotovoltaicArray,2024-10-02 07:00:00,121.80777740478516,487.2311096191406,564.3475625107333
E.K. Chalki,PhotovoltaicArray,2024-10-02 07:15:00,125.73870849609375,502.954833984375,619.2501534337232
E.K. Chalki,PhotovoltaicArray,2024-10-02 07:30:00,134.54547119140625,538.181884765625,674.1527443567131
E.K. Chalki,PhotovoltaicArray,2024-10-02 07:45:00,151.853759765625,607.4150390625,729.0553352797031
E.K. Chalki,PhotovoltaicArray,2024-10-02 08:00:00,156.865234375,627.4609375,768.6362729218586
E.K. Chalki,PhotovoltaicArray,2024-10-02 08:15:00,162.54930114746094,650.1972045898438,808.217210564014
E.K. Chalki,PhotovoltaicArray,2024-10-02 08:30:00,169.06326293945312,676.2530517578125,847.7981482061693
E.K. Chalki,PhotovoltaicArray,2024-10-02 08:45:00,168.17291259765625,672.691650390625,887.3790858483248
E.K. Chalki,PhotovoltaicArray,2024-10-02 09:00:00,182.65626525878906,730.6250610351562,908.4463591094722
E.K. Chalki,PhotovoltaicArray,2024-10-02 09:15:00,179.81271362304688,719.2508544921875,929.5136323706195
E.K. Chalki,PhotovoltaicArray,2024-10-02 09:30:00,187.48257446289062,749.9302978515625,950.5809056317669
E.K. Chalki,PhotovoltaicArray,2024-10-02 09:45:00,181.85499572753906,727.4199829101562,971.6481788929142
E.K. Chalki,PhotovoltaicArray,2024-10-02 10:00:00,181.9180145263672,727.6720581054688,971.9673800029315
E.K. Chalki,PhotovoltaicArray,2024-10-02 10:15:00,186.97291564941406,747.8916625976562,972.2865811129489
E.K. Chalki,PhotovoltaicArray,2024-10-02 10:30:00,190.24578857421875,760.983154296875,972.6057822229661
E.K. Chalki,PhotovoltaicArray,2024-10-02 10:45:00,195.4057159423828,781.6228637695312,972.9249833329835
E.K. Chalki,PhotovoltaicArray,2024-10-02 11:00:00,184.44967651367188,737.7987060546875,952.4961122918711
E.K. Chalki,PhotovoltaicArray,2024-10-02 11:15:00,174.81748962402344,699.2699584960938,932.0672412507585
E.K. Chalki,PhotovoltaicArray,2024-10-02 11:30:00,173.13754272460938,692.5501708984375,911.638370209646
E.K. Chalki,PhotovoltaicArray,2024-10-02 11:45:00,165.15811157226562,660.6324462890625,891.2094991685335
E.K. Chalki,PhotovoltaicArray,2024-10-02 12:00:00,157.60546875,630.421875,851.628561526378
E.K. Chalki,PhotovoltaicArray,2024-10-02 12:15:00,151.61724853515625,606.468994140625,812.0476238842224
E.K. Chalki,PhotovoltaicArray,2024-10-02 12:30:00,140.1138458251953,560.4553833007812,772.466686242067
E.K. Chalki,PhotovoltaicArray,2024-10-02 12:45:00,137.67489624023438,550.6995849609375,732.8857485999115
E.K. Chalki,PhotovoltaicArray,2024-10-02 13:00:00,128.6086883544922,514.4347534179688,678.6215598969563
E.K. Chalki,PhotovoltaicArray,2024-10-02 13:15:00,109.63601684570312,438.5440673828125,624.3573711940012
E.K. Chalki,PhotovoltaicArray,2024-10-02 13:30:00,107.4647445678711,429.8589782714844,570.0931824910462
E.K. Chalki,PhotovoltaicArray,2024-10-02 13:45:00,97.89630126953125,391.585205078125,515.828993788091
E.K. Chalki,PhotovoltaicArray,2024-10-02 14:00:00,73.51763916015625,294.070556640625,453.9039784447187
E.K. Chalki,PhotovoltaicArray,2024-10-02 14:15:00,57.25914001464844,229.03656005859375,391.9789631013464
E.K. Chalki,PhotovoltaicArray,2024-10-02 14:30:00,53.07185745239258,212.2874298095703,330.0539477579741
E.K. Chalki,PhotovoltaicArray,2024-10-02 14:45:00,39.23294448852539,156.93177795410156,268.12893241460176
E.K. Chalki,PhotovoltaicArray,2024-10-02 15:00:00,26.68061637878418,106.72246551513672,214.18394482166403
E.K. Chalki,PhotovoltaicArray,2024-10-02 15:15:00,17.890172958374023,71.5606918334961,160.2389572287263
E.K. Chalki,PhotovoltaicArray,2024-10-02 15:30:00,7.314129829406738,29.256519317626953,106.29396963578856
E.K. Chalki,PhotovoltaicArray,2024-10-02 15:45:00,0.0,0.0,52.348982042850835
E.K. Chalki,PhotovoltaicArray,2024-10-02 16:00:00,0.0,0.0,39.26173653213812
E.K. Chalki,PhotovoltaicArray,2024-10-02 16:15:00,0.0,0.0,26.174491021425418
E.K. Chalki,PhotovoltaicArray,2024-10-02 16:30:00,0.0,0.0,13.087245510712709
E.K. Chalki,PhotovoltaicArray,2024-10-02 16:45:00,0.0,0.0,0.0
E.K. Chalki,PhotovoltaicArray,2024-10-02 17:00:00,0.0,0.0,0.0
E.K. Chalki,PhotovoltaicArray,2024-10-02 17:15:00,0.0,0.0,0.0
E.K. Chalki,PhotovoltaicArray,2024-10-02 17:30:00,0.0,0.0,0.0
E.K. Chalki,PhotovoltaicArray,2024-10-02 17:45:00,0.0,0.0,0.0
E.K. Chalki,PhotovoltaicArray,2024-10-02 18:00:00,0.0,0.0,0.0
E.K. Chalki,PhotovoltaicArray,2024-10-02 18:15:00,0.0,0.0,0.0
E.K. Chalki,PhotovoltaicArray,2024-10-02 18:30:00,0.0,0.0,0.0
E.K. Chalki,PhotovoltaicArray,2024-10-02 18:45:00,0.0,0.0,0.0
E.K. Chalki,PhotovoltaicArray,2024-10-02 19:00:00,0.0,0.0,0.0
E.K. Chalki,PhotovoltaicArray,2024-10-02 19:15:00,0.0,0.0,0.0
E.K. Chalki,PhotovoltaicArray,2024-10-02 19:30:00,0.0,0.0,0.0
E.K. Chalki,PhotovoltaicArray,2024-10-02 19:45:00,0.0,0.0,0.0
E.K. Chalki,PhotovoltaicArray,2024-10-02 20:00:00,0.0,0.0,0.0
E.K. Chalki,PhotovoltaicArray,2024-10-02 20:15:00,0.0,0.0,0.0
E.K. Chalki,PhotovoltaicArray,2024-10-02 20:30:00,0.0,0.0,0.0
E.K. Chalki,PhotovoltaicArray,2024-10-02 20:45:00,0.0,0.0,0.0
E.K. Chalki,PhotovoltaicArray,2024-10-02 21:00:00,0.0,0.0,0.0
E.K. Chalki,PhotovoltaicArray,2024-10-02 21:15:00,0.0,0.0,0.0
E.K. Chalki,PhotovoltaicArray,2024-10-02 21:30:00,0.0,0.0,0.0
E.K. Chalki,PhotovoltaicArray,2024-10-02 21:45:00,0.0,0.0,0.0
E.K. Chalki,PhotovoltaicArray,2024-10-02 22:00:00,0.0,0.0,0.0
E.K. Chalki,PhotovoltaicArray,2024-10-02 22:15:00,0.0,0.0,0.0
E.K. Chalki,PhotovoltaicArray,2024-10-02 22:30:00,0.0,0.0,0.0
E.K. Chalki,PhotovoltaicArray,2024-10-02 22:45:00,0.0,0.0,0.0
E.K. Chalki,PhotovoltaicArray,2024-10-02 23:00:00,0.0,0.0,0.0
E.K. Chalki,PhotovoltaicArray,2024-10-02 23:15:00,0.0,0.0,0.0
E.K. Chalki,PhotovoltaicArray,2024-10-02 23:30:00,0.0,0.0,0.0
E.K. Chalki,PhotovoltaicArray,2024-10-02 23:45:00,0.0,0.0,0.0
E.K. Chalki,PhotovoltaicArray,2024-10-03 00:00:00,0.0,0.0,0.0
E.K. Chalki,PhotovoltaicArray,2024-10-03 00:15:00,0.0,0.0,0.0
E.K. Chalki,PhotovoltaicArray,2024-10-03 00:30:00,0.0,0.0,0.0
E.K. Chalki,PhotovoltaicArray,2024-10-03 00:45:00,0.0,0.0,0.0
E.K. Chalki,PhotovoltaicArray,2024-10-03 01:00:00,0.0,0.0,0.0
E.K. Chalki,PhotovoltaicArray,2024-10-03 01:15:00,0.0,0.0,0.0
E.K. Chalki,PhotovoltaicArray,2024-10-03 01:30:00,0.0,0.0,0.0
E.K. Chalki,PhotovoltaicArray,2024-10-03 01:45:00,0.0,0.0,0.0
E.K. Chalki,PhotovoltaicArray,2024-10-03 02:00:00,0.0,0.0,0.0
E.K. Chalki,PhotovoltaicArray,2024-10-03 02:15:00,0.0,0.0,0.0
E.K. Chalki,PhotovoltaicArray,2024-10-03 02:30:00,0.0,0.0,0.0
E.K. Chalki,PhotovoltaicArray,2024-10-03 02:45:00,0.0,0.0,0.0
E.K. Chalki,PhotovoltaicArray,2024-10-03 03:00:00,0.0,0.0,0.0
E.K. Chalki,PhotovoltaicArray,2024-10-03 03:15:00,0.0,0.0,0.0
E.K. Chalki,PhotovoltaicArray,2024-10-03 03:30:00,0.0,0.0,0.0
E.K. Chalki,PhotovoltaicArray,2024-10-03 03:45:00,0.0,0.0,0.0
E.K. Chalki,PhotovoltaicArray,2024-10-03 04:00:00,0.0,0.0,11.217238922662188
E.K. Chalki,PhotovoltaicArray,2024-10-03 04:15:00,0.0,0.0,22.434477845324377
E.K. Chalki,PhotovoltaicArray,2024-10-03 04:30:00,2.683123826980591,10.732495307922363,33.651716767986564
E.K. Chalki,PhotovoltaicArray,2024-10-03 04:45:00,5.401878356933594,21.607513427734375,44.868955690648754
E.K. Chalki,PhotovoltaicArray,2024-10-03 05:00:00,14.548596382141113,58.19438552856445,96.78874727554232
E.K. Chalki,PhotovoltaicArray,2024-10-03 05:15:00,26.712135314941406,106.84854125976562,148.70853886043585
E.K. Chalki,PhotovoltaicArray,2024-10-03 05:30:00,39.467742919921875,157.8709716796875,200.62833044532937
E.K. Chalki,PhotovoltaicArray,2024-10-03 05:45:00,58.03426742553711,232.13706970214844,252.54812203022294
E.K. Chalki,PhotovoltaicArray,2024-10-03 06:00:00,61.54803466796875,246.192138671875,314.40318237518875
E.K. Chalki,PhotovoltaicArray,2024-10-03 06:15:00,85.22972869873047,340.9189147949219,376.25824272015456
E.K. Chalki,PhotovoltaicArray,2024-10-03 06:30:00,102.6572036743164,410.6288146972656,438.1133030651203
E.K. Chalki,PhotovoltaicArray,2024-10-03 06:45:00,103.42994689941406,413.71978759765625,499.9683634100861
E.K. Chalki,PhotovoltaicArray,2024-10-03 07:00:00,123.02385711669922,492.0954284667969,554.131602779512
E.K. Chalki,PhotovoltaicArray,2024-10-03 07:15:00,120.80977630615234,483.2391052246094,608.294842148938
E.K. Chalki,PhotovoltaicArray,2024-10-03 07:30:00,131.11996459960938,524.4798583984375,662.4580815183639
E.K. Chalki,PhotovoltaicArray,2024-10-03 07:45:00,143.34268188476562,573.3707275390625,716.6213208877899
E.K. Chalki,PhotovoltaicArray,2024-10-03 08:00:00,159.8136444091797,639.2545776367188,756.0419033874313
E.K. Chalki,PhotovoltaicArray,2024-10-03 08:15:00,150.13424682617188,600.5369873046875,795.4624858870726
E.K. Chalki,PhotovoltaicArray,2024-10-03 08:30:00,158.39700317382812,633.5880126953125,834.8830683867141
E.K. Chalki,PhotovoltaicArray,2024-10-03 08:45:00,169.6797332763672,678.7189331054688,874.3036508863555
E.K. Chalki,PhotovoltaicArray,2024-10-03 09:00:00,168.4381103515625,673.75244140625,895.1356660284424
E.K. Chalki,PhotovoltaicArray,2024-10-03 09:15:00,182.5660400390625,730.26416015625,915.9676811705295
E.K. Chalki,PhotovoltaicArray,2024-10-03 09:30:00,178.23072814941406,712.9229125976562,936.7996963126166
E.K. Chalki,PhotovoltaicArray,2024-10-03 09:45:00,186.6909942626953,746.7639770507812,957.6317114547035
E.K. Chalki,PhotovoltaicArray,2024-10-03 10:00:00,184.47152709960938,737.8861083984375,957.9522039953509
E.K. Chalki,PhotovoltaicArray,2024-10-03 10:15:00,184.76918029785156,739.0767211914062,958.2726965359983
E.K. Chalki,PhotovoltaicArray,2024-10-03 10:30:00,187.5830535888672,750.3322143554688,958.5931890766458
E.K. Chalki,PhotovoltaicArray,2024-10-03 10:45:00,192.75619506835938,771.0247802734375,958.9136816172933
E.K. Chalki,PhotovoltaicArray,2024-10-03 11:00:00,180.6488494873047,722.5953979492188,939.3636366377964
E.K. Chalki,PhotovoltaicArray,2024-10-03 11:15:00,170.63319396972656,682.5327758789062,919.8135916582993
E.K. Chalki,PhotovoltaicArray,2024-10-03 11:30:00,159.2415313720703,636.9661254882812,900.2635466788025
E.K. Chalki,PhotovoltaicArray,2024-10-03 11:45:00,159.0747833251953,636.2991333007812,880.7135016993054
E.K. Chalki,PhotovoltaicArray,2024-10-03 12:00:00,158.2884979248047,633.1539916992188,842.2543968216065
E.K. Chalki,PhotovoltaicArray,2024-10-03 12:15:00,150.26559448242188,601.0623779296875,803.7952919439076
E.K. Chalki,PhotovoltaicArray,2024-10-03 12:30:00,135.9185791015625,543.67431640625,765.3361870662087
E.K. Chalki,PhotovoltaicArray,2024-10-03 12:45:00,137.7003173828125,550.80126953125,729.4410225136897
E.K. Chalki,PhotovoltaicArray,2024-10-03 13:00:00,130.5701904296875,522.28076171875,675.5982756849112
E.K. Chalki,PhotovoltaicArray,2024-10-03 13:15:00,108.81656646728516,435.2662658691406,621.7555288561326
E.K. Chalki,PhotovoltaicArray,2024-10-03 13:30:00,108.72516632080078,434.9006652832031,567.9127820273542
E.K. Chalki,PhotovoltaicArray,2024-10-03 13:45:00,93.03459930419922,372.1383972167969,514.0700351985756
E.K. Chalki,PhotovoltaicArray,2024-10-03 14:00:00,69.3421401977539,277.3685607910156,451.5739897723149
E.K. Chalki,PhotovoltaicArray,2024-10-03 14:15:00,67.24547576904297,268.9819030761719,389.07794434605415
E.K. Chalki,PhotovoltaicArray,2024-10-03 14:30:00,53.07185745239258,212.2874298095703,326.5818989197934
E.K. Chalki,PhotovoltaicArray,2024-10-03 14:45:00,39.878814697265625,159.5152587890625,264.0858534935326
E.K. Chalki,PhotovoltaicArray,2024-10-03 15:00:00,26.45256233215332,105.81024932861328,210.24310666475415
E.K. Chalki,PhotovoltaicArray,2024-10-03 15:15:00,17.17697525024414,68.70790100097656,156.40035983597565
E.K. Chalki,PhotovoltaicArray,2024-10-03 15:30:00,7.3523969650268555,29.409587860107422,102.55761300719713
E.K. Chalki,PhotovoltaicArray,2024-10-03 15:45:00,0.0,0.0,48.714866178418646
E.K. Chalki,PhotovoltaicArray,2024-10-03 16:00:00,0.0,0.0,36.53614963381398
E.K. Chalki,PhotovoltaicArray,2024-10-03 16:15:00,0.0,0.0,24.357433089209323
E.K. Chalki,PhotovoltaicArray,2024-10-03 16:30:00,0.0,0.0,12.178716544604661
E.K. Chalki,PhotovoltaicArray,2024-10-03 16:45:00,0.0,0.0,0.0
E.K. Chalki,PhotovoltaicArray,2024-10-03 17:00:00,0.0,0.0,0.0
E.K. Chalki,PhotovoltaicArray,2024-10-03 17:15:00,0.0,0.0,0.0
E.K. Chalki,PhotovoltaicArray,2024-10-03 17:30:00,0.0,0.0,0.0
E.K. Chalki,PhotovoltaicArray,2024-10-03 17:45:00,0.0,0.0,0.0
E.K. Chalki,PhotovoltaicArray,2024-10-03 18:00:00,0.0,0.0,0.0
E.K. Chalki,PhotovoltaicArray,2024-10-03 18:15:00,0.0,0.0,0.0
E.K. Chalki,PhotovoltaicArray,2024-10-03 18:30:00,0.0,0.0,0.0
E.K. Chalki,PhotovoltaicArray,2024-10-03 18:45:00,0.0,0.0,0.0
E.K. Chalki,PhotovoltaicArray,2024-10-03 19:00:00,0.0,0.0,0.0
E.K. Chalki,PhotovoltaicArray,2024-10-03 19:15:00,0.0,0.0,0.0
E.K. Chalki,PhotovoltaicArray,2024-10-03 19:30:00,0.0,0.0,0.0
E.K. Chalki,PhotovoltaicArray,2024-10-03 19:45:00,0.0,0.0,0.0
E.K. Chalki,PhotovoltaicArray,2024-10-03 20:00:00,0.0,0.0,0.0
E.K. Chalki,PhotovoltaicArray,2024-10-03 20:15:00,0.0,0.0,0.0
E.K. Chalki,PhotovoltaicArray,2024-10-03 20:30:00,0.0,0.0,0.0
E.K. Chalki,PhotovoltaicArray,2024-10-03 20:45:00,0.0,0.0,0.0
E.K. Chalki,PhotovoltaicArray,2024-10-03 21:00:00,0.0,0.0,0.0
E.K. Chalki,PhotovoltaicArray,2024-10-03 21:15:00,0.0,0.0,0.0
E.K. Chalki,PhotovoltaicArray,2024-10-03 21:30:00,0.0,0.0,0.0
E.K. Chalki,PhotovoltaicArray,2024-10-03 21:45:00,0.0,0.0,0.0
E.K. Chalki,PhotovoltaicArray,2024-10-03 22:00:00,0.0,0.0,0.0
E.K. Chalki,PhotovoltaicArray,2024-10-03 22:15:00,0.0,0.0,0.0
E.K. Chalki,PhotovoltaicArray,2024-10-03 22:30:00,0.0,0.0,0.0
E.K. Chalki,PhotovoltaicArray,2024-10-03 22:45:00,0.0,0.0,0.0
E.K. Chalki,PhotovoltaicArray,2024-10-03 23:00:00,0.0,0.0,0.0
E.K. Chalki,PhotovoltaicArray,2024-10-03 23:15:00,0.0,0.0,0.0
E.K. Chalki,PhotovoltaicArray,2024-10-03 23:30:00,0.0,0.0,0.0
E.K. Chalki,PhotovoltaicArray,2024-10-03 23:45:00,0.0,0.0,0.0
E.K. Chalki,PhotovoltaicArray,2024-10-04 00:00:00,0.0,0.0,0.0
E.K. Chalki,PhotovoltaicArray,2024-10-04 00:15:00,0.0,0.0,0.0
E.K. Chalki,PhotovoltaicArray,2024-10-04 00:30:00,0.0,0.0,0.0
E.K. Chalki,PhotovoltaicArray,2024-10-04 00:45:00,0.0,0.0,0.0
E.K. Chalki,PhotovoltaicArray,2024-10-04 01:00:00,0.0,0.0,0.0
E.K. Chalki,PhotovoltaicArray,2024-10-04 01:15:00,0.0,0.0,0.0
E.K. Chalki,PhotovoltaicArray,2024-10-04 01:30:00,0.0,0.0,0.0
E.K. Chalki,PhotovoltaicArray,2024-10-04 01:45:00,0.0,0.0,0.0
E.K. Chalki,PhotovoltaicArray,2024-10-04 02:00:00,0.0,0.0,0.0
E.K. Chalki,PhotovoltaicArray,2024-10-04 02:15:00,0.0,0.0,0.0
E.K. Chalki,PhotovoltaicArray,2024-10-04 02:30:00,0.0,0.0,0.0
E.K. Chalki,PhotovoltaicArray,2024-10-04 02:45:00,0.0,0.0,0.0
E.K. Chalki,PhotovoltaicArray,2024-10-04 03:00:00,0.0,0.0,0.0
E.K. Chalki,PhotovoltaicArray,2024-10-04 03:15:00,0.0,0.0,0.0
E.K. Chalki,PhotovoltaicArray,2024-10-04 03:30:00,0.0,0.0,0.0
E.K. Chalki,PhotovoltaicArray,2024-10-04 03:45:00,0.0,0.0,0.0
E.K. Chalki,PhotovoltaicArray,2024-10-04 04:00:00,0.0,0.0,10.941012741534799
E.K. Chalki,PhotovoltaicArray,2024-10-04 04:15:00,0.0,0.0,21.882025483069597
E.K. Chalki,PhotovoltaicArray,2024-10-04 04:30:00,2.5184285640716553,10.073714256286621,32.823038224604396
E.K. Chalki,PhotovoltaicArray,2024-10-04 04:45:00,5.401878356933594,21.607513427734375,43.764050966139195
E.K. Chalki,PhotovoltaicArray,2024-10-04 05:00:00,14.548596382141113,58.19438552856445,96.21655322702661
E.K. Chalki,PhotovoltaicArray,2024-10-04 05:15:00,26.712135314941406,106.84854125976562,148.669055487914
E.K. Chalki,PhotovoltaicArray,2024-10-04 05:30:00,39.467742919921875,157.8709716796875,201.1215577488014
E.K. Chalki,PhotovoltaicArray,2024-10-04 05:45:00,53.88035202026367,215.5214080810547,253.5740600096888
E.K. Chalki,PhotovoltaicArray,2024-10-04 06:00:00,58.371864318847656,233.48745727539062,316.0021915349168
E.K. Chalki,PhotovoltaicArray,2024-10-04 06:15:00,79.85572814941406,319.42291259765625,378.4303230601447
E.K. Chalki,PhotovoltaicArray,2024-10-04 06:30:00,102.6572036743164,410.6288146972656,440.8584545853728
E.K. Chalki,PhotovoltaicArray,2024-10-04 06:45:00,104.6880874633789,418.7523498535156,501.9994081410083
E.K. Chalki,PhotovoltaicArray,2024-10-04 07:00:00,123.02385711669922,492.0954284667969,556.3826773562843
E.K. Chalki,PhotovoltaicArray,2024-10-04 07:15:00,120.80977630615234,483.2391052246094,610.7659465715601
E.K. Chalki,PhotovoltaicArray,2024-10-04 07:30:00,131.11996459960938,524.4798583984375,665.149215786836
E.K. Chalki,PhotovoltaicArray,2024-10-04 07:45:00,145.75035095214844,583.0014038085938,719.5324850021118
E.K. Chalki,PhotovoltaicArray,2024-10-04 08:00:00,154.66432189941406,618.6572875976562,759.1132075670758
E.K. Chalki,PhotovoltaicArray,2024-10-04 08:15:00,155.66258239746094,622.6503295898438,798.6939301320401
E.K. Chalki,PhotovoltaicArray,2024-10-04 08:30:00,161.85267639160156,647.4107055664062,838.2746526970042
E.K. Chalki,PhotovoltaicArray,2024-10-04 08:45:00,168.614990234375,674.4599609375,877.8553752619683
E.K. Chalki,PhotovoltaicArray,2024-10-04 09:00:00,168.4381103515625,673.75244140625,898.1284282830475
E.K. Chalki,PhotovoltaicArray,2024-10-04 09:15:00,182.5660400390625,730.26416015625,918.4014813041268
E.K. Chalki,PhotovoltaicArray,2024-10-04 09:30:00,178.23072814941406,712.9229125976562,938.674534325206
E.K. Chalki,PhotovoltaicArray,2024-10-04 09:45:00,186.6909942626953,746.7639770507812,958.9475873462851
E.K. Chalki,PhotovoltaicArray,2024-10-04 10:00:00,184.52093505859375,738.083740234375,959.2693818386832
E.K. Chalki,PhotovoltaicArray,2024-10-04 10:15:00,184.76918029785156,739.0767211914062,959.5911763310814
E.K. Chalki,PhotovoltaicArray,2024-10-04 10:30:00,187.5830535888672,750.3322143554688,959.9129708234794
E.K. Chalki,PhotovoltaicArray,2024-10-04 10:45:00,192.7189483642578,770.8757934570312,960.2347653158774
E.K. Chalki,PhotovoltaicArray,2024-10-04 11:00:00,180.64122009277344,722.5648803710938,939.9617122947984
E.K. Chalki,PhotovoltaicArray,2024-10-04 11:15:00,170.63319396972656,682.5327758789062,919.6886592737192
E.K. Chalki,PhotovoltaicArray,2024-10-04 11:30:00,159.2415313720703,636.9661254882812,899.4156062526399
E.K. Chalki,PhotovoltaicArray,2024-10-04 11:45:00,159.0747833251953,636.2991333007812,879.1425532315608
E.K. Chalki,PhotovoltaicArray,2024-10-04 12:00:00,158.20957946777344,632.8383178710938,840.2054196513928
E.K. Chalki,PhotovoltaicArray,2024-10-04 12:15:00,150.26559448242188,601.0623779296875,801.2682860712248
E.K. Chalki,PhotovoltaicArray,2024-10-04 12:30:00,122.92289733886719,491.69158935546875,762.331152491057
E.K. Chalki,PhotovoltaicArray,2024-10-04 12:45:00,133.97409057617188,535.8963623046875,720.8196629717042
E.K. Chalki,PhotovoltaicArray,2024-10-04 13:00:00,123.50955200195312,494.0382080078125,666.7581882488264
E.K. Chalki,PhotovoltaicArray,2024-10-04 13:15:00,101.96543884277344,407.86175537109375,612.6967135259486
E.K. Chalki,PhotovoltaicArray,2024-10-04 13:30:00,104.39002990722656,417.56011962890625,558.6352388030708
E.K. Chalki,PhotovoltaicArray,2024-10-04 13:45:00,93.9581298828125,375.83251953125,504.57376408019303
E.K. Chalki,PhotovoltaicArray,2024-10-04 14:00:00,73.11371612548828,292.4548645019531,442.4674270473631
E.K. Chalki,PhotovoltaicArray,2024-10-04 14:15:00,64.29419708251953,257.1767883300781,380.36109001453326
E.K. Chalki,PhotovoltaicArray,2024-10-04 14:30:00,48.752662658691406,195.01065063476562,318.25475298170335
E.K. Chalki,PhotovoltaicArray,2024-10-04 14:45:00,35.39283752441406,141.57135009765625,256.1484159488735
E.K. Chalki,PhotovoltaicArray,2024-10-04 15:00:00,26.56203269958496,106.24813079833984,203.374119195588
E.K. Chalki,PhotovoltaicArray,2024-10-04 15:15:00,16.742298126220703,66.96919250488281,150.5998224423025
E.K. Chalki,PhotovoltaicArray,2024-10-04 15:30:00,5.536314487457275,22.1452579498291,97.82552568901701
E.K. Chalki,PhotovoltaicArray,2024-10-04 15:45:00,0.0,0.0,45.051228935731515
E.K. Chalki,PhotovoltaicArray,2024-10-04 16:00:00,0.0,0.0,33.78842170179864
E.K. Chalki,PhotovoltaicArray,2024-10-04 16:15:00,0.0,0.0,22.525614467865758
E.K. Chalki,PhotovoltaicArray,2024-10-04 16:30:00,0.0,0.0,11.262807233932879
E.K. Chalki,PhotovoltaicArray,2024-10-04 16:45:00,0.0,0.0,0.0
E.K. Chalki,PhotovoltaicArray,2024-10-04 17:00:00,0.0,0.0,0.0
E.K. Chalki,PhotovoltaicArray,2024-10-04 17:15:00,0.0,0.0,0.0
E.K. Chalki,PhotovoltaicArray,2024-10-04 17:30:00,0.0,0.0,0.0
E.K. Chalki,PhotovoltaicArray,2024-10-04 17:45:00,0.0,0.0,0.0
E.K. Chalki,PhotovoltaicArray,2024-10-04 18:00:00,0.0,0.0,0.0
E.K. Chalki,PhotovoltaicArray,2024-10-04 18:15:00,0.0,0.0,0.0
E.K. Chalki,PhotovoltaicArray,2024-10-04 18:30:00,0.0,0.0,0.0
E.K. Chalki,PhotovoltaicArray,2024-10-04 18:45:00,0.0,0.0,0.0
E.K. Chalki,PhotovoltaicArray,2024-10-04 19:00:00,0.0,0.0,0.0
E.K. Chalki,PhotovoltaicArray,2024-10-04 19:15:00,0.0,0.0,0.0
E.K. Chalki,PhotovoltaicArray,2024-10-04 19:30:00,0.0,0.0,0.0
E.K. Chalki,PhotovoltaicArray,2024-10-04 19:45:00,0.0,0.0,0.0
E.K. Chalki,PhotovoltaicArray,2024-10-04 20:00:00,0.0,0.0,0.0
E.K. Chalki,PhotovoltaicArray,2024-10-04 20:15:00,0.0,0.0,0.0
E.K. Chalki,PhotovoltaicArray,2024-10-04 20:30:00,0.0,0.0,0.0
E.K. Chalki,PhotovoltaicArray,2024-10-04 20:45:00,0.0,0.0,0.0
E.K. Chalki,PhotovoltaicArray,2024-10-04 21:00:00,0.0,0.0,0.0
E.K. Chalki,PhotovoltaicArray,2024-10-04 21:15:00,0.0,0.0,0.0
E.K. Chalki,PhotovoltaicArray,2024-10-04 21:30:00,0.0,0.0,0.0
E.K. Chalki,PhotovoltaicArray,2024-10-04 21:45:00,0.0,0.0,0.0
E.K. Chalki,PhotovoltaicArray,2024-10-04 22:00:00,0.0,0.0,0.0
E.K. Chalki,PhotovoltaicArray,2024-10-04 22:15:00,0.0,0.0,0.0
E.K. Chalki,PhotovoltaicArray,2024-10-04 22:30:00,0.0,0.0,0.0
E.K. Chalki,PhotovoltaicArray,2024-10-04 22:45:00,0.0,0.0,0.0
E.K. Chalki,PhotovoltaicArray,2024-10-04 23:00:00,0.0,0.0,0.0
E.K. Chalki,PhotovoltaicArray,2024-10-04 23:15:00,0.0,0.0,0.0
E.K. Chalki,PhotovoltaicArray,2024-10-04 23:30:00,0.0,0.0,0.0
E.K. Chalki,PhotovoltaicArray,2024-10-04 23:45:00,0.0,0.0,0.0
E.K. Chalki,PhotovoltaicArray,2024-10-05 00:00:00,0.0,0.0,0.0
E.K. Chalki,PhotovoltaicArray,2024-10-05 00:15:00,0.0,0.0,0.0
E.K. Chalki,PhotovoltaicArray,2024-10-05 00:30:00,0.0,0.0,0.0
E.K. Chalki,PhotovoltaicArray,2024-10-05 00:45:00,0.0,0.0,0.0
E.K. Chalki,PhotovoltaicArray,2024-10-05 01:00:00,0.0,0.0,0.0
E.K. Chalki,PhotovoltaicArray,2024-10-05 01:15:00,0.0,0.0,0.0
E.K. Chalki,PhotovoltaicArray,2024-10-05 01:30:00,0.0,0.0,0.0
E.K. Chalki,PhotovoltaicArray,2024-10-05 01:45:00,0.0,0.0,0.0
E.K. Chalki,PhotovoltaicArray,2024-10-05 02:00:00,0.0,0.0,0.0
E.K. Chalki,PhotovoltaicArray,2024-10-05 02:15:00,0.0,0.0,0.0
E.K. Chalki,PhotovoltaicArray,2024-10-05 02:30:00,0.0,0.0,0.0
E.K. Chalki,PhotovoltaicArray,2024-10-05 02:45:00,0.0,0.0,0.0
E.K. Chalki,PhotovoltaicArray,2024-10-05 03:00:00,0.0,0.0,0.0
E.K. Chalki,PhotovoltaicArray,2024-10-05 03:15:00,0.0,0.0,0.0
E.K. Chalki,PhotovoltaicArray,2024-10-05 03:30:00,0.0,0.0,0.0
E.K. Chalki,PhotovoltaicArray,2024-10-05 03:45:00,0.0,0.0,0.0
E.K. Chalki,PhotovoltaicArray,2024-10-05 04:00:00,0.0,0.0,10.339417337947554
E.K. Chalki,PhotovoltaicArray,2024-10-05 04:15:00,0.0,0.0,20.678834675895107
E.K. Chalki,PhotovoltaicArray,2024-10-05 04:30:00,2.4859249591827393,9.943699836730957,31.018252013842663
E.K. Chalki,PhotovoltaicArray,2024-10-05 04:45:00,4.749563694000244,18.998254776000977,41.357669351790214
E.K. Chalki,PhotovoltaicArray,2024-10-05 05:00:00,14.548596382141113,58.19438552856445,92.0854356660954
E.K. Chalki,PhotovoltaicArray,2024-10-05 05:15:00,25.852148056030273,103.4085922241211,142.81320198040058
E.K. Chalki,PhotovoltaicArray,2024-10-05 05:30:00,36.0552864074707,144.2211456298828,193.54096829470575
E.K. Chalki,PhotovoltaicArray,2024-10-05 05:45:00,49.24658203125,196.986328125,244.26873460901095
E.K. Chalki,PhotovoltaicArray,2024-10-05 06:00:00,60.37386703491211,241.49546813964844,305.3359182612637
E.K. Chalki,PhotovoltaicArray,2024-10-05 06:15:00,83.30196380615234,333.2078552246094,366.4031019135165
E.K. Chalki,PhotovoltaicArray,2024-10-05 06:30:00,102.49956512451172,409.9982604980469,427.47028556576913
E.K. Chalki,PhotovoltaicArray,2024-10-05 06:45:00,101.68998718261719,406.75994873046875,487.2450420507784
E.K. Chalki,PhotovoltaicArray,2024-10-05 07:00:00,123.28927612304688,493.1571044921875,540.8807694913813
E.K. Chalki,PhotovoltaicArray,2024-10-05 07:15:00,132.78518676757812,531.1407470703125,594.5164969319843
E.K. Chalki,PhotovoltaicArray,2024-10-05 07:30:00,132.02027893066406,528.0811157226562,648.1522243725873
E.K. Chalki,PhotovoltaicArray,2024-10-05 07:45:00,142.9798583984375,571.91943359375,701.7879518131903
E.K. Chalki,PhotovoltaicArray,2024-10-05 08:00:00,146.49021911621094,585.9608764648438,740.8838736223045
E.K. Chalki,PhotovoltaicArray,2024-10-05 08:15:00,149.63433837890625,598.537353515625,779.9797954314186
E.K. Chalki,PhotovoltaicArray,2024-10-05 08:30:00,155.7127685546875,622.85107421875,819.0757172405328
E.K. Chalki,PhotovoltaicArray,2024-10-05 08:45:00,164.49237060546875,657.969482421875,858.171639049647
E.K. Chalki,PhotovoltaicArray,2024-10-05 09:00:00,163.15638732910156,652.6255493164062,878.8504737255421
E.K. Chalki,PhotovoltaicArray,2024-10-05 09:15:00,177.00596618652344,708.0238647460938,899.5293084014371
E.K. Chalki,PhotovoltaicArray,2024-10-05 09:30:00,179.9006805419922,719.6027221679688,920.2081430773322
E.K. Chalki,PhotovoltaicArray,2024-10-05 09:45:00,180.59939575195312,722.3975830078125,940.8869777532274
E.K. Chalki,PhotovoltaicArray,2024-10-05 10:00:00,178.28823852539062,713.1529541015625,941.2100845450383
E.K. Chalki,PhotovoltaicArray,2024-10-05 10:15:00,176.29330444335938,705.1732177734375,941.5331913368491
E.K. Chalki,PhotovoltaicArray,2024-10-05 10:30:00,179.8639678955078,719.4558715820312,941.8562981286598
E.K. Chalki,PhotovoltaicArray,2024-10-05 10:45:00,182.99813842773438,731.9925537109375,942.1794049204707
E.K. Chalki,PhotovoltaicArray,2024-10-05 11:00:00,173.3718719482422,693.4874877929688,921.8236770363864
E.K. Chalki,PhotovoltaicArray,2024-10-05 11:15:00,163.21266174316406,652.8506469726562,901.4679491523023
E.K. Chalki,PhotovoltaicArray,2024-10-05 11:30:00,154.63790893554688,618.5516357421875,881.1122212682181
E.K. Chalki,PhotovoltaicArray,2024-10-05 11:45:00,157.13836669921875,628.553466796875,860.7564933841339
E.K. Chalki,PhotovoltaicArray,2024-10-05 12:00:00,132.87387084960938,531.4954833984375,821.6605715750196
E.K. Chalki,PhotovoltaicArray,2024-10-05 12:15:00,135.0387725830078,540.1550903320312,782.5646497659054
E.K. Chalki,PhotovoltaicArray,2024-10-05 12:30:00,114.43423461914062,457.7369384765625,743.4687279567912
E.K. Chalki,PhotovoltaicArray,2024-10-05 12:45:00,133.31968688964844,533.2787475585938,703.0803789804337
E.K. Chalki,PhotovoltaicArray,2024-10-05 13:00:00,121.18345642089844,484.73382568359375,649.4446515398308
E.K. Chalki,PhotovoltaicArray,2024-10-05 13:15:00,101.0566635131836,404.2266540527344,595.8089240992279
E.K. Chalki,PhotovoltaicArray,2024-10-05 13:30:00,100.7856216430664,403.1424865722656,542.1731966586249
E.K. Chalki,PhotovoltaicArray,2024-10-05 13:45:00,93.88337707519531,375.53350830078125,488.5374692180219
E.K. Chalki,PhotovoltaicArray,2024-10-05 14:00:00,72.51680755615234,290.0672302246094,427.47028556576913
E.K. Chalki,PhotovoltaicArray,2024-10-05 14:15:00,61.287776947021484,245.15110778808594,366.4031019135165
E.K. Chalki,PhotovoltaicArray,2024-10-05 14:30:00,49.18704605102539,196.74818420410156,305.3359182612637
E.K. Chalki,PhotovoltaicArray,2024-10-05 14:45:00,33.82160568237305,135.2864227294922,244.26873460901095
E.K. Chalki,PhotovoltaicArray,2024-10-05 15:00:00,26.619918823242188,106.47967529296875,193.54096829470575
E.K. Chalki,PhotovoltaicArray,2024-10-05 15:15:00,13.554677963256836,54.218711853027344,142.81320198040058
E.K. Chalki,PhotovoltaicArray,2024-10-05 15:30:00,0.0,0.0,92.0854356660954
E.K. Chalki,PhotovoltaicArray,2024-10-05 15:45:00,0.0,0.0,41.357669351790214
E.K. Chalki,PhotovoltaicArray,2024-10-05 16:00:00,0.0,0.0,31.018252013842663
E.K. Chalki,PhotovoltaicArray,2024-10-05 16:15:00,0.0,0.0,20.678834675895107
E.K. Chalki,PhotovoltaicArray,2024-10-05 16:30:00,0.0,0.0,10.339417337947554
E.K. Chalki,PhotovoltaicArray,2024-10-05 16:45:00,0.0,0.0,0.0
E.K. Chalki,PhotovoltaicArray,2024-10-05 17:00:00,0.0,0.0,0.0
E.K. Chalki,PhotovoltaicArray,2024-10-05 17:15:00,0.0,0.0,0.0
E.K. Chalki,PhotovoltaicArray,2024-10-05 17:30:00,0.0,0.0,0.0
E.K. Chalki,PhotovoltaicArray,2024-10-05 17:45:00,0.0,0.0,0.0
E.K. Chalki,PhotovoltaicArray,2024-10-05 18:00:00,0.0,0.0,0.0
E.K. Chalki,PhotovoltaicArray,2024-10-05 18:15:00,0.0,0.0,0.0
E.K. Chalki,PhotovoltaicArray,2024-10-05 18:30:00,0.0,0.0,0.0
E.K. Chalki,PhotovoltaicArray,2024-10-05 18:45:00,0.0,0.0,0.0
E.K. Chalki,PhotovoltaicArray,2024-10-05 19:00:00,0.0,0.0,0.0
E.K. Chalki,PhotovoltaicArray,2024-10-05 19:15:00,0.0,0.0,0.0
E.K. Chalki,PhotovoltaicArray,2024-10-05 19:30:00,0.0,0.0,0.0
E.K. Chalki,PhotovoltaicArray,2024-10-05 19:45:00,0.0,0.0,0.0
E.K. Chalki,PhotovoltaicArray,2024-10-05 20:00:00,0.0,0.0,0.0
E.K. Chalki,PhotovoltaicArray,2024-10-05 20:15:00,0.0,0.0,0.0
E.K. Chalki,PhotovoltaicArray,2024-10-05 20:30:00,0.0,0.0,0.0
E.K. Chalki,PhotovoltaicArray,2024-10-05 20:45:00,0.0,0.0,0.0
E.K. Chalki,PhotovoltaicArray,2024-10-05 21:00:00,0.0,0.0,0.0
E.K. Chalki,PhotovoltaicArray,2024-10-05 21:15:00,0.0,0.0,0.0
E.K. Chalki,PhotovoltaicArray,2024-10-05 21:30:00,0.0,0.0,0.0
E.K. Chalki,PhotovoltaicArray,2024-10-05 21:45:00,0.0,0.0,0.0
E.K. Chalki,PhotovoltaicArray,2024-10-05 22:00:00,0.0,0.0,0.0
E.K. Chalki,PhotovoltaicArray,2024-10-05 22:15:00,0.0,0.0,0.0
E.K. Chalki,PhotovoltaicArray,2024-10-05 22:30:00,0.0,0.0,0.0
E.K. Chalki,PhotovoltaicArray,2024-10-05 22:45:00,0.0,0.0,0.0
E.K. Chalki,PhotovoltaicArray,2024-10-05 23:00:00,0.0,0.0,0.0
E.K. Chalki,PhotovoltaicArray,2024-10-05 23:15:00,0.0,0.0,0.0
E.K. Chalki,PhotovoltaicArray,2024-10-05 23:30:00,0.0,0.0,0.0
E.K. Chalki,PhotovoltaicArray,2024-10-05 23:45:00,0.0,0.0,0.0
E.K. Chalki,PhotovoltaicArray,2024-10-06 00:00:00,0.0,0.0,0.0
E.K. Chalki,PhotovoltaicArray,2024-10-06 00:15:00,0.0,0.0,0.0
E.K. Chalki,PhotovoltaicArray,2024-10-06 00:30:00,0.0,0.0,0.0
E.K. Chalki,PhotovoltaicArray,2024-10-06 00:45:00,0.0,0.0,0.0
E.K. Chalki,PhotovoltaicArray,2024-10-06 01:00:00,0.0,0.0,0.0
E.K. Chalki,PhotovoltaicArray,2024-10-06 01:15:00,0.0,0.0,0.0
E.K. Chalki,PhotovoltaicArray,2024-10-06 01:30:00,0.0,0.0,0.0
E.K. Chalki,PhotovoltaicArray,2024-10-06 01:45:00,0.0,0.0,0.0
E.K. Chalki,PhotovoltaicArray,2024-10-06 02:00:00,0.0,0.0,0.0
E.K. Chalki,PhotovoltaicArray,2024-10-06 02:15:00,0.0,0.0,0.0
E.K. Chalki,PhotovoltaicArray,2024-10-06 02:30:00,0.0,0.0,0.0
E.K. Chalki,PhotovoltaicArray,2024-10-06 02:45:00,0.0,0.0,0.0
E.K. Chalki,PhotovoltaicArray,2024-10-06 03:00:00,0.0,0.0,0.0
E.K. Chalki,PhotovoltaicArray,2024-10-06 03:15:00,0.0,0.0,0.0
E.K. Chalki,PhotovoltaicArray,2024-10-06 03:30:00,0.0,0.0,0.0
E.K. Chalki,PhotovoltaicArray,2024-10-06 03:45:00,0.0,0.0,0.0
E.K. Chalki,PhotovoltaicArray,2024-10-06 04:00:00,0.0,0.0,8.759589784213299
E.K. Chalki,PhotovoltaicArray,2024-10-06 04:15:00,0.0,0.0,17.519179568426598
E.K. Chalki,PhotovoltaicArray,2024-10-06 04:30:00,1.4705922603607178,5.882369041442871,26.278769352639895
E.K. Chalki,PhotovoltaicArray,2024-10-06 04:45:00,4.570651054382324,18.282604217529297,35.038359136853195
E.K. Chalki,PhotovoltaicArray,2024-10-06 05:00:00,11.004980087280273,44.019920349121094,84.3516053294614
E.K. Chalki,PhotovoltaicArray,2024-10-06 05:15:00,19.061445236206055,76.24578094482422,133.66485152206963
E.K. Chalki,PhotovoltaicArray,2024-10-06 05:30:00,30.592193603515625,122.3687744140625,182.97809771467783
E.K. Chalki,PhotovoltaicArray,2024-10-06 05:45:00,38.729190826416016,154.91676330566406,232.29134390728606
E.K. Chalki,PhotovoltaicArray,2024-10-06 06:00:00,37.649532318115234,150.59812927246094,292.63518464297766
E.K. Chalki,PhotovoltaicArray,2024-10-06 06:15:00,56.38039779663086,225.52159118652344,352.9790253786693
E.K. Chalki,PhotovoltaicArray,2024-10-06 06:30:00,65.06201171875,260.248046875,413.3228661143609
E.K. Chalki,PhotovoltaicArray,2024-10-06 06:45:00,78.81879425048828,315.2751770019531,472.3689898449839
E.K. Chalki,PhotovoltaicArray,2024-10-06 07:00:00,80.31842041015625,321.273681640625,525.8998163040652
E.K. Chalki,PhotovoltaicArray,2024-10-06 07:15:00,96.78158569335938,387.1263427734375,579.4306427631465
E.K. Chalki,PhotovoltaicArray,2024-10-06 07:30:00,114.88856506347656,459.55426025390625,632.9614692222277
E.K. Chalki,PhotovoltaicArray,2024-10-06 07:45:00,129.01454162597656,516.0581665039062,686.492295681309
E.K. Chalki,PhotovoltaicArray,2024-10-06 08:00:00,151.82257080078125,607.290283203125,725.4238058333682
E.K. Chalki,PhotovoltaicArray,2024-10-06 08:15:00,147.6824493408203,590.7297973632812,764.3553159854273
E.K. Chalki,PhotovoltaicArray,2024-10-06 08:30:00,159.45872497558594,637.8348999023438,803.2868261374863
E.K. Chalki,PhotovoltaicArray,2024-10-06 08:45:00,169.27146911621094,677.0858764648438,842.2183362895455
E.K. Chalki,PhotovoltaicArray,2024-10-06 09:00:00,160.6192626953125,642.47705078125,862.3329498681094
E.K. Chalki,PhotovoltaicArray,2024-10-06 09:15:00,163.43177795410156,653.7271118164062,882.4475634466733
E.K. Chalki,PhotovoltaicArray,2024-10-06 09:30:00,173.10202026367188,692.4080810546875,902.5621770252371
E.K. Chalki,PhotovoltaicArray,2024-10-06 09:45:00,176.7713165283203,707.0852661132812,922.6767906038009
E.K. Chalki,PhotovoltaicArray,2024-10-06 10:00:00,175.28541564941406,701.1416625976562,921.7035028499995
E.K. Chalki,PhotovoltaicArray,2024-10-06 10:15:00,171.86256408691406,687.4502563476562,920.7302150961981
E.K. Chalki,PhotovoltaicArray,2024-10-06 10:30:00,171.46046447753906,685.8418579101562,919.7569273423965
E.K. Chalki,PhotovoltaicArray,2024-10-06 10:45:00,164.19631958007812,656.7852783203125,918.7836395885951
E.K. Chalki,PhotovoltaicArray,2024-10-06 11:00:00,161.39431762695312,645.5772705078125,894.7758749948252
E.K. Chalki,PhotovoltaicArray,2024-10-06 11:15:00,156.07298278808594,624.2919311523438,870.7681104010555
E.K. Chalki,PhotovoltaicArray,2024-10-06 11:30:00,155.0398406982422,620.1593627929688,846.7603458072857
E.K. Chalki,PhotovoltaicArray,2024-10-06 11:45:00,104.36521911621094,417.46087646484375,822.7525812135159
E.K. Chalki,PhotovoltaicArray,2024-10-06 12:00:00,138.66229248046875,554.649169921875,782.5233540563883
E.K. Chalki,PhotovoltaicArray,2024-10-06 12:15:00,128.09437561035156,512.3775024414062,742.2941268992604
E.K. Chalki,PhotovoltaicArray,2024-10-06 12:30:00,114.36019897460938,457.4407958984375,702.0648997421326
E.K. Chalki,PhotovoltaicArray,2024-10-06 12:45:00,122.4679183959961,489.8716735839844,681.3014276610343
E.K. Chalki,PhotovoltaicArray,2024-10-06 13:00:00,105.19412231445312,420.7764892578125,629.0683182070217
E.K. Chalki,PhotovoltaicArray,2024-10-06 13:15:00,93.09587860107422,372.3835144042969,576.835208753009
E.K. Chalki,PhotovoltaicArray,2024-10-06 13:30:00,103.12897491455078,412.5158996582031,524.6020992989966
E.K. Chalki,PhotovoltaicArray,2024-10-06 13:45:00,85.18031311035156,340.72125244140625,472.3689898449839
E.K. Chalki,PhotovoltaicArray,2024-10-06 14:00:00,75.1434555053711,300.5738220214844,412.3495783605594
E.K. Chalki,PhotovoltaicArray,2024-10-06 14:15:00,39.39867401123047,157.59469604492188,352.33016687613497
E.K. Chalki,PhotovoltaicArray,2024-10-06 14:30:00,38.26084518432617,153.0433807373047,292.3107553917105
E.K. Chalki,PhotovoltaicArray,2024-10-06 14:45:00,27.784709930419922,111.13883972167969,232.29134390728606
E.K. Chalki,PhotovoltaicArray,2024-10-06 15:00:00,24.056119918823242,96.22447967529297,182.97809771467783
E.K. Chalki,PhotovoltaicArray,2024-10-06 15:15:00,15.028615951538086,60.114463806152344,133.66485152206963
E.K. Chalki,PhotovoltaicArray,2024-10-06 15:30:00,4.116273403167725,16.4650936126709,84.3516053294614
E.K. Chalki,PhotovoltaicArray,2024-10-06 15:45:00,0.0,0.0,35.038359136853195
E.K. Chalki,PhotovoltaicArray,2024-10-06 16:00:00,0.0,0.0,26.278769352639895
E.K. Chalki,PhotovoltaicArray,2024-10-06 16:15:00,0.0,0.0,17.519179568426598
E.K. Chalki,PhotovoltaicArray,2024-10-06 16:30:00,0.0,0.0,8.759589784213299
E.K. Chalki,PhotovoltaicArray,2024-10-06 16:45:00,0.0,0.0,0.0
E.K. Chalki,PhotovoltaicArray,2024-10-06 17:00:00,0.0,0.0,0.0
E.K. Chalki,PhotovoltaicArray,2024-10-06 17:15:00,0.0,0.0,0.0
E.K. Chalki,PhotovoltaicArray,2024-10-06 17:30:00,0.0,0.0,0.0
E.K. Chalki,PhotovoltaicArray,2024-10-06 17:45:00,0.0,0.0,0.0
E.K. Chalki,PhotovoltaicArray,2024-10-06 18:00:00,0.0,0.0,0.0
E.K. Chalki,PhotovoltaicArray,2024-10-06 18:15:00,0.0,0.0,0.0
E.K. Chalki,PhotovoltaicArray,2024-10-06 18:30:00,0.0,0.0,0.0
E.K. Chalki,PhotovoltaicArray,2024-10-06 18:45:00,0.0,0.0,0.0
E.K. Chalki,PhotovoltaicArray,2024-10-06 19:00:00,0.0,0.0,0.0
E.K. Chalki,PhotovoltaicArray,2024-10-06 19:15:00,0.0,0.0,0.0
E.K. Chalki,PhotovoltaicArray,2024-10-06 19:30:00,0.0,0.0,0.0
E.K. Chalki,PhotovoltaicArray,2024-10-06 19:45:00,0.0,0.0,0.0
E.K. Chalki,PhotovoltaicArray,2024-10-06 20:00:00,0.0,0.0,0.0
E.K. Chalki,PhotovoltaicArray,2024-10-06 20:15:00,0.0,0.0,0.0
E.K. Chalki,PhotovoltaicArray,2024-10-06 20:30:00,0.0,0.0,0.0
E.K. Chalki,PhotovoltaicArray,2024-10-06 20:45:00,0.0,0.0,0.0
E.K. Chalki,PhotovoltaicArray,2024-10-06 21:00:00,0.0,0.0,0.0
E.K. Chalki,PhotovoltaicArray,2024-10-06 21:15:00,0.0,0.0,0.0
E.K. Chalki,PhotovoltaicArray,2024-10-06 21:30:00,0.0,0.0,0.0
E.K. Chalki,PhotovoltaicArray,2024-10-06 21:45:00,0.0,0.0,0.0
E.K. Chalki,PhotovoltaicArray,2024-10-06 22:00:00,0.0,0.0,0.0
E.K. Chalki,PhotovoltaicArray,2024-10-06 22:15:00,0.0,0.0,0.0
E.K. Chalki,PhotovoltaicArray,2024-10-06 22:30:00,0.0,0.0,0.0
E.K. Chalki,PhotovoltaicArray,2024-10-06 22:45:00,0.0,0.0,0.0
E.K. Chalki,PhotovoltaicArray,2024-10-06 23:00:00,0.0,0.0,0.0
E.K. Chalki,PhotovoltaicArray,2024-10-06 23:15:00,0.0,0.0,0.0
E.K. Chalki,PhotovoltaicArray,2024-10-06 23:30:00,0.0,0.0,0.0
E.K. Chalki,PhotovoltaicArray,2024-10-06 23:45:00,0.0,0.0,0.0
E.K. Chalki,PhotovoltaicArray,2024-10-07 00:00:00,0.0,0.0,0.0
E.K. Chalki,PhotovoltaicArray,2024-10-07 00:15:00,0.0,0.0,0.0
E.K. Chalki,PhotovoltaicArray,2024-10-07 00:30:00,0.0,0.0,0.0
E.K. Chalki,PhotovoltaicArray,2024-10-07 00:45:00,0.0,0.0,0.0
E.K. Chalki,PhotovoltaicArray,2024-10-07 01:00:00,0.0,0.0,0.0
E.K. Chalki,PhotovoltaicArray,2024-10-07 01:15:00,0.0,0.0,0.0
E.K. Chalki,PhotovoltaicArray,2024-10-07 01:30:00,0.0,0.0,0.0
E.K. Chalki,PhotovoltaicArray,2024-10-07 01:45:00,0.0,0.0,0.0
E.K. Chalki,PhotovoltaicArray,2024-10-07 02:00:00,0.0,0.0,0.0
E.K. Chalki,PhotovoltaicArray,2024-10-07 02:15:00,0.0,0.0,0.0
E.K. Chalki,PhotovoltaicArray,2024-10-07 02:30:00,0.0,0.0,0.0
E.K. Chalki,PhotovoltaicArray,2024-10-07 02:45:00,0.0,0.0,0.0
E.K. Chalki,PhotovoltaicArray,2024-10-07 03:00:00,0.0,0.0,0.0
E.K. Chalki,PhotovoltaicArray,2024-10-07 03:15:00,0.0,0.0,0.0
E.K. Chalki,PhotovoltaicArray,2024-10-07 03:30:00,0.0,0.0,0.0
E.K. Chalki,PhotovoltaicArray,2024-10-07 03:45:00,0.0,0.0,0.0
E.K. Chalki,PhotovoltaicArray,2024-10-07 04:00:00,0.0,0.0,8.469803374558468
E.K. Chalki,PhotovoltaicArray,2024-10-07 04:15:00,0.0,0.0,16.939606749116937
E.K. Chalki,PhotovoltaicArray,2024-10-07 04:30:00,0.9442015886306763,3.776806354522705,25.409410123675404
E.K. Chalki,PhotovoltaicArray,2024-10-07 04:45:00,4.330306529998779,17.321226119995117,33.879213498233874
E.K. Chalki,PhotovoltaicArray,2024-10-07 05:00:00,11.564875602722168,46.25950241088867,79.81160872180094
E.K. Chalki,PhotovoltaicArray,2024-10-07 05:15:00,21.722213745117188,86.88885498046875,125.74400394536801
E.K. Chalki,PhotovoltaicArray,2024-10-07 05:30:00,35.03166961669922,140.12667846679688,171.67639916893506
E.K. Chalki,PhotovoltaicArray,2024-10-07 05:45:00,46.023345947265625,184.0933837890625,217.60879439250215
E.K. Chalki,PhotovoltaicArray,2024-10-07 06:00:00,58.842857360839844,235.37142944335938,277.8747030191681
E.K. Chalki,PhotovoltaicArray,2024-10-07 06:15:00,71.75027465820312,287.0010986328125,338.14061164583416
E.K. Chalki,PhotovoltaicArray,2024-10-07 06:30:00,94.18959045410156,376.75836181640625,398.4065202725002
E.K. Chalki,PhotovoltaicArray,2024-10-07 06:45:00,83.69744873046875,334.789794921875,459.9754755721751
E.K. Chalki,PhotovoltaicArray,2024-10-07 07:00:00,107.67628479003906,430.70513916015625,512.7488658290395
E.K. Chalki,PhotovoltaicArray,2024-10-07 07:15:00,120.10380554199219,480.41522216796875,565.5222560859038
E.K. Chalki,PhotovoltaicArray,2024-10-07 07:30:00,120.70925903320312,482.8370361328125,618.2956463427682
E.K. Chalki,PhotovoltaicArray,2024-10-07 07:45:00,135.7743377685547,543.0973510742188,671.0690365996326
E.K. Chalki,PhotovoltaicArray,2024-10-07 08:00:00,143.13671875,572.546875,710.1604367899023
E.K. Chalki,PhotovoltaicArray,2024-10-07 08:15:00,147.5711212158203,590.2844848632812,749.251836980172
E.K. Chalki,PhotovoltaicArray,2024-10-07 08:30:00,153.00875854492188,612.0350341796875,788.3432371704417
E.K. Chalki,PhotovoltaicArray,2024-10-07 08:45:00,159.2150115966797,636.8600463867188,827.4346373607116
E.K. Chalki,PhotovoltaicArray,2024-10-07 09:00:00,164.77871704101562,659.1148681640625,850.5637158066213
E.K. Chalki,PhotovoltaicArray,2024-10-07 09:15:00,166.44827270507812,665.7930908203125,873.6927942525309
E.K. Chalki,PhotovoltaicArray,2024-10-07 09:30:00,171.20606994628906,684.8242797851562,896.8218726984406
E.K. Chalki,PhotovoltaicArray,2024-10-07 09:45:00,177.6333770751953,710.5335083007812,919.9509511443503
E.K. Chalki,PhotovoltaicArray,2024-10-07 10:00:00,175.15957641601562,700.6383056640625,920.2767128126025
E.K. Chalki,PhotovoltaicArray,2024-10-07 10:15:00,174.5006103515625,698.00244140625,920.602474480855
E.K. Chalki,PhotovoltaicArray,2024-10-07 10:30:00,172.4390411376953,689.7561645507812,920.9282361491072
E.K. Chalki,PhotovoltaicArray,2024-10-07 10:45:00,174.2943878173828,697.1775512695312,921.2539978173593
E.K. Chalki,PhotovoltaicArray,2024-10-07 11:00:00,168.73777770996094,674.9511108398438,901.0567743857199
E.K. Chalki,PhotovoltaicArray,2024-10-07 11:15:00,157.83670043945312,631.3468017578125,880.8595509540805
E.K. Chalki,PhotovoltaicArray,2024-10-07 11:30:00,160.223876953125,640.8955078125,860.662327522441
E.K. Chalki,PhotovoltaicArray,2024-10-07 11:45:00,152.36119079589844,609.4447631835938,840.4651040908014
E.K. Chalki,PhotovoltaicArray,2024-10-07 12:00:00,145.89657592773438,583.5863037109375,802.3509889052885
E.K. Chalki,PhotovoltaicArray,2024-10-07 12:15:00,133.1774444580078,532.7097778320312,764.2368737197755
E.K. Chalki,PhotovoltaicArray,2024-10-07 12:30:00,90.48918151855469,361.95672607421875,726.1227585342624
E.K. Chalki,PhotovoltaicArray,2024-10-07 12:45:00,129.76446533203125,519.057861328125,681.4934099837043
E.K. Chalki,PhotovoltaicArray,2024-10-07 13:00:00,105.19412231445312,420.7764892578125,629.0457813950923
E.K. Chalki,PhotovoltaicArray,2024-10-07 13:15:00,112.94819641113281,451.79278564453125,576.5981528064802
E.K. Chalki,PhotovoltaicArray,2024-10-07 13:30:00,101.34571075439453,405.3828430175781,524.1505242178682
E.K. Chalki,PhotovoltaicArray,2024-10-07 13:45:00,85.18031311035156,340.72125244140625,471.70289562925615
E.K. Chalki,PhotovoltaicArray,2024-10-07 14:00:00,74.84270477294922,299.3708190917969,411.4369870025901
E.K. Chalki,PhotovoltaicArray,2024-10-07 14:15:00,58.691104888916016,234.76441955566406,351.17107837592414
E.K. Chalki,PhotovoltaicArray,2024-10-07 14:30:00,48.507972717285156,194.03189086914062,290.9051697492581
E.K. Chalki,PhotovoltaicArray,2024-10-07 14:45:00,31.539316177368164,126.15726470947266,230.6392611225921
E.K. Chalki,PhotovoltaicArray,2024-10-07 15:00:00,23.978410720825195,95.91364288330078,181.77501088475478
E.K. Chalki,PhotovoltaicArray,2024-10-07 15:15:00,12.021980285644531,48.087921142578125,132.91076064691748
E.K. Chalki,PhotovoltaicArray,2024-10-07 15:30:00,0.0,0.0,84.04651040908017
E.K. Chalki,PhotovoltaicArray,2024-10-07 15:45:00,0.0,0.0,35.18226017124285
E.K. Chalki,PhotovoltaicArray,2024-10-07 16:00:00,0.0,0.0,26.38669512843214
E.K. Chalki,PhotovoltaicArray,2024-10-07 16:15:00,0.0,0.0,17.591130085621426
E.K. Chalki,PhotovoltaicArray,2024-10-07 16:30:00,0.0,0.0,8.795565042810713
E.K. Chalki,PhotovoltaicArray,2024-10-07 16:45:00,0.0,0.0,0.0
E.K. Chalki,PhotovoltaicArray,2024-10-07 17:00:00,0.0,0.0,0.0
E.K. Chalki,PhotovoltaicArray,2024-10-07 17:15:00,0.0,0.0,0.0
E.K. Chalki,PhotovoltaicArray,2024-10-07 17:30:00,0.0,0.0,0.0
E.K. Chalki,PhotovoltaicArray,2024-10-07 17:45:00,0.0,0.0,0.0
E.K. Chalki,PhotovoltaicArray,2024-10-07 18:00:00,0.0,0.0,0.0
E.K. Chalki,PhotovoltaicArray,2024-10-07 18:15:00,0.0,0.0,0.0
E.K. Chalki,PhotovoltaicArray,2024-10-07 18:30:00,0.0,0.0,0.0
E.K. Chalki,PhotovoltaicArray,2024-10-07 18:45:00,0.0,0.0,0.0
E.K. Chalki,PhotovoltaicArray,2024-10-07 19:00:00,0.0,0.0,0.0
E.K. Chalki,PhotovoltaicArray,2024-10-07 19:15:00,0.0,0.0,0.0
E.K. Chalki,PhotovoltaicArray,2024-10-07 19:30:00,0.0,0.0,0.0
E.K. Chalki,PhotovoltaicArray,2024-10-07 19:45:00,0.0,0.0,0.0
E.K. Chalki,PhotovoltaicArray,2024-10-07 20:00:00,0.0,0.0,0.0
E.K. Chalki,PhotovoltaicArray,2024-10-07 20:15:00,0.0,0.0,0.0
E.K. Chalki,PhotovoltaicArray,2024-10-07 20:30:00,0.0,0.0,0.0
E.K. Chalki,PhotovoltaicArray,2024-10-07 20:45:00,0.0,0.0,0.0
E.K. Chalki,PhotovoltaicArray,2024-10-07 21:00:00,0.0,0.0,0.0
E.K. Chalki,PhotovoltaicArray,2024-10-07 21:15:00,0.0,0.0,0.0
E.K. Chalki,PhotovoltaicArray,2024-10-07 21:30:00,0.0,0.0,0.0
E.K. Chalki,PhotovoltaicArray,2024-10-07 21:45:00,0.0,0.0,0.0
E.K. Chalki,PhotovoltaicArray,2024-10-07 22:00:00,0.0,0.0,0.0
E.K. Chalki,PhotovoltaicArray,2024-10-07 22:15:00,0.0,0.0,0.0
E.K. Chalki,PhotovoltaicArray,2024-10-07 22:30:00,0.0,0.0,0.0
E.K. Chalki,PhotovoltaicArray,2024-10-07 22:45:00,0.0,0.0,0.0
E.K. Chalki,PhotovoltaicArray,2024-10-07 23:00:00,0.0,0.0,0.0
E.K. Chalki,PhotovoltaicArray,2024-10-07 23:15:00,0.0,0.0,0.0
E.K. Chalki,PhotovoltaicArray,2024-10-07 23:30:00,0.0,0.0,0.0
E.K. Chalki,PhotovoltaicArray,2024-10-07 23:45:00,0.0,0.0,0.0
E.K. Chalki,PhotovoltaicArray,2024-10-08 00:00:00,0.0,0.0,0.0
E.K. Chalki,PhotovoltaicArray,2024-10-08 00:15:00,0.0,0.0,0.0
E.K. Chalki,PhotovoltaicArray,2024-10-08 00:30:00,0.0,0.0,0.0
E.K. Chalki,PhotovoltaicArray,2024-10-08 00:45:00,0.0,0.0,0.0
E.K. Chalki,PhotovoltaicArray,2024-10-08 01:00:00,0.0,0.0,0.0
E.K. Chalki,PhotovoltaicArray,2024-10-08 01:15:00,0.0,0.0,0.0
E.K. Chalki,PhotovoltaicArray,2024-10-08 01:30:00,0.0,0.0,0.0
E.K. Chalki,PhotovoltaicArray,2024-10-08 01:45:00,0.0,0.0,0.0
E.K. Chalki,PhotovoltaicArray,2024-10-08 02:00:00,0.0,0.0,0.0
E.K. Chalki,PhotovoltaicArray,2024-10-08 02:15:00,0.0,0.0,0.0
E.K. Chalki,PhotovoltaicArray,2024-10-08 02:30:00,0.0,0.0,0.0
E.K. Chalki,PhotovoltaicArray,2024-10-08 02:45:00,0.0,0.0,0.0
E.K. Chalki,PhotovoltaicArray,2024-10-08 03:00:00,0.0,0.0,0.0
E.K. Chalki,PhotovoltaicArray,2024-10-08 03:15:00,0.0,0.0,0.0
E.K. Chalki,PhotovoltaicArray,2024-10-08 03:30:00,0.0,0.0,0.0
E.K. Chalki,PhotovoltaicArray,2024-10-08 03:45:00,0.0,0.0,0.0
E.K. Chalki,PhotovoltaicArray,2024-10-08 04:00:00,0.0,0.0,8.831803264340111
E.K. Chalki,PhotovoltaicArray,2024-10-08 04:15:00,0.0,0.0,17.663606528680223
E.K. Chalki,PhotovoltaicArray,2024-10-08 04:30:00,0.9442015886306763,3.776806354522705,26.495409793020333
E.K. Chalki,PhotovoltaicArray,2024-10-08 04:45:00,4.096465110778809,16.385860443115234,35.327213057360446
E.K. Chalki,PhotovoltaicArray,2024-10-08 05:00:00,12.230151176452637,48.92060470581055,85.04699439734924
E.K. Chalki,PhotovoltaicArray,2024-10-08 05:15:00,22.2567138671875,89.02685546875,134.766775737338
E.K. Chalki,PhotovoltaicArray,2024-10-08 05:30:00,36.63991928100586,146.55967712402344,184.4865570773268
E.K. Chalki,PhotovoltaicArray,2024-10-08 05:45:00,48.63192367553711,194.52769470214844,234.20633841731558
E.K. Chalki,PhotovoltaicArray,2024-10-08 06:00:00,61.09086990356445,244.3634796142578,295.374753618486
E.K. Chalki,PhotovoltaicArray,2024-10-08 06:15:00,77.5293197631836,310.1172790527344,356.5431688196564
E.K. Chalki,PhotovoltaicArray,2024-10-08 06:30:00,97.2990951538086,389.1963806152344,417.7115840208269
E.K. Chalki,PhotovoltaicArray,2024-10-08 06:45:00,87.59419250488281,350.37677001953125,477.57158392357644
E.K. Chalki,PhotovoltaicArray,2024-10-08 07:00:00,120.17955780029297,480.7182312011719,531.5437149834327
E.K. Chalki,PhotovoltaicArray,2024-10-08 07:15:00,109.81412506103516,439.2565002441406,585.515846043289
E.K. Chalki,PhotovoltaicArray,2024-10-08 07:30:00,127.6248779296875,510.49951171875,639.4879771031452
E.K. Chalki,PhotovoltaicArray,2024-10-08 07:45:00,141.66958618164062,566.6783447265625,693.4601081630015
E.K. Chalki,PhotovoltaicArray,2024-10-08 08:00:00,150.22854614257812,600.9141845703125,732.385463291019
E.K. Chalki,PhotovoltaicArray,2024-10-08 08:15:00,157.7278594970703,630.9114379882812,771.3108184190364
E.K. Chalki,PhotovoltaicArray,2024-10-08 08:30:00,156.73081970214844,626.9232788085938,810.2361735470541
E.K. Chalki,PhotovoltaicArray,2024-10-08 08:45:00,162.9833526611328,651.9334106445312,849.1615286750715
E.K. Chalki,PhotovoltaicArray,2024-10-08 09:00:00,167.88392639160156,671.5357055664062,869.4419658005934
E.K. Chalki,PhotovoltaicArray,2024-10-08 09:15:00,174.38775634765625,697.551025390625,889.7224029261151
E.K. Chalki,PhotovoltaicArray,2024-10-08 09:30:00,180.03720092773438,720.1488037109375,910.0028400516368
E.K. Chalki,PhotovoltaicArray,2024-10-08 09:45:00,175.88706970214844,703.5482788085938,930.2832771771585
E.K. Chalki,PhotovoltaicArray,2024-10-08 10:00:00,173.6660919189453,694.6643676757812,930.2832771771585
E.K. Chalki,PhotovoltaicArray,2024-10-08 10:15:00,179.401611328125,717.6064453125,930.2832771771585
E.K. Chalki,PhotovoltaicArray,2024-10-08 10:30:00,179.0705108642578,716.2820434570312,930.2832771771585
E.K. Chalki,PhotovoltaicArray,2024-10-08 10:45:00,179.83689880371094,719.3475952148438,930.2832771771585
E.K. Chalki,PhotovoltaicArray,2024-10-08 11:00:00,173.4712677001953,693.8850708007812,909.3486324024263
E.K. Chalki,PhotovoltaicArray,2024-10-08 11:15:00,163.9519805908203,655.8079223632812,888.4139876276944
E.K. Chalki,PhotovoltaicArray,2024-10-08 11:30:00,156.6774139404297,626.7096557617188,867.4793428529624
E.K. Chalki,PhotovoltaicArray,2024-10-08 11:45:00,160.18106079101562,640.7242431640625,846.5446980782303
E.K. Chalki,PhotovoltaicArray,2024-10-08 12:00:00,149.25270080566406,597.0108032226562,806.9651353010024
E.K. Chalki,PhotovoltaicArray,2024-10-08 12:15:00,135.43873596191406,541.7549438476562,767.3855725237742
E.K. Chalki,PhotovoltaicArray,2024-10-08 12:30:00,116.18241119384766,464.7296447753906,727.8060097465462
E.K. Chalki,PhotovoltaicArray,2024-10-08 12:45:00,131.24424743652344,524.9769897460938,689.5348622677392
E.K. Chalki,PhotovoltaicArray,2024-10-08 13:00:00,121.5411148071289,486.1644592285156,635.2356273832778
E.K. Chalki,PhotovoltaicArray,2024-10-08 13:15:00,105.75345611572266,423.0138244628906,580.9363924988163
E.K. Chalki,PhotovoltaicArray,2024-10-08 13:30:00,103.12897491455078,412.5158996582031,526.6371576143548
E.K. Chalki,PhotovoltaicArray,2024-10-08 13:45:00,85.18031311035156,340.72125244140625,472.3379227298935
E.K. Chalki,PhotovoltaicArray,2024-10-08 14:00:00,74.84270477294922,299.3708190917969,411.169507528723
E.K. Chalki,PhotovoltaicArray,2024-10-08 14:15:00,59.20417404174805,236.8166961669922,350.0010923275526
E.K. Chalki,PhotovoltaicArray,2024-10-08 14:30:00,46.13911819458008,184.5564727783203,288.83267712638224
E.K. Chalki,PhotovoltaicArray,2024-10-08 14:45:00,30.00887680053711,120.03550720214844,227.66426192521186
E.K. Chalki,PhotovoltaicArray,2024-10-08 15:00:00,20.93148422241211,83.72593688964844,178.92579205903863
E.K. Chalki,PhotovoltaicArray,2024-10-08 15:15:00,10.772830963134766,43.09132385253906,130.1873221928654
E.K. Chalki,PhotovoltaicArray,2024-10-08 15:30:00,0.0,0.0,81.44885232669216
E.K. Chalki,PhotovoltaicArray,2024-10-08 15:45:00,0.0,0.0,32.710382460518936
E.K. Chalki,PhotovoltaicArray,2024-10-08 16:00:00,0.0,0.0,24.5327868453892
E.K. Chalki,PhotovoltaicArray,2024-10-08 16:15:00,0.0,0.0,16.355191230259468
E.K. Chalki,PhotovoltaicArray,2024-10-08 16:30:00,0.0,0.0,8.177595615129734
E.K. Chalki,PhotovoltaicArray,2024-10-08 16:45:00,0.0,0.0,0.0
E.K. Chalki,PhotovoltaicArray,2024-10-08 17:00:00,0.0,0.0,0.0
E.K. Chalki,PhotovoltaicArray,2024-10-08 17:15:00,0.0,0.0,0.0
E.K. Chalki,PhotovoltaicArray,2024-10-08 17:30:00,0.0,0.0,0.0
E.K. Chalki,PhotovoltaicArray,2024-10-08 17:45:00,0.0,0.0,0.0
E.K. Chalki,PhotovoltaicArray,2024-10-08 18:00:00,0.0,0.0,0.0
E.K. Chalki,PhotovoltaicArray,2024-10-08 18:15:00,0.0,0.0,0.0
E.K. Chalki,PhotovoltaicArray,2024-10-08 18:30:00,0.0,0.0,0.0
E.K. Chalki,PhotovoltaicArray,2024-10-08 18:45:00,0.0,0.0,0.0
E.K. Chalki,PhotovoltaicArray,2024-10-08 19:00:00,0.0,0.0,0.0
E.K. Chalki,PhotovoltaicArray,2024-10-08 19:15:00,0.0,0.0,0.0
E.K. Chalki,PhotovoltaicArray,2024-10-08 19:30:00,0.0,0.0,0.0
E.K. Chalki,PhotovoltaicArray,2024-10-08 19:45:00,0.0,0.0,0.0
E.K. Chalki,PhotovoltaicArray,2024-10-08 20:00:00,0.0,0.0,0.0
E.K. Chalki,PhotovoltaicArray,2024-10-08 20:15:00,0.0,0.0,0.0
E.K. Chalki,PhotovoltaicArray,2024-10-08 20:30:00,0.0,0.0,0.0
E.K. Chalki,PhotovoltaicArray,2024-10-08 20:45:00,0.0,0.0,0.0
E.K. Chalki,PhotovoltaicArray,2024-10-08 21:00:00,0.0,0.0,0.0
E.K. Chalki,PhotovoltaicArray,2024-10-08 21:15:00,0.0,0.0,0.0
E.K. Chalki,PhotovoltaicArray,2024-10-08 21:30:00,0.0,0.0,0.0
E.K. Chalki,PhotovoltaicArray,2024-10-08 21:45:00,0.0,0.0,0.0
E.K. Chalki,PhotovoltaicArray,2024-10-08 22:00:00,0.0,0.0,0.0
E.K. Chalki,PhotovoltaicArray,2024-10-08 22:15:00,0.0,0.0,0.0
E.K. Chalki,PhotovoltaicArray,2024-10-08 22:30:00,0.0,0.0,0.0
E.K. Chalki,PhotovoltaicArray,2024-10-08 22:45:00,0.0,0.0,0.0
E.K. Chalki,PhotovoltaicArray,2024-10-08 23:00:00,0.0,0.0,0.0
E.K. Chalki,PhotovoltaicArray,2024-10-08 23:15:00,0.0,0.0,0.0
E.K. Chalki,PhotovoltaicArray,2024-10-08 23:30:00,0.0,0.0,0.0
E.K. Chalki,PhotovoltaicArray,2024-10-08 23:45:00,0.0,0.0,0.0
E.K. Chalki,PhotovoltaicArray,2024-10-09 00:00:00,0.0,0.0,0.0
E.K. Chalki,PhotovoltaicArray,2024-10-09 00:15:00,0.0,0.0,0.0
E.K. Chalki,PhotovoltaicArray,2024-10-09 00:30:00,0.0,0.0,0.0
E.K. Chalki,PhotovoltaicArray,2024-10-09 00:45:00,0.0,0.0,0.0
E.K. Chalki,PhotovoltaicArray,2024-10-09 01:00:00,0.0,0.0,0.0
E.K. Chalki,PhotovoltaicArray,2024-10-09 01:15:00,0.0,0.0,0.0
E.K. Chalki,PhotovoltaicArray,2024-10-09 01:30:00,0.0,0.0,0.0
E.K. Chalki,PhotovoltaicArray,2024-10-09 01:45:00,0.0,0.0,0.0
E.K. Chalki,PhotovoltaicArray,2024-10-09 02:00:00,0.0,0.0,0.0
E.K. Chalki,PhotovoltaicArray,2024-10-09 02:15:00,0.0,0.0,0.0
E.K. Chalki,PhotovoltaicArray,2024-10-09 02:30:00,0.0,0.0,0.0
E.K. Chalki,PhotovoltaicArray,2024-10-09 02:45:00,0.0,0.0,0.0
E.K. Chalki,PhotovoltaicArray,2024-10-09 03:00:00,0.0,0.0,0.0
E.K. Chalki,PhotovoltaicArray,2024-10-09 03:15:00,0.0,0.0,0.0
E.K. Chalki,PhotovoltaicArray,2024-10-09 03:30:00,0.0,0.0,0.0
E.K. Chalki,PhotovoltaicArray,2024-10-09 03:45:00,0.0,0.0,0.0
E.K. Chalki,PhotovoltaicArray,2024-10-09 04:00:00,0.0,0.0,8.5398426296433
E.K. Chalki,PhotovoltaicArray,2024-10-09 04:15:00,0.0,0.0,17.0796852592866
E.K. Chalki,PhotovoltaicArray,2024-10-09 04:30:00,0.9442015886306763,3.776806354522705,25.619527888929905
E.K. Chalki,PhotovoltaicArray,2024-10-09 04:45:00,4.096465110778809,16.385860443115234,34.1593705185732
E.K. Chalki,PhotovoltaicArray,2024-10-09 05:00:00,10.383249282836914,41.532997131347656,83.75614886765544
E.K. Chalki,PhotovoltaicArray,2024-10-09 05:15:00,21.837278366088867,87.34911346435547,133.3529272167377
E.K. Chalki,PhotovoltaicArray,2024-10-09 05:30:00,36.08778762817383,144.3511505126953,182.94970556581993
E.K. Chalki,PhotovoltaicArray,2024-10-09 05:45:00,48.63192367553711,194.52769470214844,232.54648391490215
E.K. Chalki,PhotovoltaicArray,2024-10-09 06:00:00,61.09086990356445,244.3634796142578,294.6245707226938
E.K. Chalki,PhotovoltaicArray,2024-10-09 06:15:00,77.5293197631836,310.1172790527344,356.70265753048557
E.K. Chalki,PhotovoltaicArray,2024-10-09 06:30:00,96.94733428955078,387.7893371582031,418.7807443382773
E.K. Chalki,PhotovoltaicArray,2024-10-09 06:45:00,83.51566314697266,334.0626525878906,479.54500920304685
E.K. Chalki,PhotovoltaicArray,2024-10-09 07:00:00,98.95392608642578,395.8157043457031,533.4117088669508
E.K. Chalki,PhotovoltaicArray,2024-10-09 07:15:00,109.00782775878906,436.03131103515625,587.2784085308546
E.K. Chalki,PhotovoltaicArray,2024-10-09 07:30:00,126.74972534179688,506.9989013671875,641.1451081947584
E.K. Chalki,PhotovoltaicArray,2024-10-09 07:45:00,140.85670471191406,563.4268188476562,695.0118078586623
E.K. Chalki,PhotovoltaicArray,2024-10-09 08:00:00,143.44888305664062,573.7955322265625,734.0980106635682
E.K. Chalki,PhotovoltaicArray,2024-10-09 08:15:00,156.0511474609375,624.20458984375,773.184213468474
E.K. Chalki,PhotovoltaicArray,2024-10-09 08:30:00,152.1105194091797,608.4420776367188,812.27041627338
E.K. Chalki,PhotovoltaicArray,2024-10-09 08:45:00,165.3754425048828,661.5017700195312,851.3566190782858
E.K. Chalki,PhotovoltaicArray,2024-10-09 09:00:00,165.74981689453125,662.999267578125,871.0639482236165
E.K. Chalki,PhotovoltaicArray,2024-10-09 09:15:00,168.83689880371094,675.3475952148438,890.7712773689472
E.K. Chalki,PhotovoltaicArray,2024-10-09 09:30:00,180.03358459472656,720.1343383789062,910.478606514278
E.K. Chalki,PhotovoltaicArray,2024-10-09 09:45:00,174.88006591796875,699.520263671875,930.1859356596086
E.K. Chalki,PhotovoltaicArray,2024-10-09 10:00:00,172.4026336669922,689.6105346679688,929.5290246880976
E.K. Chalki,PhotovoltaicArray,2024-10-09 10:15:00,178.29779052734375,713.191162109375,928.8721137165866
E.K. Chalki,PhotovoltaicArray,2024-10-09 10:30:00,178.69798278808594,714.7919311523438,928.2152027450754
E.K. Chalki,PhotovoltaicArray,2024-10-09 10:45:00,180.18235778808594,720.7294311523438,927.5582917735644
E.K. Chalki,PhotovoltaicArray,2024-10-09 11:00:00,173.60385131835938,694.4154052734375,906.2086851994561
E.K. Chalki,PhotovoltaicArray,2024-10-09 11:15:00,158.1182403564453,632.4729614257812,884.8590786253479
E.K. Chalki,PhotovoltaicArray,2024-10-09 11:30:00,157.35748291015625,629.429931640625,863.5094720512399
E.K. Chalki,PhotovoltaicArray,2024-10-09 11:45:00,151.55020141601562,606.2008056640625,842.1598654771317
E.K. Chalki,PhotovoltaicArray,2024-10-09 12:00:00,145.89657592773438,583.5863037109375,801.7598407292038
E.K. Chalki,PhotovoltaicArray,2024-10-09 12:15:00,125.87124633789062,503.4849853515625,761.3598159812757
E.K. Chalki,PhotovoltaicArray,2024-10-09 12:30:00,121.58649444580078,486.3459777832031,720.9597912333478
E.K. Chalki,PhotovoltaicArray,2024-10-09 12:45:00,131.40660095214844,525.6264038085938,684.5012323144861
E.K. Chalki,PhotovoltaicArray,2024-10-09 13:00:00,116.70518493652344,466.82073974609375,629.9776216790711
E.K. Chalki,PhotovoltaicArray,2024-10-09 13:15:00,110.47447204589844,441.89788818359375,575.4540110436562
E.K. Chalki,PhotovoltaicArray,2024-10-09 13:30:00,102.30550384521484,409.2220153808594,520.9304004082412
E.K. Chalki,PhotovoltaicArray,2024-10-09 13:45:00,78.03118896484375,312.124755859375,466.40678977282636
E.K. Chalki,PhotovoltaicArray,2024-10-09 14:00:00,70.89097595214844,283.56390380859375,405.31406942230126
E.K. Chalki,PhotovoltaicArray,2024-10-09 14:15:00,54.46930694580078,217.87722778320312,344.22134907177605
E.K. Chalki,PhotovoltaicArray,2024-10-09 14:30:00,43.714515686035156,174.85806274414062,283.1286287212509
E.K. Chalki,PhotovoltaicArray,2024-10-09 14:45:00,31.234394073486328,124.93757629394531,222.03590837072574
E.K. Chalki,PhotovoltaicArray,2024-10-09 15:00:00,22.46830940246582,89.87323760986328,174.08140745042107
E.K. Chalki,PhotovoltaicArray,2024-10-09 15:15:00,12.774213790893555,51.09685516357422,126.12690653011641
E.K. Chalki,PhotovoltaicArray,2024-10-09 15:30:00,0.0,0.0,78.17240560981173
E.K. Chalki,PhotovoltaicArray,2024-10-09 15:45:00,0.0,0.0,30.217904689507062
E.K. Chalki,PhotovoltaicArray,2024-10-09 16:00:00,0.0,0.0,22.663428517130292
E.K. Chalki,PhotovoltaicArray,2024-10-09 16:15:00,0.0,0.0,15.108952344753531
E.K. Chalki,PhotovoltaicArray,2024-10-09 16:30:00,0.0,0.0,7.5544761723767655
E.K. Chalki,PhotovoltaicArray,2024-10-09 16:45:00,0.0,0.0,0.0
E.K. Chalki,PhotovoltaicArray,2024-10-09 17:00:00,0.0,0.0,0.0
E.K. Chalki,PhotovoltaicArray,2024-10-09 17:15:00,0.0,0.0,0.0
E.K. Chalki,PhotovoltaicArray,2024-10-09 17:30:00,0.0,0.0,0.0
E.K. Chalki,PhotovoltaicArray,2024-10-09 17:45:00,0.0,0.0,0.0
E.K. Chalki,PhotovoltaicArray,2024-10-09 18:00:00,0.0,0.0,0.0
E.K. Chalki,PhotovoltaicArray,2024-10-09 18:15:00,0.0,0.0,0.0
E.K. Chalki,PhotovoltaicArray,2024-10-09 18:30:00,0.0,0.0,0.0
E.K. Chalki,PhotovoltaicArray,2024-10-09 18:45:00,0.0,0.0,0.0
E.K. Chalki,PhotovoltaicArray,2024-10-09 19:00:00,0.0,0.0,0.0
E.K. Chalki,PhotovoltaicArray,2024-10-09 19:15:00,0.0,0.0,0.0
E.K. Chalki,PhotovoltaicArray,2024-10-09 19:30:00,0.0,0.0,0.0
E.K. Chalki,PhotovoltaicArray,2024-10-09 19:45:00,0.0,0.0,0.0
E.K. Chalki,PhotovoltaicArray,2024-10-09 20:00:00,0.0,0.0,0.0
E.K. Chalki,PhotovoltaicArray,2024-10-09 20:15:00,0.0,0.0,0.0
E.K. Chalki,PhotovoltaicArray,2024-10-09 20:30:00,0.0,0.0,0.0
E.K. Chalki,PhotovoltaicArray,2024-10-09 20:45:00,0.0,0.0,0.0
E.K. Chalki,PhotovoltaicArray,2024-10-09 21:00:00,0.0,0.0,0.0
E.K. Chalki,PhotovoltaicArray,2024-10-09 21:15:00,0.0,0.0,0.0
E.K. Chalki,PhotovoltaicArray,2024-10-09 21:30:00,0.0,0.0,0.0
E.K. Chalki,PhotovoltaicArray,2024-10-09 21:45:00,0.0,0.0,0.0
E.K. Chalki,PhotovoltaicArray,2024-10-09 22:00:00,0.0,0.0,0.0
E.K. Chalki,PhotovoltaicArray,2024-10-09 22:15:00,0.0,0.0,0.0
E.K. Chalki,PhotovoltaicArray,2024-10-09 22:30:00,0.0,0.0,0.0
E.K. Chalki,PhotovoltaicArray,2024-10-09 22:45:00,0.0,0.0,0.0
E.K. Chalki,PhotovoltaicArray,2024-10-09 23:00:00,0.0,0.0,0.0
E.K. Chalki,PhotovoltaicArray,2024-10-09 23:15:00,0.0,0.0,0.0
E.K. Chalki,PhotovoltaicArray,2024-10-09 23:30:00,0.0,0.0,0.0
E.K. Chalki,PhotovoltaicArray,2024-10-09 23:45:00,0.0,0.0,0.0
E.K. Chalki,PhotovoltaicArray,2024-10-10 00:00:00,0.0,0.0,0.0
E.K. Chalki,PhotovoltaicArray,2024-10-10 00:15:00,0.0,0.0,0.0
E.K. Chalki,PhotovoltaicArray,2024-10-10 00:30:00,0.0,0.0,0.0
E.K. Chalki,PhotovoltaicArray,2024-10-10 00:45:00,0.0,0.0,0.0
E.K. Chalki,PhotovoltaicArray,2024-10-10 01:00:00,0.0,0.0,0.0
E.K. Chalki,PhotovoltaicArray,2024-10-10 01:15:00,0.0,0.0,0.0
E.K. Chalki,PhotovoltaicArray,2024-10-10 01:30:00,0.0,0.0,0.0
E.K. Chalki,PhotovoltaicArray,2024-10-10 01:45:00,0.0,0.0,0.0
E.K. Chalki,PhotovoltaicArray,2024-10-10 02:00:00,0.0,0.0,0.0
E.K. Chalki,PhotovoltaicArray,2024-10-10 02:15:00,0.0,0.0,0.0
E.K. Chalki,PhotovoltaicArray,2024-10-10 02:30:00,0.0,0.0,0.0
E.K. Chalki,PhotovoltaicArray,2024-10-10 02:45:00,0.0,0.0,0.0
E.K. Chalki,PhotovoltaicArray,2024-10-10 03:00:00,0.0,0.0,0.0
E.K. Chalki,PhotovoltaicArray,2024-10-10 03:15:00,0.0,0.0,0.0
E.K. Chalki,PhotovoltaicArray,2024-10-10 03:30:00,0.0,0.0,0.0
E.K. Chalki,PhotovoltaicArray,2024-10-10 03:45:00,0.0,0.0,0.0
E.K. Chalki,PhotovoltaicArray,2024-10-10 04:00:00,0.0,0.0,7.585777198808688
E.K. Chalki,PhotovoltaicArray,2024-10-10 04:15:00,0.0,0.0,15.171554397617376
E.K. Chalki,PhotovoltaicArray,2024-10-10 04:30:00,0.0,0.0,22.757331596426067
E.K. Chalki,PhotovoltaicArray,2024-10-10 04:45:00,2.9856672286987305,11.942668914794922,30.343108795234752
E.K. Chalki,PhotovoltaicArray,2024-10-10 05:00:00,9.864706993103027,39.45882797241211,76.5174047879833
E.K. Chalki,PhotovoltaicArray,2024-10-10 05:15:00,21.24474334716797,84.97897338867188,122.69170078073181
E.K. Chalki,PhotovoltaicArray,2024-10-10 05:30:00,33.2340202331543,132.9360809326172,168.86599677348036
E.K. Chalki,PhotovoltaicArray,2024-10-10 05:45:00,46.023345947265625,184.0933837890625,215.04029276622887
E.K. Chalki,PhotovoltaicArray,2024-10-10 06:00:00,57.079532623291016,228.31813049316406,271.10908075742356
E.K. Chalki,PhotovoltaicArray,2024-10-10 06:15:00,65.05999755859375,260.239990234375,327.17786874861815
E.K. Chalki,PhotovoltaicArray,2024-10-10 06:30:00,86.6775131225586,346.7100524902344,383.24665673981286
E.K. Chalki,PhotovoltaicArray,2024-10-10 06:45:00,76.05929565429688,304.2371826171875,440.6347103308003
E.K. Chalki,PhotovoltaicArray,2024-10-10 07:00:00,107.46147155761719,429.84588623046875,495.0544163222539
E.K. Chalki,PhotovoltaicArray,2024-10-10 07:15:00,115.75547790527344,463.02191162109375,549.4741223137075
E.K. Chalki,PhotovoltaicArray,2024-10-10 07:30:00,111.98917388916016,447.9566955566406,603.8938283051612
E.K. Chalki,PhotovoltaicArray,2024-10-10 07:45:00,128.00192260742188,512.0076904296875,658.3135342966148
E.K. Chalki,PhotovoltaicArray,2024-10-10 08:00:00,143.00877380371094,572.0350952148438,687.9970102919532
E.K. Chalki,PhotovoltaicArray,2024-10-10 08:15:00,145.17266845703125,580.690673828125,717.6804862872915
E.K. Chalki,PhotovoltaicArray,2024-10-10 08:30:00,132.15512084960938,528.6204833984375,747.3639622826299
E.K. Chalki,PhotovoltaicArray,2024-10-10 08:45:00,153.02682495117188,612.1072998046875,777.0474382779682
E.K. Chalki,PhotovoltaicArray,2024-10-10 09:00:00,147.86929321289062,591.4771728515625,761.5460674804026
E.K. Chalki,PhotovoltaicArray,2024-10-10 09:15:00,142.13177490234375,568.527099609375,746.0446966828371
E.K. Chalki,PhotovoltaicArray,2024-10-10 09:30:00,114.46620178222656,457.86480712890625,730.5433258852713
E.K. Chalki,PhotovoltaicArray,2024-10-10 09:45:00,98.99126434326172,395.9650573730469,715.0419550877059
E.K. Chalki,PhotovoltaicArray,2024-10-10 10:00:00,108.35001373291016,433.4000549316406,703.4983810895187
E.K. Chalki,PhotovoltaicArray,2024-10-10 10:15:00,109.66737365722656,438.66949462890625,691.9548070913316
E.K. Chalki,PhotovoltaicArray,2024-10-10 10:30:00,114.6596908569336,458.6387634277344,680.4112330931445
E.K. Chalki,PhotovoltaicArray,2024-10-10 10:45:00,126.42667388916016,505.7066955566406,668.8676590949573
E.K. Chalki,PhotovoltaicArray,2024-10-10 11:00:00,122.71512603759766,490.8605041503906,683.3795806926782
E.K. Chalki,PhotovoltaicArray,2024-10-10 11:15:00,123.6409912109375,494.56396484375,697.8915022903992
E.K. Chalki,PhotovoltaicArray,2024-10-10 11:30:00,120.88340759277344,483.53363037109375,712.4034238881202
E.K. Chalki,PhotovoltaicArray,2024-10-10 11:45:00,130.6800994873047,522.7203979492188,726.9153454858413
E.K. Chalki,PhotovoltaicArray,2024-10-10 12:00:00,120.25883483886719,481.03533935546875,706.4667286890525
E.K. Chalki,PhotovoltaicArray,2024-10-10 12:15:00,117.94943237304688,471.7977294921875,686.0181118922638
E.K. Chalki,PhotovoltaicArray,2024-10-10 12:30:00,117.62657165527344,470.50628662109375,665.5694950954753
E.K. Chalki,PhotovoltaicArray,2024-10-10 12:45:00,126.54630279541016,506.1852111816406,659.6327998964076
E.K. Chalki,PhotovoltaicArray,2024-10-10 13:00:00,109.81742095947266,439.2696838378906,605.8727267048505
E.K. Chalki,PhotovoltaicArray,2024-10-10 13:15:00,106.27387237548828,425.0954895019531,552.1126535132931
E.K. Chalki,PhotovoltaicArray,2024-10-10 13:30:00,91.20012664794922,364.8005065917969,498.35258032173596
E.K. Chalki,PhotovoltaicArray,2024-10-10 13:45:00,87.48989868164062,349.9595947265625,444.5925071301788
E.K. Chalki,PhotovoltaicArray,2024-10-10 14:00:00,63.874107360839844,255.49642944335938,379.6186763403826
E.K. Chalki,PhotovoltaicArray,2024-10-10 14:15:00,35.721473693847656,142.88589477539062,314.6448455505864
E.K. Chalki,PhotovoltaicArray,2024-10-10 14:30:00,34.579856872558594,138.31942749023438,249.67101476079029
E.K. Chalki,PhotovoltaicArray,2024-10-10 14:45:00,22.412841796875,89.6513671875,184.69718397099413
E.K. Chalki,PhotovoltaicArray,2024-10-10 15:00:00,17.147785186767578,68.59114074707031,144.45958317731328
E.K. Chalki,PhotovoltaicArray,2024-10-10 15:15:00,9.661195755004883,38.64478302001953,104.22198238363241
E.K. Chalki,PhotovoltaicArray,2024-10-10 15:30:00,0.0,0.0,63.98438158995154
E.K. Chalki,PhotovoltaicArray,2024-10-10 15:45:00,0.0,0.0,23.746780796270677
E.K. Chalki,PhotovoltaicArray,2024-10-10 16:00:00,0.0,0.0,17.810085597203006
E.K. Chalki,PhotovoltaicArray,2024-10-10 16:15:00,0.0,0.0,11.873390398135339
E.K. Chalki,PhotovoltaicArray,2024-10-10 16:30:00,0.0,0.0,5.936695199067669
E.K. Chalki,PhotovoltaicArray,2024-10-10 16:45:00,0.0,0.0,0.0
E.K. Chalki,PhotovoltaicArray,2024-10-10 17:00:00,0.0,0.0,0.0
E.K. Chalki,PhotovoltaicArray,2024-10-10 17:15:00,0.0,0.0,0.0
E.K. Chalki,PhotovoltaicArray,2024-10-10 17:30:00,0.0,0.0,0.0
E.K. Chalki,PhotovoltaicArray,2024-10-10 17:45:00,0.0,0.0,0.0
E.K. Chalki,PhotovoltaicArray,2024-10-10 18:00:00,0.0,0.0,0.0
E.K. Chalki,PhotovoltaicArray,2024-10-10 18:15:00,0.0,0.0,0.0
E.K. Chalki,PhotovoltaicArray,2024-10-10 18:30:00,0.0,0.0,0.0
E.K. Chalki,PhotovoltaicArray,2024-10-10 18:45:00,0.0,0.0,0.0
E.K. Chalki,PhotovoltaicArray,2024-10-10 19:00:00,0.0,0.0,0.0
E.K. Chalki,PhotovoltaicArray,2024-10-10 19:15:00,0.0,0.0,0.0
E.K. Chalki,PhotovoltaicArray,2024-10-10 19:30:00,0.0,0.0,0.0
E.K. Chalki,PhotovoltaicArray,2024-10-10 19:45:00,0.0,0.0,0.0
E.K. Chalki,PhotovoltaicArray,2024-10-10 20:00:00,0.0,0.0,0.0
E.K. Chalki,PhotovoltaicArray,2024-10-10 20:15:00,0.0,0.0,0.0
E.K. Chalki,PhotovoltaicArray,2024-10-10 20:30:00,0.0,0.0,0.0
E.K. Chalki,PhotovoltaicArray,2024-10-10 20:45:00,0.0,0.0,0.0
E.K. Chalki,PhotovoltaicArray,2024-10-10 21:00:00,0.0,0.0,0.0
E.K. Chalki,PhotovoltaicArray,2024-10-10 21:15:00,0.0,0.0,0.0
E.K. Chalki,PhotovoltaicArray,2024-10-10 21:30:00,0.0,0.0,0.0
E.K. Chalki,PhotovoltaicArray,2024-10-10 21:45:00,0.0,0.0,0.0
E.K. Chalki,PhotovoltaicArray,2024-10-10 22:00:00,0.0,0.0,0.0
E.K. Chalki,PhotovoltaicArray,2024-10-10 22:15:00,0.0,0.0,0.0
E.K. Chalki,PhotovoltaicArray,2024-10-10 22:30:00,0.0,0.0,0.0
E.K. Chalki,PhotovoltaicArray,2024-10-10 22:45:00,0.0,0.0,0.0
E.K. Chalki,PhotovoltaicArray,2024-10-10 23:00:00,0.0,0.0,0.0
E.K. Chalki,PhotovoltaicArray,2024-10-10 23:15:00,0.0,0.0,0.0
E.K. Chalki,PhotovoltaicArray,2024-10-10 23:30:00,0.0,0.0,0.0
E.K. Chalki,PhotovoltaicArray,2024-10-10 23:45:00,0.0,0.0,0.0
E.K. Chalki,PhotovoltaicArray,2024-10-11 00:00:00,0.0,0.0,0.0
E.K. Chalki,PhotovoltaicArray,2024-10-11 00:15:00,0.0,0.0,0.0
E.K. Chalki,PhotovoltaicArray,2024-10-11 00:30:00,0.0,0.0,0.0
E.K. Chalki,PhotovoltaicArray,2024-10-11 00:45:00,0.0,0.0,0.0
E.K. Chalki,PhotovoltaicArray,2024-10-11 01:00:00,0.0,0.0,0.0
E.K. Chalki,PhotovoltaicArray,2024-10-11 01:15:00,0.0,0.0,0.0
E.K. Chalki,PhotovoltaicArray,2024-10-11 01:30:00,0.0,0.0,0.0
E.K. Chalki,PhotovoltaicArray,2024-10-11 01:45:00,0.0,0.0,0.0
E.K. Chalki,PhotovoltaicArray,2024-10-11 02:00:00,0.0,0.0,0.0
E.K. Chalki,PhotovoltaicArray,2024-10-11 02:15:00,0.0,0.0,0.0
E.K. Chalki,PhotovoltaicArray,2024-10-11 02:30:00,0.0,0.0,0.0
E.K. Chalki,PhotovoltaicArray,2024-10-11 02:45:00,0.0,0.0,0.0
E.K. Chalki,PhotovoltaicArray,2024-10-11 03:00:00,0.0,0.0,0.0
E.K. Chalki,PhotovoltaicArray,2024-10-11 03:15:00,0.0,0.0,0.0
E.K. Chalki,PhotovoltaicArray,2024-10-11 03:30:00,0.0,0.0,0.0
E.K. Chalki,PhotovoltaicArray,2024-10-11 03:45:00,0.0,0.0,0.0
E.K. Chalki,PhotovoltaicArray,2024-10-11 04:00:00,0.0,0.0,7.286098544090948
E.K. Chalki,PhotovoltaicArray,2024-10-11 04:15:00,0.0,0.0,14.572197088181897
E.K. Chalki,PhotovoltaicArray,2024-10-11 04:30:00,0.0,0.0,21.858295632272846
E.K. Chalki,PhotovoltaicArray,2024-10-11 04:45:00,2.9856672286987305,11.942668914794922,29.144394176363793
E.K. Chalki,PhotovoltaicArray,2024-10-11 05:00:00,9.757328033447266,39.02931213378906,74.51691692820287
E.K. Chalki,PhotovoltaicArray,2024-10-11 05:15:00,19.060325622558594,76.24130249023438,119.88943968004197
E.K. Chalki,PhotovoltaicArray,2024-10-11 05:30:00,32.83268356323242,131.3307342529297,165.26196243188105
E.K. Chalki,PhotovoltaicArray,2024-10-11 05:45:00,45.19243621826172,180.76974487304688,210.63448518372016
E.K. Chalki,PhotovoltaicArray,2024-10-11 06:00:00,57.079532623291016,228.31813049316406,270.24801872628245
E.K. Chalki,PhotovoltaicArray,2024-10-11 06:15:00,69.03333282470703,276.1333312988281,329.8615522688447
E.K. Chalki,PhotovoltaicArray,2024-10-11 06:30:00,85.32637023925781,341.30548095703125,389.47508581140704
E.K. Chalki,PhotovoltaicArray,2024-10-11 06:45:00,82.7214126586914,330.8856506347656,447.7638741641345
E.K. Chalki,PhotovoltaicArray,2024-10-11 07:00:00,112.37995910644531,449.51983642578125,502.4096132448166
E.K. Chalki,PhotovoltaicArray,2024-10-11 07:15:00,118.04203796386719,472.16815185546875,557.0553523254988
E.K. Chalki,PhotovoltaicArray,2024-10-11 07:30:00,112.7159652709961,450.8638610839844,611.701091406181
E.K. Chalki,PhotovoltaicArray,2024-10-11 07:45:00,130.7965087890625,523.18603515625,666.3468304868632
E.K. Chalki,PhotovoltaicArray,2024-10-11 08:00:00,142.33865356445312,569.3546142578125,706.0891861819047
E.K. Chalki,PhotovoltaicArray,2024-10-11 08:15:00,153.5727081298828,614.2908325195312,745.8315418769461
E.K. Chalki,PhotovoltaicArray,2024-10-11 08:30:00,146.37664794921875,585.506591796875,785.5738975719876
E.K. Chalki,PhotovoltaicArray,2024-10-11 08:45:00,158.0259246826172,632.1036987304688,825.3162532670293
E.K. Chalki,PhotovoltaicArray,2024-10-11 09:00:00,156.74441528320312,626.9776611328125,845.5186174120087
E.K. Chalki,PhotovoltaicArray,2024-10-11 09:15:00,161.08636474609375,644.345458984375,865.7209815569881
E.K. Chalki,PhotovoltaicArray,2024-10-11 09:30:00,160.75674438476562,643.0269775390625,885.9233457019677
E.K. Chalki,PhotovoltaicArray,2024-10-11 09:45:00,174.0662078857422,696.2648315429688,906.1257098469471
E.K. Chalki,PhotovoltaicArray,2024-10-11 10:00:00,171.7550811767578,687.0203247070312,905.7945235494885
E.K. Chalki,PhotovoltaicArray,2024-10-11 10:15:00,170.93344116210938,683.7337646484375,905.4633372520296
E.K. Chalki,PhotovoltaicArray,2024-10-11 10:30:00,171.85536193847656,687.4214477539062,905.132150954571
E.K. Chalki,PhotovoltaicArray,2024-10-11 10:45:00,166.11953735351562,664.4781494140625,904.8009646571123
E.K. Chalki,PhotovoltaicArray,2024-10-11 11:00:00,156.46261596679688,625.8504638671875,881.9491101324634
E.K. Chalki,PhotovoltaicArray,2024-10-11 11:15:00,155.4005889892578,621.6023559570312,859.0972556078145
E.K. Chalki,PhotovoltaicArray,2024-10-11 11:30:00,160.00778198242188,640.0311279296875,836.2454010831656
E.K. Chalki,PhotovoltaicArray,2024-10-11 11:45:00,151.67002868652344,606.6801147460938,813.3935465585168
E.K. Chalki,PhotovoltaicArray,2024-10-11 12:00:00,136.83567810058594,547.3427124023438,775.6383086482274
E.K. Chalki,PhotovoltaicArray,2024-10-11 12:15:00,112.14505767822266,448.5802307128906,737.8830707379378
E.K. Chalki,PhotovoltaicArray,2024-10-11 12:30:00,129.3775634765625,517.51025390625,700.1278328276484
E.K. Chalki,PhotovoltaicArray,2024-10-11 12:45:00,126.08557891845703,504.3423156738281,665.0220852970283
E.K. Chalki,PhotovoltaicArray,2024-10-11 13:00:00,105.4379653930664,421.7518615722656,611.0387188112636
E.K. Chalki,PhotovoltaicArray,2024-10-11 13:15:00,99.56571197509766,398.2628479003906,557.0553523254988
E.K. Chalki,PhotovoltaicArray,2024-10-11 13:30:00,85.36239624023438,341.4495849609375,503.07198583973405
E.K. Chalki,PhotovoltaicArray,2024-10-11 13:45:00,77.60231018066406,310.40924072265625,449.08861935396936
E.K. Chalki,PhotovoltaicArray,2024-10-11 14:00:00,54.784523010253906,219.13809204101562,388.81271321648967
E.K. Chalki,PhotovoltaicArray,2024-10-11 14:15:00,34.62522888183594,138.50091552734375,328.53680707901003
E.K. Chalki,PhotovoltaicArray,2024-10-11 14:30:00,39.1140251159668,156.4561004638672,268.2609009415304
E.K. Chalki,PhotovoltaicArray,2024-10-11 14:45:00,25.354501724243164,101.41800689697266,207.9849948040507
E.K. Chalki,PhotovoltaicArray,2024-10-11 15:00:00,21.543136596679688,86.17254638671875,162.28128575475293
E.K. Chalki,PhotovoltaicArray,2024-10-11 15:15:00,9.875144958496094,39.500579833984375,116.57757670545517
E.K. Chalki,PhotovoltaicArray,2024-10-11 15:30:00,0.0,0.0,70.87386765615742
E.K. Chalki,PhotovoltaicArray,2024-10-11 15:45:00,0.0,0.0,25.17015860685964
E.K. Chalki,PhotovoltaicArray,2024-10-11 16:00:00,0.0,0.0,18.87761895514473
E.K. Chalki,PhotovoltaicArray,2024-10-11 16:15:00,0.0,0.0,12.58507930342982
E.K. Chalki,PhotovoltaicArray,2024-10-11 16:30:00,0.0,0.0,6.29253965171491
E.K. Chalki,PhotovoltaicArray,2024-10-11 16:45:00,0.0,0.0,0.0
E.K. Chalki,PhotovoltaicArray,2024-10-11 17:00:00,0.0,0.0,0.0
E.K. Chalki,PhotovoltaicArray,2024-10-11 17:15:00,0.0,0.0,0.0
E.K. Chalki,PhotovoltaicArray,2024-10-11 17:30:00,0.0,0.0,0.0
E.K. Chalki,PhotovoltaicArray,2024-10-11 17:45:00,0.0,0.0,0.0
E.K. Chalki,PhotovoltaicArray,2024-10-11 18:00:00,0.0,0.0,0.0
E.K. Chalki,PhotovoltaicArray,2024-10-11 18:15:00,0.0,0.0,0.0
E.K. Chalki,PhotovoltaicArray,2024-10-11 18:30:00,0.0,0.0,0.0
E.K. Chalki,PhotovoltaicArray,2024-10-11 18:45:00,0.0,0.0,0.0
E.K. Chalki,PhotovoltaicArray,2024-10-11 19:00:00,0.0,0.0,0.0
E.K. Chalki,PhotovoltaicArray,2024-10-11 19:15:00,0.0,0.0,0.0
E.K. Chalki,PhotovoltaicArray,2024-10-11 19:30:00,0.0,0.0,0.0
E.K. Chalki,PhotovoltaicArray,2024-10-11 19:45:00,0.0,0.0,0.0
E.K. Chalki,PhotovoltaicArray,2024-10-11 20:00:00,0.0,0.0,0.0
E.K. Chalki,PhotovoltaicArray,2024-10-11 20:15:00,0.0,0.0,0.0
E.K. Chalki,PhotovoltaicArray,2024-10-11 20:30:00,0.0,0.0,0.0
E.K. Chalki,PhotovoltaicArray,2024-10-11 20:45:00,0.0,0.0,0.0
E.K. Chalki,PhotovoltaicArray,2024-10-11 21:00:00,0.0,0.0,0.0
E.K. Chalki,PhotovoltaicArray,2024-10-11 21:15:00,0.0,0.0,0.0
E.K. Chalki,PhotovoltaicArray,2024-10-11 21:30:00,0.0,0.0,0.0
E.K. Chalki,PhotovoltaicArray,2024-10-11 21:45:00,0.0,0.0,0.0
E.K. Chalki,PhotovoltaicArray,2024-10-11 22:00:00,0.0,0.0,0.0
E.K. Chalki,PhotovoltaicArray,2024-10-11 22:15:00,0.0,0.0,0.0
E.K. Chalki,PhotovoltaicArray,2024-10-11 22:30:00,0.0,0.0,0.0
E.K. Chalki,PhotovoltaicArray,2024-10-11 22:45:00,0.0,0.0,0.0
E.K. Chalki,PhotovoltaicArray,2024-10-11 23:00:00,0.0,0.0,0.0
E.K. Chalki,PhotovoltaicArray,2024-10-11 23:15:00,0.0,0.0,0.0
E.K. Chalki,PhotovoltaicArray,2024-10-11 23:30:00,0.0,0.0,0.0
E.K. Chalki,PhotovoltaicArray,2024-10-11 23:45:00,0.0,0.0,0.0
E.K. Chalki,PhotovoltaicArray,2024-10-12 00:00:00,0.0,0.0,0.0
E.K. Chalki,PhotovoltaicArray,2024-10-12 00:15:00,0.0,0.0,0.0
E.K. Chalki,PhotovoltaicArray,2024-10-12 00:30:00,0.0,0.0,0.0
E.K. Chalki,PhotovoltaicArray,2024-10-12 00:45:00,0.0,0.0,0.0
E.K. Chalki,PhotovoltaicArray,2024-10-12 01:00:00,0.0,0.0,0.0
E.K. Chalki,PhotovoltaicArray,2024-10-12 01:15:00,0.0,0.0,0.0
E.K. Chalki,PhotovoltaicArray,2024-10-12 01:30:00,0.0,0.0,0.0
E.K. Chalki,PhotovoltaicArray,2024-10-12 01:45:00,0.0,0.0,0.0
E.K. Chalki,PhotovoltaicArray,2024-10-12 02:00:00,0.0,0.0,0.0
E.K. Chalki,PhotovoltaicArray,2024-10-12 02:15:00,0.0,0.0,0.0
E.K. Chalki,PhotovoltaicArray,2024-10-12 02:30:00,0.0,0.0,0.0
E.K. Chalki,PhotovoltaicArray,2024-10-12 02:45:00,0.0,0.0,0.0
E.K. Chalki,PhotovoltaicArray,2024-10-12 03:00:00,0.0,0.0,0.0
E.K. Chalki,PhotovoltaicArray,2024-10-12 03:15:00,0.0,0.0,0.0
E.K. Chalki,PhotovoltaicArray,2024-10-12 03:30:00,0.0,0.0,0.0
E.K. Chalki,PhotovoltaicArray,2024-10-12 03:45:00,0.0,0.0,0.0
E.K. Chalki,PhotovoltaicArray,2024-10-12 04:00:00,0.0,0.0,7.316427575591
E.K. Chalki,PhotovoltaicArray,2024-10-12 04:15:00,0.0,0.0,14.632855151182
E.K. Chalki,PhotovoltaicArray,2024-10-12 04:30:00,0.0,0.0,21.949282726773
E.K. Chalki,PhotovoltaicArray,2024-10-12 04:45:00,2.9522855281829834,11.809142112731934,29.265710302364
E.K. Chalki,PhotovoltaicArray,2024-10-12 05:00:00,9.864706993103027,39.45882797241211,75.82479487430672
E.K. Chalki,PhotovoltaicArray,2024-10-12 05:15:00,18.97105598449707,75.88422393798828,122.38387944624944
E.K. Chalki,PhotovoltaicArray,2024-10-12 05:30:00,33.2340202331543,132.9360809326172,168.94296401819216
E.K. Chalki,PhotovoltaicArray,2024-10-12 05:45:00,45.784175872802734,183.13670349121094,215.50204859013488
E.K. Chalki,PhotovoltaicArray,2024-10-12 06:00:00,56.37069320678711,225.48277282714844,275.36372875406124
E.K. Chalki,PhotovoltaicArray,2024-10-12 06:15:00,68.66136932373047,274.6454772949219,335.22540891798764
E.K. Chalki,PhotovoltaicArray,2024-10-12 06:30:00,86.35813903808594,345.43255615234375,395.087089081914
E.K. Chalki,PhotovoltaicArray,2024-10-12 06:45:00,99.37509155273438,397.5003662109375,454.94876924584037
E.K. Chalki,PhotovoltaicArray,2024-10-12 07:00:00,101.42491912841797,405.6996765136719,507.4940218341758
E.K. Chalki,PhotovoltaicArray,2024-10-12 07:15:00,114.16424560546875,456.656982421875,560.039274422511
E.K. Chalki,PhotovoltaicArray,2024-10-12 07:30:00,112.7159652709961,450.8638610839844,612.5845270108464
E.K. Chalki,PhotovoltaicArray,2024-10-12 07:45:00,127.74232482910156,510.96929931640625,665.1297795991817
E.K. Chalki,PhotovoltaicArray,2024-10-12 08:00:00,142.33865356445312,569.3546142578125,704.3724365955335
E.K. Chalki,PhotovoltaicArray,2024-10-12 08:15:00,148.7507781982422,595.0031127929688,743.6150935918852
E.K. Chalki,PhotovoltaicArray,2024-10-12 08:30:00,146.37664794921875,585.506591796875,782.857750588237
E.K. Chalki,PhotovoltaicArray,2024-10-12 08:45:00,158.41348266601562,633.6539306640625,822.1004075845887
E.K. Chalki,PhotovoltaicArray,2024-10-12 09:00:00,158.3655242919922,633.4620971679688,842.3868658623637
E.K. Chalki,PhotovoltaicArray,2024-10-12 09:15:00,161.40020751953125,645.600830078125,862.6733241401387
E.K. Chalki,PhotovoltaicArray,2024-10-12 09:30:00,160.75674438476562,643.0269775390625,882.9597824179139
E.K. Chalki,PhotovoltaicArray,2024-10-12 09:45:00,171.40719604492188,685.6287841796875,903.2462406956889
E.K. Chalki,PhotovoltaicArray,2024-10-12 10:00:00,166.88900756835938,667.5560302734375,902.2485460262901
E.K. Chalki,PhotovoltaicArray,2024-10-12 10:15:00,166.06736755371094,664.2694702148438,901.2508513568912
E.K. Chalki,PhotovoltaicArray,2024-10-12 10:30:00,156.89122009277344,627.5648803710938,900.2531566874923
E.K. Chalki,PhotovoltaicArray,2024-10-12 10:45:00,161.2534637451172,645.0138549804688,899.2554620180935
E.K. Chalki,PhotovoltaicArray,2024-10-12 11:00:00,156.46261596679688,625.8504638671875,878.3038739607193
E.K. Chalki,PhotovoltaicArray,2024-10-12 11:15:00,147.2581787109375,589.03271484375,857.3522859033452
E.K. Chalki,PhotovoltaicArray,2024-10-12 11:30:00,160.15126037597656,640.6050415039062,836.4006978459711
E.K. Chalki,PhotovoltaicArray,2024-10-12 11:45:00,148.48915100097656,593.9566040039062,815.4491097885968
E.K. Chalki,PhotovoltaicArray,2024-10-12 12:00:00,136.83567810058594,547.3427124023438,775.8738879024454
E.K. Chalki,PhotovoltaicArray,2024-10-12 12:15:00,127.80506134033203,511.2202453613281,736.2986660162941
E.K. Chalki,PhotovoltaicArray,2024-10-12 12:30:00,126.78005981445312,507.1202392578125,696.7234441301429
E.K. Chalki,PhotovoltaicArray,2024-10-12 12:45:00,127.0188217163086,508.0752868652344,655.8179626847931
E.K. Chalki,PhotovoltaicArray,2024-10-12 13:00:00,105.83965301513672,423.3586120605469,601.9424505372594
E.K. Chalki,PhotovoltaicArray,2024-10-12 13:15:00,101.7439193725586,406.9756774902344,548.0669383897258
E.K. Chalki,PhotovoltaicArray,2024-10-12 13:30:00,93.13606262207031,372.54425048828125,494.19142624219205
E.K. Chalki,PhotovoltaicArray,2024-10-12 13:45:00,56.2549934387207,225.0199737548828,440.31591409465835
E.K. Chalki,PhotovoltaicArray,2024-10-12 14:00:00,49.945709228515625,199.7828369140625,380.45423393073196
E.K. Chalki,PhotovoltaicArray,2024-10-12 14:15:00,45.90378952026367,183.6151580810547,320.5925537668056
E.K. Chalki,PhotovoltaicArray,2024-10-12 14:30:00,42.587493896484375,170.3499755859375,260.7308736028792
E.K. Chalki,PhotovoltaicArray,2024-10-12 14:45:00,29.653217315673828,118.61286926269531,200.86919343895286
E.K. Chalki,PhotovoltaicArray,2024-10-12 15:00:00,18.488515853881836,73.95406341552734,156.3054982058077
E.K. Chalki,PhotovoltaicArray,2024-10-12 15:15:00,7.565045356750488,30.260181427001953,111.74180297266254
E.K. Chalki,PhotovoltaicArray,2024-10-12 15:30:00,0.0,0.0,67.17810773951736
E.K. Chalki,PhotovoltaicArray,2024-10-12 15:45:00,0.0,0.0,22.614412506372187
E.K. Chalki,PhotovoltaicArray,2024-10-12 16:00:00,0.0,0.0,16.96080937977914
E.K. Chalki,PhotovoltaicArray,2024-10-12 16:15:00,0.0,0.0,11.307206253186093
E.K. Chalki,PhotovoltaicArray,2024-10-12 16:30:00,0.0,0.0,5.653603126593047
E.K. Chalki,PhotovoltaicArray,2024-10-12 16:45:00,0.0,0.0,0.0
E.K. Chalki,PhotovoltaicArray,2024-10-12 17:00:00,0.0,0.0,0.0
E.K. Chalki,PhotovoltaicArray,2024-10-12 17:15:00,0.0,0.0,0.0
E.K. Chalki,PhotovoltaicArray,2024-10-12 17:30:00,0.0,0.0,0.0
E.K. Chalki,PhotovoltaicArray,2024-10-12 17:45:00,0.0,0.0,0.0
E.K. Chalki,PhotovoltaicArray,2024-10-12 18:00:00,0.0,0.0,0.0
E.K. Chalki,PhotovoltaicArray,2024-10-12 18:15:00,0.0,0.0,0.0
E.K. Chalki,PhotovoltaicArray,2024-10-12 18:30:00,0.0,0.0,0.0
E.K. Chalki,PhotovoltaicArray,2024-10-12 18:45:00,0.0,0.0,0.0
E.K. Chalki,PhotovoltaicArray,2024-10-12 19:00:00,0.0,0.0,0.0
E.K. Chalki,PhotovoltaicArray,2024-10-12 19:15:00,0.0,0.0,0.0
E.K. Chalki,PhotovoltaicArray,2024-10-12 19:30:00,0.0,0.0,0.0
E.K. Chalki,PhotovoltaicArray,2024-10-12 19:45:00,0.0,0.0,0.0
E.K. Chalki,PhotovoltaicArray,2024-10-12 20:00:00,0.0,0.0,0.0
E.K. Chalki,PhotovoltaicArray,2024-10-12 20:15:00,0.0,0.0,0.0
E.K. Chalki,PhotovoltaicArray,2024-10-12 20:30:00,0.0,0.0,0.0
E.K. Chalki,PhotovoltaicArray,2024-10-12 20:45:00,0.0,0.0,0.0
E.K. Chalki,PhotovoltaicArray,2024-10-12 21:00:00,0.0,0.0,0.0
E.K. Chalki,PhotovoltaicArray,2024-10-12 21:15:00,0.0,0.0,0.0
E.K. Chalki,PhotovoltaicArray,2024-10-12 21:30:00,0.0,0.0,0.0
E.K. Chalki,PhotovoltaicArray,2024-10-12 21:45:00,0.0,0.0,0.0
E.K. Chalki,PhotovoltaicArray,2024-10-12 22:00:00,0.0,0.0,0.0
E.K. Chalki,PhotovoltaicArray,2024-10-12 22:15:00,0.0,0.0,0.0
E.K. Chalki,PhotovoltaicArray,2024-10-12 22:30:00,0.0,0.0,0.0
E.K. Chalki,PhotovoltaicArray,2024-10-12 22:45:00,0.0,0.0,0.0
E.K. Chalki,PhotovoltaicArray,2024-10-12 23:00:00,0.0,0.0,0.0
E.K. Chalki,PhotovoltaicArray,2024-10-12 23:15:00,0.0,0.0,0.0
E.K. Chalki,PhotovoltaicArray,2024-10-12 23:30:00,0.0,0.0,0.0
E.K. Chalki,PhotovoltaicArray,2024-10-12 23:45:00,0.0,0.0,0.0
E.K. Chalki,PhotovoltaicArray,2024-10-13 00:00:00,0.0,0.0,0.0
E.K. Chalki,PhotovoltaicArray,2024-10-13 00:15:00,0.0,0.0,0.0
E.K. Chalki,PhotovoltaicArray,2024-10-13 00:30:00,0.0,0.0,0.0
E.K. Chalki,PhotovoltaicArray,2024-10-13 00:45:00,0.0,0.0,0.0
E.K. Chalki,PhotovoltaicArray,2024-10-13 01:00:00,0.0,0.0,0.0
E.K. Chalki,PhotovoltaicArray,2024-10-13 01:15:00,0.0,0.0,0.0
E.K. Chalki,PhotovoltaicArray,2024-10-13 01:30:00,0.0,0.0,0.0
E.K. Chalki,PhotovoltaicArray,2024-10-13 01:45:00,0.0,0.0,0.0
E.K. Chalki,PhotovoltaicArray,2024-10-13 02:00:00,0.0,0.0,0.0
E.K. Chalki,PhotovoltaicArray,2024-10-13 02:15:00,0.0,0.0,0.0
E.K. Chalki,PhotovoltaicArray,2024-10-13 02:30:00,0.0,0.0,0.0
E.K. Chalki,PhotovoltaicArray,2024-10-13 02:45:00,0.0,0.0,0.0
E.K. Chalki,PhotovoltaicArray,2024-10-13 03:00:00,0.0,0.0,0.0
E.K. Chalki,PhotovoltaicArray,2024-10-13 03:15:00,0.0,0.0,0.0
E.K. Chalki,PhotovoltaicArray,2024-10-13 03:30:00,0.0,0.0,0.0
E.K. Chalki,PhotovoltaicArray,2024-10-13 03:45:00,0.0,0.0,0.0
E.K. Chalki,PhotovoltaicArray,2024-10-13 04:00:00,0.0,0.0,6.679037378431706
E.K. Chalki,PhotovoltaicArray,2024-10-13 04:15:00,0.0,0.0,13.358074756863411
E.K. Chalki,PhotovoltaicArray,2024-10-13 04:30:00,0.0,0.0,20.037112135295118
E.K. Chalki,PhotovoltaicArray,2024-10-13 04:45:00,2.9087514877319336,11.635005950927734,26.716149513726823
E.K. Chalki,PhotovoltaicArray,2024-10-13 05:00:00,9.757328033447266,39.02931213378906,71.13174808029768
E.K. Chalki,PhotovoltaicArray,2024-10-13 05:15:00,18.97105598449707,75.88422393798828,115.54734664686855
E.K. Chalki,PhotovoltaicArray,2024-10-13 05:30:00,32.085044860839844,128.34017944335938,159.9629452134394
E.K. Chalki,PhotovoltaicArray,2024-10-13 05:45:00,43.12589645385742,172.5035858154297,204.37854378001026
E.K. Chalki,PhotovoltaicArray,2024-10-13 06:00:00,52.39459228515625,209.578369140625,264.155928316974
E.K. Chalki,PhotovoltaicArray,2024-10-13 06:15:00,64.78945922851562,259.1578369140625,323.93331285393776
E.K. Chalki,PhotovoltaicArray,2024-10-13 06:30:00,83.80577087402344,335.22308349609375,383.71069739090154
E.K. Chalki,PhotovoltaicArray,2024-10-13 06:45:00,104.75655364990234,419.0262145996094,438.14485202512003
E.K. Chalki,PhotovoltaicArray,2024-10-13 07:00:00,107.46147155761719,429.84588623046875,493.58086226610317
E.K. Chalki,PhotovoltaicArray,2024-10-13 07:15:00,119.64424133300781,478.57696533203125,549.0168725070862
E.K. Chalki,PhotovoltaicArray,2024-10-13 07:30:00,121.0606918334961,484.2427673339844,604.4528827480694
E.K. Chalki,PhotovoltaicArray,2024-10-13 07:45:00,126.12230682373047,504.4892272949219,659.8888929890526
E.K. Chalki,PhotovoltaicArray,2024-10-13 08:00:00,141.8632049560547,567.4528198242188,699.2952135217996
E.K. Chalki,PhotovoltaicArray,2024-10-13 08:15:00,150.13345336914062,600.5338134765625,738.7015340545468
E.K. Chalki,PhotovoltaicArray,2024-10-13 08:30:00,155.59600830078125,622.384033203125,778.107854587294
E.K. Chalki,PhotovoltaicArray,2024-10-13 08:45:00,159.74026489257812,638.9610595703125,817.514175120041
E.K. Chalki,PhotovoltaicArray,2024-10-13 09:00:00,158.2382354736328,632.9529418945312,832.8759610904339
E.K. Chalki,PhotovoltaicArray,2024-10-13 09:15:00,158.8489227294922,635.3956909179688,848.2377470608267
E.K. Chalki,PhotovoltaicArray,2024-10-13 09:30:00,162.38192749023438,649.5277099609375,863.5995330312196
E.K. Chalki,PhotovoltaicArray,2024-10-13 09:45:00,166.91873168945312,667.6749267578125,878.9613190016125
E.K. Chalki,PhotovoltaicArray,2024-10-13 10:00:00,162.54649353027344,650.1859741210938,880.2971264772989
E.K. Chalki,PhotovoltaicArray,2024-10-13 10:15:00,159.9836883544922,639.9347534179688,881.6329339529852
E.K. Chalki,PhotovoltaicArray,2024-10-13 10:30:00,161.76759338378906,647.0703735351562,882.9687414286716
E.K. Chalki,PhotovoltaicArray,2024-10-13 10:45:00,154.45091247558594,617.8036499023438,884.3045489043578
E.K. Chalki,PhotovoltaicArray,2024-10-13 11:00:00,157.80247497558594,631.2098999023438,868.2748591961218
E.K. Chalki,PhotovoltaicArray,2024-10-13 11:15:00,147.3778533935547,589.5114135742188,852.2451694878857
E.K. Chalki,PhotovoltaicArray,2024-10-13 11:30:00,160.01837158203125,640.073486328125,836.2154797796496
E.K. Chalki,PhotovoltaicArray,2024-10-13 11:45:00,158.12733459472656,632.5093383789062,820.1857900714135
E.K. Chalki,PhotovoltaicArray,2024-10-13 12:00:00,135.90196228027344,543.6078491210938,782.4492288832744
E.K. Chalki,PhotovoltaicArray,2024-10-13 12:15:00,122.01278686523438,488.0511474609375,744.7126676951351
E.K. Chalki,PhotovoltaicArray,2024-10-13 12:30:00,134.42752075195312,537.7100830078125,706.9761065069962
E.K. Chalki,PhotovoltaicArray,2024-10-13 12:45:00,126.08557891845703,504.3423156738281,665.2321228917979
E.K. Chalki,PhotovoltaicArray,2024-10-13 13:00:00,105.4379653930664,421.7518615722656,611.131920126501
E.K. Chalki,PhotovoltaicArray,2024-10-13 13:15:00,103.10137176513672,412.4054870605469,557.0317173612043
E.K. Chalki,PhotovoltaicArray,2024-10-13 13:30:00,91.4561996459961,365.8247985839844,502.93151459590746
E.K. Chalki,PhotovoltaicArray,2024-10-13 13:45:00,82.80451965332031,331.21807861328125,448.8313118306107
E.K. Chalki,PhotovoltaicArray,2024-10-13 14:00:00,67.2041244506836,268.8164978027344,387.7181198179606
E.K. Chalki,PhotovoltaicArray,2024-10-13 14:15:00,55.487552642822266,221.95021057128906,326.6049278053104
E.K. Chalki,PhotovoltaicArray,2024-10-13 14:30:00,40.09848403930664,160.39393615722656,265.4917357926604
E.K. Chalki,PhotovoltaicArray,2024-10-13 14:45:00,27.873573303222656,111.49429321289062,204.37854378001026
E.K. Chalki,PhotovoltaicArray,2024-10-13 15:00:00,19.20171546936035,76.8068618774414,158.96108960667465
E.K. Chalki,PhotovoltaicArray,2024-10-13 15:15:00,7.565045356750488,30.260181427001953,113.54363543333903
E.K. Chalki,PhotovoltaicArray,2024-10-13 15:30:00,0.0,0.0,68.12618126000342
E.K. Chalki,PhotovoltaicArray,2024-10-13 15:45:00,0.0,0.0,22.708727086667803
E.K. Chalki,PhotovoltaicArray,2024-10-13 16:00:00,0.0,0.0,17.031545315000855
E.K. Chalki,PhotovoltaicArray,2024-10-13 16:15:00,0.0,0.0,11.354363543333902
E.K. Chalki,PhotovoltaicArray,2024-10-13 16:30:00,0.0,0.0,5.677181771666951
E.K. Chalki,PhotovoltaicArray,2024-10-13 16:45:00,0.0,0.0,0.0
E.K. Chalki,PhotovoltaicArray,2024-10-13 17:00:00,0.0,0.0,0.0
E.K. Chalki,PhotovoltaicArray,2024-10-13 17:15:00,0.0,0.0,0.0
E.K. Chalki,PhotovoltaicArray,2024-10-13 17:30:00,0.0,0.0,0.0
E.K. Chalki,PhotovoltaicArray,2024-10-13 17:45:00,0.0,0.0,0.0
E.K. Chalki,PhotovoltaicArray,2024-10-13 18:00:00,0.0,0.0,0.0
E.K. Chalki,PhotovoltaicArray,2024-10-13 18:15:00,0.0,0.0,0.0
E.K. Chalki,PhotovoltaicArray,2024-10-13 18:30:00,0.0,0.0,0.0
E.K. Chalki,PhotovoltaicArray,2024-10-13 18:45:00,0.0,0.0,0.0
E.K. Chalki,PhotovoltaicArray,2024-10-13 19:00:00,0.0,0.0,0.0
E.K. Chalki,PhotovoltaicArray,2024-10-13 19:15:00,0.0,0.0,0.0
E.K. Chalki,PhotovoltaicArray,2024-10-13 19:30:00,0.0,0.0,0.0
E.K. Chalki,PhotovoltaicArray,2024-10-13 19:45:00,0.0,0.0,0.0
E.K. Chalki,PhotovoltaicArray,2024-10-13 20:00:00,0.0,0.0,0.0
E.K. Chalki,PhotovoltaicArray,2024-10-13 20:15:00,0.0,0.0,0.0
E.K. Chalki,PhotovoltaicArray,2024-10-13 20:30:00,0.0,0.0,0.0
E.K. Chalki,PhotovoltaicArray,2024-10-13 20:45:00,0.0,0.0,0.0
E.K. Chalki,PhotovoltaicArray,2024-10-13 21:00:00,0.0,0.0,0.0
E.K. Chalki,PhotovoltaicArray,2024-10-13 21:15:00,0.0,0.0,0.0
E.K. Chalki,PhotovoltaicArray,2024-10-13 21:30:00,0.0,0.0,0.0
E.K. Chalki,PhotovoltaicArray,2024-10-13 21:45:00,0.0,0.0,0.0
E.K. Chalki,PhotovoltaicArray,2024-10-13 22:00:00,0.0,0.0,0.0
E.K. Chalki,PhotovoltaicArray,2024-10-13 22:15:00,0.0,0.0,0.0
E.K. Chalki,PhotovoltaicArray,2024-10-13 22:30:00,0.0,0.0,0.0
E.K. Chalki,PhotovoltaicArray,2024-10-13 22:45:00,0.0,0.0,0.0
E.K. Chalki,PhotovoltaicArray,2024-10-13 23:00:00,0.0,0.0,0.0
E.K. Chalki,PhotovoltaicArray,2024-10-13 23:15:00,0.0,0.0,0.0
E.K. Chalki,PhotovoltaicArray,2024-10-13 23:30:00,0.0,0.0,0.0
E.K. Chalki,PhotovoltaicArray,2024-10-13 23:45:00,0.0,0.0,0.0
E.K. Chalki,PhotovoltaicArray,2024-10-14 00:00:00,0.0,0.0,0.0
E.K. Chalki,PhotovoltaicArray,2024-10-14 00:15:00,0.0,0.0,0.0
E.K. Chalki,PhotovoltaicArray,2024-10-14 00:30:00,0.0,0.0,0.0
E.K. Chalki,PhotovoltaicArray,2024-10-14 00:45:00,0.0,0.0,0.0
E.K. Chalki,PhotovoltaicArray,2024-10-14 01:00:00,0.0,0.0,0.0
E.K. Chalki,PhotovoltaicArray,2024-10-14 01:15:00,0.0,0.0,0.0
E.K. Chalki,PhotovoltaicArray,2024-10-14 01:30:00,0.0,0.0,0.0
E.K. Chalki,PhotovoltaicArray,2024-10-14 01:45:00,0.0,0.0,0.0
E.K. Chalki,PhotovoltaicArray,2024-10-14 02:00:00,0.0,0.0,0.0
E.K. Chalki,PhotovoltaicArray,2024-10-14 02:15:00,0.0,0.0,0.0
E.K. Chalki,PhotovoltaicArray,2024-10-14 02:30:00,0.0,0.0,0.0
E.K. Chalki,PhotovoltaicArray,2024-10-14 02:45:00,0.0,0.0,0.0
E.K. Chalki,PhotovoltaicArray,2024-10-14 03:00:00,0.0,0.0,0.0
E.K. Chalki,PhotovoltaicArray,2024-10-14 03:15:00,0.0,0.0,0.0
E.K. Chalki,PhotovoltaicArray,2024-10-14 03:30:00,0.0,0.0,0.0
E.K. Chalki,PhotovoltaicArray,2024-10-14 03:45:00,0.0,0.0,0.0
E.K. Chalki,PhotovoltaicArray,2024-10-14 04:00:00,0.0,0.0,6.706938128206356
E.K. Chalki,PhotovoltaicArray,2024-10-14 04:15:00,0.0,0.0,13.413876256412712
E.K. Chalki,PhotovoltaicArray,2024-10-14 04:30:00,0.0,0.0,20.120814384619067
E.K. Chalki,PhotovoltaicArray,2024-10-14 04:45:00,2.9087514877319336,11.635005950927734,26.827752512825423
E.K. Chalki,PhotovoltaicArray,2024-10-14 05:00:00,9.757328033447266,39.02931213378906,74.11166631668023
E.K. Chalki,PhotovoltaicArray,2024-10-14 05:15:00,18.97105598449707,75.88422393798828,121.39558012053506
E.K. Chalki,PhotovoltaicArray,2024-10-14 05:30:00,30.235143661499023,120.9405746459961,168.67949392438987
E.K. Chalki,PhotovoltaicArray,2024-10-14 05:45:00,45.784175872802734,183.13670349121094,215.96340772824468
E.K. Chalki,PhotovoltaicArray,2024-10-14 06:00:00,56.40811538696289,225.63246154785156,277.3318916013328
E.K. Chalki,PhotovoltaicArray,2024-10-14 06:15:00,68.66136932373047,274.6454772949219,338.7003754744209
E.K. Chalki,PhotovoltaicArray,2024-10-14 06:30:00,92.06769561767578,368.2707824707031,400.06885934750903
E.K. Chalki,PhotovoltaicArray,2024-10-14 06:45:00,101.24848937988281,404.99395751953125,462.7787308462386
E.K. Chalki,PhotovoltaicArray,2024-10-14 07:00:00,114.8039321899414,459.2157287597656,518.110970403941
E.K. Chalki,PhotovoltaicArray,2024-10-14 07:15:00,124.0322265625,496.12890625,573.4432099616433
E.K. Chalki,PhotovoltaicArray,2024-10-14 07:30:00,123.38124084472656,493.52496337890625,628.7754495193458
E.K. Chalki,PhotovoltaicArray,2024-10-14 07:45:00,135.4037628173828,541.6150512695312,684.1076890770482
E.K. Chalki,PhotovoltaicArray,2024-10-14 08:00:00,148.55018615722656,594.2007446289062,724.3493178462863
E.K. Chalki,PhotovoltaicArray,2024-10-14 08:15:00,155.0225830078125,620.09033203125,764.5909466155246
E.K. Chalki,PhotovoltaicArray,2024-10-14 08:30:00,159.20361328125,636.814453125,804.8325753847624
E.K. Chalki,PhotovoltaicArray,2024-10-14 08:45:00,166.52194213867188,666.0877685546875,845.0742041540007
E.K. Chalki,PhotovoltaicArray,2024-10-14 09:00:00,166.32241821289062,665.2896728515625,865.5303654450299
E.K. Chalki,PhotovoltaicArray,2024-10-14 09:15:00,160.75674438476562,643.0269775390625,885.9865267360594
E.K. Chalki,PhotovoltaicArray,2024-10-14 09:30:00,176.4026641845703,705.6106567382812,906.442688027089
E.K. Chalki,PhotovoltaicArray,2024-10-14 09:45:00,177.5965576171875,710.38623046875,926.8988493181183
E.K. Chalki,PhotovoltaicArray,2024-10-14 10:00:00,175.28541564941406,701.1416625976562,925.8928085988874
E.K. Chalki,PhotovoltaicArray,2024-10-14 10:15:00,173.63853454589844,694.5541381835938,924.8867678796563
E.K. Chalki,PhotovoltaicArray,2024-10-14 10:30:00,172.73719787597656,690.9487915039062,923.8807271604253
E.K. Chalki,PhotovoltaicArray,2024-10-14 10:45:00,156.28114318847656,625.1245727539062,922.8746864411944
E.K. Chalki,PhotovoltaicArray,2024-10-14 11:00:00,162.17442321777344,648.6976928710938,901.0771375245237
E.K. Chalki,PhotovoltaicArray,2024-10-14 11:15:00,166.47000122070312,665.8800048828125,879.2795886078532
E.K. Chalki,PhotovoltaicArray,2024-10-14 11:30:00,163.0673065185547,652.2692260742188,857.4820396911825
E.K. Chalki,PhotovoltaicArray,2024-10-14 11:45:00,154.78807067871094,619.1522827148438,835.6844907745119
E.K. Chalki,PhotovoltaicArray,2024-10-14 12:00:00,101.85652923583984,407.4261169433594,792.0893929411704
E.K. Chalki,PhotovoltaicArray,2024-10-14 12:15:00,126.32876586914062,505.3150634765625,748.4942951078293
E.K. Chalki,PhotovoltaicArray,2024-10-14 12:30:00,134.42752075195312,537.7100830078125,704.899197274488
E.K. Chalki,PhotovoltaicArray,2024-10-14 12:45:00,120.31087493896484,481.2434997558594,631.7935716770387
E.K. Chalki,PhotovoltaicArray,2024-10-14 13:00:00,101.53462982177734,406.1385192871094,575.7906383065156
E.K. Chalki,PhotovoltaicArray,2024-10-14 13:15:00,100.67285919189453,402.6914367675781,519.7877049359926
E.K. Chalki,PhotovoltaicArray,2024-10-14 13:30:00,85.08184814453125,340.327392578125,463.78477156546944
E.K. Chalki,PhotovoltaicArray,2024-10-14 13:45:00,73.00047302246094,292.00189208984375,407.7818381949464
E.K. Chalki,PhotovoltaicArray,2024-10-14 14:00:00,61.54301071166992,246.1720428466797,353.1202924500646
E.K. Chalki,PhotovoltaicArray,2024-10-14 14:15:00,53.790775299072266,215.16310119628906,298.4587467051828
E.K. Chalki,PhotovoltaicArray,2024-10-14 14:30:00,36.85314178466797,147.41256713867188,243.79720096030104
E.K. Chalki,PhotovoltaicArray,2024-10-14 14:45:00,26.926321029663086,107.70528411865234,189.1356552154192
E.K. Chalki,PhotovoltaicArray,2024-10-14 15:00:00,16.994688034057617,67.97875213623047,146.21125119489855
E.K. Chalki,PhotovoltaicArray,2024-10-14 15:15:00,7.389362812042236,29.557451248168945,103.28684717437787
E.K. Chalki,PhotovoltaicArray,2024-10-14 15:30:00,0.0,0.0,60.36244315385719
E.K. Chalki,PhotovoltaicArray,2024-10-14 15:45:00,0.0,0.0,17.438039133336527
E.K. Chalki,PhotovoltaicArray,2024-10-14 16:00:00,0.0,0.0,13.078529350002395
E.K. Chalki,PhotovoltaicArray,2024-10-14 16:15:00,0.0,0.0,8.719019566668264
E.K. Chalki,PhotovoltaicArray,2024-10-14 16:30:00,0.0,0.0,4.359509783334132
E.K. Chalki,PhotovoltaicArray,2024-10-14 16:45:00,0.0,0.0,0.0
E.K. Chalki,PhotovoltaicArray,2024-10-14 17:00:00,0.0,0.0,0.0
E.K. Chalki,PhotovoltaicArray,2024-10-14 17:15:00,0.0,0.0,0.0
E.K. Chalki,PhotovoltaicArray,2024-10-14 17:30:00,0.0,0.0,0.0
E.K. Chalki,PhotovoltaicArray,2024-10-14 17:45:00,0.0,0.0,0.0
E.K. Chalki,PhotovoltaicArray,2024-10-14 18:00:00,0.0,0.0,0.0
E.K. Chalki,PhotovoltaicArray,2024-10-14 18:15:00,0.0,0.0,0.0
E.K. Chalki,PhotovoltaicArray,2024-10-14 18:30:00,0.0,0.0,0.0
E.K. Chalki,PhotovoltaicArray,2024-10-14 18:45:00,0.0,0.0,0.0
E.K. Chalki,PhotovoltaicArray,2024-10-14 19:00:00,0.0,0.0,0.0
E.K. Chalki,PhotovoltaicArray,2024-10-14 19:15:00,0.0,0.0,0.0
E.K. Chalki,PhotovoltaicArray,2024-10-14 19:30:00,0.0,0.0,0.0
E.K. Chalki,PhotovoltaicArray,2024-10-14 19:45:00,0.0,0.0,0.0
E.K. Chalki,PhotovoltaicArray,2024-10-14 20:00:00,0.0,0.0,0.0
E.K. Chalki,PhotovoltaicArray,2024-10-14 20:15:00,0.0,0.0,0.0
E.K. Chalki,PhotovoltaicArray,2024-10-14 20:30:00,0.0,0.0,0.0
E.K. Chalki,PhotovoltaicArray,2024-10-14 20:45:00,0.0,0.0,0.0
E.K. Chalki,PhotovoltaicArray,2024-10-14 21:00:00,0.0,0.0,0.0
E.K. Chalki,PhotovoltaicArray,2024-10-14 21:15:00,0.0,0.0,0.0
E.K. Chalki,PhotovoltaicArray,2024-10-14 21:30:00,0.0,0.0,0.0
E.K. Chalki,PhotovoltaicArray,2024-10-14 21:45:00,0.0,0.0,0.0
E.K. Chalki,PhotovoltaicArray,2024-10-14 22:00:00,0.0,0.0,0.0
E.K. Chalki,PhotovoltaicArray,2024-10-14 22:15:00,0.0,0.0,0.0
E.K. Chalki,PhotovoltaicArray,2024-10-14 22:30:00,0.0,0.0,0.0
E.K. Chalki,PhotovoltaicArray,2024-10-14 22:45:00,0.0,0.0,0.0
E.K. Chalki,PhotovoltaicArray,2024-10-14 23:00:00,0.0,0.0,0.0
E.K. Chalki,PhotovoltaicArray,2024-10-14 23:15:00,0.0,0.0,0.0
E.K. Chalki,PhotovoltaicArray,2024-10-14 23:30:00,0.0,0.0,0.0
E.K. Chalki,PhotovoltaicArray,2024-10-14 23:45:00,0.0,0.0,0.0
E.K. Chalki,PhotovoltaicArray,2024-10-15 00:00:00,0.0,0.0,0.0
E.K. Chalki,PhotovoltaicArray,2024-10-15 00:15:00,0.0,0.0,0.0
E.K. Chalki,PhotovoltaicArray,2024-10-15 00:30:00,0.0,0.0,0.0
E.K. Chalki,PhotovoltaicArray,2024-10-15 00:45:00,0.0,0.0,0.0
E.K. Chalki,PhotovoltaicArray,2024-10-15 01:00:00,0.0,0.0,0.0
E.K. Chalki,PhotovoltaicArray,2024-10-15 01:15:00,0.0,0.0,0.0
E.K. Chalki,PhotovoltaicArray,2024-10-15 01:30:00,0.0,0.0,0.0
E.K. Chalki,PhotovoltaicArray,2024-10-15 01:45:00,0.0,0.0,0.0
E.K. Chalki,PhotovoltaicArray,2024-10-15 02:00:00,0.0,0.0,0.0
E.K. Chalki,PhotovoltaicArray,2024-10-15 02:15:00,0.0,0.0,0.0
E.K. Chalki,PhotovoltaicArray,2024-10-15 02:30:00,0.0,0.0,0.0
E.K. Chalki,PhotovoltaicArray,2024-10-15 02:45:00,0.0,0.0,0.0
E.K. Chalki,PhotovoltaicArray,2024-10-15 03:00:00,0.0,0.0,0.0
E.K. Chalki,PhotovoltaicArray,2024-10-15 03:15:00,0.0,0.0,0.0
E.K. Chalki,PhotovoltaicArray,2024-10-15 03:30:00,0.0,0.0,0.0
E.K. Chalki,PhotovoltaicArray,2024-10-15 03:45:00,0.0,0.0,0.0
E.K. Chalki,PhotovoltaicArray,2024-10-15 04:00:00,0.0,0.0,6.398243400963274
E.K. Chalki,PhotovoltaicArray,2024-10-15 04:15:00,0.0,0.0,12.796486801926548
E.K. Chalki,PhotovoltaicArray,2024-10-15 04:30:00,0.0,0.0,19.194730202889822
E.K. Chalki,PhotovoltaicArray,2024-10-15 04:45:00,2.541882038116455,10.16752815246582,25.592973603853096
E.K. Chalki,PhotovoltaicArray,2024-10-15 05:00:00,8.351861953735352,33.407447814941406,69.37042845254918
E.K. Chalki,PhotovoltaicArray,2024-10-15 05:15:00,18.97105598449707,75.88422393798828,113.14788330124527
E.K. Chalki,PhotovoltaicArray,2024-10-15 05:30:00,31.51972007751465,126.0788803100586,156.92533814994135
E.K. Chalki,PhotovoltaicArray,2024-10-15 05:45:00,37.15462112426758,148.6184844970703,200.70279299863745
E.K. Chalki,PhotovoltaicArray,2024-10-15 06:00:00,59.62260437011719,238.49041748046875,263.67497805022333
E.K. Chalki,PhotovoltaicArray,2024-10-15 06:15:00,60.656105041503906,242.62442016601562,326.64716310180927
E.K. Chalki,PhotovoltaicArray,2024-10-15 06:30:00,83.00818634033203,332.0327453613281,389.6193481533952
E.K. Chalki,PhotovoltaicArray,2024-10-15 06:45:00,100.85438537597656,403.41754150390625,457.97952764789756
E.K. Chalki,PhotovoltaicArray,2024-10-15 07:00:00,101.24449157714844,404.97796630859375,511.8594720770619
E.K. Chalki,PhotovoltaicArray,2024-10-15 07:15:00,110.60358428955078,442.4143371582031,565.7394165062263
E.K. Chalki,PhotovoltaicArray,2024-10-15 07:30:00,119.81767272949219,479.27069091796875,619.6193609353908
E.K. Chalki,PhotovoltaicArray,2024-10-15 07:45:00,127.92169189453125,511.686767578125,673.4993053645552
E.K. Chalki,PhotovoltaicArray,2024-10-15 08:00:00,141.81375122070312,567.2550048828125,712.8990147283816
E.K. Chalki,PhotovoltaicArray,2024-10-15 08:15:00,149.87667846679688,599.5067138671875,752.2987240922082
E.K. Chalki,PhotovoltaicArray,2024-10-15 08:30:00,135.45025634765625,541.801025390625,791.6984334560345
E.K. Chalki,PhotovoltaicArray,2024-10-15 08:45:00,157.37547302246094,629.5018920898438,831.0981428198611
E.K. Chalki,PhotovoltaicArray,2024-10-15 09:00:00,147.75291442871094,591.0116577148438,851.3031219807978
E.K. Chalki,PhotovoltaicArray,2024-10-15 09:15:00,160.20091247558594,640.8036499023438,871.5081011417344
E.K. Chalki,PhotovoltaicArray,2024-10-15 09:30:00,163.6004638671875,654.40185546875,891.7130803026708
E.K. Chalki,PhotovoltaicArray,2024-10-15 09:45:00,174.1532745361328,696.6130981445312,911.9180594636076
E.K. Chalki,PhotovoltaicArray,2024-10-15 10:00:00,171.84214782714844,687.3685913085938,910.9078105055607
E.K. Chalki,PhotovoltaicArray,2024-10-15 10:15:00,165.76087951660156,663.0435180664062,909.8975615475141
E.K. Chalki,PhotovoltaicArray,2024-10-15 10:30:00,162.05018615722656,648.2007446289062,908.8873125894672
E.K. Chalki,PhotovoltaicArray,2024-10-15 10:45:00,160.5963134765625,642.38525390625,907.8770636314204
E.K. Chalki,PhotovoltaicArray,2024-10-15 11:00:00,156.22048950195312,624.8819580078125,885.65158655439
E.K. Chalki,PhotovoltaicArray,2024-10-15 11:15:00,159.32476806640625,637.299072265625,863.4261094773598
E.K. Chalki,PhotovoltaicArray,2024-10-15 11:30:00,158.08074951171875,632.322998046875,841.2006324003295
E.K. Chalki,PhotovoltaicArray,2024-10-15 11:45:00,147.98683166503906,591.9473266601562,818.9751553232991
E.K. Chalki,PhotovoltaicArray,2024-10-15 12:00:00,129.3890380859375,517.55615234375,778.2284473487435
E.K. Chalki,PhotovoltaicArray,2024-10-15 12:15:00,135.66783142089844,542.6713256835938,737.4817393741879
E.K. Chalki,PhotovoltaicArray,2024-10-15 12:30:00,130.5439453125,522.17578125,696.7350313996324
E.K. Chalki,PhotovoltaicArray,2024-10-15 12:45:00,107.4869155883789,429.9476623535156,657.3353220358058
E.K. Chalki,PhotovoltaicArray,2024-10-15 13:00:00,117.26704406738281,469.06817626953125,602.1083789959123
E.K. Chalki,PhotovoltaicArray,2024-10-15 13:15:00,101.58387756347656,406.33551025390625,546.8814359560188
E.K. Chalki,PhotovoltaicArray,2024-10-15 13:30:00,91.64608001708984,366.5843200683594,491.65449291612526
E.K. Chalki,PhotovoltaicArray,2024-10-15 13:45:00,68.55811309814453,274.2324523925781,436.42754987623175
E.K. Chalki,PhotovoltaicArray,2024-10-15 14:00:00,63.00612258911133,252.0244903564453,375.13911308805723
E.K. Chalki,PhotovoltaicArray,2024-10-15 14:15:00,49.160518646240234,196.64207458496094,313.8506762998827
E.K. Chalki,PhotovoltaicArray,2024-10-15 14:30:00,34.59653854370117,138.3861541748047,252.56223951170824
E.K. Chalki,PhotovoltaicArray,2024-10-15 14:45:00,26.79660987854004,107.18643951416016,191.2738027235337
E.K. Chalki,PhotovoltaicArray,2024-10-15 15:00:00,17.32844352722168,69.31377410888672,147.8330975275199
E.K. Chalki,PhotovoltaicArray,2024-10-15 15:15:00,6.7527756690979,27.0111026763916,104.39239233150607
E.K. Chalki,PhotovoltaicArray,2024-10-15 15:30:00,0.0,0.0,60.95168713549225
E.K. Chalki,PhotovoltaicArray,2024-10-15 15:45:00,0.0,0.0,17.510981939478437
E.K. Chalki,PhotovoltaicArray,2024-10-15 16:00:00,0.0,0.0,13.133236454608829
E.K. Chalki,PhotovoltaicArray,2024-10-15 16:15:00,0.0,0.0,8.755490969739219
E.K. Chalki,PhotovoltaicArray,2024-10-15 16:30:00,0.0,0.0,4.377745484869609
E.K. Chalki,PhotovoltaicArray,2024-10-15 16:45:00,0.0,0.0,0.0
E.K. Chalki,PhotovoltaicArray,2024-10-15 17:00:00,0.0,0.0,0.0
E.K. Chalki,PhotovoltaicArray,2024-10-15 17:15:00,0.0,0.0,0.0
E.K. Chalki,PhotovoltaicArray,2024-10-15 17:30:00,0.0,0.0,0.0
E.K. Chalki,PhotovoltaicArray,2024-10-15 17:45:00,0.0,0.0,0.0
E.K. Chalki,PhotovoltaicArray,2024-10-15 18:00:00,0.0,0.0,0.0
E.K. Chalki,PhotovoltaicArray,2024-10-15 18:15:00,0.0,0.0,0.0
E.K. Chalki,PhotovoltaicArray,2024-10-15 18:30:00,0.0,0.0,0.0
E.K. Chalki,PhotovoltaicArray,2024-10-15 18:45:00,0.0,0.0,0.0
E.K. Chalki,PhotovoltaicArray,2024-10-15 19:00:00,0.0,0.0,0.0
E.K. Chalki,PhotovoltaicArray,2024-10-15 19:15:00,0.0,0.0,0.0
E.K. Chalki,PhotovoltaicArray,2024-10-15 19:30:00,0.0,0.0,0.0
E.K. Chalki,PhotovoltaicArray,2024-10-15 19:45:00,0.0,0.0,0.0
E.K. Chalki,PhotovoltaicArray,2024-10-15 20:00:00,0.0,0.0,0.0
E.K. Chalki,PhotovoltaicArray,2024-10-15 20:15:00,0.0,0.0,0.0
E.K. Chalki,PhotovoltaicArray,2024-10-15 20:30:00,0.0,0.0,0.0
E.K. Chalki,PhotovoltaicArray,2024-10-15 20:45:00,0.0,0.0,0.0
E.K. Chalki,PhotovoltaicArray,2024-10-15 21:00:00,0.0,0.0,0.0
E.K. Chalki,PhotovoltaicArray,2024-10-15 21:15:00,0.0,0.0,0.0
E.K. Chalki,PhotovoltaicArray,2024-10-15 21:30:00,0.0,0.0,0.0
E.K. Chalki,PhotovoltaicArray,2024-10-15 21:45:00,0.0,0.0,0.0
E.K. Chalki,PhotovoltaicArray,2024-10-15 22:00:00,0.0,0.0,0.0
E.K. Chalki,PhotovoltaicArray,2024-10-15 22:15:00,0.0,0.0,0.0
E.K. Chalki,PhotovoltaicArray,2024-10-15 22:30:00,0.0,0.0,0.0
E.K. Chalki,PhotovoltaicArray,2024-10-15 22:45:00,0.0,0.0,0.0
E.K. Chalki,PhotovoltaicArray,2024-10-15 23:00:00,0.0,0.0,0.0
E.K. Chalki,PhotovoltaicArray,2024-10-15 23:15:00,0.0,0.0,0.0
E.K. Chalki,PhotovoltaicArray,2024-10-15 23:30:00,0.0,0.0,0.0
E.K. Chalki,PhotovoltaicArray,2024-10-15 23:45:00,0.0,0.0,0.0
E.K. Chalki,PhotovoltaicArray,2024-10-16 00:00:00,0.0,0.0,0.0
E.K. Chalki,PhotovoltaicArray,2024-10-16 00:15:00,0.0,0.0,0.0
E.K. Chalki,PhotovoltaicArray,2024-10-16 00:30:00,0.0,0.0,0.0
E.K. Chalki,PhotovoltaicArray,2024-10-16 00:45:00,0.0,0.0,0.0
E.K. Chalki,PhotovoltaicArray,2024-10-16 01:00:00,0.0,0.0,0.0
E.K. Chalki,PhotovoltaicArray,2024-10-16 01:15:00,0.0,0.0,0.0
E.K. Chalki,PhotovoltaicArray,2024-10-16 01:30:00,0.0,0.0,0.0
E.K. Chalki,PhotovoltaicArray,2024-10-16 01:45:00,0.0,0.0,0.0
E.K. Chalki,PhotovoltaicArray,2024-10-16 02:00:00,0.0,0.0,0.0
E.K. Chalki,PhotovoltaicArray,2024-10-16 02:15:00,0.0,0.0,0.0
E.K. Chalki,PhotovoltaicArray,2024-10-16 02:30:00,0.0,0.0,0.0
E.K. Chalki,PhotovoltaicArray,2024-10-16 02:45:00,0.0,0.0,0.0
E.K. Chalki,PhotovoltaicArray,2024-10-16 03:00:00,0.0,0.0,0.0
E.K. Chalki,PhotovoltaicArray,2024-10-16 03:15:00,0.0,0.0,0.0
E.K. Chalki,PhotovoltaicArray,2024-10-16 03:30:00,0.0,0.0,0.0
E.K. Chalki,PhotovoltaicArray,2024-10-16 03:45:00,0.0,0.0,0.0
E.K. Chalki,PhotovoltaicArray,2024-10-16 04:00:00,0.0,0.0,6.086875251280176
E.K. Chalki,PhotovoltaicArray,2024-10-16 04:15:00,0.0,0.0,12.173750502560353
E.K. Chalki,PhotovoltaicArray,2024-10-16 04:30:00,0.0,0.0,18.260625753840532
E.K. Chalki,PhotovoltaicArray,2024-10-16 04:45:00,2.541882038116455,10.16752815246582,24.347501005120705
E.K. Chalki,PhotovoltaicArray,2024-10-16 05:00:00,8.099906921386719,32.399627685546875,70.33722512590427
E.K. Chalki,PhotovoltaicArray,2024-10-16 05:15:00,18.002662658691406,72.01065063476562,116.32694924668782
E.K. Chalki,PhotovoltaicArray,2024-10-16 05:30:00,32.085044860839844,128.34017944335938,162.3166733674714
E.K. Chalki,PhotovoltaicArray,2024-10-16 05:45:00,39.04179382324219,156.16717529296875,208.30639748825493
E.K. Chalki,PhotovoltaicArray,2024-10-16 06:00:00,59.850223541259766,239.40089416503906,269.51330973723896
E.K. Chalki,PhotovoltaicArray,2024-10-16 06:15:00,64.62944030761719,258.51776123046875,330.7202219862229
E.K. Chalki,PhotovoltaicArray,2024-10-16 06:30:00,84.2813491821289,337.1253967285156,391.92713423520695
E.K. Chalki,PhotovoltaicArray,2024-10-16 06:45:00,104.80339050292969,419.21356201171875,451.781407539462
E.K. Chalki,PhotovoltaicArray,2024-10-16 07:00:00,87.07630157470703,348.3052062988281,506.2251250648013
E.K. Chalki,PhotovoltaicArray,2024-10-16 07:15:00,114.16424560546875,456.656982421875,560.6688425901407
E.K. Chalki,PhotovoltaicArray,2024-10-16 07:30:00,119.16862487792969,476.67449951171875,615.11256011548
E.K. Chalki,PhotovoltaicArray,2024-10-16 07:45:00,129.57473754882812,518.2989501953125,669.5562776408194
E.K. Chalki,PhotovoltaicArray,2024-10-16 08:00:00,142.81166076660156,571.2466430664062,709.1209667741406
E.K. Chalki,PhotovoltaicArray,2024-10-16 08:15:00,146.6901397705078,586.7605590820312,748.6856559074616
E.K. Chalki,PhotovoltaicArray,2024-10-16 08:30:00,149.95791625976562,599.8316650390625,788.2503450407829
E.K. Chalki,PhotovoltaicArray,2024-10-16 08:45:00,160.2256622314453,640.9026489257812,827.8150341741041
E.K. Chalki,PhotovoltaicArray,2024-10-16 09:00:00,153.81143188476562,615.2457275390625,848.4427780812202
E.K. Chalki,PhotovoltaicArray,2024-10-16 09:15:00,160.2388916015625,640.95556640625,869.0705219883363
E.K. Chalki,PhotovoltaicArray,2024-10-16 09:30:00,163.6004638671875,654.40185546875,889.6982658954524
E.K. Chalki,PhotovoltaicArray,2024-10-16 09:45:00,174.1532745361328,696.6130981445312,910.3260098025686
E.K. Chalki,PhotovoltaicArray,2024-10-16 10:00:00,171.84214782714844,687.3685913085938,909.6496903302041
E.K. Chalki,PhotovoltaicArray,2024-10-16 10:15:00,170.93344116210938,683.7337646484375,908.9733708578397
E.K. Chalki,PhotovoltaicArray,2024-10-16 10:30:00,171.85536193847656,687.4214477539062,908.2970513854754
E.K. Chalki,PhotovoltaicArray,2024-10-16 10:45:00,166.11953735351562,664.4781494140625,907.6207319131108
E.K. Chalki,PhotovoltaicArray,2024-10-16 11:00:00,158.8468017578125,635.38720703125,885.6403490612657
E.K. Chalki,PhotovoltaicArray,2024-10-16 11:15:00,158.97950744628906,635.9180297851562,863.6599662094206
E.K. Chalki,PhotovoltaicArray,2024-10-16 11:30:00,158.86642456054688,635.4656982421875,841.6795833575753
E.K. Chalki,PhotovoltaicArray,2024-10-16 11:45:00,148.3119659423828,593.2478637695312,819.6992005057302
E.K. Chalki,PhotovoltaicArray,2024-10-16 12:00:00,128.81997680664062,515.2799072265625,779.1200321638623
E.K. Chalki,PhotovoltaicArray,2024-10-16 12:15:00,135.66783142089844,542.6713256835938,738.5408638219948
E.K. Chalki,PhotovoltaicArray,2024-10-16 12:30:00,130.5439453125,522.17578125,697.9616954801269
E.K. Chalki,PhotovoltaicArray,2024-10-16 12:45:00,120.67683410644531,482.70733642578125,654.6772492488012
E.K. Chalki,PhotovoltaicArray,2024-10-16 13:00:00,119.74434661865234,478.9773864746094,599.5572122510974
E.K. Chalki,PhotovoltaicArray,2024-10-16 13:15:00,100.15240478515625,400.609619140625,544.4371752533937
E.K. Chalki,PhotovoltaicArray,2024-10-16 13:30:00,87.36521911621094,349.46087646484375,489.3171382556897
E.K. Chalki,PhotovoltaicArray,2024-10-16 13:45:00,68.55811309814453,274.2324523925781,434.1971012579859
E.K. Chalki,PhotovoltaicArray,2024-10-16 14:00:00,63.00612258911133,252.0244903564453,372.99018900900194
E.K. Chalki,PhotovoltaicArray,2024-10-16 14:15:00,46.777252197265625,187.1090087890625,311.78327676001794
E.K. Chalki,PhotovoltaicArray,2024-10-16 14:30:00,34.59653854370117,138.3861541748047,250.57636451103392
E.K. Chalki,PhotovoltaicArray,2024-10-16 14:45:00,26.50265884399414,106.01063537597656,189.36945226204995
E.K. Chalki,PhotovoltaicArray,2024-10-16 15:00:00,14.368326187133789,57.473304748535156,146.08500603072426
E.K. Chalki,PhotovoltaicArray,2024-10-16 15:15:00,6.7527756690979,27.0111026763916,102.80055979939854
E.K. Chalki,PhotovoltaicArray,2024-10-16 15:30:00,0.0,0.0,59.51611356807283
E.K. Chalki,PhotovoltaicArray,2024-10-16 15:45:00,0.0,0.0,16.231667336747137
E.K. Chalki,PhotovoltaicArray,2024-10-16 16:00:00,0.0,0.0,12.173750502560353
E.K. Chalki,PhotovoltaicArray,2024-10-16 16:15:00,0.0,0.0,8.115833668373568
E.K. Chalki,PhotovoltaicArray,2024-10-16 16:30:00,0.0,0.0,4.057916834186784
E.K. Chalki,PhotovoltaicArray,2024-10-16 16:45:00,0.0,0.0,0.0
E.K. Chalki,PhotovoltaicArray,2024-10-16 17:00:00,0.0,0.0,0.0
E.K. Chalki,PhotovoltaicArray,2024-10-16 17:15:00,0.0,0.0,0.0
E.K. Chalki,PhotovoltaicArray,2024-10-16 17:30:00,0.0,0.0,0.0
E.K. Chalki,PhotovoltaicArray,2024-10-16 17:45:00,0.0,0.0,0.0
E.K. Chalki,PhotovoltaicArray,2024-10-16 18:00:00,0.0,0.0,0.0
E.K. Chalki,PhotovoltaicArray,2024-10-16 18:15:00,0.0,0.0,0.0
E.K. Chalki,PhotovoltaicArray,2024-10-16 18:30:00,0.0,0.0,0.0
E.K. Chalki,PhotovoltaicArray,2024-10-16 18:45:00,0.0,0.0,0.0
E.K. Chalki,PhotovoltaicArray,2024-10-16 19:00:00,0.0,0.0,0.0
E.K. Chalki,PhotovoltaicArray,2024-10-16 19:15:00,0.0,0.0,0.0
E.K. Chalki,PhotovoltaicArray,2024-10-16 19:30:00,0.0,0.0,0.0
E.K. Chalki,PhotovoltaicArray,2024-10-16 19:45:00,0.0,0.0,0.0
E.K. Chalki,PhotovoltaicArray,2024-10-16 20:00:00,0.0,0.0,0.0
E.K. Chalki,PhotovoltaicArray,2024-10-16 20:15:00,0.0,0.0,0.0
E.K. Chalki,PhotovoltaicArray,2024-10-16 20:30:00,0.0,0.0,0.0
E.K. Chalki,PhotovoltaicArray,2024-10-16 20:45:00,0.0,0.0,0.0
E.K. Chalki,PhotovoltaicArray,2024-10-16 21:00:00,0.0,0.0,0.0
E.K. Chalki,PhotovoltaicArray,2024-10-16 21:15:00,0.0,0.0,0.0
E.K. Chalki,PhotovoltaicArray,2024-10-16 21:30:00,0.0,0.0,0.0
E.K. Chalki,PhotovoltaicArray,2024-10-16 21:45:00,0.0,0.0,0.0
E.K. Chalki,PhotovoltaicArray,2024-10-16 22:00:00,0.0,0.0,0.0
E.K. Chalki,PhotovoltaicArray,2024-10-16 22:15:00,0.0,0.0,0.0
E.K. Chalki,PhotovoltaicArray,2024-10-16 22:30:00,0.0,0.0,0.0
E.K. Chalki,PhotovoltaicArray,2024-10-16 22:45:00,0.0,0.0,0.0
E.K. Chalki,PhotovoltaicArray,2024-10-16 23:00:00,0.0,0.0,0.0
E.K. Chalki,PhotovoltaicArray,2024-10-16 23:15:00,0.0,0.0,0.0
E.K. Chalki,PhotovoltaicArray,2024-10-16 23:30:00,0.0,0.0,0.0
E.K. Chalki,PhotovoltaicArray,2024-10-16 23:45:00,0.0,0.0,0.0
E.K. Chalki,PhotovoltaicArray,2024-10-17 00:00:00,0.0,0.0,0.0
E.K. Chalki,PhotovoltaicArray,2024-10-17 00:15:00,0.0,0.0,0.0
E.K. Chalki,PhotovoltaicArray,2024-10-17 00:30:00,0.0,0.0,0.0
E.K. Chalki,PhotovoltaicArray,2024-10-17 00:45:00,0.0,0.0,0.0
E.K. Chalki,PhotovoltaicArray,2024-10-17 01:00:00,0.0,0.0,0.0
E.K. Chalki,PhotovoltaicArray,2024-10-17 01:15:00,0.0,0.0,0.0
E.K. Chalki,PhotovoltaicArray,2024-10-17 01:30:00,0.0,0.0,0.0
E.K. Chalki,PhotovoltaicArray,2024-10-17 01:45:00,0.0,0.0,0.0
E.K. Chalki,PhotovoltaicArray,2024-10-17 02:00:00,0.0,0.0,0.0
E.K. Chalki,PhotovoltaicArray,2024-10-17 02:15:00,0.0,0.0,0.0
E.K. Chalki,PhotovoltaicArray,2024-10-17 02:30:00,0.0,0.0,0.0
E.K. Chalki,PhotovoltaicArray,2024-10-17 02:45:00,0.0,0.0,0.0
E.K. Chalki,PhotovoltaicArray,2024-10-17 03:00:00,0.0,0.0,0.0
E.K. Chalki,PhotovoltaicArray,2024-10-17 03:15:00,0.0,0.0,0.0
E.K. Chalki,PhotovoltaicArray,2024-10-17 03:30:00,0.0,0.0,0.0
E.K. Chalki,PhotovoltaicArray,2024-10-17 03:45:00,0.0,0.0,0.0
E.K. Chalki,PhotovoltaicArray,2024-10-17 04:00:00,0.0,0.0,5.772804963950918
E.K. Chalki,PhotovoltaicArray,2024-10-17 04:15:00,0.0,0.0,11.545609927901836
E.K. Chalki,PhotovoltaicArray,2024-10-17 04:30:00,0.0,0.0,17.318414891852754
E.K. Chalki,PhotovoltaicArray,2024-10-17 04:45:00,2.541882038116455,10.16752815246582,23.091219855803672
E.K. Chalki,PhotovoltaicArray,2024-10-17 05:00:00,8.36587905883789,33.46351623535156,69.95281309258169
E.K. Chalki,PhotovoltaicArray,2024-10-17 05:15:00,18.17660140991211,72.70640563964844,116.81440632935971
E.K. Chalki,PhotovoltaicArray,2024-10-17 05:30:00,32.83268356323242,131.3307342529297,163.67599956613773
E.K. Chalki,PhotovoltaicArray,2024-10-17 05:45:00,45.19243621826172,180.76974487304688,210.53759280291578
E.K. Chalki,PhotovoltaicArray,2024-10-17 06:00:00,64.56463623046875,258.258544921875,275.0571776941319
E.K. Chalki,PhotovoltaicArray,2024-10-17 06:15:00,72.72724151611328,290.9089660644531,339.5767625853481
E.K. Chalki,PhotovoltaicArray,2024-10-17 06:30:00,91.19174194335938,364.7669677734375,404.09634747656423
E.K. Chalki,PhotovoltaicArray,2024-10-17 06:45:00,105.6935043334961,422.7740173339844,468.6159323677804
E.K. Chalki,PhotovoltaicArray,2024-10-17 07:00:00,117.92628479003906,471.70513916015625,524.9856749569482
E.K. Chalki,PhotovoltaicArray,2024-10-17 07:15:00,123.28190612792969,493.12762451171875,581.3554175461159
E.K. Chalki,PhotovoltaicArray,2024-10-17 07:30:00,136.31002807617188,545.2401123046875,637.7251601352835
E.K. Chalki,PhotovoltaicArray,2024-10-17 07:45:00,131.11331176757812,524.4532470703125,694.0949027244513
E.K. Chalki,PhotovoltaicArray,2024-10-17 08:00:00,150.22854614257812,600.9141845703125,735.8628445224491
E.K. Chalki,PhotovoltaicArray,2024-10-17 08:15:00,154.7091064453125,618.83642578125,777.630786320447
E.K. Chalki,PhotovoltaicArray,2024-10-17 08:30:00,165.0283966064453,660.1135864257812,819.3987281184449
E.K. Chalki,PhotovoltaicArray,2024-10-17 08:45:00,175.7887420654297,703.1549682617188,861.1666699164425
E.K. Chalki,PhotovoltaicArray,2024-10-17 09:00:00,156.72653198242188,626.9061279296875,882.8995827219048
E.K. Chalki,PhotovoltaicArray,2024-10-17 09:15:00,175.76101684570312,703.0440673828125,904.6324955273672
E.K. Chalki,PhotovoltaicArray,2024-10-17 09:30:00,173.9799346923828,695.9197387695312,926.3654083328294
E.K. Chalki,PhotovoltaicArray,2024-10-17 09:45:00,190.93666076660156,763.7466430664062,948.0983211382917
E.K. Chalki,PhotovoltaicArray,2024-10-17 10:00:00,188.62550354003906,754.5020141601562,947.419167613121
E.K. Chalki,PhotovoltaicArray,2024-10-17 10:15:00,186.3545684814453,745.4182739257812,946.7400140879503
E.K. Chalki,PhotovoltaicArray,2024-10-17 10:30:00,177.5159912109375,710.06396484375,946.0608605627798
E.K. Chalki,PhotovoltaicArray,2024-10-17 10:45:00,183.34359741210938,733.3743896484375,945.3817070376091
E.K. Chalki,PhotovoltaicArray,2024-10-17 11:00:00,174.96182250976562,699.8472900390625,922.2904871818054
E.K. Chalki,PhotovoltaicArray,2024-10-17 11:15:00,174.82305908203125,699.292236328125,899.1992673260016
E.K. Chalki,PhotovoltaicArray,2024-10-17 11:30:00,163.06298828125,652.251953125,876.1080474701979
E.K. Chalki,PhotovoltaicArray,2024-10-17 11:45:00,148.90145874023438,595.6058349609375,853.0168276143942
E.K. Chalki,PhotovoltaicArray,2024-10-17 12:00:00,132.52186584472656,530.0874633789062,809.2114252408844
E.K. Chalki,PhotovoltaicArray,2024-10-17 12:15:00,146.68499755859375,586.739990234375,765.4060228673744
E.K. Chalki,PhotovoltaicArray,2024-10-17 12:30:00,125.78392791748047,503.1357116699219,721.6006204938645
E.K. Chalki,PhotovoltaicArray,2024-10-17 12:45:00,128.31753540039062,513.2701416015625,677.7952181203547
E.K. Chalki,PhotovoltaicArray,2024-10-17 13:00:00,120.19293212890625,480.771728515625,619.3880149556749
E.K. Chalki,PhotovoltaicArray,2024-10-17 13:15:00,106.93724822998047,427.7489929199219,560.980811790995
E.K. Chalki,PhotovoltaicArray,2024-10-17 13:30:00,92.46968078613281,369.87872314453125,502.5736086263151
E.K. Chalki,PhotovoltaicArray,2024-10-17 13:45:00,81.52088165283203,326.0835266113281,444.1664054616352
E.K. Chalki,PhotovoltaicArray,2024-10-17 14:00:00,64.25284576416016,257.0113830566406,379.30724380783374
E.K. Chalki,PhotovoltaicArray,2024-10-17 14:15:00,49.160518646240234,196.64207458496094,314.44808215403225
E.K. Chalki,PhotovoltaicArray,2024-10-17 14:30:00,37.14631271362305,148.5852508544922,249.58892050023084
E.K. Chalki,PhotovoltaicArray,2024-10-17 14:45:00,25.746732711791992,102.98693084716797,184.72975884642938
E.K. Chalki,PhotovoltaicArray,2024-10-17 15:00:00,16.52882957458496,66.11531829833984,142.28266352326088
E.K. Chalki,PhotovoltaicArray,2024-10-17 15:15:00,5.536314487457275,22.1452579498291,99.83556820009233
E.K. Chalki,PhotovoltaicArray,2024-10-17 15:30:00,0.0,0.0,57.38847287692383
E.K. Chalki,PhotovoltaicArray,2024-10-17 15:45:00,0.0,0.0,14.941377553755313
E.K. Chalki,PhotovoltaicArray,2024-10-17 16:00:00,0.0,0.0,11.206033165316486
E.K. Chalki,PhotovoltaicArray,2024-10-17 16:15:00,0.0,0.0,7.470688776877656
E.K. Chalki,PhotovoltaicArray,2024-10-17 16:30:00,0.0,0.0,3.735344388438828
E.K. Chalki,PhotovoltaicArray,2024-10-17 16:45:00,0.0,0.0,0.0
E.K. Chalki,PhotovoltaicArray,2024-10-17 17:00:00,0.0,0.0,0.0
E.K. Chalki,PhotovoltaicArray,2024-10-17 17:15:00,0.0,0.0,0.0
E.K. Chalki,PhotovoltaicArray,2024-10-17 17:30:00,0.0,0.0,0.0
E.K. Chalki,PhotovoltaicArray,2024-10-17 17:45:00,0.0,0.0,0.0
E.K. Chalki,PhotovoltaicArray,2024-10-17 18:00:00,0.0,0.0,0.0
E.K. Chalki,PhotovoltaicArray,2024-10-17 18:15:00,0.0,0.0,0.0
E.K. Chalki,PhotovoltaicArray,2024-10-17 18:30:00,0.0,0.0,0.0
E.K. Chalki,PhotovoltaicArray,2024-10-17 18:45:00,0.0,0.0,0.0
E.K. Chalki,PhotovoltaicArray,2024-10-17 19:00:00,0.0,0.0,0.0
E.K. Chalki,PhotovoltaicArray,2024-10-17 19:15:00,0.0,0.0,0.0
E.K. Chalki,PhotovoltaicArray,2024-10-17 19:30:00,0.0,0.0,0.0
E.K. Chalki,PhotovoltaicArray,2024-10-17 19:45:00,0.0,0.0,0.0
E.K. Chalki,PhotovoltaicArray,2024-10-17 20:00:00,0.0,0.0,0.0
E.K. Chalki,PhotovoltaicArray,2024-10-17 20:15:00,0.0,0.0,0.0
E.K. Chalki,PhotovoltaicArray,2024-10-17 20:30:00,0.0,0.0,0.0
E.K. Chalki,PhotovoltaicArray,2024-10-17 20:45:00,0.0,0.0,0.0
E.K. Chalki,PhotovoltaicArray,2024-10-17 21:00:00,0.0,0.0,0.0
E.K. Chalki,PhotovoltaicArray,2024-10-17 21:15:00,0.0,0.0,0.0
E.K. Chalki,PhotovoltaicArray,2024-10-17 21:30:00,0.0,0.0,0.0
E.K. Chalki,PhotovoltaicArray,2024-10-17 21:45:00,0.0,0.0,0.0
E.K. Chalki,PhotovoltaicArray,2024-10-17 22:00:00,0.0,0.0,0.0
E.K. Chalki,PhotovoltaicArray,2024-10-17 22:15:00,0.0,0.0,0.0
E.K. Chalki,PhotovoltaicArray,2024-10-17 22:30:00,0.0,0.0,0.0
E.K. Chalki,PhotovoltaicArray,2024-10-17 22:45:00,0.0,0.0,0.0
E.K. Chalki,PhotovoltaicArray,2024-10-17 23:00:00,0.0,0.0,0.0
E.K. Chalki,PhotovoltaicArray,2024-10-17 23:15:00,0.0,0.0,0.0
E.K. Chalki,PhotovoltaicArray,2024-10-17 23:30:00,0.0,0.0,0.0
E.K. Chalki,PhotovoltaicArray,2024-10-17 23:45:00,0.0,0.0,0.0
E.K. Chalki,PhotovoltaicArray,2024-10-18 00:00:00,0.0,0.0,0.0
E.K. Chalki,PhotovoltaicArray,2024-10-18 00:15:00,0.0,0.0,0.0
E.K. Chalki,PhotovoltaicArray,2024-10-18 00:30:00,0.0,0.0,0.0
E.K. Chalki,PhotovoltaicArray,2024-10-18 00:45:00,0.0,0.0,0.0
E.K. Chalki,PhotovoltaicArray,2024-10-18 01:00:00,0.0,0.0,0.0
E.K. Chalki,PhotovoltaicArray,2024-10-18 01:15:00,0.0,0.0,0.0
E.K. Chalki,PhotovoltaicArray,2024-10-18 01:30:00,0.0,0.0,0.0
E.K. Chalki,PhotovoltaicArray,2024-10-18 01:45:00,0.0,0.0,0.0
E.K. Chalki,PhotovoltaicArray,2024-10-18 02:00:00,0.0,0.0,0.0
E.K. Chalki,PhotovoltaicArray,2024-10-18 02:15:00,0.0,0.0,0.0
E.K. Chalki,PhotovoltaicArray,2024-10-18 02:30:00,0.0,0.0,0.0
E.K. Chalki,PhotovoltaicArray,2024-10-18 02:45:00,0.0,0.0,0.0
E.K. Chalki,PhotovoltaicArray,2024-10-18 03:00:00,0.0,0.0,0.0
E.K. Chalki,PhotovoltaicArray,2024-10-18 03:15:00,0.0,0.0,0.0
E.K. Chalki,PhotovoltaicArray,2024-10-18 03:30:00,0.0,0.0,0.0
E.K. Chalki,PhotovoltaicArray,2024-10-18 03:45:00,0.0,0.0,0.0
E.K. Chalki,PhotovoltaicArray,2024-10-18 04:00:00,0.0,0.0,5.456005024117129
E.K. Chalki,PhotovoltaicArray,2024-10-18 04:15:00,0.0,0.0,10.912010048234258
E.K. Chalki,PhotovoltaicArray,2024-10-18 04:30:00,0.0,0.0,16.368015072351387
E.K. Chalki,PhotovoltaicArray,2024-10-18 04:45:00,2.243435859680176,8.973743438720703,21.824020096468516
E.K. Chalki,PhotovoltaicArray,2024-10-18 05:00:00,8.113924026489258,32.45569610595703,69.22306374348608
E.K. Chalki,PhotovoltaicArray,2024-10-18 05:15:00,18.002662658691406,72.01065063476562,116.62210739050363
E.K. Chalki,PhotovoltaicArray,2024-10-18 05:30:00,29.83380699157715,119.3352279663086,164.0211510375212
E.K. Chalki,PhotovoltaicArray,2024-10-18 05:45:00,39.26984405517578,157.07937622070312,211.42019468453876
E.K. Chalki,PhotovoltaicArray,2024-10-18 06:00:00,59.88764572143555,239.5505828857422,275.52825371791505
E.K. Chalki,PhotovoltaicArray,2024-10-18 06:15:00,72.72724151611328,290.9089660644531,339.6363127512913
E.K. Chalki,PhotovoltaicArray,2024-10-18 06:30:00,91.19174194335938,364.7669677734375,403.7443717846676
E.K. Chalki,PhotovoltaicArray,2024-10-18 06:45:00,100.9442138671875,403.77685546875,469.21643207407305
E.K. Chalki,PhotovoltaicArray,2024-10-18 07:00:00,115.7120361328125,462.84814453125,526.5044848273029
E.K. Chalki,PhotovoltaicArray,2024-10-18 07:15:00,121.57955932617188,486.3182373046875,583.7925375805329
E.K. Chalki,PhotovoltaicArray,2024-10-18 07:30:00,121.67597198486328,486.7038879394531,641.0805903337626
E.K. Chalki,PhotovoltaicArray,2024-10-18 07:45:00,131.11331176757812,524.4532470703125,698.3686430869925
E.K. Chalki,PhotovoltaicArray,2024-10-18 08:00:00,144.52528381347656,578.1011352539062,739.288680767871
E.K. Chalki,PhotovoltaicArray,2024-10-18 08:15:00,155.65444946289062,622.6177978515625,780.2087184487494
E.K. Chalki,PhotovoltaicArray,2024-10-18 08:30:00,164.30050659179688,657.2020263671875,821.1287561296281
E.K. Chalki,PhotovoltaicArray,2024-10-18 08:45:00,174.15982055664062,696.6392822265625,862.0487938105064
E.K. Chalki,PhotovoltaicArray,2024-10-18 09:00:00,156.4336395263672,625.7345581054688,882.5088126509456
E.K. Chalki,PhotovoltaicArray,2024-10-18 09:15:00,175.43844604492188,701.7537841796875,902.968831491385
E.K. Chalki,PhotovoltaicArray,2024-10-18 09:30:00,177.6001739501953,710.4006958007812,923.4288503318243
E.K. Chalki,PhotovoltaicArray,2024-10-18 09:45:00,180.59939575195312,722.3975830078125,943.8888691722633
E.K. Chalki,PhotovoltaicArray,2024-10-18 10:00:00,178.28823852539062,713.1529541015625,942.524867916234
E.K. Chalki,PhotovoltaicArray,2024-10-18 10:15:00,176.29330444335938,705.1732177734375,941.1608666602049
E.K. Chalki,PhotovoltaicArray,2024-10-18 10:30:00,179.32879638671875,717.315185546875,939.7968654041754
E.K. Chalki,PhotovoltaicArray,2024-10-18 10:45:00,181.91552734375,727.662109375,938.4328641481461
E.K. Chalki,PhotovoltaicArray,2024-10-18 11:00:00,175.8961639404297,703.5846557617188,914.903842481641
E.K. Chalki,PhotovoltaicArray,2024-10-18 11:15:00,171.3717498779297,685.4869995117188,891.374820815136
E.K. Chalki,PhotovoltaicArray,2024-10-18 11:30:00,162.2969512939453,649.1878051757812,867.8457991486309
E.K. Chalki,PhotovoltaicArray,2024-10-18 11:45:00,157.86734008789062,631.4693603515625,844.3167774821258
E.K. Chalki,PhotovoltaicArray,2024-10-18 12:00:00,129.185546875,516.7421875,801.0097376031961
E.K. Chalki,PhotovoltaicArray,2024-10-18 12:15:00,143.1601104736328,572.6404418945312,757.7026977242664
E.K. Chalki,PhotovoltaicArray,2024-10-18 12:30:00,129.79310607910156,519.1724243164062,714.3956578453367
E.K. Chalki,PhotovoltaicArray,2024-10-18 12:45:00,122.67915344238281,490.71661376953125,671.088617966407
E.K. Chalki,PhotovoltaicArray,2024-10-18 13:00:00,118.11087799072266,472.4435119628906,612.7775642711553
E.K. Chalki,PhotovoltaicArray,2024-10-18 13:15:00,99.3155746459961,397.2622985839844,554.4665105759033
E.K. Chalki,PhotovoltaicArray,2024-10-18 13:30:00,89.23567199707031,356.94268798828125,496.15545688065146
E.K. Chalki,PhotovoltaicArray,2024-10-18 13:45:00,83.40262603759766,333.6105041503906,437.84440318539964
E.K. Chalki,PhotovoltaicArray,2024-10-18 14:00:00,57.946632385253906,231.78652954101562,374.418344780038
E.K. Chalki,PhotovoltaicArray,2024-10-18 14:15:00,45.77125549316406,183.08502197265625,310.9922863746764
E.K. Chalki,PhotovoltaicArray,2024-10-18 14:30:00,34.53850173950195,138.1540069580078,247.56622796931472
E.K. Chalki,PhotovoltaicArray,2024-10-18 14:45:00,25.345365524291992,101.38146209716797,184.14016956395312
E.K. Chalki,PhotovoltaicArray,2024-10-18 15:00:00,13.43643569946289,53.74574279785156,141.51513031303804
E.K. Chalki,PhotovoltaicArray,2024-10-18 15:15:00,0.0,0.0,98.89009106212298
E.K. Chalki,PhotovoltaicArray,2024-10-18 15:30:00,0.0,0.0,56.2650518112079
E.K. Chalki,PhotovoltaicArray,2024-10-18 15:45:00,0.0,0.0,13.640012560292824
E.K. Chalki,PhotovoltaicArray,2024-10-18 16:00:00,0.0,0.0,10.230009420219618
E.K. Chalki,PhotovoltaicArray,2024-10-18 16:15:00,0.0,0.0,6.820006280146412
E.K. Chalki,PhotovoltaicArray,2024-10-18 16:30:00,0.0,0.0,3.410003140073206
E.K. Chalki,PhotovoltaicArray,2024-10-18 16:45:00,0.0,0.0,0.0
E.K. Chalki,PhotovoltaicArray,2024-10-18 17:00:00,0.0,0.0,0.0
E.K. Chalki,PhotovoltaicArray,2024-10-18 17:15:00,0.0,0.0,0.0
E.K. Chalki,PhotovoltaicArray,2024-10-18 17:30:00,0.0,0.0,0.0
E.K. Chalki,PhotovoltaicArray,2024-10-18 17:45:00,0.0,0.0,0.0
E.K. Chalki,PhotovoltaicArray,2024-10-18 18:00:00,0.0,0.0,0.0
E.K. Chalki,PhotovoltaicArray,2024-10-18 18:15:00,0.0,0.0,0.0
E.K. Chalki,PhotovoltaicArray,2024-10-18 18:30:00,0.0,0.0,0.0
E.K. Chalki,PhotovoltaicArray,2024-10-18 18:45:00,0.0,0.0,0.0
E.K. Chalki,PhotovoltaicArray,2024-10-18 19:00:00,0.0,0.0,0.0
E.K. Chalki,PhotovoltaicArray,2024-10-18 19:15:00,0.0,0.0,0.0
E.K. Chalki,PhotovoltaicArray,2024-10-18 19:30:00,0.0,0.0,0.0
E.K. Chalki,PhotovoltaicArray,2024-10-18 19:45:00,0.0,0.0,0.0
E.K. Chalki,PhotovoltaicArray,2024-10-18 20:00:00,0.0,0.0,0.0
E.K. Chalki,PhotovoltaicArray,2024-10-18 20:15:00,0.0,0.0,0.0
E.K. Chalki,PhotovoltaicArray,2024-10-18 20:30:00,0.0,0.0,0.0
E.K. Chalki,PhotovoltaicArray,2024-10-18 20:45:00,0.0,0.0,0.0
E.K. Chalki,PhotovoltaicArray,2024-10-18 21:00:00,0.0,0.0,0.0
E.K. Chalki,PhotovoltaicArray,2024-10-18 21:15:00,0.0,0.0,0.0
E.K. Chalki,PhotovoltaicArray,2024-10-18 21:30:00,0.0,0.0,0.0
E.K. Chalki,PhotovoltaicArray,2024-10-18 21:45:00,0.0,0.0,0.0
E.K. Chalki,PhotovoltaicArray,2024-10-18 22:00:00,0.0,0.0,0.0
E.K. Chalki,PhotovoltaicArray,2024-10-18 22:15:00,0.0,0.0,0.0
E.K. Chalki,PhotovoltaicArray,2024-10-18 22:30:00,0.0,0.0,0.0
E.K. Chalki,PhotovoltaicArray,2024-10-18 22:45:00,0.0,0.0,0.0
E.K. Chalki,PhotovoltaicArray,2024-10-18 23:00:00,0.0,0.0,0.0
E.K. Chalki,PhotovoltaicArray,2024-10-18 23:15:00,0.0,0.0,0.0
E.K. Chalki,PhotovoltaicArray,2024-10-18 23:30:00,0.0,0.0,0.0
E.K. Chalki,PhotovoltaicArray,2024-10-18 23:45:00,0.0,0.0,0.0
E.K. Chalki,PhotovoltaicArray,2024-10-19 00:00:00,0.0,0.0,0.0
E.K. Chalki,PhotovoltaicArray,2024-10-19 00:15:00,0.0,0.0,0.0
E.K. Chalki,PhotovoltaicArray,2024-10-19 00:30:00,0.0,0.0,0.0
E.K. Chalki,PhotovoltaicArray,2024-10-19 00:45:00,0.0,0.0,0.0
E.K. Chalki,PhotovoltaicArray,2024-10-19 01:00:00,0.0,0.0,0.0
E.K. Chalki,PhotovoltaicArray,2024-10-19 01:15:00,0.0,0.0,0.0
E.K. Chalki,PhotovoltaicArray,2024-10-19 01:30:00,0.0,0.0,0.0
E.K. Chalki,PhotovoltaicArray,2024-10-19 01:45:00,0.0,0.0,0.0
E.K. Chalki,PhotovoltaicArray,2024-10-19 02:00:00,0.0,0.0,0.0
E.K. Chalki,PhotovoltaicArray,2024-10-19 02:15:00,0.0,0.0,0.0
E.K. Chalki,PhotovoltaicArray,2024-10-19 02:30:00,0.0,0.0,0.0
E.K. Chalki,PhotovoltaicArray,2024-10-19 02:45:00,0.0,0.0,0.0
E.K. Chalki,PhotovoltaicArray,2024-10-19 03:00:00,0.0,0.0,0.0
E.K. Chalki,PhotovoltaicArray,2024-10-19 03:15:00,0.0,0.0,0.0
E.K. Chalki,PhotovoltaicArray,2024-10-19 03:30:00,0.0,0.0,0.0
E.K. Chalki,PhotovoltaicArray,2024-10-19 03:45:00,0.0,0.0,0.0
E.K. Chalki,PhotovoltaicArray,2024-10-19 04:00:00,0.0,0.0,5.136449223391649
E.K. Chalki,PhotovoltaicArray,2024-10-19 04:15:00,0.0,0.0,10.272898446783298
E.K. Chalki,PhotovoltaicArray,2024-10-19 04:30:00,0.0,0.0,15.409347670174947
E.K. Chalki,PhotovoltaicArray,2024-10-19 04:45:00,1.6686207056045532,6.674482822418213,20.545796893566596
E.K. Chalki,PhotovoltaicArray,2024-10-19 05:00:00,8.060794830322266,32.24317932128906,67.11626985231754
E.K. Chalki,PhotovoltaicArray,2024-10-19 05:15:00,15.569368362426758,62.27747344970703,113.68674281106848
E.K. Chalki,PhotovoltaicArray,2024-10-19 05:30:00,28.9454288482666,115.7817153930664,160.25721576981942
E.K. Chalki,PhotovoltaicArray,2024-10-19 05:45:00,39.04179382324219,156.16717529296875,206.82768872857037
E.K. Chalki,PhotovoltaicArray,2024-10-19 06:00:00,59.850223541259766,239.40089416503906,270.1772291504007
E.K. Chalki,PhotovoltaicArray,2024-10-19 06:15:00,79.47435760498047,317.8974304199219,333.52676957223105
E.K. Chalki,PhotovoltaicArray,2024-10-19 06:30:00,89.50083923339844,358.00335693359375,396.8763099940614
E.K. Chalki,PhotovoltaicArray,2024-10-19 06:45:00,105.46906280517578,421.8762512207031,461.5955702087962
E.K. Chalki,PhotovoltaicArray,2024-10-19 07:00:00,107.20730590820312,428.8292236328125,518.0965116661043
E.K. Chalki,PhotovoltaicArray,2024-10-19 07:15:00,123.5231704711914,494.0926818847656,574.5974531234125
E.K. Chalki,PhotovoltaicArray,2024-10-19 07:30:00,134.11288452148438,536.4515380859375,631.0983945807205
E.K. Chalki,PhotovoltaicArray,2024-10-19 07:45:00,135.94912719726562,543.7965087890625,687.5993360380287
E.K. Chalki,PhotovoltaicArray,2024-10-19 08:00:00,144.01797485351562,576.0718994140625,728.0060699287097
E.K. Chalki,PhotovoltaicArray,2024-10-19 08:15:00,119.01133728027344,476.04534912109375,768.4128038193907
E.K. Chalki,PhotovoltaicArray,2024-10-19 08:30:00,159.99757385253906,639.9902954101562,808.8195377100716
E.K. Chalki,PhotovoltaicArray,2024-10-19 08:45:00,176.38356018066406,705.5342407226562,849.2262716007526
E.K. Chalki,PhotovoltaicArray,2024-10-19 09:00:00,165.90335083007812,663.6134033203125,869.4296385460931
E.K. Chalki,PhotovoltaicArray,2024-10-19 09:15:00,163.57730102539062,654.3092041015625,889.6330054914337
E.K. Chalki,PhotovoltaicArray,2024-10-19 09:30:00,174.1532745361328,696.6130981445312,909.8363724367742
E.K. Chalki,PhotovoltaicArray,2024-10-19 09:45:00,172.23838806152344,688.9535522460938,930.0397393821148
E.K. Chalki,PhotovoltaicArray,2024-10-19 10:00:00,169.92726135253906,679.7090454101562,928.3275896409841
E.K. Chalki,PhotovoltaicArray,2024-10-19 10:15:00,170.84715270996094,683.3886108398438,926.6154398998534
E.K. Chalki,PhotovoltaicArray,2024-10-19 10:30:00,170.93756103515625,683.750244140625,924.9032901587229
E.K. Chalki,PhotovoltaicArray,2024-10-19 10:45:00,167.12779235839844,668.5111694335938,923.1911404175924
E.K. Chalki,PhotovoltaicArray,2024-10-19 11:00:00,175.6576385498047,702.6305541992188,899.905903938217
E.K. Chalki,PhotovoltaicArray,2024-10-19 11:15:00,157.7230682373047,630.8922729492188,876.6206674588415
E.K. Chalki,PhotovoltaicArray,2024-10-19 11:30:00,153.0732879638672,612.2931518554688,853.3354309794657
E.K. Chalki,PhotovoltaicArray,2024-10-19 11:45:00,149.77581787109375,599.103271484375,830.0501945000904
E.K. Chalki,PhotovoltaicArray,2024-10-19 12:00:00,114.44879913330078,457.7951965332031,787.2464509718266
E.K. Chalki,PhotovoltaicArray,2024-10-19 12:15:00,123.5887451171875,494.35498046875,744.442707443563
E.K. Chalki,PhotovoltaicArray,2024-10-19 12:30:00,133.14144897460938,532.5657958984375,701.6389639152992
E.K. Chalki,PhotovoltaicArray,2024-10-19 12:45:00,102.3053970336914,409.2215881347656,658.8352203870355
E.K. Chalki,PhotovoltaicArray,2024-10-19 13:00:00,117.57244873046875,470.289794921875,600.9645591368229
E.K. Chalki,PhotovoltaicArray,2024-10-19 13:15:00,97.75980377197266,391.0392150878906,543.0938978866104
E.K. Chalki,PhotovoltaicArray,2024-10-19 13:30:00,94.13278198242188,376.5311279296875,485.2232366363977
E.K. Chalki,PhotovoltaicArray,2024-10-19 13:45:00,67.49297332763672,269.9718933105469,427.35257538618515
E.K. Chalki,PhotovoltaicArray,2024-10-19 14:00:00,62.10194778442383,248.4077911376953,362.9757451196765
E.K. Chalki,PhotovoltaicArray,2024-10-19 14:15:00,53.78411102294922,215.13644409179688,298.59891485316786
E.K. Chalki,PhotovoltaicArray,2024-10-19 14:30:00,32.04850769042969,128.19403076171875,234.22208458665918
E.K. Chalki,PhotovoltaicArray,2024-10-19 14:45:00,22.878414154052734,91.51365661621094,169.8452543201505
E.K. Chalki,PhotovoltaicArray,2024-10-19 15:00:00,11.369240760803223,45.47696304321289,130.46581027414786
E.K. Chalki,PhotovoltaicArray,2024-10-19 15:15:00,0.0,0.0,91.08636622814524
E.K. Chalki,PhotovoltaicArray,2024-10-19 15:30:00,0.0,0.0,51.70692218214259
E.K. Chalki,PhotovoltaicArray,2024-10-19 15:45:00,0.0,0.0,12.327478136139957
E.K. Chalki,PhotovoltaicArray,2024-10-19 16:00:00,0.0,0.0,9.24560860210497
E.K. Chalki,PhotovoltaicArray,2024-10-19 16:15:00,0.0,0.0,6.163739068069979
E.K. Chalki,PhotovoltaicArray,2024-10-19 16:30:00,0.0,0.0,3.0818695340349893
E.K. Chalki,PhotovoltaicArray,2024-10-19 16:45:00,0.0,0.0,0.0
E.K. Chalki,PhotovoltaicArray,2024-10-19 17:00:00,0.0,0.0,0.0
E.K. Chalki,PhotovoltaicArray,2024-10-19 17:15:00,0.0,0.0,0.0
E.K. Chalki,PhotovoltaicArray,2024-10-19 17:30:00,0.0,0.0,0.0
E.K. Chalki,PhotovoltaicArray,2024-10-19 17:45:00,0.0,0.0,0.0
E.K. Chalki,PhotovoltaicArray,2024-10-19 18:00:00,0.0,0.0,0.0
E.K. Chalki,PhotovoltaicArray,2024-10-19 18:15:00,0.0,0.0,0.0
E.K. Chalki,PhotovoltaicArray,2024-10-19 18:30:00,0.0,0.0,0.0
E.K. Chalki,PhotovoltaicArray,2024-10-19 18:45:00,0.0,0.0,0.0
E.K. Chalki,PhotovoltaicArray,2024-10-19 19:00:00,0.0,0.0,0.0
E.K. Chalki,PhotovoltaicArray,2024-10-19 19:15:00,0.0,0.0,0.0
E.K. Chalki,PhotovoltaicArray,2024-10-19 19:30:00,0.0,0.0,0.0
E.K. Chalki,PhotovoltaicArray,2024-10-19 19:45:00,0.0,0.0,0.0
E.K. Chalki,PhotovoltaicArray,2024-10-19 20:00:00,0.0,0.0,0.0
E.K. Chalki,PhotovoltaicArray,2024-10-19 20:15:00,0.0,0.0,0.0
E.K. Chalki,PhotovoltaicArray,2024-10-19 20:30:00,0.0,0.0,0.0
E.K. Chalki,PhotovoltaicArray,2024-10-19 20:45:00,0.0,0.0,0.0
E.K. Chalki,PhotovoltaicArray,2024-10-19 21:00:00,0.0,0.0,0.0
E.K. Chalki,PhotovoltaicArray,2024-10-19 21:15:00,0.0,0.0,0.0
E.K. Chalki,PhotovoltaicArray,2024-10-19 21:30:00,0.0,0.0,0.0
E.K. Chalki,PhotovoltaicArray,2024-10-19 21:45:00,0.0,0.0,0.0
E.K. Chalki,PhotovoltaicArray,2024-10-19 22:00:00,0.0,0.0,0.0
E.K. Chalki,PhotovoltaicArray,2024-10-19 22:15:00,0.0,0.0,0.0
E.K. Chalki,PhotovoltaicArray,2024-10-19 22:30:00,0.0,0.0,0.0
E.K. Chalki,PhotovoltaicArray,2024-10-19 22:45:00,0.0,0.0,0.0
E.K. Chalki,PhotovoltaicArray,2024-10-19 23:00:00,0.0,0.0,0.0
E.K. Chalki,PhotovoltaicArray,2024-10-19 23:15:00,0.0,0.0,0.0
E.K. Chalki,PhotovoltaicArray,2024-10-19 23:30:00,0.0,0.0,0.0
E.K. Chalki,PhotovoltaicArray,2024-10-19 23:45:00,0.0,0.0,0.0
E.K. Chalki,PhotovoltaicArray,2024-10-20 00:00:00,0.0,0.0,0.0
E.K. Chalki,PhotovoltaicArray,2024-10-20 00:15:00,0.0,0.0,0.0
E.K. Chalki,PhotovoltaicArray,2024-10-20 00:30:00,0.0,0.0,0.0
E.K. Chalki,PhotovoltaicArray,2024-10-20 00:45:00,0.0,0.0,0.0
E.K. Chalki,PhotovoltaicArray,2024-10-20 01:00:00,0.0,0.0,0.0
E.K. Chalki,PhotovoltaicArray,2024-10-20 01:15:00,0.0,0.0,0.0
E.K. Chalki,PhotovoltaicArray,2024-10-20 01:30:00,0.0,0.0,0.0
E.K. Chalki,PhotovoltaicArray,2024-10-20 01:45:00,0.0,0.0,0.0
E.K. Chalki,PhotovoltaicArray,2024-10-20 02:00:00,0.0,0.0,0.0
E.K. Chalki,PhotovoltaicArray,2024-10-20 02:15:00,0.0,0.0,0.0
E.K. Chalki,PhotovoltaicArray,2024-10-20 02:30:00,0.0,0.0,0.0
E.K. Chalki,PhotovoltaicArray,2024-10-20 02:45:00,0.0,0.0,0.0
E.K. Chalki,PhotovoltaicArray,2024-10-20 03:00:00,0.0,0.0,0.0
E.K. Chalki,PhotovoltaicArray,2024-10-20 03:15:00,0.0,0.0,0.0
E.K. Chalki,PhotovoltaicArray,2024-10-20 03:30:00,0.0,0.0,0.0
E.K. Chalki,PhotovoltaicArray,2024-10-20 03:45:00,0.0,0.0,0.0
E.K. Chalki,PhotovoltaicArray,2024-10-20 04:00:00,0.0,0.0,4.126382375029974
E.K. Chalki,PhotovoltaicArray,2024-10-20 04:15:00,0.0,0.0,8.252764750059947
E.K. Chalki,PhotovoltaicArray,2024-10-20 04:30:00,0.0,0.0,12.379147125089922
E.K. Chalki,PhotovoltaicArray,2024-10-20 04:45:00,1.9747406244277954,7.898962497711182,16.505529500119895
E.K. Chalki,PhotovoltaicArray,2024-10-20 05:00:00,8.406964302062988,33.62785720825195,60.52027483377295
E.K. Chalki,PhotovoltaicArray,2024-10-20 05:15:00,16.927518844604492,67.71007537841797,104.53502016742601
E.K. Chalki,PhotovoltaicArray,2024-10-20 05:30:00,28.268516540527344,113.07406616210938,148.54976550107907
E.K. Chalki,PhotovoltaicArray,2024-10-20 05:45:00,33.35845947265625,133.433837890625,192.56451083473212
E.K. Chalki,PhotovoltaicArray,2024-10-20 06:00:00,43.12686538696289,172.50746154785156,249.64613368931342
E.K. Chalki,PhotovoltaicArray,2024-10-20 06:15:00,49.79627990722656,199.18511962890625,306.72775654389477
E.K. Chalki,PhotovoltaicArray,2024-10-20 06:30:00,56.393863677978516,225.57545471191406,363.8093793984761
E.K. Chalki,PhotovoltaicArray,2024-10-20 06:45:00,68.44318389892578,273.7727355957031,401.6345511695841
E.K. Chalki,PhotovoltaicArray,2024-10-20 07:00:00,65.68833923339844,262.75335693359375,462.154826003357
E.K. Chalki,PhotovoltaicArray,2024-10-20 07:15:00,82.9941635131836,331.9766540527344,522.67510083713
E.K. Chalki,PhotovoltaicArray,2024-10-20 07:30:00,93.50126647949219,374.00506591796875,583.195375670903
E.K. Chalki,PhotovoltaicArray,2024-10-20 07:45:00,134.2442626953125,536.97705078125,643.715650504676
E.K. Chalki,PhotovoltaicArray,2024-10-20 08:00:00,109.98129272460938,439.9251708984375,679.13376589035
E.K. Chalki,PhotovoltaicArray,2024-10-20 08:15:00,118.533935546875,474.1357421875,714.551881276024
E.K. Chalki,PhotovoltaicArray,2024-10-20 08:30:00,92.82569885253906,371.30279541015625,749.9699966616979
E.K. Chalki,PhotovoltaicArray,2024-10-20 08:45:00,158.21255493164062,632.8502197265625,785.3881120473718
E.K. Chalki,PhotovoltaicArray,2024-10-20 09:00:00,129.1981658935547,516.7926635742188,800.5181807558151
E.K. Chalki,PhotovoltaicArray,2024-10-20 09:15:00,121.58550262451172,486.3420104980469,815.6482494642582
E.K. Chalki,PhotovoltaicArray,2024-10-20 09:30:00,148.38937377929688,593.5574951171875,830.7783181727016
E.K. Chalki,PhotovoltaicArray,2024-10-20 09:45:00,150.6345672607422,602.5382690429688,845.9083868811447
E.K. Chalki,PhotovoltaicArray,2024-10-20 10:00:00,153.03387451171875,612.135498046875,804.9884283287641
E.K. Chalki,PhotovoltaicArray,2024-10-20 10:15:00,135.21676635742188,540.8670654296875,764.0684697763835
E.K. Chalki,PhotovoltaicArray,2024-10-20 10:30:00,99.37486267089844,397.49945068359375,723.1485112240028
E.K. Chalki,PhotovoltaicArray,2024-10-20 10:45:00,107.46623229980469,429.86492919921875,682.2285526716223
E.K. Chalki,PhotovoltaicArray,2024-10-20 11:00:00,122.29241180419922,489.1696472167969,713.8641508801853
E.K. Chalki,PhotovoltaicArray,2024-10-20 11:15:00,133.41128540039062,533.6451416015625,745.4997490887484
E.K. Chalki,PhotovoltaicArray,2024-10-20 11:30:00,139.7261962890625,558.90478515625,777.1353472973117
E.K. Chalki,PhotovoltaicArray,2024-10-20 11:45:00,132.52186584472656,530.0874633789062,808.7709455058748
E.K. Chalki,PhotovoltaicArray,2024-10-20 12:00:00,119.69326782226562,478.7730712890625,766.8193913597366
E.K. Chalki,PhotovoltaicArray,2024-10-20 12:15:00,128.68955993652344,514.7582397460938,724.8678372135986
E.K. Chalki,PhotovoltaicArray,2024-10-20 12:30:00,126.78814697265625,507.152587890625,682.9162830674605
E.K. Chalki,PhotovoltaicArray,2024-10-20 12:45:00,115.7161636352539,462.8646545410156,639.5892681296459
E.K. Chalki,PhotovoltaicArray,2024-10-20 13:00:00,110.92371368408203,443.6948547363281,583.195375670903
E.K. Chalki,PhotovoltaicArray,2024-10-20 13:15:00,103.01022338867188,412.0408935546875,526.8014832121601
E.K. Chalki,PhotovoltaicArray,2024-10-20 13:30:00,85.97840118408203,343.9136047363281,470.407590753417
E.K. Chalki,PhotovoltaicArray,2024-10-20 13:45:00,72.88327026367188,291.5330810546875,414.01369829467404
E.K. Chalki,PhotovoltaicArray,2024-10-20 14:00:00,62.10200500488281,248.40802001953125,352.4618278671436
E.K. Chalki,PhotovoltaicArray,2024-10-20 14:15:00,53.1419677734375,212.56787109375,290.90995743961315
E.K. Chalki,PhotovoltaicArray,2024-10-20 14:30:00,31.66452407836914,126.65809631347656,229.35808701208273
E.K. Chalki,PhotovoltaicArray,2024-10-20 14:45:00,19.83148765563965,79.3259506225586,167.80621658455226
E.K. Chalki,PhotovoltaicArray,2024-10-20 15:00:00,9.496331214904785,37.98532485961914,128.60558402176753
E.K. Chalki,PhotovoltaicArray,2024-10-20 15:15:00,0.0,0.0,89.40495145898277
E.K. Chalki,PhotovoltaicArray,2024-10-20 15:30:00,0.0,0.0,50.20431889619801
E.K. Chalki,PhotovoltaicArray,2024-10-20 15:45:00,0.0,0.0,11.003686333413263
E.K. Chalki,PhotovoltaicArray,2024-10-20 16:00:00,0.0,0.0,8.252764750059947
E.K. Chalki,PhotovoltaicArray,2024-10-20 16:15:00,0.0,0.0,5.501843166706632
E.K. Chalki,PhotovoltaicArray,2024-10-20 16:30:00,0.0,0.0,2.750921583353316
E.K. Chalki,PhotovoltaicArray,2024-10-20 16:45:00,0.0,0.0,0.0
E.K. Chalki,PhotovoltaicArray,2024-10-20 17:00:00,0.0,0.0,0.0
E.K. Chalki,PhotovoltaicArray,2024-10-20 17:15:00,0.0,0.0,0.0
E.K. Chalki,PhotovoltaicArray,2024-10-20 17:30:00,0.0,0.0,0.0
E.K. Chalki,PhotovoltaicArray,2024-10-20 17:45:00,0.0,0.0,0.0
E.K. Chalki,PhotovoltaicArray,2024-10-20 18:00:00,0.0,0.0,0.0
E.K. Chalki,PhotovoltaicArray,2024-10-20 18:15:00,0.0,0.0,0.0
E.K. Chalki,PhotovoltaicArray,2024-10-20 18:30:00,0.0,0.0,0.0
E.K. Chalki,PhotovoltaicArray,2024-10-20 18:45:00,0.0,0.0,0.0
E.K. Chalki,PhotovoltaicArray,2024-10-20 19:00:00,0.0,0.0,0.0
E.K. Chalki,PhotovoltaicArray,2024-10-20 19:15:00,0.0,0.0,0.0
E.K. Chalki,PhotovoltaicArray,2024-10-20 19:30:00,0.0,0.0,0.0
E.K. Chalki,PhotovoltaicArray,2024-10-20 19:45:00,0.0,0.0,0.0
E.K. Chalki,PhotovoltaicArray,2024-10-20 20:00:00,0.0,0.0,0.0
E.K. Chalki,PhotovoltaicArray,2024-10-20 20:15:00,0.0,0.0,0.0
E.K. Chalki,PhotovoltaicArray,2024-10-20 20:30:00,0.0,0.0,0.0
E.K. Chalki,PhotovoltaicArray,2024-10-20 20:45:00,0.0,0.0,0.0
E.K. Chalki,PhotovoltaicArray,2024-10-20 21:00:00,0.0,0.0,0.0
E.K. Chalki,PhotovoltaicArray,2024-10-20 21:15:00,0.0,0.0,0.0
E.K. Chalki,PhotovoltaicArray,2024-10-20 21:30:00,0.0,0.0,0.0
E.K. Chalki,PhotovoltaicArray,2024-10-20 21:45:00,0.0,0.0,0.0
E.K. Chalki,PhotovoltaicArray,2024-10-20 22:00:00,0.0,0.0,0.0
E.K. Chalki,PhotovoltaicArray,2024-10-20 22:15:00,0.0,0.0,0.0
E.K. Chalki,PhotovoltaicArray,2024-10-20 22:30:00,0.0,0.0,0.0
E.K. Chalki,PhotovoltaicArray,2024-10-20 22:45:00,0.0,0.0,0.0
E.K. Chalki,PhotovoltaicArray,2024-10-20 23:00:00,0.0,0.0,0.0
E.K. Chalki,PhotovoltaicArray,2024-10-20 23:15:00,0.0,0.0,0.0
E.K. Chalki,PhotovoltaicArray,2024-10-20 23:30:00,0.0,0.0,0.0
E.K. Chalki,PhotovoltaicArray,2024-10-20 23:45:00,0.0,0.0,0.0
E.K. Chalki,PhotovoltaicArray,2024-10-21 00:00:00,0.0,0.0,0.0
E.K. Chalki,PhotovoltaicArray,2024-10-21 00:15:00,0.0,0.0,0.0
E.K. Chalki,PhotovoltaicArray,2024-10-21 00:30:00,0.0,0.0,0.0
E.K. Chalki,PhotovoltaicArray,2024-10-21 00:45:00,0.0,0.0,0.0
E.K. Chalki,PhotovoltaicArray,2024-10-21 01:00:00,0.0,0.0,0.0
E.K. Chalki,PhotovoltaicArray,2024-10-21 01:15:00,0.0,0.0,0.0
E.K. Chalki,PhotovoltaicArray,2024-10-21 01:30:00,0.0,0.0,0.0
E.K. Chalki,PhotovoltaicArray,2024-10-21 01:45:00,0.0,0.0,0.0
E.K. Chalki,PhotovoltaicArray,2024-10-21 02:00:00,0.0,0.0,0.0
E.K. Chalki,PhotovoltaicArray,2024-10-21 02:15:00,0.0,0.0,0.0
E.K. Chalki,PhotovoltaicArray,2024-10-21 02:30:00,0.0,0.0,0.0
E.K. Chalki,PhotovoltaicArray,2024-10-21 02:45:00,0.0,0.0,0.0
E.K. Chalki,PhotovoltaicArray,2024-10-21 03:00:00,0.0,0.0,0.0
E.K. Chalki,PhotovoltaicArray,2024-10-21 03:15:00,0.0,0.0,0.0
E.K. Chalki,PhotovoltaicArray,2024-10-21 03:30:00,0.0,0.0,0.0
E.K. Chalki,PhotovoltaicArray,2024-10-21 03:45:00,0.0,0.0,0.0
E.K. Chalki,PhotovoltaicArray,2024-10-21 04:00:00,0.0,0.0,4.834277978884158
E.K. Chalki,PhotovoltaicArray,2024-10-21 04:15:00,0.0,0.0,9.668555957768316
E.K. Chalki,PhotovoltaicArray,2024-10-21 04:30:00,0.0,0.0,14.50283393665247
E.K. Chalki,PhotovoltaicArray,2024-10-21 04:45:00,1.6686207056045532,6.674482822418213,19.33711191553663
E.K. Chalki,PhotovoltaicArray,2024-10-21 05:00:00,8.060794830322266,32.24317932128906,65.60805828485643
E.K. Chalki,PhotovoltaicArray,2024-10-21 05:15:00,15.569368362426758,62.27747344970703,111.87900465417621
E.K. Chalki,PhotovoltaicArray,2024-10-21 05:30:00,28.375913619995117,113.50365447998047,158.149951023496
E.K. Chalki,PhotovoltaicArray,2024-10-21 05:45:00,47.788612365722656,191.15444946289062,204.4208973928158
E.K. Chalki,PhotovoltaicArray,2024-10-21 06:00:00,59.850223541259766,239.40089416503906,268.99303896791133
E.K. Chalki,PhotovoltaicArray,2024-10-21 06:15:00,78.55502319335938,314.2200927734375,333.5651805430069
E.K. Chalki,PhotovoltaicArray,2024-10-21 06:30:00,89.50083923339844,358.00335693359375,398.13732211810236
E.K. Chalki,PhotovoltaicArray,2024-10-21 06:45:00,101.24848937988281,404.99395751953125,464.09068597287904
E.K. Chalki,PhotovoltaicArray,2024-10-21 07:00:00,124.92837524414062,499.7135009765625,521.4114105796484
E.K. Chalki,PhotovoltaicArray,2024-10-21 07:15:00,123.0662841796875,492.26513671875,578.7321351864177
E.K. Chalki,PhotovoltaicArray,2024-10-21 07:30:00,136.83175659179688,547.3270263671875,636.0528597931869
E.K. Chalki,PhotovoltaicArray,2024-10-21 07:45:00,129.9182891845703,519.6731567382812,693.3735843999563
E.K. Chalki,PhotovoltaicArray,2024-10-21 08:00:00,144.27154541015625,577.086181640625,734.1196416505513
E.K. Chalki,PhotovoltaicArray,2024-10-21 08:15:00,158.991943359375,635.9677734375,774.8656989011464
E.K. Chalki,PhotovoltaicArray,2024-10-21 08:30:00,160.4981231689453,641.9924926757812,815.6117561517415
E.K. Chalki,PhotovoltaicArray,2024-10-21 08:45:00,172.5596160888672,690.2384643554688,856.3578134023364
E.K. Chalki,PhotovoltaicArray,2024-10-21 09:00:00,175.02493286132812,700.0997314453125,876.730842027634
E.K. Chalki,PhotovoltaicArray,2024-10-21 09:15:00,166.12240600585938,664.4896240234375,897.1038706529315
E.K. Chalki,PhotovoltaicArray,2024-10-21 09:30:00,176.27947998046875,705.117919921875,917.4768992782292
E.K. Chalki,PhotovoltaicArray,2024-10-21 09:45:00,173.72744750976562,694.9097900390625,937.8499279035267
E.K. Chalki,PhotovoltaicArray,2024-10-21 10:00:00,173.72744750976562,694.9097900390625,936.1234000539251
E.K. Chalki,PhotovoltaicArray,2024-10-21 10:15:00,177.2502899169922,709.0011596679688,934.3968722043236
E.K. Chalki,PhotovoltaicArray,2024-10-21 10:30:00,174.7273712158203,698.9094848632812,932.670344354722
E.K. Chalki,PhotovoltaicArray,2024-10-21 10:45:00,184.99301147460938,739.9720458984375,930.9438165051206
E.K. Chalki,PhotovoltaicArray,2024-10-21 11:00:00,177.14144897460938,708.5657958984375,907.8083433204607
E.K. Chalki,PhotovoltaicArray,2024-10-21 11:15:00,166.6855010986328,666.7420043945312,884.6728701358008
E.K. Chalki,PhotovoltaicArray,2024-10-21 11:30:00,159.98699951171875,639.947998046875,861.5373969511409
E.K. Chalki,PhotovoltaicArray,2024-10-21 11:45:00,154.81639099121094,619.2655639648438,838.401923766481
E.K. Chalki,PhotovoltaicArray,2024-10-21 12:00:00,138.44029235839844,553.7611694335938,794.5481163866034
E.K. Chalki,PhotovoltaicArray,2024-10-21 12:15:00,141.13319396972656,564.5327758789062,750.6943090067256
E.K. Chalki,PhotovoltaicArray,2024-10-21 12:30:00,130.44444274902344,521.7777709960938,706.8405016268479
E.K. Chalki,PhotovoltaicArray,2024-10-21 12:45:00,100.81426239013672,403.2570495605469,660.2242496876077
E.K. Chalki,PhotovoltaicArray,2024-10-21 13:00:00,117.57244873046875,470.289794921875,601.5223028011573
E.K. Chalki,PhotovoltaicArray,2024-10-21 13:15:00,97.75980377197266,391.0392150878906,542.8203559147067
E.K. Chalki,PhotovoltaicArray,2024-10-21 13:30:00,94.13278198242188,376.5311279296875,484.11840902825634
E.K. Chalki,PhotovoltaicArray,2024-10-21 13:45:00,67.49297332763672,269.9718933105469,425.4164621418058
E.K. Chalki,PhotovoltaicArray,2024-10-21 14:00:00,61.27094268798828,245.08377075195312,361.8802372764712
E.K. Chalki,PhotovoltaicArray,2024-10-21 14:15:00,49.15040969848633,196.6016387939453,298.3440124111366
E.K. Chalki,PhotovoltaicArray,2024-10-21 14:30:00,32.04850769042969,128.19403076171875,234.80778754580194
E.K. Chalki,PhotovoltaicArray,2024-10-21 14:45:00,19.83148765563965,79.3259506225586,171.27156268046727
E.K. Chalki,PhotovoltaicArray,2024-10-21 15:00:00,9.724295616149902,38.89718246459961,130.87081099979252
E.K. Chalki,PhotovoltaicArray,2024-10-21 15:15:00,0.0,0.0,90.4700593191178
E.K. Chalki,PhotovoltaicArray,2024-10-21 15:30:00,0.0,0.0,50.06930763844306
E.K. Chalki,PhotovoltaicArray,2024-10-21 15:45:00,0.0,0.0,9.668555957768316
E.K. Chalki,PhotovoltaicArray,2024-10-21 16:00:00,0.0,0.0,7.251416968326235
E.K. Chalki,PhotovoltaicArray,2024-10-21 16:15:00,0.0,0.0,4.834277978884158
E.K. Chalki,PhotovoltaicArray,2024-10-21 16:30:00,0.0,0.0,2.417138989442079
E.K. Chalki,PhotovoltaicArray,2024-10-21 16:45:00,0.0,0.0,0.0
E.K. Chalki,PhotovoltaicArray,2024-10-21 17:00:00,0.0,0.0,0.0
E.K. Chalki,PhotovoltaicArray,2024-10-21 17:15:00,0.0,0.0,0.0
E.K. Chalki,PhotovoltaicArray,2024-10-21 17:30:00,0.0,0.0,0.0
E.K. Chalki,PhotovoltaicArray,2024-10-21 17:45:00,0.0,0.0,0.0
E.K. Chalki,PhotovoltaicArray,2024-10-21 18:00:00,0.0,0.0,0.0
E.K. Chalki,PhotovoltaicArray,2024-10-21 18:15:00,0.0,0.0,0.0
E.K. Chalki,PhotovoltaicArray,2024-10-21 18:30:00,0.0,0.0,0.0
E.K. Chalki,PhotovoltaicArray,2024-10-21 18:45:00,0.0,0.0,0.0
E.K. Chalki,PhotovoltaicArray,2024-10-21 19:00:00,0.0,0.0,0.0
E.K. Chalki,PhotovoltaicArray,2024-10-21 19:15:00,0.0,0.0,0.0
E.K. Chalki,PhotovoltaicArray,2024-10-21 19:30:00,0.0,0.0,0.0
E.K. Chalki,PhotovoltaicArray,2024-10-21 19:45:00,0.0,0.0,0.0
E.K. Chalki,PhotovoltaicArray,2024-10-21 20:00:00,0.0,0.0,0.0
E.K. Chalki,PhotovoltaicArray,2024-10-21 20:15:00,0.0,0.0,0.0
E.K. Chalki,PhotovoltaicArray,2024-10-21 20:30:00,0.0,0.0,0.0
E.K. Chalki,PhotovoltaicArray,2024-10-21 20:45:00,0.0,0.0,0.0
E.K. Chalki,PhotovoltaicArray,2024-10-21 21:00:00,0.0,0.0,0.0
E.K. Chalki,PhotovoltaicArray,2024-10-21 21:15:00,0.0,0.0,0.0
E.K. Chalki,PhotovoltaicArray,2024-10-21 21:30:00,0.0,0.0,0.0
E.K. Chalki,PhotovoltaicArray,2024-10-21 21:45:00,0.0,0.0,0.0
E.K. Chalki,PhotovoltaicArray,2024-10-21 22:00:00,0.0,0.0,0.0
E.K. Chalki,PhotovoltaicArray,2024-10-21 22:15:00,0.0,0.0,0.0
E.K. Chalki,PhotovoltaicArray,2024-10-21 22:30:00,0.0,0.0,0.0
E.K. Chalki,PhotovoltaicArray,2024-10-21 22:45:00,0.0,0.0,0.0
E.K. Chalki,PhotovoltaicArray,2024-10-21 23:00:00,0.0,0.0,0.0
E.K. Chalki,PhotovoltaicArray,2024-10-21 23:15:00,0.0,0.0,0.0
E.K. Chalki,PhotovoltaicArray,2024-10-21 23:30:00,0.0,0.0,0.0
E.K. Chalki,PhotovoltaicArray,2024-10-21 23:45:00,0.0,0.0,0.0
E.K. Chalki,PhotovoltaicArray,2024-10-22 00:00:00,0.0,0.0,0.0
E.K. Chalki,PhotovoltaicArray,2024-10-22 00:15:00,0.0,0.0,0.0
E.K. Chalki,PhotovoltaicArray,2024-10-22 00:30:00,0.0,0.0,0.0
E.K. Chalki,PhotovoltaicArray,2024-10-22 00:45:00,0.0,0.0,0.0
E.K. Chalki,PhotovoltaicArray,2024-10-22 01:00:00,0.0,0.0,0.0
E.K. Chalki,PhotovoltaicArray,2024-10-22 01:15:00,0.0,0.0,0.0
E.K. Chalki,PhotovoltaicArray,2024-10-22 01:30:00,0.0,0.0,0.0
E.K. Chalki,PhotovoltaicArray,2024-10-22 01:45:00,0.0,0.0,0.0
E.K. Chalki,PhotovoltaicArray,2024-10-22 02:00:00,0.0,0.0,0.0
E.K. Chalki,PhotovoltaicArray,2024-10-22 02:15:00,0.0,0.0,0.0
E.K. Chalki,PhotovoltaicArray,2024-10-22 02:30:00,0.0,0.0,0.0
E.K. Chalki,PhotovoltaicArray,2024-10-22 02:45:00,0.0,0.0,0.0
E.K. Chalki,PhotovoltaicArray,2024-10-22 03:00:00,0.0,0.0,0.0
E.K. Chalki,PhotovoltaicArray,2024-10-22 03:15:00,0.0,0.0,0.0
E.K. Chalki,PhotovoltaicArray,2024-10-22 03:30:00,0.0,0.0,0.0
E.K. Chalki,PhotovoltaicArray,2024-10-22 03:45:00,0.0,0.0,0.0
E.K. Chalki,PhotovoltaicArray,2024-10-22 04:00:00,0.0,0.0,4.507757078508608
E.K. Chalki,PhotovoltaicArray,2024-10-22 04:15:00,0.0,0.0,9.015514157017217
E.K. Chalki,PhotovoltaicArray,2024-10-22 04:30:00,0.0,0.0,13.523271235525824
E.K. Chalki,PhotovoltaicArray,2024-10-22 04:45:00,0.9324065446853638,3.729626178741455,18.031028314034433
E.K. Chalki,PhotovoltaicArray,2024-10-22 05:00:00,6.124783992767334,24.499135971069336,63.1085990991205
E.K. Chalki,PhotovoltaicArray,2024-10-22 05:15:00,16.13370132446289,64.53480529785156,108.18616988420658
E.K. Chalki,PhotovoltaicArray,2024-10-22 05:30:00,28.771963119506836,115.08785247802734,153.26374066929262
E.K. Chalki,PhotovoltaicArray,2024-10-22 05:45:00,44.80642318725586,179.22569274902344,198.3413114543787
E.K. Chalki,PhotovoltaicArray,2024-10-22 06:00:00,59.62260437011719,238.49041748046875,261.44991055349914
E.K. Chalki,PhotovoltaicArray,2024-10-22 06:15:00,72.10747528076172,288.4299011230469,324.55850965261965
E.K. Chalki,PhotovoltaicArray,2024-10-22 06:30:00,83.00818634033203,332.0327453613281,387.66710875174016
E.K. Chalki,PhotovoltaicArray,2024-10-22 06:45:00,104.80339050292969,419.21356201171875,452.16271002886344
E.K. Chalki,PhotovoltaicArray,2024-10-22 07:00:00,110.64168548583984,442.5667419433594,508.68304878247136
E.K. Chalki,PhotovoltaicArray,2024-10-22 07:15:00,115.10514831542969,460.42059326171875,565.2033875360793
E.K. Chalki,PhotovoltaicArray,2024-10-22 07:30:00,130.81298828125,523.251953125,621.7237262896872
E.K. Chalki,PhotovoltaicArray,2024-10-22 07:45:00,145.0218505859375,580.08740234375,678.2440650432951
E.K. Chalki,PhotovoltaicArray,2024-10-22 08:00:00,143.24606323242188,572.9842529296875,719.1606292943733
E.K. Chalki,PhotovoltaicArray,2024-10-22 08:15:00,137.9567413330078,551.8269653320312,760.0771935454515
E.K. Chalki,PhotovoltaicArray,2024-10-22 08:30:00,159.6907958984375,638.76318359375,800.9937577965296
E.K. Chalki,PhotovoltaicArray,2024-10-22 08:45:00,177.2436981201172,708.9747924804688,841.9103220476077
E.K. Chalki,PhotovoltaicArray,2024-10-22 09:00:00,173.19932556152344,692.7973022460938,862.3686041731467
E.K. Chalki,PhotovoltaicArray,2024-10-22 09:15:00,167.74398803710938,670.9759521484375,882.8268862986858
E.K. Chalki,PhotovoltaicArray,2024-10-22 09:30:00,173.96954345703125,695.878173828125,903.2851684242248
E.K. Chalki,PhotovoltaicArray,2024-10-22 09:45:00,157.2994842529297,629.1979370117188,923.7434505497638
E.K. Chalki,PhotovoltaicArray,2024-10-22 10:00:00,157.2994842529297,629.1979370117188,923.0499494607627
E.K. Chalki,PhotovoltaicArray,2024-10-22 10:15:00,128.80868530273438,515.2347412109375,922.3564483717613
E.K. Chalki,PhotovoltaicArray,2024-10-22 10:30:00,131.381591796875,525.5263671875,921.66294728276
E.K. Chalki,PhotovoltaicArray,2024-10-22 10:45:00,145.29966735839844,581.1986694335938,920.9694461937586
E.K. Chalki,PhotovoltaicArray,2024-10-22 11:00:00,172.3528289794922,689.4113159179688,898.083910256715
E.K. Chalki,PhotovoltaicArray,2024-10-22 11:15:00,159.49368286132812,637.9747314453125,875.1983743196712
E.K. Chalki,PhotovoltaicArray,2024-10-22 11:30:00,149.2708282470703,597.0833129882812,852.3128383826274
E.K. Chalki,PhotovoltaicArray,2024-10-22 11:45:00,146.0945281982422,584.3781127929688,829.4273024455838
E.K. Chalki,PhotovoltaicArray,2024-10-22 12:00:00,136.2335205078125,544.93408203125,786.0834843830011
E.K. Chalki,PhotovoltaicArray,2024-10-22 12:15:00,147.55506896972656,590.2202758789062,742.7396663204182
E.K. Chalki,PhotovoltaicArray,2024-10-22 12:30:00,127.26087188720703,509.0434875488281,699.3958482578355
E.K. Chalki,PhotovoltaicArray,2024-10-22 12:45:00,131.77122497558594,527.0848999023438,656.0520301952527
E.K. Chalki,PhotovoltaicArray,2024-10-22 13:00:00,118.15313720703125,472.612548828125,597.4511881746407
E.K. Chalki,PhotovoltaicArray,2024-10-22 13:15:00,79.94959259033203,319.7983703613281,538.8503461540289
E.K. Chalki,PhotovoltaicArray,2024-10-22 13:30:00,91.83672332763672,367.3468933105469,480.249504133417
E.K. Chalki,PhotovoltaicArray,2024-10-22 13:45:00,69.23826599121094,276.95306396484375,421.64866211280514
E.K. Chalki,PhotovoltaicArray,2024-10-22 14:00:00,60.4029541015625,241.61181640625,358.193312469184
E.K. Chalki,PhotovoltaicArray,2024-10-22 14:15:00,48.046810150146484,192.18724060058594,294.7379628255628
E.K. Chalki,PhotovoltaicArray,2024-10-22 14:30:00,29.96014976501465,119.8405990600586,231.28261318194163
E.K. Chalki,PhotovoltaicArray,2024-10-22 14:45:00,18.083293914794922,72.33317565917969,167.82726353832047
E.K. Chalki,PhotovoltaicArray,2024-10-22 15:00:00,8.041071891784668,32.16428756713867,128.29770146524498
E.K. Chalki,PhotovoltaicArray,2024-10-22 15:15:00,0.0,0.0,88.7681393921695
E.K. Chalki,PhotovoltaicArray,2024-10-22 15:30:00,0.0,0.0,49.23857731909403
E.K. Chalki,PhotovoltaicArray,2024-10-22 15:45:00,0.0,0.0,9.70901524601854
E.K. Chalki,PhotovoltaicArray,2024-10-22 16:00:00,0.0,0.0,7.281761434513905
E.K. Chalki,PhotovoltaicArray,2024-10-22 16:15:00,0.0,0.0,4.85450762300927
E.K. Chalki,PhotovoltaicArray,2024-10-22 16:30:00,0.0,0.0,2.427253811504635
E.K. Chalki,PhotovoltaicArray,2024-10-22 16:45:00,0.0,0.0,0.0
E.K. Chalki,PhotovoltaicArray,2024-10-22 17:00:00,0.0,0.0,0.0
E.K. Chalki,PhotovoltaicArray,2024-10-22 17:15:00,0.0,0.0,0.0
E.K. Chalki,PhotovoltaicArray,2024-10-22 17:30:00,0.0,0.0,0.0
E.K. Chalki,PhotovoltaicArray,2024-10-22 17:45:00,0.0,0.0,0.0
E.K. Chalki,PhotovoltaicArray,2024-10-22 18:00:00,0.0,0.0,0.0
E.K. Chalki,PhotovoltaicArray,2024-10-22 18:15:00,0.0,0.0,0.0
E.K. Chalki,PhotovoltaicArray,2024-10-22 18:30:00,0.0,0.0,0.0
E.K. Chalki,PhotovoltaicArray,2024-10-22 18:45:00,0.0,0.0,0.0
E.K. Chalki,PhotovoltaicArray,2024-10-22 19:00:00,0.0,0.0,0.0
E.K. Chalki,PhotovoltaicArray,2024-10-22 19:15:00,0.0,0.0,0.0
E.K. Chalki,PhotovoltaicArray,2024-10-22 19:30:00,0.0,0.0,0.0
E.K. Chalki,PhotovoltaicArray,2024-10-22 19:45:00,0.0,0.0,0.0
E.K. Chalki,PhotovoltaicArray,2024-10-22 20:00:00,0.0,0.0,0.0
E.K. Chalki,PhotovoltaicArray,2024-10-22 20:15:00,0.0,0.0,0.0
E.K. Chalki,PhotovoltaicArray,2024-10-22 20:30:00,0.0,0.0,0.0
E.K. Chalki,PhotovoltaicArray,2024-10-22 20:45:00,0.0,0.0,0.0
E.K. Chalki,PhotovoltaicArray,2024-10-22 21:00:00,0.0,0.0,0.0
E.K. Chalki,PhotovoltaicArray,2024-10-22 21:15:00,0.0,0.0,0.0
E.K. Chalki,PhotovoltaicArray,2024-10-22 21:30:00,0.0,0.0,0.0
E.K. Chalki,PhotovoltaicArray,2024-10-22 21:45:00,0.0,0.0,0.0
E.K. Chalki,PhotovoltaicArray,2024-10-22 22:00:00,0.0,0.0,0.0
E.K. Chalki,PhotovoltaicArray,2024-10-22 22:15:00,0.0,0.0,0.0
E.K. Chalki,PhotovoltaicArray,2024-10-22 22:30:00,0.0,0.0,0.0
E.K. Chalki,PhotovoltaicArray,2024-10-22 22:45:00,0.0,0.0,0.0
E.K. Chalki,PhotovoltaicArray,2024-10-22 23:00:00,0.0,0.0,0.0
E.K. Chalki,PhotovoltaicArray,2024-10-22 23:15:00,0.0,0.0,0.0
E.K. Chalki,PhotovoltaicArray,2024-10-22 23:30:00,0.0,0.0,0.0
E.K. Chalki,PhotovoltaicArray,2024-10-22 23:45:00,0.0,0.0,0.0
E.K. Chalki,PhotovoltaicArray,2024-10-23 00:00:00,0.0,0.0,0.0
E.K. Chalki,PhotovoltaicArray,2024-10-23 00:15:00,0.0,0.0,0.0
E.K. Chalki,PhotovoltaicArray,2024-10-23 00:30:00,0.0,0.0,0.0
E.K. Chalki,PhotovoltaicArray,2024-10-23 00:45:00,0.0,0.0,0.0
E.K. Chalki,PhotovoltaicArray,2024-10-23 01:00:00,0.0,0.0,0.0
E.K. Chalki,PhotovoltaicArray,2024-10-23 01:15:00,0.0,0.0,0.0
E.K. Chalki,PhotovoltaicArray,2024-10-23 01:30:00,0.0,0.0,0.0
E.K. Chalki,PhotovoltaicArray,2024-10-23 01:45:00,0.0,0.0,0.0
E.K. Chalki,PhotovoltaicArray,2024-10-23 02:00:00,0.0,0.0,0.0
E.K. Chalki,PhotovoltaicArray,2024-10-23 02:15:00,0.0,0.0,0.0
E.K. Chalki,PhotovoltaicArray,2024-10-23 02:30:00,0.0,0.0,0.0
E.K. Chalki,PhotovoltaicArray,2024-10-23 02:45:00,0.0,0.0,0.0
E.K. Chalki,PhotovoltaicArray,2024-10-23 03:00:00,0.0,0.0,0.0
E.K. Chalki,PhotovoltaicArray,2024-10-23 03:15:00,0.0,0.0,0.0
E.K. Chalki,PhotovoltaicArray,2024-10-23 03:30:00,0.0,0.0,0.0
E.K. Chalki,PhotovoltaicArray,2024-10-23 03:45:00,0.0,0.0,0.0
E.K. Chalki,PhotovoltaicArray,2024-10-23 04:00:00,0.0,0.0,4.178394896142862
E.K. Chalki,PhotovoltaicArray,2024-10-23 04:15:00,0.0,0.0,8.356789792285724
E.K. Chalki,PhotovoltaicArray,2024-10-23 04:30:00,0.0,0.0,12.535184688428588
E.K. Chalki,PhotovoltaicArray,2024-10-23 04:45:00,0.8999031782150269,3.5996127128601074,16.71357958457145
E.K. Chalki,PhotovoltaicArray,2024-10-23 05:00:00,6.124783992767334,24.499135971069336,60.5867259940715
E.K. Chalki,PhotovoltaicArray,2024-10-23 05:15:00,14.686650276184082,58.74660110473633,104.45987240357157
E.K. Chalki,PhotovoltaicArray,2024-10-23 05:30:00,28.08852767944336,112.35411071777344,148.33301881307162
E.K. Chalki,PhotovoltaicArray,2024-10-23 05:45:00,43.693870544433594,174.77548217773438,192.20616522257166
E.K. Chalki,PhotovoltaicArray,2024-10-23 06:00:00,55.086116790771484,220.34446716308594,255.23028823939316
E.K. Chalki,PhotovoltaicArray,2024-10-23 06:15:00,67.48462677001953,269.9385070800781,318.2544112562147
E.K. Chalki,PhotovoltaicArray,2024-10-23 06:30:00,73.72845458984375,294.913818359375,381.27853427303626
E.K. Chalki,PhotovoltaicArray,2024-10-23 06:45:00,96.58600616455078,386.3440246582031,445.69545558857203
E.K. Chalki,PhotovoltaicArray,2024-10-23 07:00:00,115.78700256347656,463.14801025390625,502.45198626117923
E.K. Chalki,PhotovoltaicArray,2024-10-23 07:15:00,109.66268157958984,438.6507263183594,559.2085169337864
E.K. Chalki,PhotovoltaicArray,2024-10-23 07:30:00,129.5659942626953,518.2639770507812,615.9650476063937
E.K. Chalki,PhotovoltaicArray,2024-10-23 07:45:00,133.95452880859375,535.818115234375,672.7215782790008
E.K. Chalki,PhotovoltaicArray,2024-10-23 08:00:00,141.820068359375,567.2802734375,713.4609285163938
E.K. Chalki,PhotovoltaicArray,2024-10-23 08:15:00,149.9850311279297,599.9401245117188,754.2002787537866
E.K. Chalki,PhotovoltaicArray,2024-10-23 08:30:00,150.31549072265625,601.261962890625,794.9396289911797
E.K. Chalki,PhotovoltaicArray,2024-10-23 08:45:00,167.37869262695312,669.5147705078125,835.6789792285726
E.K. Chalki,PhotovoltaicArray,2024-10-23 09:00:00,172.3008270263672,689.2033081054688,856.2227541346084
E.K. Chalki,PhotovoltaicArray,2024-10-23 09:15:00,172.871337890625,691.4853515625,876.7665290406441
E.K. Chalki,PhotovoltaicArray,2024-10-23 09:30:00,166.19554138183594,664.7821655273438,897.3103039466797
E.K. Chalki,PhotovoltaicArray,2024-10-23 09:45:00,171.1769561767578,684.7078247070312,917.8540788527156
E.K. Chalki,PhotovoltaicArray,2024-10-23 10:00:00,171.1769561767578,684.7078247070312,916.1130809793227
E.K. Chalki,PhotovoltaicArray,2024-10-23 10:15:00,160.95156860351562,643.8062744140625,914.3720831059297
E.K. Chalki,PhotovoltaicArray,2024-10-23 10:30:00,164.07005310058594,656.2802124023438,912.6310852325369
E.K. Chalki,PhotovoltaicArray,2024-10-23 10:45:00,163.912841796875,655.6513671875,910.890087359144
E.K. Chalki,PhotovoltaicArray,2024-10-23 11:00:00,166.7515411376953,667.0061645507812,887.2125162810012
E.K. Chalki,PhotovoltaicArray,2024-10-23 11:15:00,161.1240997314453,644.4963989257812,863.5349452028582
E.K. Chalki,PhotovoltaicArray,2024-10-23 11:30:00,153.83700561523438,615.3480224609375,839.8573741247154
E.K. Chalki,PhotovoltaicArray,2024-10-23 11:45:00,146.26344299316406,585.0537719726562,816.1798030465724
E.K. Chalki,PhotovoltaicArray,2024-10-23 12:00:00,138.98001098632812,555.9200439453125,773.0030557864295
E.K. Chalki,PhotovoltaicArray,2024-10-23 12:15:00,147.1552734375,588.62109375,729.8263085262867
E.K. Chalki,PhotovoltaicArray,2024-10-23 12:30:00,125.77579498291016,503.1031799316406,686.6495612661437
E.K. Chalki,PhotovoltaicArray,2024-10-23 12:45:00,130.15753173828125,520.630126953125,644.8656123047152
E.K. Chalki,PhotovoltaicArray,2024-10-23 13:00:00,112.48302459716797,449.9320983886719,587.0644829080723
E.K. Chalki,PhotovoltaicArray,2024-10-23 13:15:00,103.01022338867188,412.0408935546875,529.2633535114293
E.K. Chalki,PhotovoltaicArray,2024-10-23 13:30:00,85.97840118408203,343.9136047363281,471.4622241147864
E.K. Chalki,PhotovoltaicArray,2024-10-23 13:45:00,62.596099853515625,250.3843994140625,413.66109471814343
E.K. Chalki,PhotovoltaicArray,2024-10-23 14:00:00,62.49523162841797,249.98092651367188,350.63697170132195
E.K. Chalki,PhotovoltaicArray,2024-10-23 14:15:00,47.61246109008789,190.44984436035156,287.6128486845004
E.K. Chalki,PhotovoltaicArray,2024-10-23 14:30:00,33.98768615722656,135.95074462890625,224.58872566767886
E.K. Chalki,PhotovoltaicArray,2024-10-23 14:45:00,21.59855079650879,86.39420318603516,161.56460265085735
E.K. Chalki,PhotovoltaicArray,2024-10-23 15:00:00,8.041071891784668,32.16428756713867,123.26264943621443
E.K. Chalki,PhotovoltaicArray,2024-10-23 15:15:00,0.0,0.0,84.96069622157152
E.K. Chalki,PhotovoltaicArray,2024-10-23 15:30:00,0.0,0.0,46.65874300692863
E.K. Chalki,PhotovoltaicArray,2024-10-23 15:45:00,0.0,0.0,8.356789792285724
E.K. Chalki,PhotovoltaicArray,2024-10-23 16:00:00,0.0,0.0,6.267592344214294
E.K. Chalki,PhotovoltaicArray,2024-10-23 16:15:00,0.0,0.0,4.178394896142862
E.K. Chalki,PhotovoltaicArray,2024-10-23 16:30:00,0.0,0.0,2.089197448071431
E.K. Chalki,PhotovoltaicArray,2024-10-23 16:45:00,0.0,0.0,0.0
E.K. Chalki,PhotovoltaicArray,2024-10-23 17:00:00,0.0,0.0,0.0
E.K. Chalki,PhotovoltaicArray,2024-10-23 17:15:00,0.0,0.0,0.0
E.K. Chalki,PhotovoltaicArray,2024-10-23 17:30:00,0.0,0.0,0.0
E.K. Chalki,PhotovoltaicArray,2024-10-23 17:45:00,0.0,0.0,0.0
E.K. Chalki,PhotovoltaicArray,2024-10-23 18:00:00,0.0,0.0,0.0
E.K. Chalki,PhotovoltaicArray,2024-10-23 18:15:00,0.0,0.0,0.0
E.K. Chalki,PhotovoltaicArray,2024-10-23 18:30:00,0.0,0.0,0.0
E.K. Chalki,PhotovoltaicArray,2024-10-23 18:45:00,0.0,0.0,0.0
E.K. Chalki,PhotovoltaicArray,2024-10-23 19:00:00,0.0,0.0,0.0
E.K. Chalki,PhotovoltaicArray,2024-10-23 19:15:00,0.0,0.0,0.0
E.K. Chalki,PhotovoltaicArray,2024-10-23 19:30:00,0.0,0.0,0.0
E.K. Chalki,PhotovoltaicArray,2024-10-23 19:45:00,0.0,0.0,0.0
E.K. Chalki,PhotovoltaicArray,2024-10-23 20:00:00,0.0,0.0,0.0
E.K. Chalki,PhotovoltaicArray,2024-10-23 20:15:00,0.0,0.0,0.0
E.K. Chalki,PhotovoltaicArray,2024-10-23 20:30:00,0.0,0.0,0.0
E.K. Chalki,PhotovoltaicArray,2024-10-23 20:45:00,0.0,0.0,0.0
E.K. Chalki,PhotovoltaicArray,2024-10-23 21:00:00,0.0,0.0,0.0
E.K. Chalki,PhotovoltaicArray,2024-10-23 21:15:00,0.0,0.0,0.0
E.K. Chalki,PhotovoltaicArray,2024-10-23 21:30:00,0.0,0.0,0.0
E.K. Chalki,PhotovoltaicArray,2024-10-23 21:45:00,0.0,0.0,0.0
E.K. Chalki,PhotovoltaicArray,2024-10-23 22:00:00,0.0,0.0,0.0
E.K. Chalki,PhotovoltaicArray,2024-10-23 22:15:00,0.0,0.0,0.0
E.K. Chalki,PhotovoltaicArray,2024-10-23 22:30:00,0.0,0.0,0.0
E.K. Chalki,PhotovoltaicArray,2024-10-23 22:45:00,0.0,0.0,0.0
E.K. Chalki,PhotovoltaicArray,2024-10-23 23:00:00,0.0,0.0,0.0
E.K. Chalki,PhotovoltaicArray,2024-10-23 23:15:00,0.0,0.0,0.0
E.K. Chalki,PhotovoltaicArray,2024-10-23 23:30:00,0.0,0.0,0.0
E.K. Chalki,PhotovoltaicArray,2024-10-23 23:45:00,0.0,0.0,0.0
E.K. Chalki,PhotovoltaicArray,2024-10-24 00:00:00,0.0,0.0,0.0
E.K. Chalki,PhotovoltaicArray,2024-10-24 00:15:00,0.0,0.0,0.0
E.K. Chalki,PhotovoltaicArray,2024-10-24 00:30:00,0.0,0.0,0.0
E.K. Chalki,PhotovoltaicArray,2024-10-24 00:45:00,0.0,0.0,0.0
E.K. Chalki,PhotovoltaicArray,2024-10-24 01:00:00,0.0,0.0,0.0
E.K. Chalki,PhotovoltaicArray,2024-10-24 01:15:00,0.0,0.0,0.0
E.K. Chalki,PhotovoltaicArray,2024-10-24 01:30:00,0.0,0.0,0.0
E.K. Chalki,PhotovoltaicArray,2024-10-24 01:45:00,0.0,0.0,0.0
E.K. Chalki,PhotovoltaicArray,2024-10-24 02:00:00,0.0,0.0,0.0
E.K. Chalki,PhotovoltaicArray,2024-10-24 02:15:00,0.0,0.0,0.0
E.K. Chalki,PhotovoltaicArray,2024-10-24 02:30:00,0.0,0.0,0.0
E.K. Chalki,PhotovoltaicArray,2024-10-24 02:45:00,0.0,0.0,0.0
E.K. Chalki,PhotovoltaicArray,2024-10-24 03:00:00,0.0,0.0,0.0
E.K. Chalki,PhotovoltaicArray,2024-10-24 03:15:00,0.0,0.0,0.0
E.K. Chalki,PhotovoltaicArray,2024-10-24 03:30:00,0.0,0.0,0.0
E.K. Chalki,PhotovoltaicArray,2024-10-24 03:45:00,0.0,0.0,0.0
E.K. Chalki,PhotovoltaicArray,2024-10-24 04:00:00,0.0,0.0,3.8461729411948653
E.K. Chalki,PhotovoltaicArray,2024-10-24 04:15:00,0.0,0.0,7.692345882389731
E.K. Chalki,PhotovoltaicArray,2024-10-24 04:30:00,0.0,0.0,11.538518823584594
E.K. Chalki,PhotovoltaicArray,2024-10-24 04:45:00,0.6585544943809509,2.6342179775238037,15.384691764779461
E.K. Chalki,PhotovoltaicArray,2024-10-24 05:00:00,6.1250200271606445,24.500080108642578,58.74155037461249
E.K. Chalki,PhotovoltaicArray,2024-10-24 05:15:00,14.647505760192871,58.590023040771484,102.09840898444551
E.K. Chalki,PhotovoltaicArray,2024-10-24 05:30:00,26.329891204833984,105.31956481933594,145.45526759427852
E.K. Chalki,PhotovoltaicArray,2024-10-24 05:45:00,39.19646072387695,156.7858428955078,188.81212620411156
E.K. Chalki,PhotovoltaicArray,2024-10-24 06:00:00,50.64306640625,202.572265625,251.39984951991892
E.K. Chalki,PhotovoltaicArray,2024-10-24 06:15:00,69.25748443603516,277.0299377441406,313.98757283572627
E.K. Chalki,PhotovoltaicArray,2024-10-24 06:30:00,73.58831787109375,294.353271484375,376.5752961515336
E.K. Chalki,PhotovoltaicArray,2024-10-24 06:45:00,97.02021026611328,388.0808410644531,447.55466952085703
E.K. Chalki,PhotovoltaicArray,2024-10-24 07:00:00,115.02201843261719,460.08807373046875,503.4990032109642
E.K. Chalki,PhotovoltaicArray,2024-10-24 07:15:00,112.84258270263672,451.3703308105469,559.4433369010713
E.K. Chalki,PhotovoltaicArray,2024-10-24 07:30:00,121.81937408447266,487.2774963378906,615.3876705911784
E.K. Chalki,PhotovoltaicArray,2024-10-24 07:45:00,129.11669921875,516.466796875,671.3320042812855
E.K. Chalki,PhotovoltaicArray,2024-10-24 08:00:00,139.86058044433594,559.4423217773438,711.54199412105
E.K. Chalki,PhotovoltaicArray,2024-10-24 08:15:00,149.47860717773438,597.9144287109375,751.7519839608145
E.K. Chalki,PhotovoltaicArray,2024-10-24 08:30:00,150.62442016601562,602.4976806640625,791.9619738005791
E.K. Chalki,PhotovoltaicArray,2024-10-24 08:45:00,167.19943237304688,668.7977294921875,832.1719636403436
E.K. Chalki,PhotovoltaicArray,2024-10-24 09:00:00,159.86697387695312,639.4678955078125,852.1021325174441
E.K. Chalki,PhotovoltaicArray,2024-10-24 09:15:00,170.65106201171875,682.604248046875,872.0323013945448
E.K. Chalki,PhotovoltaicArray,2024-10-24 09:30:00,171.690185546875,686.7607421875,891.9624702716454
E.K. Chalki,PhotovoltaicArray,2024-10-24 09:45:00,160.4583282470703,641.8333129882812,911.8926391487461
E.K. Chalki,PhotovoltaicArray,2024-10-24 10:00:00,160.4583282470703,641.8333129882812,910.1443787209301
E.K. Chalki,PhotovoltaicArray,2024-10-24 10:15:00,159.62709045410156,638.5083618164062,908.3961182931145
E.K. Chalki,PhotovoltaicArray,2024-10-24 10:30:00,164.80615234375,659.224609375,906.6478578652985
E.K. Chalki,PhotovoltaicArray,2024-10-24 10:45:00,160.7364044189453,642.9456176757812,904.8995974374828
E.K. Chalki,PhotovoltaicArray,2024-10-24 11:00:00,166.40396118164062,665.6158447265625,880.7736035336242
E.K. Chalki,PhotovoltaicArray,2024-10-24 11:15:00,158.0926055908203,632.3704223632812,856.6476096297654
E.K. Chalki,PhotovoltaicArray,2024-10-24 11:30:00,151.29800415039062,605.1920166015625,832.5216157259066
E.K. Chalki,PhotovoltaicArray,2024-10-24 11:45:00,131.37257385253906,525.4902954101562,808.3956218220479
E.K. Chalki,PhotovoltaicArray,2024-10-24 12:00:00,138.71029663085938,554.8411865234375,764.6891111266518
E.K. Chalki,PhotovoltaicArray,2024-10-24 12:15:00,131.04510498046875,524.180419921875,720.9826004312556
E.K. Chalki,PhotovoltaicArray,2024-10-24 12:30:00,121.33834838867188,485.3533935546875,677.2760897358593
E.K. Chalki,PhotovoltaicArray,2024-10-24 12:45:00,125.518310546875,502.0732421875,633.5695790404632
E.K. Chalki,PhotovoltaicArray,2024-10-24 13:00:00,109.97615051269531,439.90460205078125,575.1776807514138
E.K. Chalki,PhotovoltaicArray,2024-10-24 13:15:00,94.00052642822266,376.0021057128906,516.7857824623646
E.K. Chalki,PhotovoltaicArray,2024-10-24 13:30:00,87.70231628417969,350.80926513671875,458.3938841733153
E.K. Chalki,PhotovoltaicArray,2024-10-24 13:45:00,70.6283950805664,282.5135803222656,400.001985884266
E.K. Chalki,PhotovoltaicArray,2024-10-24 14:00:00,63.39021682739258,253.5608673095703,337.4142625684586
E.K. Chalki,PhotovoltaicArray,2024-10-24 14:15:00,43.053985595703125,172.2159423828125,274.8265392526513
E.K. Chalki,PhotovoltaicArray,2024-10-24 14:30:00,32.25657653808594,129.02630615234375,212.2388159368439
E.K. Chalki,PhotovoltaicArray,2024-10-24 14:45:00,19.131488800048828,76.52595520019531,149.65109262103658
E.K. Chalki,PhotovoltaicArray,2024-10-24 15:00:00,6.874242305755615,27.49696922302246,113.6369278080301
E.K. Chalki,PhotovoltaicArray,2024-10-24 15:15:00,0.0,0.0,77.62276299502363
E.K. Chalki,PhotovoltaicArray,2024-10-24 15:30:00,0.0,0.0,41.608598182017175
E.K. Chalki,PhotovoltaicArray,2024-10-24 15:45:00,0.0,0.0,5.594433369010713
E.K. Chalki,PhotovoltaicArray,2024-10-24 16:00:00,0.0,0.0,4.195825026758034
E.K. Chalki,PhotovoltaicArray,2024-10-24 16:15:00,0.0,0.0,2.7972166845053565
E.K. Chalki,PhotovoltaicArray,2024-10-24 16:30:00,0.0,0.0,1.3986083422526783
E.K. Chalki,PhotovoltaicArray,2024-10-24 16:45:00,0.0,0.0,0.0
E.K. Chalki,PhotovoltaicArray,2024-10-24 17:00:00,0.0,0.0,0.0
E.K. Chalki,PhotovoltaicArray,2024-10-24 17:15:00,0.0,0.0,0.0
E.K. Chalki,PhotovoltaicArray,2024-10-24 17:30:00,0.0,0.0,0.0
E.K. Chalki,PhotovoltaicArray,2024-10-24 17:45:00,0.0,0.0,0.0
E.K. Chalki,PhotovoltaicArray,2024-10-24 18:00:00,0.0,0.0,0.0
E.K. Chalki,PhotovoltaicArray,2024-10-24 18:15:00,0.0,0.0,0.0
E.K. Chalki,PhotovoltaicArray,2024-10-24 18:30:00,0.0,0.0,0.0
E.K. Chalki,PhotovoltaicArray,2024-10-24 18:45:00,0.0,0.0,0.0
E.K. Chalki,PhotovoltaicArray,2024-10-24 19:00:00,0.0,0.0,0.0
E.K. Chalki,PhotovoltaicArray,2024-10-24 19:15:00,0.0,0.0,0.0
E.K. Chalki,PhotovoltaicArray,2024-10-24 19:30:00,0.0,0.0,0.0
E.K. Chalki,PhotovoltaicArray,2024-10-24 19:45:00,0.0,0.0,0.0
E.K. Chalki,PhotovoltaicArray,2024-10-24 20:00:00,0.0,0.0,0.0
E.K. Chalki,PhotovoltaicArray,2024-10-24 20:15:00,0.0,0.0,0.0
E.K. Chalki,PhotovoltaicArray,2024-10-24 20:30:00,0.0,0.0,0.0
E.K. Chalki,PhotovoltaicArray,2024-10-24 20:45:00,0.0,0.0,0.0
E.K. Chalki,PhotovoltaicArray,2024-10-24 21:00:00,0.0,0.0,0.0
E.K. Chalki,PhotovoltaicArray,2024-10-24 21:15:00,0.0,0.0,0.0
E.K. Chalki,PhotovoltaicArray,2024-10-24 21:30:00,0.0,0.0,0.0
E.K. Chalki,PhotovoltaicArray,2024-10-24 21:45:00,0.0,0.0,0.0
E.K. Chalki,PhotovoltaicArray,2024-10-24 22:00:00,0.0,0.0,0.0
E.K. Chalki,PhotovoltaicArray,2024-10-24 22:15:00,0.0,0.0,0.0
E.K. Chalki,PhotovoltaicArray,2024-10-24 22:30:00,0.0,0.0,0.0
E.K. Chalki,PhotovoltaicArray,2024-10-24 22:45:00,0.0,0.0,0.0
E.K. Chalki,PhotovoltaicArray,2024-10-24 23:00:00,0.0,0.0,0.0
E.K. Chalki,PhotovoltaicArray,2024-10-24 23:15:00,0.0,0.0,0.0
E.K. Chalki,PhotovoltaicArray,2024-10-24 23:30:00,0.0,0.0,0.0
E.K. Chalki,PhotovoltaicArray,2024-10-24 23:45:00,0.0,0.0,0.0
E.K. Chalki,PhotovoltaicArray,2024-10-25 00:00:00,0.0,0.0,0.0
E.K. Chalki,PhotovoltaicArray,2024-10-25 00:15:00,0.0,0.0,0.0
E.K. Chalki,PhotovoltaicArray,2024-10-25 00:30:00,0.0,0.0,0.0
E.K. Chalki,PhotovoltaicArray,2024-10-25 00:45:00,0.0,0.0,0.0
E.K. Chalki,PhotovoltaicArray,2024-10-25 01:00:00,0.0,0.0,0.0
E.K. Chalki,PhotovoltaicArray,2024-10-25 01:15:00,0.0,0.0,0.0
E.K. Chalki,PhotovoltaicArray,2024-10-25 01:30:00,0.0,0.0,0.0
E.K. Chalki,PhotovoltaicArray,2024-10-25 01:45:00,0.0,0.0,0.0
E.K. Chalki,PhotovoltaicArray,2024-10-25 02:00:00,0.0,0.0,0.0
E.K. Chalki,PhotovoltaicArray,2024-10-25 02:15:00,0.0,0.0,0.0
E.K. Chalki,PhotovoltaicArray,2024-10-25 02:30:00,0.0,0.0,0.0
E.K. Chalki,PhotovoltaicArray,2024-10-25 02:45:00,0.0,0.0,0.0
E.K. Chalki,PhotovoltaicArray,2024-10-25 03:00:00,0.0,0.0,0.0
E.K. Chalki,PhotovoltaicArray,2024-10-25 03:15:00,0.0,0.0,0.0
E.K. Chalki,PhotovoltaicArray,2024-10-25 03:30:00,0.0,0.0,0.0
E.K. Chalki,PhotovoltaicArray,2024-10-25 03:45:00,0.0,0.0,0.0
E.K. Chalki,PhotovoltaicArray,2024-10-25 04:00:00,0.0,0.0,4.213289684847132
E.K. Chalki,PhotovoltaicArray,2024-10-25 04:15:00,0.0,0.0,8.426579369694265
E.K. Chalki,PhotovoltaicArray,2024-10-25 04:30:00,0.0,0.0,12.639869054541395
E.K. Chalki,PhotovoltaicArray,2024-10-25 04:45:00,0.6318463683128357,2.5273854732513428,16.85315873938853
E.K. Chalki,PhotovoltaicArray,2024-10-25 05:00:00,6.154068470001221,24.616273880004883,62.1460228514952
E.K. Chalki,PhotovoltaicArray,2024-10-25 05:15:00,15.179017066955566,60.716068267822266,107.43888696360187
E.K. Chalki,PhotovoltaicArray,2024-10-25 05:30:00,26.977392196655273,107.9095687866211,152.73175107570853
E.K. Chalki,PhotovoltaicArray,2024-10-25 05:45:00,40.52435302734375,162.097412109375,198.02461518781521
E.K. Chalki,PhotovoltaicArray,2024-10-25 06:00:00,59.25324630737305,237.0129852294922,261.57506793425944
E.K. Chalki,PhotovoltaicArray,2024-10-25 06:15:00,72.10747528076172,288.4299011230469,325.12552068070374
E.K. Chalki,PhotovoltaicArray,2024-10-25 06:30:00,75.39460754394531,301.57843017578125,388.675973427148
E.K. Chalki,PhotovoltaicArray,2024-10-25 06:45:00,101.28858947753906,405.15435791015625,453.6308560685413
E.K. Chalki,PhotovoltaicArray,2024-10-25 07:00:00,111.71406555175781,446.85626220703125,510.1591593402403
E.K. Chalki,PhotovoltaicArray,2024-10-25 07:15:00,113.78348541259766,455.1339416503906,566.6874626119394
E.K. Chalki,PhotovoltaicArray,2024-10-25 07:30:00,128.58273315429688,514.3309326171875,623.2157658836383
E.K. Chalki,PhotovoltaicArray,2024-10-25 07:45:00,141.09616088867188,564.3846435546875,679.7440691553373
E.K. Chalki,PhotovoltaicArray,2024-10-25 08:00:00,144.25071716308594,577.0028686523438,719.770321161385
E.K. Chalki,PhotovoltaicArray,2024-10-25 08:15:00,138.9532928466797,555.8131713867188,759.7965731674328
E.K. Chalki,PhotovoltaicArray,2024-10-25 08:30:00,158.81443786621094,635.2577514648438,799.8228251734805
E.K. Chalki,PhotovoltaicArray,2024-10-25 08:45:00,172.1698455810547,688.6793823242188,839.8490771795283
E.K. Chalki,PhotovoltaicArray,2024-10-25 09:00:00,172.3008270263672,689.2033081054688,859.1599882350778
E.K. Chalki,PhotovoltaicArray,2024-10-25 09:15:00,167.43035888671875,669.721435546875,878.4708992906271
E.K. Chalki,PhotovoltaicArray,2024-10-25 09:30:00,173.06179809570312,692.2471923828125,897.7818103461765
E.K. Chalki,PhotovoltaicArray,2024-10-25 09:45:00,172.09349060058594,688.3739624023438,917.0927214017256
E.K. Chalki,PhotovoltaicArray,2024-10-25 10:00:00,167.32286071777344,669.2914428710938,914.2838616118275
E.K. Chalki,PhotovoltaicArray,2024-10-25 10:15:00,166.501220703125,666.0048828125,911.4750018219295
E.K. Chalki,PhotovoltaicArray,2024-10-25 10:30:00,164.9597625732422,659.8390502929688,908.6661420320314
E.K. Chalki,PhotovoltaicArray,2024-10-25 10:45:00,166.6816864013672,666.7267456054688,905.8572822421334
E.K. Chalki,PhotovoltaicArray,2024-10-25 11:00:00,166.40396118164062,665.6158447265625,880.9286516067879
E.K. Chalki,PhotovoltaicArray,2024-10-25 11:15:00,154.87445068359375,619.497802734375,856.0000209714424
E.K. Chalki,PhotovoltaicArray,2024-10-25 11:30:00,144.30178833007812,577.2071533203125,831.0713903360967
E.K. Chalki,PhotovoltaicArray,2024-10-25 11:45:00,143.08558654785156,572.3423461914062,806.1427597007512
E.K. Chalki,PhotovoltaicArray,2024-10-25 12:00:00,130.34422302246094,521.3768920898438,761.5521105361191
E.K. Chalki,PhotovoltaicArray,2024-10-25 12:15:00,132.2112579345703,528.8450317382812,716.9614613714871
E.K. Chalki,PhotovoltaicArray,2024-10-25 12:30:00,119.5689468383789,478.2757873535156,672.3708122068549
E.K. Chalki,PhotovoltaicArray,2024-10-25 12:45:00,112.34053039550781,449.36212158203125,627.7801630422229
E.K. Chalki,PhotovoltaicArray,2024-10-25 13:00:00,111.30998229980469,445.23992919921875,568.794107454363
E.K. Chalki,PhotovoltaicArray,2024-10-25 13:15:00,89.16110229492188,356.6444091796875,509.80805186650304
E.K. Chalki,PhotovoltaicArray,2024-10-25 13:30:00,88.01117706298828,352.0447082519531,450.8219962786432
E.K. Chalki,PhotovoltaicArray,2024-10-25 13:45:00,69.14541625976562,276.5816650390625,391.83594069078333
E.K. Chalki,PhotovoltaicArray,2024-10-25 14:00:00,65.09888458251953,260.3955383300781,329.6899178392881
E.K. Chalki,PhotovoltaicArray,2024-10-25 14:15:00,40.68494415283203,162.73977661132812,267.5438949877929
E.K. Chalki,PhotovoltaicArray,2024-10-25 14:30:00,30.7770938873291,123.1083755493164,205.3978721362977
E.K. Chalki,PhotovoltaicArray,2024-10-25 14:45:00,18.641189575195312,74.56475830078125,143.2518492848025
E.K. Chalki,PhotovoltaicArray,2024-10-25 15:00:00,5.710126876831055,22.84050750732422,108.49220938481365
E.K. Chalki,PhotovoltaicArray,2024-10-25 15:15:00,0.0,0.0,73.73256948482481
E.K. Chalki,PhotovoltaicArray,2024-10-25 15:30:00,0.0,0.0,38.972929584835974
E.K. Chalki,PhotovoltaicArray,2024-10-25 15:45:00,0.0,0.0,4.213289684847132
E.K. Chalki,PhotovoltaicArray,2024-10-25 16:00:00,0.0,0.0,3.1599672636353486
E.K. Chalki,PhotovoltaicArray,2024-10-25 16:15:00,0.0,0.0,2.106644842423566
E.K. Chalki,PhotovoltaicArray,2024-10-25 16:30:00,0.0,0.0,1.053322421211783
E.K. Chalki,PhotovoltaicArray,2024-10-25 16:45:00,0.0,0.0,0.0
E.K. Chalki,PhotovoltaicArray,2024-10-25 17:00:00,0.0,0.0,0.0
E.K. Chalki,PhotovoltaicArray,2024-10-25 17:15:00,0.0,0.0,0.0
E.K. Chalki,PhotovoltaicArray,2024-10-25 17:30:00,0.0,0.0,0.0
E.K. Chalki,PhotovoltaicArray,2024-10-25 17:45:00,0.0,0.0,0.0
E.K. Chalki,PhotovoltaicArray,2024-10-25 18:00:00,0.0,0.0,0.0
E.K. Chalki,PhotovoltaicArray,2024-10-25 18:15:00,0.0,0.0,0.0
E.K. Chalki,PhotovoltaicArray,2024-10-25 18:30:00,0.0,0.0,0.0
E.K. Chalki,PhotovoltaicArray,2024-10-25 18:45:00,0.0,0.0,0.0
E.K. Chalki,PhotovoltaicArray,2024-10-25 19:00:00,0.0,0.0,0.0
E.K. Chalki,PhotovoltaicArray,2024-10-25 19:15:00,0.0,0.0,0.0
E.K. Chalki,PhotovoltaicArray,2024-10-25 19:30:00,0.0,0.0,0.0
E.K. Chalki,PhotovoltaicArray,2024-10-25 19:45:00,0.0,0.0,0.0
E.K. Chalki,PhotovoltaicArray,2024-10-25 20:00:00,0.0,0.0,0.0
E.K. Chalki,PhotovoltaicArray,2024-10-25 20:15:00,0.0,0.0,0.0
E.K. Chalki,PhotovoltaicArray,2024-10-25 20:30:00,0.0,0.0,0.0
E.K. Chalki,PhotovoltaicArray,2024-10-25 20:45:00,0.0,0.0,0.0
E.K. Chalki,PhotovoltaicArray,2024-10-25 21:00:00,0.0,0.0,0.0
E.K. Chalki,PhotovoltaicArray,2024-10-25 21:15:00,0.0,0.0,0.0
E.K. Chalki,PhotovoltaicArray,2024-10-25 21:30:00,0.0,0.0,0.0
E.K. Chalki,PhotovoltaicArray,2024-10-25 21:45:00,0.0,0.0,0.0
E.K. Chalki,PhotovoltaicArray,2024-10-25 22:00:00,0.0,0.0,0.0
E.K. Chalki,PhotovoltaicArray,2024-10-25 22:15:00,0.0,0.0,0.0
E.K. Chalki,PhotovoltaicArray,2024-10-25 22:30:00,0.0,0.0,0.0
E.K. Chalki,PhotovoltaicArray,2024-10-25 22:45:00,0.0,0.0,0.0
E.K. Chalki,PhotovoltaicArray,2024-10-25 23:00:00,0.0,0.0,0.0
E.K. Chalki,PhotovoltaicArray,2024-10-25 23:15:00,0.0,0.0,0.0
E.K. Chalki,PhotovoltaicArray,2024-10-25 23:30:00,0.0,0.0,0.0
E.K. Chalki,PhotovoltaicArray,2024-10-25 23:45:00,0.0,0.0,0.0
E.K. Chalki,PhotovoltaicArray,2024-10-26 00:00:00,0.0,0.0,0.0
E.K. Chalki,PhotovoltaicArray,2024-10-26 00:15:00,0.0,0.0,0.0
E.K. Chalki,PhotovoltaicArray,2024-10-26 00:30:00,0.0,0.0,0.0
E.K. Chalki,PhotovoltaicArray,2024-10-26 00:45:00,0.0,0.0,0.0
E.K. Chalki,PhotovoltaicArray,2024-10-26 01:00:00,0.0,0.0,0.0
E.K. Chalki,PhotovoltaicArray,2024-10-26 01:15:00,0.0,0.0,0.0
E.K. Chalki,PhotovoltaicArray,2024-10-26 01:30:00,0.0,0.0,0.0
E.K. Chalki,PhotovoltaicArray,2024-10-26 01:45:00,0.0,0.0,0.0
E.K. Chalki,PhotovoltaicArray,2024-10-26 02:00:00,0.0,0.0,0.0
E.K. Chalki,PhotovoltaicArray,2024-10-26 02:15:00,0.0,0.0,0.0
E.K. Chalki,PhotovoltaicArray,2024-10-26 02:30:00,0.0,0.0,0.0
E.K. Chalki,PhotovoltaicArray,2024-10-26 02:45:00,0.0,0.0,0.0
E.K. Chalki,PhotovoltaicArray,2024-10-26 03:00:00,0.0,0.0,0.0
E.K. Chalki,PhotovoltaicArray,2024-10-26 03:15:00,0.0,0.0,0.0
E.K. Chalki,PhotovoltaicArray,2024-10-26 03:30:00,0.0,0.0,0.0
E.K. Chalki,PhotovoltaicArray,2024-10-26 03:45:00,0.0,0.0,0.0
E.K. Chalki,PhotovoltaicArray,2024-10-26 04:00:00,0.0,0.0,3.8782161735336187
E.K. Chalki,PhotovoltaicArray,2024-10-26 04:15:00,0.0,0.0,7.756432347067237
E.K. Chalki,PhotovoltaicArray,2024-10-26 04:30:00,0.0,0.0,11.634648520600855
E.K. Chalki,PhotovoltaicArray,2024-10-26 04:45:00,0.39049771428108215,1.5619908571243286,15.512864694134475
E.K. Chalki,PhotovoltaicArray,2024-10-26 05:00:00,5.680118560791016,22.720474243164062,59.93606813642865
E.K. Chalki,PhotovoltaicArray,2024-10-26 05:15:00,14.686650276184082,58.74660110473633,104.35927157872281
E.K. Chalki,PhotovoltaicArray,2024-10-26 05:30:00,25.995441436767578,103.98176574707031,148.782475021017
E.K. Chalki,PhotovoltaicArray,2024-10-26 05:45:00,38.98805236816406,155.95220947265625,193.20567846331116
E.K. Chalki,PhotovoltaicArray,2024-10-26 06:00:00,51.221588134765625,204.8863525390625,256.66739766658856
E.K. Chalki,PhotovoltaicArray,2024-10-26 06:15:00,62.16143798828125,248.645751953125,320.1291168698659
E.K. Chalki,PhotovoltaicArray,2024-10-26 06:30:00,73.6293716430664,294.5174865722656,383.59083607314335
E.K. Chalki,PhotovoltaicArray,2024-10-26 06:45:00,97.02021026611328,388.0808410644531,447.0525552764208
E.K. Chalki,PhotovoltaicArray,2024-10-26 07:00:00,115.02201843261719,460.08807373046875,503.4629723460007
E.K. Chalki,PhotovoltaicArray,2024-10-26 07:15:00,112.84258270263672,451.3703308105469,559.8733894155805
E.K. Chalki,PhotovoltaicArray,2024-10-26 07:30:00,121.81937408447266,487.2774963378906,616.2838064851603
E.K. Chalki,PhotovoltaicArray,2024-10-26 07:45:00,134.99209594726562,539.9683837890625,672.6942235547402
E.K. Chalki,PhotovoltaicArray,2024-10-26 08:00:00,144.6043701171875,578.41748046875,713.2392108235008
E.K. Chalki,PhotovoltaicArray,2024-10-26 08:15:00,150.15452575683594,600.6181030273438,753.7841980922614
E.K. Chalki,PhotovoltaicArray,2024-10-26 08:30:00,150.62442016601562,602.4976806640625,794.3291853610218
E.K. Chalki,PhotovoltaicArray,2024-10-26 08:45:00,166.6508026123047,666.6032104492188,834.8741726297824
E.K. Chalki,PhotovoltaicArray,2024-10-26 09:00:00,171.6187286376953,686.4749145507812,855.3229488175052
E.K. Chalki,PhotovoltaicArray,2024-10-26 09:15:00,166.40689086914062,665.6275634765625,875.771725005228
E.K. Chalki,PhotovoltaicArray,2024-10-26 09:30:00,170.22531127929688,680.9012451171875,896.2205011929508
E.K. Chalki,PhotovoltaicArray,2024-10-26 09:45:00,172.09349060058594,688.3739624023438,916.6692773806734
E.K. Chalki,PhotovoltaicArray,2024-10-26 10:00:00,167.32286071777344,669.2914428710938,914.5538867405642
E.K. Chalki,PhotovoltaicArray,2024-10-26 10:15:00,166.501220703125,666.0048828125,912.4384961004549
E.K. Chalki,PhotovoltaicArray,2024-10-26 10:30:00,162.19091796875,648.763671875,910.3231054603458
E.K. Chalki,PhotovoltaicArray,2024-10-26 10:45:00,166.6816864013672,666.7267456054688,908.2077148202366
E.K. Chalki,PhotovoltaicArray,2024-10-26 11:00:00,166.7515411376953,667.0061645507812,883.1755922456105
E.K. Chalki,PhotovoltaicArray,2024-10-26 11:15:00,158.0926055908203,632.3704223632812,858.1434696709844
E.K. Chalki,PhotovoltaicArray,2024-10-26 11:30:00,151.51271057128906,606.0508422851562,833.1113470963583
E.K. Chalki,PhotovoltaicArray,2024-10-26 11:45:00,149.90187072753906,599.6074829101562,808.0792245217322
E.K. Chalki,PhotovoltaicArray,2024-10-26 12:00:00,139.84124755859375,559.364990234375,763.3034559727531
E.K. Chalki,PhotovoltaicArray,2024-10-26 12:15:00,135.79348754882812,543.1739501953125,718.5276874237741
E.K. Chalki,PhotovoltaicArray,2024-10-26 12:30:00,126.50376892089844,506.01507568359375,673.7519188747949
E.K. Chalki,PhotovoltaicArray,2024-10-26 12:45:00,112.98820495605469,451.95281982421875,626.155629472337
E.K. Chalki,PhotovoltaicArray,2024-10-26 13:00:00,111.30998229980469,445.23992919921875,567.6298217626478
E.K. Chalki,PhotovoltaicArray,2024-10-26 13:15:00,89.16110229492188,356.6444091796875,509.10401405295863
E.K. Chalki,PhotovoltaicArray,2024-10-26 13:30:00,88.01117706298828,352.0447082519531,450.5782063432695
E.K. Chalki,PhotovoltaicArray,2024-10-26 13:45:00,57.96188735961914,231.84754943847656,392.0523986335803
E.K. Chalki,PhotovoltaicArray,2024-10-26 14:00:00,63.105106353759766,252.42042541503906,329.29580964367267
E.K. Chalki,PhotovoltaicArray,2024-10-26 14:15:00,41.57182693481445,166.2873077392578,266.539220653765
E.K. Chalki,PhotovoltaicArray,2024-10-26 14:30:00,30.7770938873291,123.1083755493164,203.7826316638574
E.K. Chalki,PhotovoltaicArray,2024-10-26 14:45:00,18.641189575195312,74.56475830078125,141.02604267394977
E.K. Chalki,PhotovoltaicArray,2024-10-26 15:00:00,5.748393535614014,22.993574142456055,106.82722732551696
E.K. Chalki,PhotovoltaicArray,2024-10-26 15:15:00,0.0,0.0,72.62841197708414
E.K. Chalki,PhotovoltaicArray,2024-10-26 15:30:00,0.0,0.0,38.42959662865132
E.K. Chalki,PhotovoltaicArray,2024-10-26 15:45:00,0.0,0.0,4.230781280218492
E.K. Chalki,PhotovoltaicArray,2024-10-26 16:00:00,0.0,0.0,3.173085960163869
E.K. Chalki,PhotovoltaicArray,2024-10-26 16:15:00,0.0,0.0,2.115390640109246
E.K. Chalki,PhotovoltaicArray,2024-10-26 16:30:00,0.0,0.0,1.057695320054623
E.K. Chalki,PhotovoltaicArray,2024-10-26 16:45:00,0.0,0.0,0.0
E.K. Chalki,PhotovoltaicArray,2024-10-26 17:00:00,0.0,0.0,0.0
E.K. Chalki,PhotovoltaicArray,2024-10-26 17:15:00,0.0,0.0,0.0
E.K. Chalki,PhotovoltaicArray,2024-10-26 17:30:00,0.0,0.0,0.0
E.K. Chalki,PhotovoltaicArray,2024-10-26 17:45:00,0.0,0.0,0.0
E.K. Chalki,PhotovoltaicArray,2024-10-26 18:00:00,0.0,0.0,0.0
E.K. Chalki,PhotovoltaicArray,2024-10-26 18:15:00,0.0,0.0,0.0
E.K. Chalki,PhotovoltaicArray,2024-10-26 18:30:00,0.0,0.0,0.0
E.K. Chalki,PhotovoltaicArray,2024-10-26 18:45:00,0.0,0.0,0.0
E.K. Chalki,PhotovoltaicArray,2024-10-26 19:00:00,0.0,0.0,0.0
E.K. Chalki,PhotovoltaicArray,2024-10-26 19:15:00,0.0,0.0,0.0
E.K. Chalki,PhotovoltaicArray,2024-10-26 19:30:00,0.0,0.0,0.0
E.K. Chalki,PhotovoltaicArray,2024-10-26 19:45:00,0.0,0.0,0.0
E.K. Chalki,PhotovoltaicArray,2024-10-26 20:00:00,0.0,0.0,0.0
E.K. Chalki,PhotovoltaicArray,2024-10-26 20:15:00,0.0,0.0,0.0
E.K. Chalki,PhotovoltaicArray,2024-10-26 20:30:00,0.0,0.0,0.0
E.K. Chalki,PhotovoltaicArray,2024-10-26 20:45:00,0.0,0.0,0.0
E.K. Chalki,PhotovoltaicArray,2024-10-26 21:00:00,0.0,0.0,0.0
E.K. Chalki,PhotovoltaicArray,2024-10-26 21:15:00,0.0,0.0,0.0
E.K. Chalki,PhotovoltaicArray,2024-10-26 21:30:00,0.0,0.0,0.0
E.K. Chalki,PhotovoltaicArray,2024-10-26 21:45:00,0.0,0.0,0.0
E.K. Chalki,PhotovoltaicArray,2024-10-26 22:00:00,0.0,0.0,0.0
E.K. Chalki,PhotovoltaicArray,2024-10-26 22:15:00,0.0,0.0,0.0
E.K. Chalki,PhotovoltaicArray,2024-10-26 22:30:00,0.0,0.0,0.0
E.K. Chalki,PhotovoltaicArray,2024-10-26 22:45:00,0.0,0.0,0.0
E.K. Chalki,PhotovoltaicArray,2024-10-26 23:00:00,0.0,0.0,0.0
E.K. Chalki,PhotovoltaicArray,2024-10-26 23:15:00,0.0,0.0,0.0
E.K. Chalki,PhotovoltaicArray,2024-10-26 23:30:00,0.0,0.0,0.0
E.K. Chalki,PhotovoltaicArray,2024-10-26 23:45:00,0.0,0.0,0.0
E.K. Chalki,PhotovoltaicArray,2024-10-27 00:00:00,0.0,0.0,0.0
E.K. Chalki,PhotovoltaicArray,2024-10-27 00:15:00,0.0,0.0,0.0
E.K. Chalki,PhotovoltaicArray,2024-10-27 00:30:00,0.0,0.0,0.0
E.K. Chalki,PhotovoltaicArray,2024-10-27 00:45:00,0.0,0.0,0.0
E.K. Chalki,PhotovoltaicArray,2024-10-27 01:00:00,0.0,0.0,0.0
E.K. Chalki,PhotovoltaicArray,2024-10-27 01:15:00,0.0,0.0,0.0
E.K. Chalki,PhotovoltaicArray,2024-10-27 01:30:00,0.0,0.0,0.0
E.K. Chalki,PhotovoltaicArray,2024-10-27 01:45:00,0.0,0.0,0.0
E.K. Chalki,PhotovoltaicArray,2024-10-27 02:00:00,0.0,0.0,0.0
E.K. Chalki,PhotovoltaicArray,2024-10-27 02:15:00,0.0,0.0,0.0
E.K. Chalki,PhotovoltaicArray,2024-10-27 02:30:00,0.0,0.0,0.0
E.K. Chalki,PhotovoltaicArray,2024-10-27 02:45:00,0.0,0.0,0.0
E.K. Chalki,PhotovoltaicArray,2024-10-27 03:00:00,0.0,0.0,0.0
E.K. Chalki,PhotovoltaicArray,2024-10-27 03:15:00,0.0,0.0,0.0
E.K. Chalki,PhotovoltaicArray,2024-10-27 03:30:00,0.0,0.0,0.0
E.K. Chalki,PhotovoltaicArray,2024-10-27 03:45:00,0.0,0.0,0.0
E.K. Chalki,PhotovoltaicArray,2024-10-27 04:00:00,0.0,0.0,3.894267544963147
E.K. Chalki,PhotovoltaicArray,2024-10-27 04:15:00,0.0,0.0,7.788535089926294
E.K. Chalki,PhotovoltaicArray,2024-10-27 04:30:00,0.0,0.0,11.682802634889443
E.K. Chalki,PhotovoltaicArray,2024-10-27 04:45:00,0.0,0.0,15.577070179852589
E.K. Chalki,PhotovoltaicArray,2024-10-27 05:00:00,5.680118560791016,22.720474243164062,59.12206181898595
E.K. Chalki,PhotovoltaicArray,2024-10-27 05:15:00,13.182860374450684,52.731441497802734,102.66705345811931
E.K. Chalki,PhotovoltaicArray,2024-10-27 05:30:00,25.661685943603516,102.64674377441406,146.21204509725266
E.K. Chalki,PhotovoltaicArray,2024-10-27 05:45:00,38.98805236816406,155.95220947265625,189.75703673638603
E.K. Chalki,PhotovoltaicArray,2024-10-27 06:00:00,50.64306640625,202.572265625,253.12739042260455
E.K. Chalki,PhotovoltaicArray,2024-10-27 06:15:00,74.896240234375,299.5849609375,316.4977441088231
E.K. Chalki,PhotovoltaicArray,2024-10-27 06:30:00,73.6293716430664,294.5174865722656,379.8680977950416
E.K. Chalki,PhotovoltaicArray,2024-10-27 06:45:00,98.94783020019531,395.79132080078125,440.4062569031051
E.K. Chalki,PhotovoltaicArray,2024-10-27 07:00:00,114.92667388916016,459.7066955566406,496.69612414393606
E.K. Chalki,PhotovoltaicArray,2024-10-27 07:15:00,116.77898406982422,467.1159362792969,552.985991384767
E.K. Chalki,PhotovoltaicArray,2024-10-27 07:30:00,129.7645263671875,519.05810546875,609.2758586255978
E.K. Chalki,PhotovoltaicArray,2024-10-27 07:45:00,132.55458068847656,530.2183227539062,665.5657258664287
E.K. Chalki,PhotovoltaicArray,2024-10-27 08:00:00,124.94709014892578,499.7883605957031,706.2785229274072
E.K. Chalki,PhotovoltaicArray,2024-10-27 08:15:00,147.80223083496094,591.2089233398438,746.9913199883855
E.K. Chalki,PhotovoltaicArray,2024-10-27 08:30:00,149.13934326171875,596.557373046875,787.704117049364
E.K. Chalki,PhotovoltaicArray,2024-10-27 08:45:00,167.01736450195312,668.0694580078125,828.4169141103423
E.K. Chalki,PhotovoltaicArray,2024-10-27 09:00:00,169.92958068847656,679.7183227539062,848.2422761574273
E.K. Chalki,PhotovoltaicArray,2024-10-27 09:15:00,171.49855041503906,685.9942016601562,868.0676382045124
E.K. Chalki,PhotovoltaicArray,2024-10-27 09:30:00,171.690185546875,686.7607421875,887.8930002515976
E.K. Chalki,PhotovoltaicArray,2024-10-27 09:45:00,170.09170532226562,680.3668212890625,907.7183622986827
E.K. Chalki,PhotovoltaicArray,2024-10-27 10:00:00,170.09170532226562,680.3668212890625,904.8861677205276
E.K. Chalki,PhotovoltaicArray,2024-10-27 10:15:00,166.52224731445312,666.0889892578125,902.0539731423727
E.K. Chalki,PhotovoltaicArray,2024-10-27 10:30:00,174.10635375976562,696.4254150390625,899.2217785642176
E.K. Chalki,PhotovoltaicArray,2024-10-27 10:45:00,160.5230712890625,642.09228515625,896.3895839860627
E.K. Chalki,PhotovoltaicArray,2024-10-27 11:00:00,167.69064331054688,670.7625732421875,870.1917841381288
E.K. Chalki,PhotovoltaicArray,2024-10-27 11:15:00,160.0420379638672,640.1681518554688,843.9939842901949
E.K. Chalki,PhotovoltaicArray,2024-10-27 11:30:00,151.60076904296875,606.403076171875,817.7961844422609
E.K. Chalki,PhotovoltaicArray,2024-10-27 11:45:00,143.58892822265625,574.355712890625,791.5983845943271
E.K. Chalki,PhotovoltaicArray,2024-10-27 12:00:00,145.59036254882812,582.3614501953125,746.2832713438468
E.K. Chalki,PhotovoltaicArray,2024-10-27 12:15:00,136.3919219970703,545.5676879882812,700.9681580933665
E.K. Chalki,PhotovoltaicArray,2024-10-27 12:30:00,119.19161987304688,476.7664794921875,655.6530448428862
E.K. Chalki,PhotovoltaicArray,2024-10-27 12:45:00,124.9151840209961,499.6607360839844,608.9218343033286
E.K. Chalki,PhotovoltaicArray,2024-10-27 13:00:00,111.00714111328125,444.028564453125,550.8618454511508
E.K. Chalki,PhotovoltaicArray,2024-10-27 13:15:00,88.17000579833984,352.6800231933594,492.80185659897285
E.K. Chalki,PhotovoltaicArray,2024-10-27 13:30:00,74.54109191894531,298.16436767578125,434.741867746795
E.K. Chalki,PhotovoltaicArray,2024-10-27 13:45:00,64.92744445800781,259.70977783203125,376.68187889461717
E.K. Chalki,PhotovoltaicArray,2024-10-27 14:00:00,57.81203842163086,231.24815368652344,316.1437197865537
E.K. Chalki,PhotovoltaicArray,2024-10-27 14:15:00,40.10325241088867,160.4130096435547,255.60556067849024
E.K. Chalki,PhotovoltaicArray,2024-10-27 14:30:00,29.45670509338379,117.82682037353516,195.06740157042674
E.K. Chalki,PhotovoltaicArray,2024-10-27 14:45:00,17.10849380493164,68.43397521972656,134.52924246236327
E.K. Chalki,PhotovoltaicArray,2024-10-27 15:00:00,5.994302272796631,23.977209091186523,101.60498049131118
E.K. Chalki,PhotovoltaicArray,2024-10-27 15:15:00,0.0,0.0,68.68071852025913
E.K. Chalki,PhotovoltaicArray,2024-10-27 15:30:00,0.0,0.0,35.75645654920707
E.K. Chalki,PhotovoltaicArray,2024-10-27 15:45:00,0.0,0.0,2.832194578155016
E.K. Chalki,PhotovoltaicArray,2024-10-27 16:00:00,0.0,0.0,2.1241459336162625
E.K. Chalki,PhotovoltaicArray,2024-10-27 16:15:00,0.0,0.0,1.416097289077508
E.K. Chalki,PhotovoltaicArray,2024-10-27 16:30:00,0.0,0.0,0.708048644538754
E.K. Chalki,PhotovoltaicArray,2024-10-27 16:45:00,0.0,0.0,0.0
E.K. Chalki,PhotovoltaicArray,2024-10-27 17:00:00,0.0,0.0,0.0
E.K. Chalki,PhotovoltaicArray,2024-10-27 17:15:00,0.0,0.0,0.0
E.K. Chalki,PhotovoltaicArray,2024-10-27 17:30:00,0.0,0.0,0.0
E.K. Chalki,PhotovoltaicArray,2024-10-27 17:45:00,0.0,0.0,0.0
E.K. Chalki,PhotovoltaicArray,2024-10-27 18:00:00,0.0,0.0,0.0
E.K. Chalki,PhotovoltaicArray,2024-10-27 18:15:00,0.0,0.0,0.0
E.K. Chalki,PhotovoltaicArray,2024-10-27 18:30:00,0.0,0.0,0.0
E.K. Chalki,PhotovoltaicArray,2024-10-27 18:45:00,0.0,0.0,0.0
E.K. Chalki,PhotovoltaicArray,2024-10-27 19:00:00,0.0,0.0,0.0
E.K. Chalki,PhotovoltaicArray,2024-10-27 19:15:00,0.0,0.0,0.0
E.K. Chalki,PhotovoltaicArray,2024-10-27 19:30:00,0.0,0.0,0.0
E.K. Chalki,PhotovoltaicArray,2024-10-27 19:45:00,0.0,0.0,0.0
E.K. Chalki,PhotovoltaicArray,2024-10-27 20:00:00,0.0,0.0,0.0
E.K. Chalki,PhotovoltaicArray,2024-10-27 20:15:00,0.0,0.0,0.0
E.K. Chalki,PhotovoltaicArray,2024-10-27 20:30:00,0.0,0.0,0.0
E.K. Chalki,PhotovoltaicArray,2024-10-27 20:45:00,0.0,0.0,0.0
E.K. Chalki,PhotovoltaicArray,2024-10-27 21:00:00,0.0,0.0,0.0
E.K. Chalki,PhotovoltaicArray,2024-10-27 21:15:00,0.0,0.0,0.0
E.K. Chalki,PhotovoltaicArray,2024-10-27 21:30:00,0.0,0.0,0.0
E.K. Chalki,PhotovoltaicArray,2024-10-27 21:45:00,0.0,0.0,0.0
E.K. Chalki,PhotovoltaicArray,2024-10-27 22:00:00,0.0,0.0,0.0
E.K. Chalki,PhotovoltaicArray,2024-10-27 22:15:00,0.0,0.0,0.0
E.K. Chalki,PhotovoltaicArray,2024-10-27 22:30:00,0.0,0.0,0.0
E.K. Chalki,PhotovoltaicArray,2024-10-27 22:45:00,0.0,0.0,0.0
E.K. Chalki,PhotovoltaicArray,2024-10-27 23:00:00,0.0,0.0,0.0
E.K. Chalki,PhotovoltaicArray,2024-10-27 23:15:00,0.0,0.0,0.0
E.K. Chalki,PhotovoltaicArray,2024-10-27 23:30:00,0.0,0.0,0.0
E.K. Chalki,PhotovoltaicArray,2024-10-27 23:45:00,0.0,0.0,0.0
E.K. Chalki,PhotovoltaicArray,2024-10-28 00:00:00,0.0,0.0,0.0
E.K. Chalki,PhotovoltaicArray,2024-10-28 00:15:00,0.0,0.0,0.0
E.K. Chalki,PhotovoltaicArray,2024-10-28 00:30:00,0.0,0.0,0.0
E.K. Chalki,PhotovoltaicArray,2024-10-28 00:45:00,0.0,0.0,0.0
E.K. Chalki,PhotovoltaicArray,2024-10-28 01:00:00,0.0,0.0,0.0
E.K. Chalki,PhotovoltaicArray,2024-10-28 01:15:00,0.0,0.0,0.0
E.K. Chalki,PhotovoltaicArray,2024-10-28 01:30:00,0.0,0.0,0.0
E.K. Chalki,PhotovoltaicArray,2024-10-28 01:45:00,0.0,0.0,0.0
E.K. Chalki,PhotovoltaicArray,2024-10-28 02:00:00,0.0,0.0,0.0
E.K. Chalki,PhotovoltaicArray,2024-10-28 02:15:00,0.0,0.0,0.0
E.K. Chalki,PhotovoltaicArray,2024-10-28 02:30:00,0.0,0.0,0.0
E.K. Chalki,PhotovoltaicArray,2024-10-28 02:45:00,0.0,0.0,0.0
E.K. Chalki,PhotovoltaicArray,2024-10-28 03:00:00,0.0,0.0,0.0
E.K. Chalki,PhotovoltaicArray,2024-10-28 03:15:00,0.0,0.0,0.0
E.K. Chalki,PhotovoltaicArray,2024-10-28 03:30:00,0.0,0.0,0.0
E.K. Chalki,PhotovoltaicArray,2024-10-28 03:45:00,0.0,0.0,0.0
E.K. Chalki,PhotovoltaicArray,2024-10-28 04:00:00,0.0,0.0,3.5548442826822946
E.K. Chalki,PhotovoltaicArray,2024-10-28 04:15:00,0.0,0.0,7.109688565364589
E.K. Chalki,PhotovoltaicArray,2024-10-28 04:30:00,0.0,0.0,10.664532848046882
E.K. Chalki,PhotovoltaicArray,2024-10-28 04:45:00,0.0,0.0,14.219377130729178
E.K. Chalki,PhotovoltaicArray,2024-10-28 05:00:00,4.904772758483887,19.619091033935547,57.58847737945317
E.K. Chalki,PhotovoltaicArray,2024-10-28 05:15:00,13.143716812133789,52.574867248535156,100.95757762817715
E.K. Chalki,PhotovoltaicArray,2024-10-28 05:30:00,23.54833984375,94.193359375,144.32667787690113
E.K. Chalki,PhotovoltaicArray,2024-10-28 05:45:00,38.149017333984375,152.5960693359375,187.6957781256251
E.K. Chalki,PhotovoltaicArray,2024-10-28 06:00:00,50.64306640625,202.572265625,251.32749078563822
E.K. Chalki,PhotovoltaicArray,2024-10-28 06:15:00,74.896240234375,299.5849609375,314.9592034456513
E.K. Chalki,PhotovoltaicArray,2024-10-28 06:30:00,79.41299438476562,317.6519775390625,378.5909161056644
E.K. Chalki,PhotovoltaicArray,2024-10-28 06:45:00,100.208251953125,400.8330078125,440.8006910526044
E.K. Chalki,PhotovoltaicArray,2024-10-28 07:00:00,114.92667388916016,459.7066955566406,497.6781995755211
E.K. Chalki,PhotovoltaicArray,2024-10-28 07:15:00,115.47021484375,461.880859375,554.5557080984378
E.K. Chalki,PhotovoltaicArray,2024-10-28 07:30:00,124.59703826904297,498.3881530761719,611.4332166213545
E.K. Chalki,PhotovoltaicArray,2024-10-28 07:45:00,132.55458068847656,530.2183227539062,668.3107251442713
E.K. Chalki,PhotovoltaicArray,2024-10-28 08:00:00,126.6560287475586,506.6241149902344,709.1914343951175
E.K. Chalki,PhotovoltaicArray,2024-10-28 08:15:00,149.47860717773438,597.9144287109375,750.072143645964
E.K. Chalki,PhotovoltaicArray,2024-10-28 08:30:00,149.14993286132812,596.5997314453125,790.9528528968104
E.K. Chalki,PhotovoltaicArray,2024-10-28 08:45:00,167.19943237304688,668.7977294921875,831.8335621476568
E.K. Chalki,PhotovoltaicArray,2024-10-28 09:00:00,159.86697387695312,639.4678955078125,852.4516589872142
E.K. Chalki,PhotovoltaicArray,2024-10-28 09:15:00,170.65106201171875,682.604248046875,873.0697558267715
E.K. Chalki,PhotovoltaicArray,2024-10-28 09:30:00,170.22531127929688,680.9012451171875,893.6878526663288
E.K. Chalki,PhotovoltaicArray,2024-10-28 09:45:00,167.32286071777344,669.2914428710938,914.305949505886
E.K. Chalki,PhotovoltaicArray,2024-10-28 10:00:00,167.32286071777344,669.2914428710938,912.1730429362767
E.K. Chalki,PhotovoltaicArray,2024-10-28 10:15:00,156.85824584960938,627.4329833984375,910.0401363666674
E.K. Chalki,PhotovoltaicArray,2024-10-28 10:30:00,164.9597625732422,659.8390502929688,907.9072297970579
E.K. Chalki,PhotovoltaicArray,2024-10-28 10:45:00,166.6816864013672,666.7267456054688,905.7743232274486
E.K. Chalki,PhotovoltaicArray,2024-10-28 11:00:00,159.60418701171875,638.416748046875,880.8904132486725
E.K. Chalki,PhotovoltaicArray,2024-10-28 11:15:00,154.87445068359375,619.497802734375,856.0065032698964
E.K. Chalki,PhotovoltaicArray,2024-10-28 11:30:00,144.30178833007812,577.2071533203125,831.1225932911204
E.K. Chalki,PhotovoltaicArray,2024-10-28 11:45:00,149.9946746826172,599.9786987304688,806.2386833123443
E.K. Chalki,PhotovoltaicArray,2024-10-28 12:00:00,139.84124755859375,559.364990234375,761.4476453505474
E.K. Chalki,PhotovoltaicArray,2024-10-28 12:15:00,131.9344940185547,527.7379760742188,716.6566073887506
E.K. Chalki,PhotovoltaicArray,2024-10-28 12:30:00,119.5689468383789,478.2757873535156,671.8655694269535
E.K. Chalki,PhotovoltaicArray,2024-10-28 12:45:00,112.34053039550781,449.36212158203125,627.0745314651566
E.K. Chalki,PhotovoltaicArray,2024-10-28 13:00:00,111.81594848632812,447.2637939453125,567.353147516094
E.K. Chalki,PhotovoltaicArray,2024-10-28 13:15:00,99.6734390258789,398.6937561035156,507.6317635670316
E.K. Chalki,PhotovoltaicArray,2024-10-28 13:30:00,89.8673324584961,359.4693298339844,447.91037961796906
E.K. Chalki,PhotovoltaicArray,2024-10-28 13:45:00,68.32696533203125,273.307861328125,388.1889956689065
E.K. Chalki,PhotovoltaicArray,2024-10-28 14:00:00,55.484703063964844,221.93881225585938,324.9127674371617
E.K. Chalki,PhotovoltaicArray,2024-10-28 14:15:00,39.82012939453125,159.280517578125,261.63653920541685
E.K. Chalki,PhotovoltaicArray,2024-10-28 14:30:00,29.45670509338379,117.82682037353516,198.36031097367203
E.K. Chalki,PhotovoltaicArray,2024-10-28 14:45:00,16.799179077148438,67.19671630859375,135.08408274192715
E.K. Chalki,PhotovoltaicArray,2024-10-28 15:00:00,5.357715606689453,21.430862426757812,102.02403091298183
E.K. Chalki,PhotovoltaicArray,2024-10-28 15:15:00,0.0,0.0,68.9639790840365
E.K. Chalki,PhotovoltaicArray,2024-10-28 15:30:00,0.0,0.0,35.90392725509117
E.K. Chalki,PhotovoltaicArray,2024-10-28 15:45:00,0.0,0.0,2.843875426145835
E.K. Chalki,PhotovoltaicArray,2024-10-28 16:00:00,0.0,0.0,2.1329065696093763
E.K. Chalki,PhotovoltaicArray,2024-10-28 16:15:00,0.0,0.0,1.4219377130729176
E.K. Chalki,PhotovoltaicArray,2024-10-28 16:30:00,0.0,0.0,0.7109688565364588
E.K. Chalki,PhotovoltaicArray,2024-10-28 16:45:00,0.0,0.0,0.0
E.K. Chalki,PhotovoltaicArray,2024-10-28 17:00:00,0.0,0.0,0.0
E.K. Chalki,PhotovoltaicArray,2024-10-28 17:15:00,0.0,0.0,0.0
E.K. Chalki,PhotovoltaicArray,2024-10-28 17:30:00,0.0,0.0,0.0
E.K. Chalki,PhotovoltaicArray,2024-10-28 17:45:00,0.0,0.0,0.0
E.K. Chalki,PhotovoltaicArray,2024-10-28 18:00:00,0.0,0.0,0.0
E.K. Chalki,PhotovoltaicArray,2024-10-28 18:15:00,0.0,0.0,0.0
E.K. Chalki,PhotovoltaicArray,2024-10-28 18:30:00,0.0,0.0,0.0
E.K. Chalki,PhotovoltaicArray,2024-10-28 18:45:00,0.0,0.0,0.0
E.K. Chalki,PhotovoltaicArray,2024-10-28 19:00:00,0.0,0.0,0.0
E.K. Chalki,PhotovoltaicArray,2024-10-28 19:15:00,0.0,0.0,0.0
E.K. Chalki,PhotovoltaicArray,2024-10-28 19:30:00,0.0,0.0,0.0
E.K. Chalki,PhotovoltaicArray,2024-10-28 19:45:00,0.0,0.0,0.0
E.K. Chalki,PhotovoltaicArray,2024-10-28 20:00:00,0.0,0.0,0.0
E.K. Chalki,PhotovoltaicArray,2024-10-28 20:15:00,0.0,0.0,0.0
E.K. Chalki,PhotovoltaicArray,2024-10-28 20:30:00,0.0,0.0,0.0
E.K. Chalki,PhotovoltaicArray,2024-10-28 20:45:00,0.0,0.0,0.0
E.K. Chalki,PhotovoltaicArray,2024-10-28 21:00:00,0.0,0.0,0.0
E.K. Chalki,PhotovoltaicArray,2024-10-28 21:15:00,0.0,0.0,0.0
E.K. Chalki,PhotovoltaicArray,2024-10-28 21:30:00,0.0,0.0,0.0
E.K. Chalki,PhotovoltaicArray,2024-10-28 21:45:00,0.0,0.0,0.0
E.K. Chalki,PhotovoltaicArray,2024-10-28 22:00:00,0.0,0.0,0.0
E.K. Chalki,PhotovoltaicArray,2024-10-28 22:15:00,0.0,0.0,0.0
E.K. Chalki,PhotovoltaicArray,2024-10-28 22:30:00,0.0,0.0,0.0
E.K. Chalki,PhotovoltaicArray,2024-10-28 22:45:00,0.0,0.0,0.0
E.K. Chalki,PhotovoltaicArray,2024-10-28 23:00:00,0.0,0.0,0.0
E.K. Chalki,PhotovoltaicArray,2024-10-28 23:15:00,0.0,0.0,0.0
E.K. Chalki,PhotovoltaicArray,2024-10-28 23:30:00,0.0,0.0,0.0
E.K. Chalki,PhotovoltaicArray,2024-10-28 23:45:00,0.0,0.0,0.0
E.K. Chalki,PhotovoltaicArray,2024-10-29 00:00:00,0.0,0.0,0.0
E.K. Chalki,PhotovoltaicArray,2024-10-29 00:15:00,0.0,0.0,0.0
E.K. Chalki,PhotovoltaicArray,2024-10-29 00:30:00,0.0,0.0,0.0
E.K. Chalki,PhotovoltaicArray,2024-10-29 00:45:00,0.0,0.0,0.0
E.K. Chalki,PhotovoltaicArray,2024-10-29 01:00:00,0.0,0.0,0.0
E.K. Chalki,PhotovoltaicArray,2024-10-29 01:15:00,0.0,0.0,0.0
E.K. Chalki,PhotovoltaicArray,2024-10-29 01:30:00,0.0,0.0,0.0
E.K. Chalki,PhotovoltaicArray,2024-10-29 01:45:00,0.0,0.0,0.0
E.K. Chalki,PhotovoltaicArray,2024-10-29 02:00:00,0.0,0.0,0.0
E.K. Chalki,PhotovoltaicArray,2024-10-29 02:15:00,0.0,0.0,0.0
E.K. Chalki,PhotovoltaicArray,2024-10-29 02:30:00,0.0,0.0,0.0
E.K. Chalki,PhotovoltaicArray,2024-10-29 02:45:00,0.0,0.0,0.0
E.K. Chalki,PhotovoltaicArray,2024-10-29 03:00:00,0.0,0.0,0.0
E.K. Chalki,PhotovoltaicArray,2024-10-29 03:15:00,0.0,0.0,0.0
E.K. Chalki,PhotovoltaicArray,2024-10-29 03:30:00,0.0,0.0,0.0
E.K. Chalki,PhotovoltaicArray,2024-10-29 03:45:00,0.0,0.0,0.0
E.K. Chalki,PhotovoltaicArray,2024-10-29 04:00:00,0.0,0.0,3.212502317736053
E.K. Chalki,PhotovoltaicArray,2024-10-29 04:15:00,0.0,0.0,6.425004635472106
E.K. Chalki,PhotovoltaicArray,2024-10-29 04:30:00,0.0,0.0,9.63750695320816
E.K. Chalki,PhotovoltaicArray,2024-10-29 04:45:00,0.0,0.0,12.850009270944213
E.K. Chalki,PhotovoltaicArray,2024-10-29 05:00:00,4.58160400390625,18.326416015625,55.32642880545425
E.K. Chalki,PhotovoltaicArray,2024-10-29 05:15:00,13.143716812133789,52.574867248535156,97.80284833996429
E.K. Chalki,PhotovoltaicArray,2024-10-29 05:30:00,23.391796112060547,93.56718444824219,140.27926787447433
E.K. Chalki,PhotovoltaicArray,2024-10-29 05:45:00,36.77241897583008,147.0896759033203,182.75568740898436
E.K. Chalki,PhotovoltaicArray,2024-10-29 06:00:00,50.64306640625,202.572265625,246.64878906173473
E.K. Chalki,PhotovoltaicArray,2024-10-29 06:15:00,68.76081085205078,275.0432434082031,310.5418907144851
E.K. Chalki,PhotovoltaicArray,2024-10-29 06:30:00,82.89441680908203,331.5776672363281,374.43499236723545
E.K. Chalki,PhotovoltaicArray,2024-10-29 06:45:00,100.208251953125,400.8330078125,438.3280940199859
E.K. Chalki,PhotovoltaicArray,2024-10-29 07:00:00,115.23346710205078,460.9338684082031,495.7961910372642
E.K. Chalki,PhotovoltaicArray,2024-10-29 07:15:00,116.3083267211914,465.2333068847656,553.2642880545425
E.K. Chalki,PhotovoltaicArray,2024-10-29 07:30:00,124.59703826904297,498.3881530761719,610.7323850718209
E.K. Chalki,PhotovoltaicArray,2024-10-29 07:45:00,132.4955291748047,529.9821166992188,668.2004820890992
E.K. Chalki,PhotovoltaicArray,2024-10-29 08:00:00,126.91764831542969,507.67059326171875,709.2491228157265
E.K. Chalki,PhotovoltaicArray,2024-10-29 08:15:00,143.85768127441406,575.4307250976562,750.2977635423538
E.K. Chalki,PhotovoltaicArray,2024-10-29 08:30:00,149.13934326171875,596.557373046875,791.3464042689811
E.K. Chalki,PhotovoltaicArray,2024-10-29 08:45:00,164.20260620117188,656.8104248046875,832.3950449956086
E.K. Chalki,PhotovoltaicArray,2024-10-29 09:00:00,155.9680938720703,623.8723754882812,852.3839483059662
E.K. Chalki,PhotovoltaicArray,2024-10-29 09:15:00,166.8708038330078,667.4832153320312,872.3728516163238
E.K. Chalki,PhotovoltaicArray,2024-10-29 09:30:00,167.17391967773438,668.6956787109375,892.3617549266814
E.K. Chalki,PhotovoltaicArray,2024-10-29 09:45:00,158.7101287841797,634.8405151367188,912.3506582370393
E.K. Chalki,PhotovoltaicArray,2024-10-29 10:00:00,157.6798858642578,630.7195434570312,909.8520453232444
E.K. Chalki,PhotovoltaicArray,2024-10-29 10:15:00,160.65733337402344,642.6293334960938,907.3534324094497
E.K. Chalki,PhotovoltaicArray,2024-10-29 10:30:00,159.2391815185547,636.9567260742188,904.854819495655
E.K. Chalki,PhotovoltaicArray,2024-10-29 10:45:00,165.0579376220703,660.2317504882812,902.3562065818603
E.K. Chalki,PhotovoltaicArray,2024-10-29 11:00:00,152.11087036132812,608.4434814453125,877.3700774439131
E.K. Chalki,PhotovoltaicArray,2024-10-29 11:15:00,154.16519165039062,616.6607666015625,852.3839483059662
E.K. Chalki,PhotovoltaicArray,2024-10-29 11:30:00,145.10675048828125,580.427001953125,827.397819168019
E.K. Chalki,PhotovoltaicArray,2024-10-29 11:45:00,147.80764770507812,591.2305908203125,802.411690030072
E.K. Chalki,PhotovoltaicArray,2024-10-29 12:00:00,139.92034912109375,559.681396484375,757.793602283738
E.K. Chalki,PhotovoltaicArray,2024-10-29 12:15:00,128.3797607421875,513.51904296875,713.1755145374038
E.K. Chalki,PhotovoltaicArray,2024-10-29 12:30:00,118.34661102294922,473.3864440917969,668.5574267910697
E.K. Chalki,PhotovoltaicArray,2024-10-29 12:45:00,117.91093444824219,471.64373779296875,625.3671178526183
E.K. Chalki,PhotovoltaicArray,2024-10-29 13:00:00,112.52403259277344,450.09613037109375,565.4004079215454
E.K. Chalki,PhotovoltaicArray,2024-10-29 13:15:00,98.37171936035156,393.48687744140625,505.4336979904724
E.K. Chalki,PhotovoltaicArray,2024-10-29 13:30:00,85.33814239501953,341.3525695800781,445.46698805939945
E.K. Chalki,PhotovoltaicArray,2024-10-29 13:45:00,66.15773010253906,264.63092041015625,385.5002781283264
E.K. Chalki,PhotovoltaicArray,2024-10-29 14:00:00,55.484703063964844,221.93881225585938,321.9641211775467
E.K. Chalki,PhotovoltaicArray,2024-10-29 14:15:00,37.72483825683594,150.89935302734375,258.42796422676696
E.K. Chalki,PhotovoltaicArray,2024-10-29 14:30:00,29.45670509338379,117.82682037353516,194.89180727598725
E.K. Chalki,PhotovoltaicArray,2024-10-29 14:45:00,13.9476318359375,55.79052734375,131.35565032520753
E.K. Chalki,PhotovoltaicArray,2024-10-29 15:00:00,5.357715606689453,21.430862426757812,99.23062714784699
E.K. Chalki,PhotovoltaicArray,2024-10-29 15:15:00,0.0,0.0,67.10560397048644
E.K. Chalki,PhotovoltaicArray,2024-10-29 15:30:00,0.0,0.0,34.98058079312592
E.K. Chalki,PhotovoltaicArray,2024-10-29 15:45:00,0.0,0.0,2.8555576157653806
E.K. Chalki,PhotovoltaicArray,2024-10-29 16:00:00,0.0,0.0,2.1416682118240353
E.K. Chalki,PhotovoltaicArray,2024-10-29 16:15:00,0.0,0.0,1.4277788078826903
E.K. Chalki,PhotovoltaicArray,2024-10-29 16:30:00,0.0,0.0,0.7138894039413451
E.K. Chalki,PhotovoltaicArray,2024-10-29 16:45:00,0.0,0.0,0.0
E.K. Chalki,PhotovoltaicArray,2024-10-29 17:00:00,0.0,0.0,0.0
E.K. Chalki,PhotovoltaicArray,2024-10-29 17:15:00,0.0,0.0,0.0
E.K. Chalki,PhotovoltaicArray,2024-10-29 17:30:00,0.0,0.0,0.0
E.K. Chalki,PhotovoltaicArray,2024-10-29 17:45:00,0.0,0.0,0.0
E.K. Chalki,PhotovoltaicArray,2024-10-29 18:00:00,0.0,0.0,0.0
E.K. Chalki,PhotovoltaicArray,2024-10-29 18:15:00,0.0,0.0,0.0
E.K. Chalki,PhotovoltaicArray,2024-10-29 18:30:00,0.0,0.0,0.0
E.K. Chalki,PhotovoltaicArray,2024-10-29 18:45:00,0.0,0.0,0.0
E.K. Chalki,PhotovoltaicArray,2024-10-29 19:00:00,0.0,0.0,0.0
E.K. Chalki,PhotovoltaicArray,2024-10-29 19:15:00,0.0,0.0,0.0
E.K. Chalki,PhotovoltaicArray,2024-10-29 19:30:00,0.0,0.0,0.0
E.K. Chalki,PhotovoltaicArray,2024-10-29 19:45:00,0.0,0.0,0.0
E.K. Chalki,PhotovoltaicArray,2024-10-29 20:00:00,0.0,0.0,0.0
E.K. Chalki,PhotovoltaicArray,2024-10-29 20:15:00,0.0,0.0,0.0
E.K. Chalki,PhotovoltaicArray,2024-10-29 20:30:00,0.0,0.0,0.0
E.K. Chalki,PhotovoltaicArray,2024-10-29 20:45:00,0.0,0.0,0.0
E.K. Chalki,PhotovoltaicArray,2024-10-29 21:00:00,0.0,0.0,0.0
E.K. Chalki,PhotovoltaicArray,2024-10-29 21:15:00,0.0,0.0,0.0
E.K. Chalki,PhotovoltaicArray,2024-10-29 21:30:00,0.0,0.0,0.0
E.K. Chalki,PhotovoltaicArray,2024-10-29 21:45:00,0.0,0.0,0.0
E.K. Chalki,PhotovoltaicArray,2024-10-29 22:00:00,0.0,0.0,0.0
E.K. Chalki,PhotovoltaicArray,2024-10-29 22:15:00,0.0,0.0,0.0
E.K. Chalki,PhotovoltaicArray,2024-10-29 22:30:00,0.0,0.0,0.0
E.K. Chalki,PhotovoltaicArray,2024-10-29 22:45:00,0.0,0.0,0.0
E.K. Chalki,PhotovoltaicArray,2024-10-29 23:00:00,0.0,0.0,0.0
E.K. Chalki,PhotovoltaicArray,2024-10-29 23:15:00,0.0,0.0,0.0
E.K. Chalki,PhotovoltaicArray,2024-10-29 23:30:00,0.0,0.0,0.0
E.K. Chalki,PhotovoltaicArray,2024-10-29 23:45:00,0.0,0.0,0.0
E.K. Chalki,PhotovoltaicArray,2024-10-30 00:00:00,0.0,0.0,0.0
E.K. Chalki,PhotovoltaicArray,2024-10-30 00:15:00,0.0,0.0,0.0
E.K. Chalki,PhotovoltaicArray,2024-10-30 00:30:00,0.0,0.0,0.0
E.K. Chalki,PhotovoltaicArray,2024-10-30 00:45:00,0.0,0.0,0.0
E.K. Chalki,PhotovoltaicArray,2024-10-30 01:00:00,0.0,0.0,0.0
E.K. Chalki,PhotovoltaicArray,2024-10-30 01:15:00,0.0,0.0,0.0
E.K. Chalki,PhotovoltaicArray,2024-10-30 01:30:00,0.0,0.0,0.0
E.K. Chalki,PhotovoltaicArray,2024-10-30 01:45:00,0.0,0.0,0.0
E.K. Chalki,PhotovoltaicArray,2024-10-30 02:00:00,0.0,0.0,0.0
E.K. Chalki,PhotovoltaicArray,2024-10-30 02:15:00,0.0,0.0,0.0
E.K. Chalki,PhotovoltaicArray,2024-10-30 02:30:00,0.0,0.0,0.0
E.K. Chalki,PhotovoltaicArray,2024-10-30 02:45:00,0.0,0.0,0.0
E.K. Chalki,PhotovoltaicArray,2024-10-30 03:00:00,0.0,0.0,0.0
E.K. Chalki,PhotovoltaicArray,2024-10-30 03:15:00,0.0,0.0,0.0
E.K. Chalki,PhotovoltaicArray,2024-10-30 03:30:00,0.0,0.0,0.0
E.K. Chalki,PhotovoltaicArray,2024-10-30 03:45:00,0.0,0.0,0.0
E.K. Chalki,PhotovoltaicArray,2024-10-30 04:00:00,0.0,0.0,2.867235118758869
E.K. Chalki,PhotovoltaicArray,2024-10-30 04:15:00,0.0,0.0,5.734470237517738
E.K. Chalki,PhotovoltaicArray,2024-10-30 04:30:00,0.0,0.0,8.601705356276605
E.K. Chalki,PhotovoltaicArray,2024-10-30 04:45:00,0.0,0.0,11.468940475035476
E.K. Chalki,PhotovoltaicArray,2024-10-30 05:00:00,4.58160400390625,18.326416015625,52.685445307194215
E.K. Chalki,PhotovoltaicArray,2024-10-30 05:15:00,13.143716812133789,52.574867248535156,93.90195013935295
E.K. Chalki,PhotovoltaicArray,2024-10-30 05:30:00,20.92991828918457,83.71967315673828,135.11845497151168
E.K. Chalki,PhotovoltaicArray,2024-10-30 05:45:00,34.81960678100586,139.27842712402344,176.33495980367042
E.K. Chalki,PhotovoltaicArray,2024-10-30 06:00:00,47.183494567871094,188.73397827148438,238.3389192468309
E.K. Chalki,PhotovoltaicArray,2024-10-30 06:15:00,67.13932800292969,268.55731201171875,300.34287868999144
E.K. Chalki,PhotovoltaicArray,2024-10-30 06:30:00,78.65730285644531,314.62921142578125,362.34683813315195
E.K. Chalki,PhotovoltaicArray,2024-10-30 06:45:00,96.10535430908203,384.4214172363281,422.9171800169332
E.K. Chalki,PhotovoltaicArray,2024-10-30 07:00:00,104.83129119873047,419.3251647949219,475.9610297139722
E.K. Chalki,PhotovoltaicArray,2024-10-30 07:15:00,106.47164916992188,425.8865966796875,529.0048794110113
E.K. Chalki,PhotovoltaicArray,2024-10-30 07:30:00,110.75070190429688,443.0028076171875,582.0487291080503
E.K. Chalki,PhotovoltaicArray,2024-10-30 07:45:00,128.44947814941406,513.7979125976562,635.0925788050895
E.K. Chalki,PhotovoltaicArray,2024-10-30 08:00:00,122.67235565185547,490.6894226074219,674.8754660778687
E.K. Chalki,PhotovoltaicArray,2024-10-30 08:15:00,121.98246002197266,487.9298400878906,714.6583533506481
E.K. Chalki,PhotovoltaicArray,2024-10-30 08:30:00,141.59927368164062,566.3970947265625,754.4412406234273
E.K. Chalki,PhotovoltaicArray,2024-10-30 08:45:00,155.23672485351562,620.9468994140625,794.2241278962066
E.K. Chalki,PhotovoltaicArray,2024-10-30 09:00:00,146.19374084472656,584.7749633789062,814.2947737275188
E.K. Chalki,PhotovoltaicArray,2024-10-30 09:15:00,155.1177520751953,620.4710083007812,834.3654195588307
E.K. Chalki,PhotovoltaicArray,2024-10-30 09:30:00,154.95135498046875,619.805419921875,854.436065390143
E.K. Chalki,PhotovoltaicArray,2024-10-30 09:45:00,154.11204528808594,616.4481811523438,874.506711221455
E.K. Chalki,PhotovoltaicArray,2024-10-30 10:00:00,150.3512420654297,601.4049682617188,865.1881970854887
E.K. Chalki,PhotovoltaicArray,2024-10-30 10:15:00,149.14169311523438,596.5667724609375,855.8696829495224
E.K. Chalki,PhotovoltaicArray,2024-10-30 10:30:00,152.0250701904297,608.1002807617188,846.551168813556
E.K. Chalki,PhotovoltaicArray,2024-10-30 10:45:00,152.09754943847656,608.3901977539062,837.2326546775897
E.K. Chalki,PhotovoltaicArray,2024-10-30 11:00:00,146.25233459472656,585.0093383789062,812.8611561681394
E.K. Chalki,PhotovoltaicArray,2024-10-30 11:15:00,129.41192626953125,517.647705078125,788.489657658689
E.K. Chalki,PhotovoltaicArray,2024-10-30 11:30:00,132.72586059570312,530.9034423828125,764.1181591492384
E.K. Chalki,PhotovoltaicArray,2024-10-30 11:45:00,134.66653442382812,538.6661376953125,739.746660639788
E.K. Chalki,PhotovoltaicArray,2024-10-30 12:00:00,133.88986206054688,535.5594482421875,694.229303129491
E.K. Chalki,PhotovoltaicArray,2024-10-30 12:15:00,110.10008239746094,440.40032958984375,648.7119456191939
E.K. Chalki,PhotovoltaicArray,2024-10-30 12:30:00,101.68537902832031,406.74151611328125,603.194588108897
E.K. Chalki,PhotovoltaicArray,2024-10-30 12:45:00,98.26850891113281,393.07403564453125,556.2436130392206
E.K. Chalki,PhotovoltaicArray,2024-10-30 13:00:00,89.33047485351562,357.3218994140625,500.6909326132674
E.K. Chalki,PhotovoltaicArray,2024-10-30 13:15:00,76.257568359375,305.0302734375,445.1382521873144
E.K. Chalki,PhotovoltaicArray,2024-10-30 13:30:00,63.258609771728516,253.03443908691406,389.5855717613613
E.K. Chalki,PhotovoltaicArray,2024-10-30 13:45:00,54.63015365600586,218.52061462402344,334.0328913354082
E.K. Chalki,PhotovoltaicArray,2024-10-30 14:00:00,43.23997497558594,172.95989990234375,275.97138018054113
E.K. Chalki,PhotovoltaicArray,2024-10-30 14:15:00,23.738555908203125,94.9542236328125,217.90986902567403
E.K. Chalki,PhotovoltaicArray,2024-10-30 14:30:00,23.346181869506836,93.38472747802734,159.84835787080692
E.K. Chalki,PhotovoltaicArray,2024-10-30 14:45:00,8.61900806427002,34.47603225708008,101.78684671593984
E.K. Chalki,PhotovoltaicArray,2024-10-30 15:00:00,3.8442697525024414,15.377079010009766,76.69853942679974
E.K. Chalki,PhotovoltaicArray,2024-10-30 15:15:00,0.0,0.0,51.610232137659644
E.K. Chalki,PhotovoltaicArray,2024-10-30 15:30:00,0.0,0.0,26.521924848519532
E.K. Chalki,PhotovoltaicArray,2024-10-30 15:45:00,0.0,0.0,1.4336175593794345
E.K. Chalki,PhotovoltaicArray,2024-10-30 16:00:00,0.0,0.0,1.0752131695345757
E.K. Chalki,PhotovoltaicArray,2024-10-30 16:15:00,0.0,0.0,0.7168087796897172
E.K. Chalki,PhotovoltaicArray,2024-10-30 16:30:00,0.0,0.0,0.3584043898448586
E.K. Chalki,PhotovoltaicArray,2024-10-30 16:45:00,0.0,0.0,0.0
E.K. Chalki,PhotovoltaicArray,2024-10-30 17:00:00,0.0,0.0,0.0
E.K. Chalki,PhotovoltaicArray,2024-10-30 17:15:00,0.0,0.0,0.0
E.K. Chalki,PhotovoltaicArray,2024-10-30 17:30:00,0.0,0.0,0.0
E.K. Chalki,PhotovoltaicArray,2024-10-30 17:45:00,0.0,0.0,0.0
E.K. Chalki,PhotovoltaicArray,2024-10-30 18:00:00,0.0,0.0,0.0
E.K. Chalki,PhotovoltaicArray,2024-10-30 18:15:00,0.0,0.0,0.0
E.K. Chalki,PhotovoltaicArray,2024-10-30 18:30:00,0.0,0.0,0.0
E.K. Chalki,PhotovoltaicArray,2024-10-30 18:45:00,0.0,0.0,0.0
E.K. Chalki,PhotovoltaicArray,2024-10-30 19:00:00,0.0,0.0,0.0
E.K. Chalki,PhotovoltaicArray,2024-10-30 19:15:00,0.0,0.0,0.0
E.K. Chalki,PhotovoltaicArray,2024-10-30 19:30:00,0.0,0.0,0.0
E.K. Chalki,PhotovoltaicArray,2024-10-30 19:45:00,0.0,0.0,0.0
E.K. Chalki,PhotovoltaicArray,2024-10-30 20:00:00,0.0,0.0,0.0
E.K. Chalki,PhotovoltaicArray,2024-10-30 20:15:00,0.0,0.0,0.0
E.K. Chalki,PhotovoltaicArray,2024-10-30 20:30:00,0.0,0.0,0.0
E.K. Chalki,PhotovoltaicArray,2024-10-30 20:45:00,0.0,0.0,0.0
E.K. Chalki,PhotovoltaicArray,2024-10-30 21:00:00,0.0,0.0,0.0
E.K. Chalki,PhotovoltaicArray,2024-10-30 21:15:00,0.0,0.0,0.0
E.K. Chalki,PhotovoltaicArray,2024-10-30 21:30:00,0.0,0.0,0.0
E.K. Chalki,PhotovoltaicArray,2024-10-30 21:45:00,0.0,0.0,0.0
E.K. Chalki,PhotovoltaicArray,2024-10-30 22:00:00,0.0,0.0,0.0
E.K. Chalki,PhotovoltaicArray,2024-10-30 22:15:00,0.0,0.0,0.0
E.K. Chalki,PhotovoltaicArray,2024-10-30 22:30:00,0.0,0.0,0.0
E.K. Chalki,PhotovoltaicArray,2024-10-30 22:45:00,0.0,0.0,0.0
E.K. Chalki,PhotovoltaicArray,2024-10-30 23:00:00,0.0,0.0,0.0
E.K. Chalki,PhotovoltaicArray,2024-10-30 23:15:00,0.0,0.0,0.0
E.K. Chalki,PhotovoltaicArray,2024-10-30 23:30:00,0.0,0.0,0.0
E.K. Chalki,PhotovoltaicArray,2024-10-30 23:45:00,0.0,0.0,0.0
