timestamps,total_energy,is_active
2023-01-01 00:00:00,0.0,0
2023-01-01 00:15:00,0.0,0
2023-01-01 00:30:00,0.0,0
2023-01-01 00:45:00,0.0,0
2023-01-01 01:00:00,0.0,0
2023-01-01 01:15:00,0.0,0
2023-01-01 01:30:00,0.0,0
2023-01-01 01:45:00,0.0,0
2023-01-01 02:00:00,0.0,0
2023-01-01 02:15:00,0.0,0
2023-01-01 02:30:00,0.0,0
2023-01-01 02:45:00,0.0,0
2023-01-01 03:00:00,0.0,0
2023-01-01 03:15:00,0.0,0
2023-01-01 03:30:00,0.0,0
2023-01-01 03:45:00,0.0,0
2023-01-01 04:00:00,0.0,0
2023-01-01 04:15:00,0.0,0
2023-01-01 04:30:00,0.0,0
2023-01-01 04:45:00,0.0,0
2023-01-01 05:00:00,0.0,0
2023-01-01 05:15:00,0.0,0
2023-01-01 05:30:00,0.0,0
2023-01-01 05:45:00,75.66703796386719,1
2023-01-01 06:00:00,86.28575134277344,1
2023-01-01 06:15:00,99.64476776123048,1
2023-01-01 06:30:00,111.35584259033205,1
2023-01-01 06:45:00,129.45590209960938,1
2023-01-01 07:00:00,125.12822723388672,1
2023-01-01 07:15:00,130.35800170898438,1
2023-01-01 07:30:00,137.27239990234375,1
2023-01-01 07:45:00,154.53501892089844,1
2023-01-01 08:00:00,169.0728759765625,1
2023-01-01 08:15:00,166.4477996826172,1
2023-01-01 08:30:00,149.01266479492188,1
2023-01-01 08:45:00,171.6465606689453,1
2023-01-01 09:00:00,173.93777465820312,1
2023-01-01 09:15:00,166.0924072265625,1
2023-01-01 09:30:00,190.52513122558597,1
2023-01-01 09:45:00,204.04449462890625,1
2023-01-01 10:00:00,198.5648498535156,1
2023-01-01 10:15:00,203.11935424804688,1
2023-01-01 10:30:00,194.6634063720703,1
2023-01-01 10:45:00,179.2967529296875,1
2023-01-01 11:00:00,182.16831970214844,1
2023-01-01 11:15:00,174.80641174316406,1
2023-01-01 11:30:00,167.287109375,1
2023-01-01 11:45:00,174.24864196777344,1
2023-01-01 12:00:00,163.3152618408203,1
2023-01-01 12:15:00,178.10328674316406,1
2023-01-01 12:30:00,148.15611267089844,1
2023-01-01 12:45:00,157.68215942382812,1
2023-01-01 13:00:00,166.2119903564453,1
2023-01-01 13:15:00,142.73187255859375,1
2023-01-01 13:30:00,131.90530395507812,1
2023-01-01 13:45:00,137.27976989746094,1
2023-01-01 14:00:00,113.53583526611328,1
2023-01-01 14:15:00,108.36380767822266,1
2023-01-01 14:30:00,94.3814468383789,1
2023-01-01 14:45:00,80.33943176269531,1
2023-01-01 15:00:00,79.30598449707031,1
2023-01-01 15:15:00,0.0,0
2023-01-01 15:30:00,0.0,0
2023-01-01 15:45:00,0.0,0
2023-01-01 16:00:00,0.0,0
2023-01-01 16:15:00,0.0,0
2023-01-01 16:30:00,0.0,0
2023-01-01 16:45:00,0.0,0
2023-01-01 17:00:00,0.0,0
2023-01-01 17:15:00,0.0,0
2023-01-01 17:30:00,0.0,0
2023-01-01 17:45:00,0.0,0
2023-01-01 18:00:00,0.0,0
2023-01-01 18:15:00,0.0,0
2023-01-01 18:30:00,0.0,0
2023-01-01 18:45:00,0.0,0
2023-01-01 19:00:00,0.0,0
2023-01-01 19:15:00,0.0,0
2023-01-01 19:30:00,0.0,0
2023-01-01 19:45:00,0.0,0
2023-01-01 20:00:00,0.0,0
2023-01-01 20:15:00,0.0,0
2023-01-01 20:30:00,0.0,0
2023-01-01 20:45:00,0.0,0
2023-01-01 21:00:00,0.0,0
2023-01-01 21:15:00,0.0,0
2023-01-01 21:30:00,0.0,0
2023-01-01 21:45:00,0.0,0
2023-01-01 22:00:00,0.0,0
2023-01-01 22:15:00,0.0,0
2023-01-01 22:30:00,0.0,0
2023-01-01 22:45:00,0.0,0
2023-01-01 23:00:00,0.0,0
2023-01-01 23:15:00,0.0,0
2023-01-01 23:30:00,0.0,0
2023-01-01 23:45:00,0.0,0
2023-01-02 00:00:00,0.0,0
2023-01-02 00:15:00,0.0,0
2023-01-02 00:30:00,0.0,0
2023-01-02 00:45:00,0.0,0
2023-01-02 01:00:00,0.0,0
2023-01-02 01:15:00,0.0,0
2023-01-02 01:30:00,0.0,0
2023-01-02 01:45:00,0.0,0
2023-01-02 02:00:00,0.0,0
2023-01-02 02:15:00,0.0,0
2023-01-02 02:30:00,0.0,0
2023-01-02 02:45:00,0.0,0
2023-01-02 03:00:00,0.0,0
2023-01-02 03:15:00,0.0,0
2023-01-02 03:30:00,0.0,0
2023-01-02 03:45:00,0.0,0
2023-01-02 04:00:00,0.0,0
2023-01-02 04:15:00,0.0,0
2023-01-02 04:30:00,0.0,0
2023-01-02 04:45:00,0.0,0
2023-01-02 05:00:00,0.0,0
2023-01-02 05:15:00,0.0,0
2023-01-02 05:30:00,0.0,0
2023-01-02 05:45:00,75.9637680053711,1
2023-01-02 06:00:00,85.72704315185547,1
2023-01-02 06:15:00,94.67723083496094,1
2023-01-02 06:30:00,112.81729125976562,1
2023-01-02 06:45:00,128.58822631835938,1
2023-01-02 07:00:00,126.29566955566406,1
2023-01-02 07:15:00,133.42672729492188,1
2023-01-02 07:30:00,139.39749145507812,1
2023-01-02 07:45:00,160.01194763183594,1
2023-01-02 08:00:00,169.38778686523438,1
2023-01-02 08:15:00,166.12991333007812,1
2023-01-02 08:30:00,173.65480041503906,1
2023-01-02 08:45:00,183.1199951171875,1
2023-01-02 09:00:00,173.4444580078125,1
2023-01-02 09:15:00,176.39419555664062,1
2023-01-02 09:30:00,159.35205078125,1
2023-01-02 09:45:00,214.05120849609372,1
2023-01-02 10:00:00,178.64430236816406,1
2023-01-02 10:15:00,190.83981323242188,1
2023-01-02 10:30:00,193.63856506347656,1
2023-01-02 10:45:00,147.72482299804688,1
2023-01-02 11:00:00,182.49571228027344,1
2023-01-02 11:15:00,191.70877075195312,1
2023-01-02 11:30:00,168.53302001953125,1
2023-01-02 11:45:00,168.92691040039062,1
2023-01-02 12:00:00,161.3911895751953,1
2023-01-02 12:15:00,140.17474365234375,1
2023-01-02 12:30:00,156.10116577148438,1
2023-01-02 12:45:00,150.7299041748047,1
2023-01-02 13:00:00,167.31707763671875,1
2023-01-02 13:15:00,139.46884155273438,1
2023-01-02 13:30:00,131.93072509765625,1
2023-01-02 13:45:00,141.01611328125,1
2023-01-02 14:00:00,112.81969451904295,1
2023-01-02 14:15:00,103.02969360351562,1
2023-01-02 14:30:00,86.89815521240234,1
2023-01-02 14:45:00,79.59436798095703,1
2023-01-02 15:00:00,76.42888641357422,1
2023-01-02 15:15:00,0.0,0
2023-01-02 15:30:00,0.0,0
2023-01-02 15:45:00,0.0,0
2023-01-02 16:00:00,0.0,0
2023-01-02 16:15:00,0.0,0
2023-01-02 16:30:00,0.0,0
2023-01-02 16:45:00,0.0,0
2023-01-02 17:00:00,0.0,0
2023-01-02 17:15:00,0.0,0
2023-01-02 17:30:00,0.0,0
2023-01-02 17:45:00,0.0,0
2023-01-02 18:00:00,0.0,0
2023-01-02 18:15:00,0.0,0
2023-01-02 18:30:00,0.0,0
2023-01-02 18:45:00,0.0,0
2023-01-02 19:00:00,0.0,0
2023-01-02 19:15:00,0.0,0
2023-01-02 19:30:00,0.0,0
2023-01-02 19:45:00,0.0,0
2023-01-02 20:00:00,0.0,0
2023-01-02 20:15:00,0.0,0
2023-01-02 20:30:00,0.0,0
2023-01-02 20:45:00,0.0,0
2023-01-02 21:00:00,0.0,0
2023-01-02 21:15:00,0.0,0
2023-01-02 21:30:00,0.0,0
2023-01-02 21:45:00,0.0,0
2023-01-02 22:00:00,0.0,0
2023-01-02 22:15:00,0.0,0
2023-01-02 22:30:00,0.0,0
2023-01-02 22:45:00,0.0,0
2023-01-02 23:00:00,0.0,0
2023-01-02 23:15:00,0.0,0
2023-01-02 23:30:00,0.0,0
2023-01-02 23:45:00,0.0,0
2023-01-03 00:00:00,0.0,0
2023-01-03 00:15:00,0.0,0
2023-01-03 00:30:00,0.0,0
2023-01-03 00:45:00,0.0,0
2023-01-03 01:00:00,0.0,0
2023-01-03 01:15:00,0.0,0
2023-01-03 01:30:00,0.0,0
2023-01-03 01:45:00,0.0,0
2023-01-03 02:00:00,0.0,0
2023-01-03 02:15:00,0.0,0
2023-01-03 02:30:00,0.0,0
2023-01-03 02:45:00,0.0,0
2023-01-03 03:00:00,0.0,0
2023-01-03 03:15:00,0.0,0
2023-01-03 03:30:00,0.0,0
2023-01-03 03:45:00,0.0,0
2023-01-03 04:00:00,0.0,0
2023-01-03 04:15:00,0.0,0
2023-01-03 04:30:00,0.0,0
2023-01-03 04:45:00,0.0,0
2023-01-03 05:00:00,0.0,0
2023-01-03 05:15:00,0.0,0
2023-01-03 05:30:00,0.0,0
2023-01-03 05:45:00,0.0,0
2023-01-03 06:00:00,82.6999282836914,1
2023-01-03 06:15:00,91.42768096923828,1
2023-01-03 06:30:00,104.6454620361328,1
2023-01-03 06:45:00,125.32829284667967,1
2023-01-03 07:00:00,121.4910125732422,1
2023-01-03 07:15:00,126.99883270263672,1
2023-01-03 07:30:00,121.80733489990234,1
2023-01-03 07:45:00,141.62164306640625,1
2023-01-03 08:00:00,169.292236328125,1
2023-01-03 08:15:00,167.33042907714844,1
2023-01-03 08:30:00,157.91075134277344,1
2023-01-03 08:45:00,169.88877868652344,1
2023-01-03 09:00:00,170.1935272216797,1
2023-01-03 09:15:00,144.71246337890625,1
2023-01-03 09:30:00,166.24151611328125,1
2023-01-03 09:45:00,181.99375915527344,1
2023-01-03 10:00:00,154.54197692871094,1
2023-01-03 10:15:00,122.78602600097656,1
2023-01-03 10:30:00,167.24327087402344,1
2023-01-03 10:45:00,157.94273376464844,1
2023-01-03 11:00:00,199.1293182373047,1
2023-01-03 11:15:00,162.93951416015625,1
2023-01-03 11:30:00,163.88693237304688,1
2023-01-03 11:45:00,156.688720703125,1
2023-01-03 12:00:00,154.97006225585938,1
2023-01-03 12:15:00,162.33164978027344,1
2023-01-03 12:30:00,136.22569274902344,1
2023-01-03 12:45:00,143.69931030273438,1
2023-01-03 13:00:00,129.0581512451172,1
2023-01-03 13:15:00,131.55203247070312,1
2023-01-03 13:30:00,107.05220794677734,1
2023-01-03 13:45:00,132.4080047607422,1
2023-01-03 14:00:00,123.24095153808594,1
2023-01-03 14:15:00,98.51809692382812,1
2023-01-03 14:30:00,97.02771759033205,1
2023-01-03 14:45:00,77.3226089477539,1
2023-01-03 15:00:00,77.45465087890625,1
2023-01-03 15:15:00,0.0,0
2023-01-03 15:30:00,0.0,0
2023-01-03 15:45:00,0.0,0
2023-01-03 16:00:00,0.0,0
2023-01-03 16:15:00,0.0,0
2023-01-03 16:30:00,0.0,0
2023-01-03 16:45:00,0.0,0
2023-01-03 17:00:00,0.0,0
2023-01-03 17:15:00,0.0,0
2023-01-03 17:30:00,0.0,0
2023-01-03 17:45:00,0.0,0
2023-01-03 18:00:00,0.0,0
2023-01-03 18:15:00,0.0,0
2023-01-03 18:30:00,0.0,0
2023-01-03 18:45:00,0.0,0
2023-01-03 19:00:00,0.0,0
2023-01-03 19:15:00,0.0,0
2023-01-03 19:30:00,0.0,0
2023-01-03 19:45:00,0.0,0
2023-01-03 20:00:00,0.0,0
2023-01-03 20:15:00,0.0,0
2023-01-03 20:30:00,0.0,0
2023-01-03 20:45:00,0.0,0
2023-01-03 21:00:00,0.0,0
2023-01-03 21:15:00,0.0,0
2023-01-03 21:30:00,0.0,0
2023-01-03 21:45:00,0.0,0
2023-01-03 22:00:00,0.0,0
2023-01-03 22:15:00,0.0,0
2023-01-03 22:30:00,0.0,0
2023-01-03 22:45:00,0.0,0
2023-01-03 23:00:00,0.0,0
2023-01-03 23:15:00,0.0,0
2023-01-03 23:30:00,0.0,0
2023-01-03 23:45:00,0.0,0
2023-01-04 00:00:00,0.0,0
2023-01-04 00:15:00,0.0,0
2023-01-04 00:30:00,0.0,0
2023-01-04 00:45:00,0.0,0
2023-01-04 01:00:00,0.0,0
2023-01-04 01:15:00,0.0,0
2023-01-04 01:30:00,0.0,0
2023-01-04 01:45:00,0.0,0
2023-01-04 02:00:00,0.0,0
2023-01-04 02:15:00,0.0,0
2023-01-04 02:30:00,0.0,0
2023-01-04 02:45:00,0.0,0
2023-01-04 03:00:00,0.0,0
2023-01-04 03:15:00,0.0,0
2023-01-04 03:30:00,0.0,0
2023-01-04 03:45:00,0.0,0
2023-01-04 04:00:00,0.0,0
2023-01-04 04:15:00,0.0,0
2023-01-04 04:30:00,0.0,0
2023-01-04 04:45:00,0.0,0
2023-01-04 05:00:00,0.0,0
2023-01-04 05:15:00,0.0,0
2023-01-04 05:30:00,0.0,0
2023-01-04 05:45:00,0.0,0
2023-01-04 06:00:00,82.44880676269531,1
2023-01-04 06:15:00,88.1507568359375,1
2023-01-04 06:30:00,105.58263397216795,1
2023-01-04 06:45:00,123.38912200927734,1
2023-01-04 07:00:00,119.77033233642578,1
2023-01-04 07:15:00,130.8257293701172,1
2023-01-04 07:30:00,125.9083023071289,1
2023-01-04 07:45:00,143.8297576904297,1
2023-01-04 08:00:00,151.81997680664062,1
2023-01-04 08:15:00,167.696533203125,1
2023-01-04 08:30:00,148.18893432617188,1
2023-01-04 08:45:00,160.39259338378906,1
2023-01-04 09:00:00,157.67247009277344,1
2023-01-04 09:15:00,123.79959869384766,1
2023-01-04 09:30:00,142.80535888671875,1
2023-01-04 09:45:00,198.40028381347656,1
2023-01-04 10:00:00,128.0707550048828,1
2023-01-04 10:15:00,142.14320373535156,1
2023-01-04 10:30:00,166.7013397216797,1
2023-01-04 10:45:00,179.64491271972656,1
2023-01-04 11:00:00,200.21844482421875,1
2023-01-04 11:15:00,108.75665283203124,1
2023-01-04 11:30:00,158.64268493652344,1
2023-01-04 11:45:00,146.05575561523438,1
2023-01-04 12:00:00,153.2109832763672,1
2023-01-04 12:15:00,168.31224060058594,1
2023-01-04 12:30:00,141.23756408691406,1
2023-01-04 12:45:00,143.7672576904297,1
2023-01-04 13:00:00,128.30128479003906,1
2023-01-04 13:15:00,130.4902801513672,1
2023-01-04 13:30:00,124.64706420898438,1
2023-01-04 13:45:00,130.3937225341797,1
2023-01-04 14:00:00,113.06729125976562,1
2023-01-04 14:15:00,108.21510314941406,1
2023-01-04 14:30:00,82.26213836669922,1
2023-01-04 14:45:00,82.47252655029297,1
2023-01-04 15:00:00,76.00238037109375,1
2023-01-04 15:15:00,0.0,0
2023-01-04 15:30:00,0.0,0
2023-01-04 15:45:00,0.0,0
2023-01-04 16:00:00,0.0,0
2023-01-04 16:15:00,0.0,0
2023-01-04 16:30:00,0.0,0
2023-01-04 16:45:00,0.0,0
2023-01-04 17:00:00,0.0,0
2023-01-04 17:15:00,0.0,0
2023-01-04 17:30:00,0.0,0
2023-01-04 17:45:00,0.0,0
2023-01-04 18:00:00,0.0,0
2023-01-04 18:15:00,0.0,0
2023-01-04 18:30:00,0.0,0
2023-01-04 18:45:00,0.0,0
2023-01-04 19:00:00,0.0,0
2023-01-04 19:15:00,0.0,0
2023-01-04 19:30:00,0.0,0
2023-01-04 19:45:00,0.0,0
2023-01-04 20:00:00,0.0,0
2023-01-04 20:15:00,0.0,0
2023-01-04 20:30:00,0.0,0
2023-01-04 20:45:00,0.0,0
2023-01-04 21:00:00,0.0,0
2023-01-04 21:15:00,0.0,0
2023-01-04 21:30:00,0.0,0
2023-01-04 21:45:00,0.0,0
2023-01-04 22:00:00,0.0,0
2023-01-04 22:15:00,0.0,0
2023-01-04 22:30:00,0.0,0
2023-01-04 22:45:00,0.0,0
2023-01-04 23:00:00,0.0,0
2023-01-04 23:15:00,0.0,0
2023-01-04 23:30:00,0.0,0
2023-01-04 23:45:00,0.0,0
2023-01-05 00:00:00,0.0,0
2023-01-05 00:15:00,0.0,0
2023-01-05 00:30:00,0.0,0
2023-01-05 00:45:00,0.0,0
2023-01-05 01:00:00,0.0,0
2023-01-05 01:15:00,0.0,0
2023-01-05 01:30:00,0.0,0
2023-01-05 01:45:00,0.0,0
2023-01-05 02:00:00,0.0,0
2023-01-05 02:15:00,0.0,0
2023-01-05 02:30:00,0.0,0
2023-01-05 02:45:00,0.0,0
2023-01-05 03:00:00,0.0,0
2023-01-05 03:15:00,0.0,0
2023-01-05 03:30:00,0.0,0
2023-01-05 03:45:00,0.0,0
2023-01-05 04:00:00,0.0,0
2023-01-05 04:15:00,0.0,0
2023-01-05 04:30:00,0.0,0
2023-01-05 04:45:00,0.0,0
2023-01-05 05:00:00,0.0,0
2023-01-05 05:15:00,0.0,0
2023-01-05 05:30:00,0.0,0
2023-01-05 05:45:00,0.0,0
2023-01-05 06:00:00,78.52106475830078,1
2023-01-05 06:15:00,84.29662322998047,1
2023-01-05 06:30:00,104.05579376220705,1
2023-01-05 06:45:00,123.4752960205078,1
2023-01-05 07:00:00,119.04672241210938,1
2023-01-05 07:15:00,129.9302520751953,1
2023-01-05 07:30:00,112.39620971679688,1
2023-01-05 07:45:00,137.86985778808594,1
2023-01-05 08:00:00,152.4137420654297,1
2023-01-05 08:15:00,166.12875366210938,1
2023-01-05 08:30:00,134.23663330078125,1
2023-01-05 08:45:00,156.8621063232422,1
2023-01-05 09:00:00,157.67247009277344,1
2023-01-05 09:15:00,179.051513671875,1
2023-01-05 09:30:00,178.5985565185547,1
2023-01-05 09:45:00,160.87857055664062,1
2023-01-05 10:00:00,118.1780776977539,1
2023-01-05 10:15:00,157.0497589111328,1
2023-01-05 10:30:00,157.1964569091797,1
2023-01-05 10:45:00,183.84585571289065,1
2023-01-05 11:00:00,214.810546875,1
2023-01-05 11:15:00,152.16705322265625,1
2023-01-05 11:30:00,159.55148315429688,1
2023-01-05 11:45:00,173.7506866455078,1
2023-01-05 12:00:00,173.8265380859375,1
2023-01-05 12:15:00,172.021728515625,1
2023-01-05 12:30:00,139.88577270507812,1
2023-01-05 12:45:00,143.7672576904297,1
2023-01-05 13:00:00,130.41229248046875,1
2023-01-05 13:15:00,130.4902801513672,1
2023-01-05 13:30:00,124.64706420898438,1
2023-01-05 13:45:00,130.1996612548828,1
2023-01-05 14:00:00,113.06729125976562,1
2023-01-05 14:15:00,108.21510314941406,1
2023-01-05 14:30:00,78.15025329589844,1
2023-01-05 14:45:00,83.032470703125,1
2023-01-05 15:00:00,88.8901138305664,1
2023-01-05 15:15:00,0.0,0
2023-01-05 15:30:00,0.0,0
2023-01-05 15:45:00,0.0,0
2023-01-05 16:00:00,0.0,0
2023-01-05 16:15:00,0.0,0
2023-01-05 16:30:00,0.0,0
2023-01-05 16:45:00,0.0,0
2023-01-05 17:00:00,0.0,0
2023-01-05 17:15:00,0.0,0
2023-01-05 17:30:00,0.0,0
2023-01-05 17:45:00,0.0,0
2023-01-05 18:00:00,0.0,0
2023-01-05 18:15:00,0.0,0
2023-01-05 18:30:00,0.0,0
2023-01-05 18:45:00,0.0,0
2023-01-05 19:00:00,0.0,0
2023-01-05 19:15:00,0.0,0
2023-01-05 19:30:00,0.0,0
2023-01-05 19:45:00,0.0,0
2023-01-05 20:00:00,0.0,0
2023-01-05 20:15:00,0.0,0
2023-01-05 20:30:00,0.0,0
2023-01-05 20:45:00,0.0,0
2023-01-05 21:00:00,0.0,0
2023-01-05 21:15:00,0.0,0
2023-01-05 21:30:00,0.0,0
2023-01-05 21:45:00,0.0,0
2023-01-05 22:00:00,0.0,0
2023-01-05 22:15:00,0.0,0
2023-01-05 22:30:00,0.0,0
2023-01-05 22:45:00,0.0,0
2023-01-05 23:00:00,0.0,0
2023-01-05 23:15:00,0.0,0
2023-01-05 23:30:00,0.0,0
2023-01-05 23:45:00,0.0,0
2023-01-06 00:00:00,0.0,0
2023-01-06 00:15:00,0.0,0
2023-01-06 00:30:00,0.0,0
2023-01-06 00:45:00,0.0,0
2023-01-06 01:00:00,0.0,0
2023-01-06 01:15:00,0.0,0
2023-01-06 01:30:00,0.0,0
2023-01-06 01:45:00,0.0,0
2023-01-06 02:00:00,0.0,0
2023-01-06 02:15:00,0.0,0
2023-01-06 02:30:00,0.0,0
2023-01-06 02:45:00,0.0,0
2023-01-06 03:00:00,0.0,0
2023-01-06 03:15:00,0.0,0
2023-01-06 03:30:00,0.0,0
2023-01-06 03:45:00,0.0,0
2023-01-06 04:00:00,0.0,0
2023-01-06 04:15:00,0.0,0
2023-01-06 04:30:00,0.0,0
2023-01-06 04:45:00,0.0,0
2023-01-06 05:00:00,0.0,0
2023-01-06 05:15:00,0.0,0
2023-01-06 05:30:00,0.0,0
2023-01-06 05:45:00,0.0,0
2023-01-06 06:00:00,82.63961791992188,1
2023-01-06 06:15:00,87.48941040039062,1
2023-01-06 06:30:00,104.6454620361328,1
2023-01-06 06:45:00,127.94837951660156,1
2023-01-06 07:00:00,121.89641571044922,1
2023-01-06 07:15:00,130.01072692871094,1
2023-01-06 07:30:00,127.49817657470705,1
2023-01-06 07:45:00,146.1492462158203,1
2023-01-06 08:00:00,153.47213745117188,1
2023-01-06 08:15:00,175.1558837890625,1
2023-01-06 08:30:00,157.4081573486328,1
2023-01-06 08:45:00,167.93299865722656,1
2023-01-06 09:00:00,178.18319702148438,1
2023-01-06 09:15:00,122.95319366455078,1
2023-01-06 09:30:00,176.54331970214844,1
2023-01-06 09:45:00,178.18832397460938,1
2023-01-06 10:00:00,123.10197448730467,1
2023-01-06 10:15:00,162.712158203125,1
2023-01-06 10:30:00,157.96949768066406,1
2023-01-06 10:45:00,182.14822387695312,1
2023-01-06 11:00:00,176.18006896972656,1
2023-01-06 11:15:00,145.42425537109375,1
2023-01-06 11:30:00,163.16543579101562,1
2023-01-06 11:45:00,164.2398223876953,1
2023-01-06 12:00:00,173.88197326660156,1
2023-01-06 12:15:00,167.60813903808594,1
2023-01-06 12:30:00,158.33363342285156,1
2023-01-06 12:45:00,137.8015594482422,1
2023-01-06 13:00:00,133.2564239501953,1
2023-01-06 13:15:00,135.6125946044922,1
2023-01-06 13:30:00,130.46246337890625,1
2023-01-06 13:45:00,131.67764282226562,1
2023-01-06 14:00:00,123.21192932128906,1
2023-01-06 14:15:00,107.39651489257812,1
2023-01-06 14:30:00,90.4854736328125,1
2023-01-06 14:45:00,80.60812377929688,1
2023-01-06 15:00:00,76.4093246459961,1
2023-01-06 15:15:00,0.0,0
2023-01-06 15:30:00,0.0,0
2023-01-06 15:45:00,0.0,0
2023-01-06 16:00:00,0.0,0
2023-01-06 16:15:00,0.0,0
2023-01-06 16:30:00,0.0,0
2023-01-06 16:45:00,0.0,0
2023-01-06 17:00:00,0.0,0
2023-01-06 17:15:00,0.0,0
2023-01-06 17:30:00,0.0,0
2023-01-06 17:45:00,0.0,0
2023-01-06 18:00:00,0.0,0
2023-01-06 18:15:00,0.0,0
2023-01-06 18:30:00,0.0,0
2023-01-06 18:45:00,0.0,0
2023-01-06 19:00:00,0.0,0
2023-01-06 19:15:00,0.0,0
2023-01-06 19:30:00,0.0,0
2023-01-06 19:45:00,0.0,0
2023-01-06 20:00:00,0.0,0
2023-01-06 20:15:00,0.0,0
2023-01-06 20:30:00,0.0,0
2023-01-06 20:45:00,0.0,0
2023-01-06 21:00:00,0.0,0
2023-01-06 21:15:00,0.0,0
2023-01-06 21:30:00,0.0,0
2023-01-06 21:45:00,0.0,0
2023-01-06 22:00:00,0.0,0
2023-01-06 22:15:00,0.0,0
2023-01-06 22:30:00,0.0,0
2023-01-06 22:45:00,0.0,0
2023-01-06 23:00:00,0.0,0
2023-01-06 23:15:00,0.0,0
2023-01-06 23:30:00,0.0,0
2023-01-06 23:45:00,0.0,0
2023-01-07 00:00:00,0.0,0
2023-01-07 00:15:00,0.0,0
2023-01-07 00:30:00,0.0,0
2023-01-07 00:45:00,0.0,0
2023-01-07 01:00:00,0.0,0
2023-01-07 01:15:00,0.0,0
2023-01-07 01:30:00,0.0,0
2023-01-07 01:45:00,0.0,0
2023-01-07 02:00:00,0.0,0
2023-01-07 02:15:00,0.0,0
2023-01-07 02:30:00,0.0,0
2023-01-07 02:45:00,0.0,0
2023-01-07 03:00:00,0.0,0
2023-01-07 03:15:00,0.0,0
2023-01-07 03:30:00,0.0,0
2023-01-07 03:45:00,0.0,0
2023-01-07 04:00:00,0.0,0
2023-01-07 04:15:00,0.0,0
2023-01-07 04:30:00,0.0,0
2023-01-07 04:45:00,0.0,0
2023-01-07 05:00:00,0.0,0
2023-01-07 05:15:00,0.0,0
2023-01-07 05:30:00,0.0,0
2023-01-07 05:45:00,0.0,0
2023-01-07 06:00:00,82.63961791992188,1
2023-01-07 06:15:00,87.48941040039062,1
2023-01-07 06:30:00,104.6454620361328,1
2023-01-07 06:45:00,125.32829284667967,1
2023-01-07 07:00:00,122.0889663696289,1
2023-01-07 07:15:00,126.99883270263672,1
2023-01-07 07:30:00,121.80733489990234,1
2023-01-07 07:45:00,143.13330078125,1
2023-01-07 08:00:00,153.2244415283203,1
2023-01-07 08:15:00,175.35665893554688,1
2023-01-07 08:30:00,160.01034545898438,1
2023-01-07 08:45:00,166.2593994140625,1
2023-01-07 09:00:00,171.75567626953125,1
2023-01-07 09:15:00,128.27377319335938,1
2023-01-07 09:30:00,156.02374267578125,1
2023-01-07 09:45:00,111.72453308105467,1
2023-01-07 10:00:00,123.38580322265624,1
2023-01-07 10:15:00,121.9952392578125,1
2023-01-07 10:30:00,156.45074462890625,1
2023-01-07 10:45:00,183.8045196533203,1
2023-01-07 11:00:00,176.31549072265625,1
2023-01-07 11:15:00,139.27186584472656,1
2023-01-07 11:30:00,169.02899169921875,1
2023-01-07 11:45:00,158.52394104003906,1
2023-01-07 12:00:00,144.77427673339844,1
2023-01-07 12:15:00,171.10926818847656,1
2023-01-07 12:30:00,149.99099731445312,1
2023-01-07 12:45:00,142.89837646484375,1
2023-01-07 13:00:00,128.14053344726562,1
2023-01-07 13:15:00,132.05918884277344,1
2023-01-07 13:30:00,122.93009948730467,1
2023-01-07 13:45:00,135.90924072265625,1
2023-01-07 14:00:00,123.21192932128906,1
2023-01-07 14:15:00,105.79041290283205,1
2023-01-07 14:30:00,79.98794555664062,1
2023-01-07 14:45:00,78.02470397949219,1
2023-01-07 15:00:00,78.21206665039062,1
2023-01-07 15:15:00,0.0,0
2023-01-07 15:30:00,0.0,0
2023-01-07 15:45:00,0.0,0
2023-01-07 16:00:00,0.0,0
2023-01-07 16:15:00,0.0,0
2023-01-07 16:30:00,0.0,0
2023-01-07 16:45:00,0.0,0
2023-01-07 17:00:00,0.0,0
2023-01-07 17:15:00,0.0,0
2023-01-07 17:30:00,0.0,0
2023-01-07 17:45:00,0.0,0
2023-01-07 18:00:00,0.0,0
2023-01-07 18:15:00,0.0,0
2023-01-07 18:30:00,0.0,0
2023-01-07 18:45:00,0.0,0
2023-01-07 19:00:00,0.0,0
2023-01-07 19:15:00,0.0,0
2023-01-07 19:30:00,0.0,0
2023-01-07 19:45:00,0.0,0
2023-01-07 20:00:00,0.0,0
2023-01-07 20:15:00,0.0,0
2023-01-07 20:30:00,0.0,0
2023-01-07 20:45:00,0.0,0
2023-01-07 21:00:00,0.0,0
2023-01-07 21:15:00,0.0,0
2023-01-07 21:30:00,0.0,0
2023-01-07 21:45:00,0.0,0
2023-01-07 22:00:00,0.0,0
2023-01-07 22:15:00,0.0,0
2023-01-07 22:30:00,0.0,0
2023-01-07 22:45:00,0.0,0
2023-01-07 23:00:00,0.0,0
2023-01-07 23:15:00,0.0,0
2023-01-07 23:30:00,0.0,0
2023-01-07 23:45:00,0.0,0
2023-01-08 00:00:00,0.0,0
2023-01-08 00:15:00,0.0,0
2023-01-08 00:30:00,0.0,0
2023-01-08 00:45:00,0.0,0
2023-01-08 01:00:00,0.0,0
2023-01-08 01:15:00,0.0,0
2023-01-08 01:30:00,0.0,0
2023-01-08 01:45:00,0.0,0
2023-01-08 02:00:00,0.0,0
2023-01-08 02:15:00,0.0,0
2023-01-08 02:30:00,0.0,0
2023-01-08 02:45:00,0.0,0
2023-01-08 03:00:00,0.0,0
2023-01-08 03:15:00,0.0,0
2023-01-08 03:30:00,0.0,0
2023-01-08 03:45:00,0.0,0
2023-01-08 04:00:00,0.0,0
2023-01-08 04:15:00,0.0,0
2023-01-08 04:30:00,0.0,0
2023-01-08 04:45:00,0.0,0
2023-01-08 05:00:00,0.0,0
2023-01-08 05:15:00,0.0,0
2023-01-08 05:30:00,0.0,0
2023-01-08 05:45:00,0.0,0
2023-01-08 06:00:00,82.02418518066406,1
2023-01-08 06:15:00,85.27532196044922,1
2023-01-08 06:30:00,107.89856719970705,1
2023-01-08 06:45:00,123.4254379272461,1
2023-01-08 07:00:00,122.02733612060548,1
2023-01-08 07:15:00,110.7750015258789,1
2023-01-08 07:30:00,120.9150619506836,1
2023-01-08 07:45:00,142.33285522460938,1
2023-01-08 08:00:00,155.75221252441406,1
2023-01-08 08:15:00,170.37835693359375,1
2023-01-08 08:30:00,153.72955322265625,1
2023-01-08 08:45:00,160.30184936523438,1
2023-01-08 09:00:00,161.2075653076172,1
2023-01-08 09:15:00,172.0933837890625,1
2023-01-08 09:30:00,160.12716674804688,1
2023-01-08 09:45:00,121.21759796142578,1
2023-01-08 10:00:00,149.1243438720703,1
2023-01-08 10:15:00,144.9224395751953,1
2023-01-08 10:30:00,161.241943359375,1
2023-01-08 10:45:00,176.9019317626953,1
2023-01-08 11:00:00,196.6077117919922,1
2023-01-08 11:15:00,165.04945373535156,1
2023-01-08 11:30:00,164.81736755371094,1
2023-01-08 11:45:00,151.37376403808594,1
2023-01-08 12:00:00,145.859375,1
2023-01-08 12:15:00,157.91493225097656,1
2023-01-08 12:30:00,136.3251190185547,1
2023-01-08 12:45:00,142.89837646484375,1
2023-01-08 13:00:00,128.14053344726562,1
2023-01-08 13:15:00,132.05918884277344,1
2023-01-08 13:30:00,122.93009948730467,1
2023-01-08 13:45:00,140.33651733398438,1
2023-01-08 14:00:00,123.21192932128906,1
2023-01-08 14:15:00,107.10313415527344,1
2023-01-08 14:30:00,96.3341827392578,1
2023-01-08 14:45:00,0.0,0
2023-01-08 15:00:00,0.0,0
2023-01-08 15:15:00,0.0,0
2023-01-08 15:30:00,0.0,0
2023-01-08 15:45:00,0.0,0
2023-01-08 16:00:00,0.0,0
2023-01-08 16:15:00,0.0,0
2023-01-08 16:30:00,0.0,0
2023-01-08 16:45:00,0.0,0
2023-01-08 17:00:00,0.0,0
2023-01-08 17:15:00,0.0,0
2023-01-08 17:30:00,0.0,0
2023-01-08 17:45:00,0.0,0
2023-01-08 18:00:00,0.0,0
2023-01-08 18:15:00,0.0,0
2023-01-08 18:30:00,0.0,0
2023-01-08 18:45:00,0.0,0
2023-01-08 19:00:00,0.0,0
2023-01-08 19:15:00,0.0,0
2023-01-08 19:30:00,0.0,0
2023-01-08 19:45:00,0.0,0
2023-01-08 20:00:00,0.0,0
2023-01-08 20:15:00,0.0,0
2023-01-08 20:30:00,0.0,0
2023-01-08 20:45:00,0.0,0
2023-01-08 21:00:00,0.0,0
2023-01-08 21:15:00,0.0,0
2023-01-08 21:30:00,0.0,0
2023-01-08 21:45:00,0.0,0
2023-01-08 22:00:00,0.0,0
2023-01-08 22:15:00,0.0,0
2023-01-08 22:30:00,0.0,0
2023-01-08 22:45:00,0.0,0
2023-01-08 23:00:00,0.0,0
2023-01-08 23:15:00,0.0,0
2023-01-08 23:30:00,0.0,0
2023-01-08 23:45:00,0.0,0
2023-01-09 00:00:00,0.0,0
2023-01-09 00:15:00,0.0,0
2023-01-09 00:30:00,0.0,0
2023-01-09 00:45:00,0.0,0
2023-01-09 01:00:00,0.0,0
2023-01-09 01:15:00,0.0,0
2023-01-09 01:30:00,0.0,0
2023-01-09 01:45:00,0.0,0
2023-01-09 02:00:00,0.0,0
2023-01-09 02:15:00,0.0,0
2023-01-09 02:30:00,0.0,0
2023-01-09 02:45:00,0.0,0
2023-01-09 03:00:00,0.0,0
2023-01-09 03:15:00,0.0,0
2023-01-09 03:30:00,0.0,0
2023-01-09 03:45:00,0.0,0
2023-01-09 04:00:00,0.0,0
2023-01-09 04:15:00,0.0,0
2023-01-09 04:30:00,0.0,0
2023-01-09 04:45:00,0.0,0
2023-01-09 05:00:00,0.0,0
2023-01-09 05:15:00,0.0,0
2023-01-09 05:30:00,0.0,0
2023-01-09 05:45:00,0.0,0
2023-01-09 06:00:00,82.02418518066406,1
2023-01-09 06:15:00,85.27532196044922,1
2023-01-09 06:30:00,105.68440246582033,1
2023-01-09 06:45:00,125.52050018310548,1
2023-01-09 07:00:00,121.72673797607422,1
2023-01-09 07:15:00,110.54361724853516,1
2023-01-09 07:30:00,120.9150619506836,1
2023-01-09 07:45:00,143.16445922851562,1
2023-01-09 08:00:00,152.9986572265625,1
2023-01-09 08:15:00,170.37835693359375,1
2023-01-09 08:30:00,153.72955322265625,1
2023-01-09 08:45:00,159.7396697998047,1
2023-01-09 09:00:00,169.00074768066406,1
2023-01-09 09:15:00,189.7716064453125,1
2023-01-09 09:30:00,165.3006591796875,1
2023-01-09 09:45:00,160.56784057617188,1
2023-01-09 10:00:00,154.54197692871094,1
2023-01-09 10:15:00,130.18128967285156,1
2023-01-09 10:30:00,158.96067810058594,1
2023-01-09 10:45:00,157.94273376464844,1
2023-01-09 11:00:00,202.4095916748047,1
2023-01-09 11:15:00,139.30909729003906,1
2023-01-09 11:30:00,176.5860137939453,1
2023-01-09 11:45:00,151.37376403808594,1
2023-01-09 12:00:00,147.87533569335938,1
2023-01-09 12:15:00,163.4515380859375,1
2023-01-09 12:30:00,137.01907348632812,1
2023-01-09 12:45:00,145.9133758544922,1
2023-01-09 13:00:00,122.11083221435548,1
2023-01-09 13:15:00,133.74990844726562,1
2023-01-09 13:30:00,128.78517150878906,1
2023-01-09 13:45:00,135.90924072265625,1
2023-01-09 14:00:00,115.93479919433594,1
2023-01-09 14:15:00,105.79041290283205,1
2023-01-09 14:30:00,79.98794555664062,1
2023-01-09 14:45:00,78.02470397949219,1
2023-01-09 15:00:00,0.0,0
2023-01-09 15:15:00,0.0,0
2023-01-09 15:30:00,0.0,0
2023-01-09 15:45:00,0.0,0
2023-01-09 16:00:00,0.0,0
2023-01-09 16:15:00,0.0,0
2023-01-09 16:30:00,0.0,0
2023-01-09 16:45:00,0.0,0
2023-01-09 17:00:00,0.0,0
2023-01-09 17:15:00,0.0,0
2023-01-09 17:30:00,0.0,0
2023-01-09 17:45:00,0.0,0
2023-01-09 18:00:00,0.0,0
2023-01-09 18:15:00,0.0,0
2023-01-09 18:30:00,0.0,0
2023-01-09 18:45:00,0.0,0
2023-01-09 19:00:00,0.0,0
2023-01-09 19:15:00,0.0,0
2023-01-09 19:30:00,0.0,0
2023-01-09 19:45:00,0.0,0
2023-01-09 20:00:00,0.0,0
2023-01-09 20:15:00,0.0,0
2023-01-09 20:30:00,0.0,0
2023-01-09 20:45:00,0.0,0
2023-01-09 21:00:00,0.0,0
2023-01-09 21:15:00,0.0,0
2023-01-09 21:30:00,0.0,0
2023-01-09 21:45:00,0.0,0
2023-01-09 22:00:00,0.0,0
2023-01-09 22:15:00,0.0,0
2023-01-09 22:30:00,0.0,0
2023-01-09 22:45:00,0.0,0
2023-01-09 23:00:00,0.0,0
2023-01-09 23:15:00,0.0,0
2023-01-09 23:30:00,0.0,0
2023-01-09 23:45:00,0.0,0
2023-01-10 00:00:00,0.0,0
2023-01-10 00:15:00,0.0,0
2023-01-10 00:30:00,0.0,0
2023-01-10 00:45:00,0.0,0
2023-01-10 01:00:00,0.0,0
2023-01-10 01:15:00,0.0,0
2023-01-10 01:30:00,0.0,0
2023-01-10 01:45:00,0.0,0
2023-01-10 02:00:00,0.0,0
2023-01-10 02:15:00,0.0,0
2023-01-10 02:30:00,0.0,0
2023-01-10 02:45:00,0.0,0
2023-01-10 03:00:00,0.0,0
2023-01-10 03:15:00,0.0,0
2023-01-10 03:30:00,0.0,0
2023-01-10 03:45:00,0.0,0
2023-01-10 04:00:00,0.0,0
2023-01-10 04:15:00,0.0,0
2023-01-10 04:30:00,0.0,0
2023-01-10 04:45:00,0.0,0
2023-01-10 05:00:00,0.0,0
2023-01-10 05:15:00,0.0,0
2023-01-10 05:30:00,0.0,0
2023-01-10 05:45:00,0.0,0
2023-01-10 06:00:00,82.02418518066406,1
2023-01-10 06:15:00,85.27532196044922,1
2023-01-10 06:30:00,107.89856719970705,1
2023-01-10 06:45:00,123.34416961669922,1
2023-01-10 07:00:00,120.63973999023438,1
2023-01-10 07:15:00,110.14463806152344,1
2023-01-10 07:30:00,124.77664184570312,1
2023-01-10 07:45:00,138.54324340820312,1
2023-01-10 08:00:00,155.03842163085938,1
2023-01-10 08:15:00,168.13401794433594,1
2023-01-10 08:30:00,151.48922729492188,1
2023-01-10 08:45:00,159.40809631347656,1
2023-01-10 09:00:00,162.6405792236328,1
2023-01-10 09:15:00,83.2433090209961,1
2023-01-10 09:30:00,175.8407440185547,1
2023-01-10 09:45:00,119.19654083251952,1
2023-01-10 10:00:00,153.49380493164062,1
2023-01-10 10:15:00,166.12799072265625,1
2023-01-10 10:30:00,163.32508850097656,1
2023-01-10 10:45:00,143.8888702392578,1
2023-01-10 11:00:00,189.032958984375,1
2023-01-10 11:15:00,164.27737426757812,1
2023-01-10 11:30:00,163.38088989257812,1
2023-01-10 11:45:00,166.64695739746094,1
2023-01-10 12:00:00,152.43235778808594,1
2023-01-10 12:15:00,161.81649780273438,1
2023-01-10 12:30:00,141.83840942382812,1
2023-01-10 12:45:00,143.89161682128906,1
2023-01-10 13:00:00,129.32252502441406,1
2023-01-10 13:15:00,131.32186889648438,1
2023-01-10 13:30:00,107.9022445678711,1
2023-01-10 13:45:00,130.50088500976562,1
2023-01-10 14:00:00,111.7256851196289,1
2023-01-10 14:15:00,100.10172271728516,1
2023-01-10 14:30:00,80.08346557617188,1
2023-01-10 14:45:00,78.09722900390625,1
2023-01-10 15:00:00,0.0,0
2023-01-10 15:15:00,0.0,0
2023-01-10 15:30:00,0.0,0
2023-01-10 15:45:00,0.0,0
2023-01-10 16:00:00,0.0,0
2023-01-10 16:15:00,0.0,0
2023-01-10 16:30:00,0.0,0
2023-01-10 16:45:00,0.0,0
2023-01-10 17:00:00,0.0,0
2023-01-10 17:15:00,0.0,0
2023-01-10 17:30:00,0.0,0
2023-01-10 17:45:00,0.0,0
2023-01-10 18:00:00,0.0,0
2023-01-10 18:15:00,0.0,0
2023-01-10 18:30:00,0.0,0
2023-01-10 18:45:00,0.0,0
2023-01-10 19:00:00,0.0,0
2023-01-10 19:15:00,0.0,0
2023-01-10 19:30:00,0.0,0
2023-01-10 19:45:00,0.0,0
2023-01-10 20:00:00,0.0,0
2023-01-10 20:15:00,0.0,0
2023-01-10 20:30:00,0.0,0
2023-01-10 20:45:00,0.0,0
2023-01-10 21:00:00,0.0,0
2023-01-10 21:15:00,0.0,0
2023-01-10 21:30:00,0.0,0
2023-01-10 21:45:00,0.0,0
2023-01-10 22:00:00,0.0,0
2023-01-10 22:15:00,0.0,0
2023-01-10 22:30:00,0.0,0
2023-01-10 22:45:00,0.0,0
2023-01-10 23:00:00,0.0,0
2023-01-10 23:15:00,0.0,0
2023-01-10 23:30:00,0.0,0
2023-01-10 23:45:00,0.0,0
2023-01-11 00:00:00,0.0,0
2023-01-11 00:15:00,0.0,0
2023-01-11 00:30:00,0.0,0
2023-01-11 00:45:00,0.0,0
2023-01-11 01:00:00,0.0,0
2023-01-11 01:15:00,0.0,0
2023-01-11 01:30:00,0.0,0
2023-01-11 01:45:00,0.0,0
2023-01-11 02:00:00,0.0,0
2023-01-11 02:15:00,0.0,0
2023-01-11 02:30:00,0.0,0
2023-01-11 02:45:00,0.0,0
2023-01-11 03:00:00,0.0,0
2023-01-11 03:15:00,0.0,0
2023-01-11 03:30:00,0.0,0
2023-01-11 03:45:00,0.0,0
2023-01-11 04:00:00,0.0,0
2023-01-11 04:15:00,0.0,0
2023-01-11 04:30:00,0.0,0
2023-01-11 04:45:00,0.0,0
2023-01-11 05:00:00,0.0,0
2023-01-11 05:15:00,0.0,0
2023-01-11 05:30:00,0.0,0
2023-01-11 05:45:00,0.0,0
2023-01-11 06:00:00,82.61643981933594,1
2023-01-11 06:15:00,85.43036651611328,1
2023-01-11 06:30:00,105.68440246582033,1
2023-01-11 06:45:00,123.2048568725586,1
2023-01-11 07:00:00,117.90371704101562,1
2023-01-11 07:15:00,125.787353515625,1
2023-01-11 07:30:00,123.4901123046875,1
2023-01-11 07:45:00,138.54324340820312,1
2023-01-11 08:00:00,151.1030731201172,1
2023-01-11 08:15:00,147.48477172851562,1
2023-01-11 08:30:00,147.90562438964844,1
2023-01-11 08:45:00,159.14793395996094,1
2023-01-11 09:00:00,162.6405792236328,1
2023-01-11 09:15:00,178.81674194335938,1
2023-01-11 09:30:00,175.8407440185547,1
2023-01-11 09:45:00,119.19654083251952,1
2023-01-11 10:00:00,155.2408447265625,1
2023-01-11 10:15:00,151.0389404296875,1
2023-01-11 10:30:00,165.5487518310547,1
2023-01-11 10:45:00,157.94273376464844,1
2023-01-11 11:00:00,173.616943359375,1
2023-01-11 11:15:00,167.2049102783203,1
2023-01-11 11:30:00,176.33482360839844,1
2023-01-11 11:45:00,152.02342224121094,1
2023-01-11 12:00:00,154.3083953857422,1
2023-01-11 12:15:00,162.9364013671875,1
2023-01-11 12:30:00,158.964111328125,1
2023-01-11 12:45:00,140.7882843017578,1
2023-01-11 13:00:00,130.26742553710938,1
2023-01-11 13:15:00,131.26480102539062,1
2023-01-11 13:30:00,137.3765106201172,1
2023-01-11 13:45:00,138.4013671875,1
2023-01-11 14:00:00,115.93479919433594,1
2023-01-11 14:15:00,107.27700805664062,1
2023-01-11 14:30:00,79.98794555664062,1
2023-01-11 14:45:00,78.12004089355469,1
2023-01-11 15:00:00,0.0,0
2023-01-11 15:15:00,0.0,0
2023-01-11 15:30:00,0.0,0
2023-01-11 15:45:00,0.0,0
2023-01-11 16:00:00,0.0,0
2023-01-11 16:15:00,0.0,0
2023-01-11 16:30:00,0.0,0
2023-01-11 16:45:00,0.0,0
2023-01-11 17:00:00,0.0,0
2023-01-11 17:15:00,0.0,0
2023-01-11 17:30:00,0.0,0
2023-01-11 17:45:00,0.0,0
2023-01-11 18:00:00,0.0,0
2023-01-11 18:15:00,0.0,0
2023-01-11 18:30:00,0.0,0
2023-01-11 18:45:00,0.0,0
2023-01-11 19:00:00,0.0,0
2023-01-11 19:15:00,0.0,0
2023-01-11 19:30:00,0.0,0
2023-01-11 19:45:00,0.0,0
2023-01-11 20:00:00,0.0,0
2023-01-11 20:15:00,0.0,0
2023-01-11 20:30:00,0.0,0
2023-01-11 20:45:00,0.0,0
2023-01-11 21:00:00,0.0,0
2023-01-11 21:15:00,0.0,0
2023-01-11 21:30:00,0.0,0
2023-01-11 21:45:00,0.0,0
2023-01-11 22:00:00,0.0,0
2023-01-11 22:15:00,0.0,0
2023-01-11 22:30:00,0.0,0
2023-01-11 22:45:00,0.0,0
2023-01-11 23:00:00,0.0,0
2023-01-11 23:15:00,0.0,0
2023-01-11 23:30:00,0.0,0
2023-01-11 23:45:00,0.0,0
2023-01-12 00:00:00,0.0,0
2023-01-12 00:15:00,0.0,0
2023-01-12 00:30:00,0.0,0
2023-01-12 00:45:00,0.0,0
2023-01-12 01:00:00,0.0,0
2023-01-12 01:15:00,0.0,0
2023-01-12 01:30:00,0.0,0
2023-01-12 01:45:00,0.0,0
2023-01-12 02:00:00,0.0,0
2023-01-12 02:15:00,0.0,0
2023-01-12 02:30:00,0.0,0
2023-01-12 02:45:00,0.0,0
2023-01-12 03:00:00,0.0,0
2023-01-12 03:15:00,0.0,0
2023-01-12 03:30:00,0.0,0
2023-01-12 03:45:00,0.0,0
2023-01-12 04:00:00,0.0,0
2023-01-12 04:15:00,0.0,0
2023-01-12 04:30:00,0.0,0
2023-01-12 04:45:00,0.0,0
2023-01-12 05:00:00,0.0,0
2023-01-12 05:15:00,0.0,0
2023-01-12 05:30:00,0.0,0
2023-01-12 05:45:00,0.0,0
2023-01-12 06:00:00,79.86323547363281,1
2023-01-12 06:15:00,84.50169372558594,1
2023-01-12 06:30:00,104.05579376220705,1
2023-01-12 06:45:00,123.4752960205078,1
2023-01-12 07:00:00,119.04672241210938,1
2023-01-12 07:15:00,131.97402954101562,1
2023-01-12 07:30:00,125.91616821289062,1
2023-01-12 07:45:00,137.86985778808594,1
2023-01-12 08:00:00,152.4137420654297,1
2023-01-12 08:15:00,146.08792114257812,1
2023-01-12 08:30:00,154.3842315673828,1
2023-01-12 08:45:00,157.1222686767578,1
2023-01-12 09:00:00,163.73580932617188,1
2023-01-12 09:15:00,178.65313720703125,1
2023-01-12 09:30:00,157.6675567626953,1
2023-01-12 09:45:00,111.88671112060548,1
2023-01-12 10:00:00,140.49505615234375,1
2023-01-12 10:15:00,157.0497589111328,1
2023-01-12 10:30:00,151.64903259277344,1
2023-01-12 10:45:00,159.00930786132812,1
2023-01-12 11:00:00,216.16925048828125,1
2023-01-12 11:15:00,155.99806213378906,1
2023-01-12 11:30:00,156.59286499023438,1
2023-01-12 11:45:00,178.67282104492188,1
2023-01-12 12:00:00,140.60525512695312,1
2023-01-12 12:15:00,165.4973907470703,1
2023-01-12 12:30:00,131.56661987304688,1
2023-01-12 12:45:00,152.38880920410156,1
2023-01-12 13:00:00,130.84742736816406,1
2023-01-12 13:15:00,133.2316131591797,1
2023-01-12 13:30:00,129.4927978515625,1
2023-01-12 13:45:00,130.1996612548828,1
2023-01-12 14:00:00,108.94219970703124,1
2023-01-12 14:15:00,98.6477508544922,1
2023-01-12 14:30:00,78.24401092529297,1
2023-01-12 14:45:00,82.47252655029297,1
2023-01-12 15:00:00,0.0,0
2023-01-12 15:15:00,0.0,0
2023-01-12 15:30:00,0.0,0
2023-01-12 15:45:00,0.0,0
2023-01-12 16:00:00,0.0,0
2023-01-12 16:15:00,0.0,0
2023-01-12 16:30:00,0.0,0
2023-01-12 16:45:00,0.0,0
2023-01-12 17:00:00,0.0,0
2023-01-12 17:15:00,0.0,0
2023-01-12 17:30:00,0.0,0
2023-01-12 17:45:00,0.0,0
2023-01-12 18:00:00,0.0,0
2023-01-12 18:15:00,0.0,0
2023-01-12 18:30:00,0.0,0
2023-01-12 18:45:00,0.0,0
2023-01-12 19:00:00,0.0,0
2023-01-12 19:15:00,0.0,0
2023-01-12 19:30:00,0.0,0
2023-01-12 19:45:00,0.0,0
2023-01-12 20:00:00,0.0,0
2023-01-12 20:15:00,0.0,0
2023-01-12 20:30:00,0.0,0
2023-01-12 20:45:00,0.0,0
2023-01-12 21:00:00,0.0,0
2023-01-12 21:15:00,0.0,0
2023-01-12 21:30:00,0.0,0
2023-01-12 21:45:00,0.0,0
2023-01-12 22:00:00,0.0,0
2023-01-12 22:15:00,0.0,0
2023-01-12 22:30:00,0.0,0
2023-01-12 22:45:00,0.0,0
2023-01-12 23:00:00,0.0,0
2023-01-12 23:15:00,0.0,0
2023-01-12 23:30:00,0.0,0
2023-01-12 23:45:00,0.0,0
2023-01-13 00:00:00,0.0,0
2023-01-13 00:15:00,0.0,0
2023-01-13 00:30:00,0.0,0
2023-01-13 00:45:00,0.0,0
2023-01-13 01:00:00,0.0,0
2023-01-13 01:15:00,0.0,0
2023-01-13 01:30:00,0.0,0
2023-01-13 01:45:00,0.0,0
2023-01-13 02:00:00,0.0,0
2023-01-13 02:15:00,0.0,0
2023-01-13 02:30:00,0.0,0
2023-01-13 02:45:00,0.0,0
2023-01-13 03:00:00,0.0,0
2023-01-13 03:15:00,0.0,0
2023-01-13 03:30:00,0.0,0
2023-01-13 03:45:00,0.0,0
2023-01-13 04:00:00,0.0,0
2023-01-13 04:15:00,0.0,0
2023-01-13 04:30:00,0.0,0
2023-01-13 04:45:00,0.0,0
2023-01-13 05:00:00,0.0,0
2023-01-13 05:15:00,0.0,0
2023-01-13 05:30:00,0.0,0
2023-01-13 05:45:00,0.0,0
2023-01-13 06:00:00,76.87165069580078,1
2023-01-13 06:15:00,84.50169372558594,1
2023-01-13 06:30:00,105.84547424316406,1
2023-01-13 06:45:00,123.2048568725586,1
2023-01-13 07:00:00,117.90371704101562,1
2023-01-13 07:15:00,127.34349060058594,1
2023-01-13 07:30:00,124.77664184570312,1
2023-01-13 07:45:00,138.54324340820312,1
2023-01-13 08:00:00,151.1030731201172,1
2023-01-13 08:15:00,147.48477172851562,1
2023-01-13 08:30:00,159.36012268066406,1
2023-01-13 08:45:00,159.40809631347656,1
2023-01-13 09:00:00,162.91259765625,1
2023-01-13 09:15:00,181.74429321289065,1
2023-01-13 09:30:00,175.8407440185547,1
2023-01-13 09:45:00,119.4705581665039,1
2023-01-13 10:00:00,155.2408447265625,1
2023-01-13 10:15:00,150.34007263183594,1
2023-01-13 10:30:00,164.84986877441406,1
2023-01-13 10:45:00,174.28944396972656,1
2023-01-13 11:00:00,199.1293182373047,1
2023-01-13 11:15:00,157.18801879882812,1
2023-01-13 11:30:00,164.1381378173828,1
2023-01-13 11:45:00,156.0390625,1
2023-01-13 12:00:00,153.33941650390625,1
2023-01-13 12:15:00,161.16493225097656,1
2023-01-13 12:30:00,135.93968200683594,1
2023-01-13 12:45:00,146.10568237304688,1
2023-01-13 13:00:00,135.34434509277344,1
2023-01-13 13:15:00,133.970947265625,1
2023-01-13 13:30:00,129.63519287109375,1
2023-01-13 13:45:00,132.4080047607422,1
2023-01-13 14:00:00,112.99172973632812,1
2023-01-13 14:15:00,96.14981842041016,1
2023-01-13 14:30:00,87.16970825195312,1
2023-01-13 14:45:00,83.032470703125,1
2023-01-13 15:00:00,0.0,0
2023-01-13 15:15:00,0.0,0
2023-01-13 15:30:00,0.0,0
2023-01-13 15:45:00,0.0,0
2023-01-13 16:00:00,0.0,0
2023-01-13 16:15:00,0.0,0
2023-01-13 16:30:00,0.0,0
2023-01-13 16:45:00,0.0,0
2023-01-13 17:00:00,0.0,0
2023-01-13 17:15:00,0.0,0
2023-01-13 17:30:00,0.0,0
2023-01-13 17:45:00,0.0,0
2023-01-13 18:00:00,0.0,0
2023-01-13 18:15:00,0.0,0
2023-01-13 18:30:00,0.0,0
2023-01-13 18:45:00,0.0,0
2023-01-13 19:00:00,0.0,0
2023-01-13 19:15:00,0.0,0
2023-01-13 19:30:00,0.0,0
2023-01-13 19:45:00,0.0,0
2023-01-13 20:00:00,0.0,0
2023-01-13 20:15:00,0.0,0
2023-01-13 20:30:00,0.0,0
2023-01-13 20:45:00,0.0,0
2023-01-13 21:00:00,0.0,0
2023-01-13 21:15:00,0.0,0
2023-01-13 21:30:00,0.0,0
2023-01-13 21:45:00,0.0,0
2023-01-13 22:00:00,0.0,0
2023-01-13 22:15:00,0.0,0
2023-01-13 22:30:00,0.0,0
2023-01-13 22:45:00,0.0,0
2023-01-13 23:00:00,0.0,0
2023-01-13 23:15:00,0.0,0
2023-01-13 23:30:00,0.0,0
2023-01-13 23:45:00,0.0,0
2023-01-14 00:00:00,0.0,0
2023-01-14 00:15:00,0.0,0
2023-01-14 00:30:00,0.0,0
2023-01-14 00:45:00,0.0,0
2023-01-14 01:00:00,0.0,0
2023-01-14 01:15:00,0.0,0
2023-01-14 01:30:00,0.0,0
2023-01-14 01:45:00,0.0,0
2023-01-14 02:00:00,0.0,0
2023-01-14 02:15:00,0.0,0
2023-01-14 02:30:00,0.0,0
2023-01-14 02:45:00,0.0,0
2023-01-14 03:00:00,0.0,0
2023-01-14 03:15:00,0.0,0
2023-01-14 03:30:00,0.0,0
2023-01-14 03:45:00,0.0,0
2023-01-14 04:00:00,0.0,0
2023-01-14 04:15:00,0.0,0
2023-01-14 04:30:00,0.0,0
2023-01-14 04:45:00,0.0,0
2023-01-14 05:00:00,0.0,0
2023-01-14 05:15:00,0.0,0
2023-01-14 05:30:00,0.0,0
2023-01-14 05:45:00,0.0,0
2023-01-14 06:00:00,80.58149719238281,1
2023-01-14 06:15:00,85.43036651611328,1
2023-01-14 06:30:00,105.68440246582033,1
2023-01-14 06:45:00,106.20769500732422,1
2023-01-14 07:00:00,119.2913055419922,1
2023-01-14 07:15:00,127.34349060058594,1
2023-01-14 07:30:00,123.61138916015624,1
2023-01-14 07:45:00,141.13204956054688,1
2023-01-14 08:00:00,152.9986572265625,1
2023-01-14 08:15:00,147.11007690429688,1
2023-01-14 08:30:00,160.71923828125,1
2023-01-14 08:45:00,159.7396697998047,1
2023-01-14 09:00:00,169.00074768066406,1
2023-01-14 09:15:00,144.57574462890625,1
2023-01-14 09:30:00,166.24151611328125,1
2023-01-14 09:45:00,162.31488037109375,1
2023-01-14 10:00:00,149.1243438720703,1
2023-01-14 10:15:00,122.78602600097656,1
2023-01-14 10:30:00,157.77392578125,1
2023-01-14 10:45:00,162.5941925048828,1
2023-01-14 11:00:00,197.99952697753903,1
2023-01-14 11:15:00,165.04945373535156,1
2023-01-14 11:30:00,169.02899169921875,1
2023-01-14 11:45:00,151.37376403808594,1
2023-01-14 12:00:00,145.859375,1
2023-01-14 12:15:00,162.2848358154297,1
2023-01-14 12:30:00,136.3251190185547,1
2023-01-14 12:45:00,145.9133758544922,1
2023-01-14 13:00:00,129.0581512451172,1
2023-01-14 13:15:00,134.21701049804688,1
2023-01-14 13:30:00,107.05220794677734,1
2023-01-14 13:45:00,114.85433959960938,1
2023-01-14 14:00:00,116.2243881225586,1
2023-01-14 14:15:00,105.96428680419922,1
2023-01-14 14:30:00,89.00740814208984,1
2023-01-14 14:45:00,78.02470397949219,1
2023-01-14 15:00:00,0.0,0
2023-01-14 15:15:00,0.0,0
2023-01-14 15:30:00,0.0,0
2023-01-14 15:45:00,0.0,0
2023-01-14 16:00:00,0.0,0
2023-01-14 16:15:00,0.0,0
2023-01-14 16:30:00,0.0,0
2023-01-14 16:45:00,0.0,0
2023-01-14 17:00:00,0.0,0
2023-01-14 17:15:00,0.0,0
2023-01-14 17:30:00,0.0,0
2023-01-14 17:45:00,0.0,0
2023-01-14 18:00:00,0.0,0
2023-01-14 18:15:00,0.0,0
2023-01-14 18:30:00,0.0,0
2023-01-14 18:45:00,0.0,0
2023-01-14 19:00:00,0.0,0
2023-01-14 19:15:00,0.0,0
2023-01-14 19:30:00,0.0,0
2023-01-14 19:45:00,0.0,0
2023-01-14 20:00:00,0.0,0
2023-01-14 20:15:00,0.0,0
2023-01-14 20:30:00,0.0,0
2023-01-14 20:45:00,0.0,0
2023-01-14 21:00:00,0.0,0
2023-01-14 21:15:00,0.0,0
2023-01-14 21:30:00,0.0,0
2023-01-14 21:45:00,0.0,0
2023-01-14 22:00:00,0.0,0
2023-01-14 22:15:00,0.0,0
2023-01-14 22:30:00,0.0,0
2023-01-14 22:45:00,0.0,0
2023-01-14 23:00:00,0.0,0
2023-01-14 23:15:00,0.0,0
2023-01-14 23:30:00,0.0,0
2023-01-14 23:45:00,0.0,0
2023-01-15 00:00:00,0.0,0
2023-01-15 00:15:00,0.0,0
2023-01-15 00:30:00,0.0,0
2023-01-15 00:45:00,0.0,0
2023-01-15 01:00:00,0.0,0
2023-01-15 01:15:00,0.0,0
2023-01-15 01:30:00,0.0,0
2023-01-15 01:45:00,0.0,0
2023-01-15 02:00:00,0.0,0
2023-01-15 02:15:00,0.0,0
2023-01-15 02:30:00,0.0,0
2023-01-15 02:45:00,0.0,0
2023-01-15 03:00:00,0.0,0
2023-01-15 03:15:00,0.0,0
2023-01-15 03:30:00,0.0,0
2023-01-15 03:45:00,0.0,0
2023-01-15 04:00:00,0.0,0
2023-01-15 04:15:00,0.0,0
2023-01-15 04:30:00,0.0,0
2023-01-15 04:45:00,0.0,0
2023-01-15 05:00:00,0.0,0
2023-01-15 05:15:00,0.0,0
2023-01-15 05:30:00,0.0,0
2023-01-15 05:45:00,0.0,0
2023-01-15 06:00:00,79.89128875732422,1
2023-01-15 06:15:00,84.2058334350586,1
2023-01-15 06:30:00,107.89856719970705,1
2023-01-15 06:45:00,107.5182876586914,1
2023-01-15 07:00:00,121.72673797607422,1
2023-01-15 07:15:00,129.35084533691406,1
2023-01-15 07:30:00,116.54032135009766,1
2023-01-15 07:45:00,141.62164306640625,1
2023-01-15 08:00:00,156.27479553222656,1
2023-01-15 08:15:00,144.0621337890625,1
2023-01-15 08:30:00,158.87796020507812,1
2023-01-15 08:45:00,169.63043212890625,1
2023-01-15 09:00:00,170.1935272216797,1
2023-01-15 09:15:00,128.13705444335938,1
2023-01-15 09:30:00,170.0994415283203,1
2023-01-15 09:45:00,159.249267578125,1
2023-01-15 10:00:00,104.25862121582033,1
2023-01-15 10:15:00,121.9952392578125,1
2023-01-15 10:30:00,157.77392578125,1
2023-01-15 10:45:00,169.4967803955078,1
2023-01-15 11:00:00,176.31549072265625,1
2023-01-15 11:15:00,139.27186584472656,1
2023-01-15 11:30:00,169.02899169921875,1
2023-01-15 11:45:00,158.52394104003906,1
2023-01-15 12:00:00,140.39529418945312,1
2023-01-15 12:15:00,174.3592529296875,1
2023-01-15 12:30:00,149.99099731445312,1
2023-01-15 12:45:00,142.89837646484375,1
2023-01-15 13:00:00,128.14053344726562,1
2023-01-15 13:15:00,138.5330047607422,1
2023-01-15 13:30:00,122.93009948730467,1
2023-01-15 13:45:00,120.2907257080078,1
2023-01-15 14:00:00,123.21192932128906,1
2023-01-15 14:15:00,105.79041290283205,1
2023-01-15 14:30:00,97.21773529052734,1
2023-01-15 14:45:00,78.02470397949219,1
2023-01-15 15:00:00,0.0,0
2023-01-15 15:15:00,0.0,0
2023-01-15 15:30:00,0.0,0
2023-01-15 15:45:00,0.0,0
2023-01-15 16:00:00,0.0,0
2023-01-15 16:15:00,0.0,0
2023-01-15 16:30:00,0.0,0
2023-01-15 16:45:00,0.0,0
2023-01-15 17:00:00,0.0,0
2023-01-15 17:15:00,0.0,0
2023-01-15 17:30:00,0.0,0
2023-01-15 17:45:00,0.0,0
2023-01-15 18:00:00,0.0,0
2023-01-15 18:15:00,0.0,0
2023-01-15 18:30:00,0.0,0
2023-01-15 18:45:00,0.0,0
2023-01-15 19:00:00,0.0,0
2023-01-15 19:15:00,0.0,0
2023-01-15 19:30:00,0.0,0
2023-01-15 19:45:00,0.0,0
2023-01-15 20:00:00,0.0,0
2023-01-15 20:15:00,0.0,0
2023-01-15 20:30:00,0.0,0
2023-01-15 20:45:00,0.0,0
2023-01-15 21:00:00,0.0,0
2023-01-15 21:15:00,0.0,0
2023-01-15 21:30:00,0.0,0
2023-01-15 21:45:00,0.0,0
2023-01-15 22:00:00,0.0,0
2023-01-15 22:15:00,0.0,0
2023-01-15 22:30:00,0.0,0
2023-01-15 22:45:00,0.0,0
2023-01-15 23:00:00,0.0,0
2023-01-15 23:15:00,0.0,0
2023-01-15 23:30:00,0.0,0
2023-01-15 23:45:00,0.0,0
2023-01-16 00:00:00,0.0,0
2023-01-16 00:15:00,0.0,0
2023-01-16 00:30:00,0.0,0
2023-01-16 00:45:00,0.0,0
2023-01-16 01:00:00,0.0,0
2023-01-16 01:15:00,0.0,0
2023-01-16 01:30:00,0.0,0
2023-01-16 01:45:00,0.0,0
2023-01-16 02:00:00,0.0,0
2023-01-16 02:15:00,0.0,0
2023-01-16 02:30:00,0.0,0
2023-01-16 02:45:00,0.0,0
2023-01-16 03:00:00,0.0,0
2023-01-16 03:15:00,0.0,0
2023-01-16 03:30:00,0.0,0
2023-01-16 03:45:00,0.0,0
2023-01-16 04:00:00,0.0,0
2023-01-16 04:15:00,0.0,0
2023-01-16 04:30:00,0.0,0
2023-01-16 04:45:00,0.0,0
2023-01-16 05:00:00,0.0,0
2023-01-16 05:15:00,0.0,0
2023-01-16 05:30:00,0.0,0
2023-01-16 05:45:00,0.0,0
2023-01-16 06:00:00,0.0,0
2023-01-16 06:15:00,84.2058334350586,1
2023-01-16 06:30:00,105.67102813720705,1
2023-01-16 06:45:00,108.30276489257812,1
2023-01-16 07:00:00,118.9906997680664,1
2023-01-16 07:15:00,124.12321472167967,1
2023-01-16 07:30:00,117.95012664794922,1
2023-01-16 07:45:00,140.3596954345703,1
2023-01-16 08:00:00,151.62564086914062,1
2023-01-16 08:15:00,146.9816131591797,1
2023-01-16 08:30:00,157.0143280029297,1
2023-01-16 08:45:00,167.40396118164062,1
2023-01-16 09:00:00,171.89857482910156,1
2023-01-16 09:15:00,189.7716064453125,1
2023-01-16 09:30:00,165.3006591796875,1
2023-01-16 09:45:00,160.56784057617188,1
2023-01-16 10:00:00,111.65387725830078,1
2023-01-16 10:15:00,129.10667419433594,1
2023-01-16 10:30:00,163.77525329589844,1
2023-01-16 10:45:00,135.05026245117188,1
2023-01-16 11:00:00,202.4095916748047,1
2023-01-16 11:15:00,139.30909729003906,1
2023-01-16 11:30:00,176.5860137939453,1
2023-01-16 11:45:00,151.37376403808594,1
2023-01-16 12:00:00,147.87533569335938,1
2023-01-16 12:15:00,166.7015380859375,1
2023-01-16 12:30:00,137.01907348632812,1
2023-01-16 12:45:00,146.7473602294922,1
2023-01-16 13:00:00,122.11083221435548,1
2023-01-16 13:15:00,133.71810913085938,1
2023-01-16 13:30:00,107.05220794677734,1
2023-01-16 13:45:00,114.6602783203125,1
2023-01-16 14:00:00,116.2243881225586,1
2023-01-16 14:15:00,96.14981842041016,1
2023-01-16 14:30:00,89.00740814208984,1
2023-01-16 14:45:00,83.032470703125,1
2023-01-16 15:00:00,80.95747375488281,1
2023-01-16 15:15:00,0.0,0
2023-01-16 15:30:00,0.0,0
2023-01-16 15:45:00,0.0,0
2023-01-16 16:00:00,0.0,0
2023-01-16 16:15:00,0.0,0
2023-01-16 16:30:00,0.0,0
2023-01-16 16:45:00,0.0,0
2023-01-16 17:00:00,0.0,0
2023-01-16 17:15:00,0.0,0
2023-01-16 17:30:00,0.0,0
2023-01-16 17:45:00,0.0,0
2023-01-16 18:00:00,0.0,0
2023-01-16 18:15:00,0.0,0
2023-01-16 18:30:00,0.0,0
2023-01-16 18:45:00,0.0,0
2023-01-16 19:00:00,0.0,0
2023-01-16 19:15:00,0.0,0
2023-01-16 19:30:00,0.0,0
2023-01-16 19:45:00,0.0,0
2023-01-16 20:00:00,0.0,0
2023-01-16 20:15:00,0.0,0
2023-01-16 20:30:00,0.0,0
2023-01-16 20:45:00,0.0,0
2023-01-16 21:00:00,0.0,0
2023-01-16 21:15:00,0.0,0
2023-01-16 21:30:00,0.0,0
2023-01-16 21:45:00,0.0,0
2023-01-16 22:00:00,0.0,0
2023-01-16 22:15:00,0.0,0
2023-01-16 22:30:00,0.0,0
2023-01-16 22:45:00,0.0,0
2023-01-16 23:00:00,0.0,0
2023-01-16 23:15:00,0.0,0
2023-01-16 23:30:00,0.0,0
2023-01-16 23:45:00,0.0,0
2023-01-17 00:00:00,0.0,0
2023-01-17 00:15:00,0.0,0
2023-01-17 00:30:00,0.0,0
2023-01-17 00:45:00,0.0,0
2023-01-17 01:00:00,0.0,0
2023-01-17 01:15:00,0.0,0
2023-01-17 01:30:00,0.0,0
2023-01-17 01:45:00,0.0,0
2023-01-17 02:00:00,0.0,0
2023-01-17 02:15:00,0.0,0
2023-01-17 02:30:00,0.0,0
2023-01-17 02:45:00,0.0,0
2023-01-17 03:00:00,0.0,0
2023-01-17 03:15:00,0.0,0
2023-01-17 03:30:00,0.0,0
2023-01-17 03:45:00,0.0,0
2023-01-17 04:00:00,0.0,0
2023-01-17 04:15:00,0.0,0
2023-01-17 04:30:00,0.0,0
2023-01-17 04:45:00,0.0,0
2023-01-17 05:00:00,0.0,0
2023-01-17 05:15:00,0.0,0
2023-01-17 05:30:00,0.0,0
2023-01-17 05:45:00,0.0,0
2023-01-17 06:00:00,80.58149719238281,1
2023-01-17 06:15:00,85.43036651611328,1
2023-01-17 06:30:00,107.89856719970705,1
2023-01-17 06:45:00,106.20769500732422,1
2023-01-17 07:00:00,122.02733612060548,1
2023-01-17 07:15:00,126.46257019042967,1
2023-01-17 07:30:00,120.9150619506836,1
2023-01-17 07:45:00,134.6787567138672,1
2023-01-17 08:00:00,153.7124481201172,1
2023-01-17 08:15:00,145.3219451904297,1
2023-01-17 08:30:00,159.76190185546875,1
2023-01-17 08:45:00,169.88877868652344,1
2023-01-17 09:00:00,170.1935272216797,1
2023-01-17 09:15:00,144.71246337890625,1
2023-01-17 09:30:00,166.24151611328125,1
2023-01-17 09:45:00,162.31488037109375,1
2023-01-17 10:00:00,104.25862121582033,1
2023-01-17 10:15:00,123.06986236572266,1
2023-01-17 10:30:00,157.77392578125,1
2023-01-17 10:45:00,169.4967803955078,1
2023-01-17 11:00:00,197.99952697753903,1
2023-01-17 11:15:00,139.27186584472656,1
2023-01-17 11:30:00,169.02899169921875,1
2023-01-17 11:45:00,152.83274841308594,1
2023-01-17 12:00:00,140.39529418945312,1
2023-01-17 12:15:00,162.2848358154297,1
2023-01-17 12:30:00,131.3433074951172,1
2023-01-17 12:45:00,151.5735626220703,1
2023-01-17 13:00:00,129.0581512451172,1
2023-01-17 13:15:00,134.76663208007812,1
2023-01-17 13:30:00,107.05220794677734,1
2023-01-17 13:45:00,114.85433959960938,1
2023-01-17 14:00:00,116.2243881225586,1
2023-01-17 14:15:00,96.14981842041016,1
2023-01-17 14:30:00,87.16970825195312,1
2023-01-17 14:45:00,83.032470703125,1
2023-01-17 15:00:00,81.19155883789062,1
2023-01-17 15:15:00,0.0,0
2023-01-17 15:30:00,0.0,0
2023-01-17 15:45:00,0.0,0
2023-01-17 16:00:00,0.0,0
2023-01-17 16:15:00,0.0,0
2023-01-17 16:30:00,0.0,0
2023-01-17 16:45:00,0.0,0
2023-01-17 17:00:00,0.0,0
2023-01-17 17:15:00,0.0,0
2023-01-17 17:30:00,0.0,0
2023-01-17 17:45:00,0.0,0
2023-01-17 18:00:00,0.0,0
2023-01-17 18:15:00,0.0,0
2023-01-17 18:30:00,0.0,0
2023-01-17 18:45:00,0.0,0
2023-01-17 19:00:00,0.0,0
2023-01-17 19:15:00,0.0,0
2023-01-17 19:30:00,0.0,0
2023-01-17 19:45:00,0.0,0
2023-01-17 20:00:00,0.0,0
2023-01-17 20:15:00,0.0,0
2023-01-17 20:30:00,0.0,0
2023-01-17 20:45:00,0.0,0
2023-01-17 21:00:00,0.0,0
2023-01-17 21:15:00,0.0,0
2023-01-17 21:30:00,0.0,0
2023-01-17 21:45:00,0.0,0
2023-01-17 22:00:00,0.0,0
2023-01-17 22:15:00,0.0,0
2023-01-17 22:30:00,0.0,0
2023-01-17 22:45:00,0.0,0
2023-01-17 23:00:00,0.0,0
2023-01-17 23:15:00,0.0,0
2023-01-17 23:30:00,0.0,0
2023-01-17 23:45:00,0.0,0
2023-01-18 00:00:00,0.0,0
2023-01-18 00:15:00,0.0,0
2023-01-18 00:30:00,0.0,0
2023-01-18 00:45:00,0.0,0
2023-01-18 01:00:00,0.0,0
2023-01-18 01:15:00,0.0,0
2023-01-18 01:30:00,0.0,0
2023-01-18 01:45:00,0.0,0
2023-01-18 02:00:00,0.0,0
2023-01-18 02:15:00,0.0,0
2023-01-18 02:30:00,0.0,0
2023-01-18 02:45:00,0.0,0
2023-01-18 03:00:00,0.0,0
2023-01-18 03:15:00,0.0,0
2023-01-18 03:30:00,0.0,0
2023-01-18 03:45:00,0.0,0
2023-01-18 04:00:00,0.0,0
2023-01-18 04:15:00,0.0,0
2023-01-18 04:30:00,0.0,0
2023-01-18 04:45:00,0.0,0
2023-01-18 05:00:00,0.0,0
2023-01-18 05:15:00,0.0,0
2023-01-18 05:30:00,0.0,0
2023-01-18 05:45:00,0.0,0
2023-01-18 06:00:00,76.43287658691406,1
2023-01-18 06:15:00,84.50169372558594,1
2023-01-18 06:30:00,101.7446060180664,1
2023-01-18 06:45:00,106.20769500732422,1
2023-01-18 07:00:00,117.25586700439452,1
2023-01-18 07:15:00,120.2116241455078,1
2023-01-18 07:30:00,123.4901123046875,1
2023-01-18 07:45:00,131.0424346923828,1
2023-01-18 08:00:00,146.68028259277344,1
2023-01-18 08:15:00,148.76974487304688,1
2023-01-18 08:30:00,157.97164916992188,1
2023-01-18 08:45:00,159.96998596191406,1
2023-01-18 09:00:00,170.70579528808594,1
2023-01-18 09:15:00,189.7716064453125,1
2023-01-18 09:30:00,174.4254913330078,1
2023-01-18 09:45:00,160.56784057617188,1
2023-01-18 10:00:00,111.65387725830078,1
2023-01-18 10:15:00,122.78602600097656,1
2023-01-18 10:30:00,163.77525329589844,1
2023-01-18 10:45:00,166.52760314941406,1
2023-01-18 11:00:00,161.96527099609375,1
2023-01-18 11:15:00,139.27186584472656,1
2023-01-18 11:30:00,176.5860137939453,1
2023-01-18 11:45:00,152.83274841308594,1
2023-01-18 12:00:00,148.82528686523438,1
2023-01-18 12:15:00,162.2848358154297,1
2023-01-18 12:30:00,131.15264892578125,1
2023-01-18 12:45:00,152.4075469970703,1
2023-01-18 13:00:00,122.11083221435548,1
2023-01-18 13:15:00,134.56436157226562,1
2023-01-18 13:30:00,101.19713592529295,1
2023-01-18 13:45:00,118.3555679321289,1
2023-01-18 14:00:00,115.93479919433594,1
2023-01-18 14:15:00,105.96428680419922,1
2023-01-18 14:30:00,90.0548324584961,1
2023-01-18 14:45:00,78.02470397949219,1
2023-01-18 15:00:00,81.19155883789062,1
2023-01-18 15:15:00,0.0,0
2023-01-18 15:30:00,0.0,0
2023-01-18 15:45:00,0.0,0
2023-01-18 16:00:00,0.0,0
2023-01-18 16:15:00,0.0,0
2023-01-18 16:30:00,0.0,0
2023-01-18 16:45:00,0.0,0
2023-01-18 17:00:00,0.0,0
2023-01-18 17:15:00,0.0,0
2023-01-18 17:30:00,0.0,0
2023-01-18 17:45:00,0.0,0
2023-01-18 18:00:00,0.0,0
2023-01-18 18:15:00,0.0,0
2023-01-18 18:30:00,0.0,0
2023-01-18 18:45:00,0.0,0
2023-01-18 19:00:00,0.0,0
2023-01-18 19:15:00,0.0,0
2023-01-18 19:30:00,0.0,0
2023-01-18 19:45:00,0.0,0
2023-01-18 20:00:00,0.0,0
2023-01-18 20:15:00,0.0,0
2023-01-18 20:30:00,0.0,0
2023-01-18 20:45:00,0.0,0
2023-01-18 21:00:00,0.0,0
2023-01-18 21:15:00,0.0,0
2023-01-18 21:30:00,0.0,0
2023-01-18 21:45:00,0.0,0
2023-01-18 22:00:00,0.0,0
2023-01-18 22:15:00,0.0,0
2023-01-18 22:30:00,0.0,0
2023-01-18 22:45:00,0.0,0
2023-01-18 23:00:00,0.0,0
2023-01-18 23:15:00,0.0,0
2023-01-18 23:30:00,0.0,0
2023-01-18 23:45:00,0.0,0
2023-01-19 00:00:00,0.0,0
2023-01-19 00:15:00,0.0,0
2023-01-19 00:30:00,0.0,0
2023-01-19 00:45:00,0.0,0
2023-01-19 01:00:00,0.0,0
2023-01-19 01:15:00,0.0,0
2023-01-19 01:30:00,0.0,0
2023-01-19 01:45:00,0.0,0
2023-01-19 02:00:00,0.0,0
2023-01-19 02:15:00,0.0,0
2023-01-19 02:30:00,0.0,0
2023-01-19 02:45:00,0.0,0
2023-01-19 03:00:00,0.0,0
2023-01-19 03:15:00,0.0,0
2023-01-19 03:30:00,0.0,0
2023-01-19 03:45:00,0.0,0
2023-01-19 04:00:00,0.0,0
2023-01-19 04:15:00,0.0,0
2023-01-19 04:30:00,0.0,0
2023-01-19 04:45:00,0.0,0
2023-01-19 05:00:00,0.0,0
2023-01-19 05:15:00,0.0,0
2023-01-19 05:30:00,0.0,0
2023-01-19 05:45:00,0.0,0
2023-01-19 06:00:00,75.1675033569336,1
2023-01-19 06:15:00,83.72056579589844,1
2023-01-19 06:30:00,98.94202423095705,1
2023-01-19 06:45:00,106.4831314086914,1
2023-01-19 07:00:00,112.6187973022461,1
2023-01-19 07:15:00,124.24671173095705,1
2023-01-19 07:30:00,115.48784637451172,1
2023-01-19 07:45:00,133.86814880371094,1
2023-01-19 08:00:00,146.13900756835938,1
2023-01-19 08:15:00,145.47952270507812,1
2023-01-19 08:30:00,162.9961700439453,1
2023-01-19 08:45:00,155.9756622314453,1
2023-01-19 09:00:00,160.517822265625,1
2023-01-19 09:15:00,170.27076721191406,1
2023-01-19 09:30:00,171.85784912109375,1
2023-01-19 09:45:00,117.2752914428711,1
2023-01-19 10:00:00,125.86251831054688,1
2023-01-19 10:15:00,148.58706665039062,1
2023-01-19 10:30:00,164.84986877441406,1
2023-01-19 10:45:00,162.5941925048828,1
2023-01-19 11:00:00,160.6238250732422,1
2023-01-19 11:15:00,165.08670043945312,1
2023-01-19 11:30:00,176.5860137939453,1
2023-01-19 11:45:00,152.83274841308594,1
2023-01-19 12:00:00,148.82528686523438,1
2023-01-19 12:15:00,166.7015380859375,1
2023-01-19 12:30:00,131.15264892578125,1
2023-01-19 12:45:00,151.5735626220703,1
2023-01-19 13:00:00,129.0581512451172,1
2023-01-19 13:15:00,134.5205841064453,1
2023-01-19 13:30:00,107.05220794677734,1
2023-01-19 13:45:00,114.6602783203125,1
2023-01-19 14:00:00,116.2243881225586,1
2023-01-19 14:15:00,96.14981842041016,1
2023-01-19 14:30:00,90.02339935302734,1
2023-01-19 14:45:00,83.032470703125,1
2023-01-19 15:00:00,81.19155883789062,1
2023-01-19 15:15:00,0.0,0
2023-01-19 15:30:00,0.0,0
2023-01-19 15:45:00,0.0,0
2023-01-19 16:00:00,0.0,0
2023-01-19 16:15:00,0.0,0
2023-01-19 16:30:00,0.0,0
2023-01-19 16:45:00,0.0,0
2023-01-19 17:00:00,0.0,0
2023-01-19 17:15:00,0.0,0
2023-01-19 17:30:00,0.0,0
2023-01-19 17:45:00,0.0,0
2023-01-19 18:00:00,0.0,0
2023-01-19 18:15:00,0.0,0
2023-01-19 18:30:00,0.0,0
2023-01-19 18:45:00,0.0,0
2023-01-19 19:00:00,0.0,0
2023-01-19 19:15:00,0.0,0
2023-01-19 19:30:00,0.0,0
2023-01-19 19:45:00,0.0,0
2023-01-19 20:00:00,0.0,0
2023-01-19 20:15:00,0.0,0
2023-01-19 20:30:00,0.0,0
2023-01-19 20:45:00,0.0,0
2023-01-19 21:00:00,0.0,0
2023-01-19 21:15:00,0.0,0
2023-01-19 21:30:00,0.0,0
2023-01-19 21:45:00,0.0,0
2023-01-19 22:00:00,0.0,0
2023-01-19 22:15:00,0.0,0
2023-01-19 22:30:00,0.0,0
2023-01-19 22:45:00,0.0,0
2023-01-19 23:00:00,0.0,0
2023-01-19 23:15:00,0.0,0
2023-01-19 23:30:00,0.0,0
2023-01-19 23:45:00,0.0,0
2023-01-20 00:00:00,0.0,0
2023-01-20 00:15:00,0.0,0
2023-01-20 00:30:00,0.0,0
2023-01-20 00:45:00,0.0,0
2023-01-20 01:00:00,0.0,0
2023-01-20 01:15:00,0.0,0
2023-01-20 01:30:00,0.0,0
2023-01-20 01:45:00,0.0,0
2023-01-20 02:00:00,0.0,0
2023-01-20 02:15:00,0.0,0
2023-01-20 02:30:00,0.0,0
2023-01-20 02:45:00,0.0,0
2023-01-20 03:00:00,0.0,0
2023-01-20 03:15:00,0.0,0
2023-01-20 03:30:00,0.0,0
2023-01-20 03:45:00,0.0,0
2023-01-20 04:00:00,0.0,0
2023-01-20 04:15:00,0.0,0
2023-01-20 04:30:00,0.0,0
2023-01-20 04:45:00,0.0,0
2023-01-20 05:00:00,0.0,0
2023-01-20 05:15:00,0.0,0
2023-01-20 05:30:00,0.0,0
2023-01-20 05:45:00,0.0,0
2023-01-20 06:00:00,78.9901351928711,1
2023-01-20 06:15:00,84.50169372558594,1
2023-01-20 06:30:00,101.7446060180664,1
2023-01-20 06:45:00,106.20769500732422,1
2023-01-20 07:00:00,119.2913055419922,1
2023-01-20 07:15:00,126.69396209716795,1
2023-01-20 07:30:00,123.61138916015624,1
2023-01-20 07:45:00,133.4779510498047,1
2023-01-20 08:00:00,152.61949157714844,1
2023-01-20 08:15:00,145.3219451904297,1
2023-01-20 08:30:00,125.31816864013672,1
2023-01-20 08:45:00,166.73013305664062,1
2023-01-20 09:00:00,163.76600646972656,1
2023-01-20 09:15:00,137.32260131835938,1
2023-01-20 09:30:00,174.67257690429688,1
2023-01-20 09:45:00,111.72453308105467,1
2023-01-20 10:00:00,123.38580322265624,1
2023-01-20 10:15:00,161.0670928955078,1
2023-01-20 10:30:00,157.0912628173828,1
2023-01-20 10:45:00,155.52099609375,1
2023-01-20 11:00:00,166.66651916503906,1
2023-01-20 11:15:00,146.99234008789062,1
2023-01-20 11:30:00,167.68894958496094,1
2023-01-20 11:45:00,172.75743103027344,1
2023-01-20 12:00:00,173.58253479003906,1
2023-01-20 12:15:00,172.75439453125,1
2023-01-20 12:30:00,153.56149291992188,1
2023-01-20 12:45:00,138.2171630859375,1
2023-01-20 13:00:00,128.14053344726562,1
2023-01-20 13:15:00,132.8736572265625,1
2023-01-20 13:30:00,122.93009948730467,1
2023-01-20 13:45:00,118.3555679321289,1
2023-01-20 14:00:00,115.93479919433594,1
2023-01-20 14:15:00,105.96428680419922,1
2023-01-20 14:30:00,90.0548324584961,1
2023-01-20 14:45:00,78.02470397949219,1
2023-01-20 15:00:00,81.19155883789062,1
2023-01-20 15:15:00,0.0,0
2023-01-20 15:30:00,0.0,0
2023-01-20 15:45:00,0.0,0
2023-01-20 16:00:00,0.0,0
2023-01-20 16:15:00,0.0,0
2023-01-20 16:30:00,0.0,0
2023-01-20 16:45:00,0.0,0
2023-01-20 17:00:00,0.0,0
2023-01-20 17:15:00,0.0,0
2023-01-20 17:30:00,0.0,0
2023-01-20 17:45:00,0.0,0
2023-01-20 18:00:00,0.0,0
2023-01-20 18:15:00,0.0,0
2023-01-20 18:30:00,0.0,0
2023-01-20 18:45:00,0.0,0
2023-01-20 19:00:00,0.0,0
2023-01-20 19:15:00,0.0,0
2023-01-20 19:30:00,0.0,0
2023-01-20 19:45:00,0.0,0
2023-01-20 20:00:00,0.0,0
2023-01-20 20:15:00,0.0,0
2023-01-20 20:30:00,0.0,0
2023-01-20 20:45:00,0.0,0
2023-01-20 21:00:00,0.0,0
2023-01-20 21:15:00,0.0,0
2023-01-20 21:30:00,0.0,0
2023-01-20 21:45:00,0.0,0
2023-01-20 22:00:00,0.0,0
2023-01-20 22:15:00,0.0,0
2023-01-20 22:30:00,0.0,0
2023-01-20 22:45:00,0.0,0
2023-01-20 23:00:00,0.0,0
2023-01-20 23:15:00,0.0,0
2023-01-20 23:30:00,0.0,0
2023-01-20 23:45:00,0.0,0
2023-01-21 00:00:00,0.0,0
2023-01-21 00:15:00,0.0,0
2023-01-21 00:30:00,0.0,0
2023-01-21 00:45:00,0.0,0
2023-01-21 01:00:00,0.0,0
2023-01-21 01:15:00,0.0,0
2023-01-21 01:30:00,0.0,0
2023-01-21 01:45:00,0.0,0
2023-01-21 02:00:00,0.0,0
2023-01-21 02:15:00,0.0,0
2023-01-21 02:30:00,0.0,0
2023-01-21 02:45:00,0.0,0
2023-01-21 03:00:00,0.0,0
2023-01-21 03:15:00,0.0,0
2023-01-21 03:30:00,0.0,0
2023-01-21 03:45:00,0.0,0
2023-01-21 04:00:00,0.0,0
2023-01-21 04:15:00,0.0,0
2023-01-21 04:30:00,0.0,0
2023-01-21 04:45:00,0.0,0
2023-01-21 05:00:00,0.0,0
2023-01-21 05:15:00,0.0,0
2023-01-21 05:30:00,0.0,0
2023-01-21 05:45:00,0.0,0
2023-01-21 06:00:00,78.9901351928711,1
2023-01-21 06:15:00,84.50169372558594,1
2023-01-21 06:30:00,101.7446060180664,1
2023-01-21 06:45:00,106.20769500732422,1
2023-01-21 07:00:00,119.2913055419922,1
2023-01-21 07:15:00,126.69396209716795,1
2023-01-21 07:30:00,123.61138916015624,1
2023-01-21 07:45:00,133.4779510498047,1
2023-01-21 08:00:00,150.05714416503906,1
2023-01-21 08:15:00,145.3219451904297,1
2023-01-21 08:30:00,124.43423461914062,1
2023-01-21 08:45:00,166.73013305664062,1
2023-01-21 09:00:00,163.76600646972656,1
2023-01-21 09:15:00,173.36216735839844,1
2023-01-21 09:30:00,174.67257690429688,1
2023-01-21 09:45:00,108.90001678466795,1
2023-01-21 10:00:00,102.89737701416016,1
2023-01-21 10:15:00,120.35016632080078,1
2023-01-21 10:30:00,157.31680297851562,1
2023-01-21 10:45:00,162.38970947265625,1
2023-01-21 11:00:00,168.9044952392578,1
2023-01-21 11:15:00,179.12757873535156,1
2023-01-21 11:30:00,182.33612060546875,1
2023-01-21 11:45:00,160.3095703125,1
2023-01-21 12:00:00,141.99778747558594,1
2023-01-21 12:15:00,174.59942626953125,1
2023-01-21 12:30:00,139.21542358398438,1
2023-01-21 12:45:00,138.2171630859375,1
2023-01-21 13:00:00,145.43606567382812,1
2023-01-21 13:15:00,137.1896514892578,1
2023-01-21 13:30:00,122.0353546142578,1
2023-01-21 13:45:00,120.2907257080078,1
2023-01-21 14:00:00,123.21192932128906,1
2023-01-21 14:15:00,105.79041290283205,1
2023-01-21 14:30:00,90.0548324584961,1
2023-01-21 14:45:00,78.02470397949219,1
2023-01-21 15:00:00,0.0,0
2023-01-21 15:15:00,0.0,0
2023-01-21 15:30:00,0.0,0
2023-01-21 15:45:00,0.0,0
2023-01-21 16:00:00,0.0,0
2023-01-21 16:15:00,0.0,0
2023-01-21 16:30:00,0.0,0
2023-01-21 16:45:00,0.0,0
2023-01-21 17:00:00,0.0,0
2023-01-21 17:15:00,0.0,0
2023-01-21 17:30:00,0.0,0
2023-01-21 17:45:00,0.0,0
2023-01-21 18:00:00,0.0,0
2023-01-21 18:15:00,0.0,0
2023-01-21 18:30:00,0.0,0
2023-01-21 18:45:00,0.0,0
2023-01-21 19:00:00,0.0,0
2023-01-21 19:15:00,0.0,0
2023-01-21 19:30:00,0.0,0
2023-01-21 19:45:00,0.0,0
2023-01-21 20:00:00,0.0,0
2023-01-21 20:15:00,0.0,0
2023-01-21 20:30:00,0.0,0
2023-01-21 20:45:00,0.0,0
2023-01-21 21:00:00,0.0,0
2023-01-21 21:15:00,0.0,0
2023-01-21 21:30:00,0.0,0
2023-01-21 21:45:00,0.0,0
2023-01-21 22:00:00,0.0,0
2023-01-21 22:15:00,0.0,0
2023-01-21 22:30:00,0.0,0
2023-01-21 22:45:00,0.0,0
2023-01-21 23:00:00,0.0,0
2023-01-21 23:15:00,0.0,0
2023-01-21 23:30:00,0.0,0
2023-01-21 23:45:00,0.0,0
2023-01-22 00:00:00,0.0,0
2023-01-22 00:15:00,0.0,0
2023-01-22 00:30:00,0.0,0
2023-01-22 00:45:00,0.0,0
2023-01-22 01:00:00,0.0,0
2023-01-22 01:15:00,0.0,0
2023-01-22 01:30:00,0.0,0
2023-01-22 01:45:00,0.0,0
2023-01-22 02:00:00,0.0,0
2023-01-22 02:15:00,0.0,0
2023-01-22 02:30:00,0.0,0
2023-01-22 02:45:00,0.0,0
2023-01-22 03:00:00,0.0,0
2023-01-22 03:15:00,0.0,0
2023-01-22 03:30:00,0.0,0
2023-01-22 03:45:00,0.0,0
2023-01-22 04:00:00,0.0,0
2023-01-22 04:15:00,0.0,0
2023-01-22 04:30:00,0.0,0
2023-01-22 04:45:00,0.0,0
2023-01-22 05:00:00,0.0,0
2023-01-22 05:15:00,0.0,0
2023-01-22 05:30:00,0.0,0
2023-01-22 05:45:00,0.0,0
2023-01-22 06:00:00,76.0281982421875,1
2023-01-22 06:15:00,83.4162826538086,1
2023-01-22 06:30:00,100.73170471191406,1
2023-01-22 06:45:00,106.2126922607422,1
2023-01-22 07:00:00,117.25586700439452,1
2023-01-22 07:15:00,120.4539566040039,1
2023-01-22 07:30:00,117.95012664794922,1
2023-01-22 07:45:00,131.8740234375,1
2023-01-22 08:00:00,152.61949157714844,1
2023-01-22 08:15:00,163.0701904296875,1
2023-01-22 08:30:00,150.19110107421875,1
2023-01-22 08:45:00,179.4479217529297,1
2023-01-22 09:00:00,171.75567626953125,1
2023-01-22 09:15:00,174.18690490722656,1
2023-01-22 09:30:00,165.65284729003906,1
2023-01-22 09:45:00,127.74337005615234,1
2023-01-22 10:00:00,121.74073791503906,1
2023-01-22 10:15:00,164.13870239257812,1
2023-01-22 10:30:00,159.90200805664062,1
2023-01-22 10:45:00,154.0022430419922,1
2023-01-22 11:00:00,182.6900329589844,1
2023-01-22 11:15:00,179.12757873535156,1
2023-01-22 11:30:00,170.61648559570312,1
2023-01-22 11:45:00,175.82875061035156,1
2023-01-22 12:00:00,172.91830444335938,1
2023-01-22 12:15:00,171.5300750732422,1
2023-01-22 12:30:00,143.55587768554688,1
2023-01-22 12:45:00,145.53553771972656,1
2023-01-22 13:00:00,145.43606567382812,1
2023-01-22 13:15:00,137.1896514892578,1
2023-01-22 13:30:00,130.19873046875,1
2023-01-22 13:45:00,122.78286743164062,1
2023-01-22 14:00:00,123.21192932128906,1
2023-01-22 14:15:00,107.10313415527344,1
2023-01-22 14:30:00,90.0548324584961,1
2023-01-22 14:45:00,78.02470397949219,1
2023-01-22 15:00:00,0.0,0
2023-01-22 15:15:00,0.0,0
2023-01-22 15:30:00,0.0,0
2023-01-22 15:45:00,0.0,0
2023-01-22 16:00:00,0.0,0
2023-01-22 16:15:00,0.0,0
2023-01-22 16:30:00,0.0,0
2023-01-22 16:45:00,0.0,0
2023-01-22 17:00:00,0.0,0
2023-01-22 17:15:00,0.0,0
2023-01-22 17:30:00,0.0,0
2023-01-22 17:45:00,0.0,0
2023-01-22 18:00:00,0.0,0
2023-01-22 18:15:00,0.0,0
2023-01-22 18:30:00,0.0,0
2023-01-22 18:45:00,0.0,0
2023-01-22 19:00:00,0.0,0
2023-01-22 19:15:00,0.0,0
2023-01-22 19:30:00,0.0,0
2023-01-22 19:45:00,0.0,0
2023-01-22 20:00:00,0.0,0
2023-01-22 20:15:00,0.0,0
2023-01-22 20:30:00,0.0,0
2023-01-22 20:45:00,0.0,0
2023-01-22 21:00:00,0.0,0
2023-01-22 21:15:00,0.0,0
2023-01-22 21:30:00,0.0,0
2023-01-22 21:45:00,0.0,0
2023-01-22 22:00:00,0.0,0
2023-01-22 22:15:00,0.0,0
2023-01-22 22:30:00,0.0,0
2023-01-22 22:45:00,0.0,0
2023-01-22 23:00:00,0.0,0
2023-01-22 23:15:00,0.0,0
2023-01-22 23:30:00,0.0,0
2023-01-22 23:45:00,0.0,0
2023-01-23 00:00:00,0.0,0
2023-01-23 00:15:00,0.0,0
2023-01-23 00:30:00,0.0,0
2023-01-23 00:45:00,0.0,0
2023-01-23 01:00:00,0.0,0
2023-01-23 01:15:00,0.0,0
2023-01-23 01:30:00,0.0,0
2023-01-23 01:45:00,0.0,0
2023-01-23 02:00:00,0.0,0
2023-01-23 02:15:00,0.0,0
2023-01-23 02:30:00,0.0,0
2023-01-23 02:45:00,0.0,0
2023-01-23 03:00:00,0.0,0
2023-01-23 03:15:00,0.0,0
2023-01-23 03:30:00,0.0,0
2023-01-23 03:45:00,0.0,0
2023-01-23 04:00:00,0.0,0
2023-01-23 04:15:00,0.0,0
2023-01-23 04:30:00,0.0,0
2023-01-23 04:45:00,0.0,0
2023-01-23 05:00:00,0.0,0
2023-01-23 05:15:00,0.0,0
2023-01-23 05:30:00,0.0,0
2023-01-23 05:45:00,0.0,0
2023-01-23 06:00:00,76.0281982421875,1
2023-01-23 06:15:00,84.50169372558594,1
2023-01-23 06:30:00,93.30900573730467,1
2023-01-23 06:45:00,108.77399444580078,1
2023-01-23 07:00:00,119.2913055419922,1
2023-01-23 07:15:00,126.46257019042967,1
2023-01-23 07:30:00,119.23664093017578,1
2023-01-23 07:45:00,133.4779510498047,1
2023-01-23 08:00:00,152.61949157714844,1
2023-01-23 08:15:00,145.3219451904297,1
2023-01-23 08:30:00,124.43423461914062,1
2023-01-23 08:45:00,163.8479766845703,1
2023-01-23 09:00:00,163.76600646972656,1
2023-01-23 09:15:00,174.18690490722656,1
2023-01-23 09:30:00,174.67257690429688,1
2023-01-23 09:45:00,108.90001678466795,1
2023-01-23 10:00:00,121.74073791503906,1
2023-01-23 10:15:00,164.13870239257812,1
2023-01-23 10:30:00,157.31680297851562,1
2023-01-23 10:45:00,154.0022430419922,1
2023-01-23 11:00:00,182.6900329589844,1
2023-01-23 11:15:00,179.12757873535156,1
2023-01-23 11:30:00,170.61648559570312,1
2023-01-23 11:45:00,175.82875061035156,1
2023-01-23 12:00:00,172.91830444335938,1
2023-01-23 12:15:00,171.5300750732422,1
2023-01-23 12:30:00,143.55587768554688,1
2023-01-23 12:45:00,145.53553771972656,1
2023-01-23 13:00:00,145.43606567382812,1
2023-01-23 13:15:00,137.1896514892578,1
2023-01-23 13:30:00,122.0353546142578,1
2023-01-23 13:45:00,120.2907257080078,1
2023-01-23 14:00:00,123.21192932128906,1
2023-01-23 14:15:00,105.79041290283205,1
2023-01-23 14:30:00,90.0548324584961,1
2023-01-23 14:45:00,78.02470397949219,1
2023-01-23 15:00:00,0.0,0
2023-01-23 15:15:00,0.0,0
2023-01-23 15:30:00,0.0,0
2023-01-23 15:45:00,0.0,0
2023-01-23 16:00:00,0.0,0
2023-01-23 16:15:00,0.0,0
2023-01-23 16:30:00,0.0,0
2023-01-23 16:45:00,0.0,0
2023-01-23 17:00:00,0.0,0
2023-01-23 17:15:00,0.0,0
2023-01-23 17:30:00,0.0,0
2023-01-23 17:45:00,0.0,0
2023-01-23 18:00:00,0.0,0
2023-01-23 18:15:00,0.0,0
2023-01-23 18:30:00,0.0,0
2023-01-23 18:45:00,0.0,0
2023-01-23 19:00:00,0.0,0
2023-01-23 19:15:00,0.0,0
2023-01-23 19:30:00,0.0,0
2023-01-23 19:45:00,0.0,0
2023-01-23 20:00:00,0.0,0
2023-01-23 20:15:00,0.0,0
2023-01-23 20:30:00,0.0,0
2023-01-23 20:45:00,0.0,0
2023-01-23 21:00:00,0.0,0
2023-01-23 21:15:00,0.0,0
2023-01-23 21:30:00,0.0,0
2023-01-23 21:45:00,0.0,0
2023-01-23 22:00:00,0.0,0
2023-01-23 22:15:00,0.0,0
2023-01-23 22:30:00,0.0,0
2023-01-23 22:45:00,0.0,0
2023-01-23 23:00:00,0.0,0
2023-01-23 23:15:00,0.0,0
2023-01-23 23:30:00,0.0,0
2023-01-23 23:45:00,0.0,0
2023-01-24 00:00:00,0.0,0
2023-01-24 00:15:00,0.0,0
2023-01-24 00:30:00,0.0,0
2023-01-24 00:45:00,0.0,0
2023-01-24 01:00:00,0.0,0
2023-01-24 01:15:00,0.0,0
2023-01-24 01:30:00,0.0,0
2023-01-24 01:45:00,0.0,0
2023-01-24 02:00:00,0.0,0
2023-01-24 02:15:00,0.0,0
2023-01-24 02:30:00,0.0,0
2023-01-24 02:45:00,0.0,0
2023-01-24 03:00:00,0.0,0
2023-01-24 03:15:00,0.0,0
2023-01-24 03:30:00,0.0,0
2023-01-24 03:45:00,0.0,0
2023-01-24 04:00:00,0.0,0
2023-01-24 04:15:00,0.0,0
2023-01-24 04:30:00,0.0,0
2023-01-24 04:45:00,0.0,0
2023-01-24 05:00:00,0.0,0
2023-01-24 05:15:00,0.0,0
2023-01-24 05:30:00,0.0,0
2023-01-24 05:45:00,0.0,0
2023-01-24 06:00:00,75.1675033569336,1
2023-01-24 06:15:00,83.4162826538086,1
2023-01-24 06:30:00,100.73170471191406,1
2023-01-24 06:45:00,108.77899169921876,1
2023-01-24 07:00:00,117.25586700439452,1
2023-01-24 07:15:00,120.4539566040039,1
2023-01-24 07:30:00,117.95012664794922,1
2023-01-24 07:45:00,131.93515014648438,1
2023-01-24 08:00:00,149.10316467285156,1
2023-01-24 08:15:00,154.40261840820312,1
2023-01-24 08:30:00,154.72738647460938,1
2023-01-24 08:45:00,175.0664520263672,1
2023-01-24 09:00:00,171.70144653320312,1
2023-01-24 09:15:00,136.492919921875,1
2023-01-24 09:30:00,181.116455078125,1
2023-01-24 09:45:00,127.74337005615234,1
2023-01-24 10:00:00,164.6630859375,1
2023-01-24 10:15:00,177.02542114257812,1
2023-01-24 10:30:00,159.90200805664062,1
2023-01-24 10:45:00,160.92138671875,1
2023-01-24 11:00:00,196.1352081298828,1
2023-01-24 11:15:00,162.2421417236328,1
2023-01-24 11:30:00,162.25901794433594,1
2023-01-24 11:45:00,171.51219177246094,1
2023-01-24 12:00:00,173.58253479003906,1
2023-01-24 12:15:00,172.3226318359375,1
2023-01-24 12:30:00,147.55807495117188,1
2023-01-24 12:45:00,136.86537170410156,1
2023-01-24 13:00:00,121.23261260986328,1
2023-01-24 13:15:00,136.4270477294922,1
2023-01-24 13:30:00,122.93009948730467,1
2023-01-24 13:45:00,118.3555679321289,1
2023-01-24 14:00:00,117.31218719482422,1
2023-01-24 14:15:00,105.96428680419922,1
2023-01-24 14:30:00,90.0548324584961,1
2023-01-24 14:45:00,83.032470703125,1
2023-01-24 15:00:00,0.0,0
2023-01-24 15:15:00,0.0,0
2023-01-24 15:30:00,0.0,0
2023-01-24 15:45:00,0.0,0
2023-01-24 16:00:00,0.0,0
2023-01-24 16:15:00,0.0,0
2023-01-24 16:30:00,0.0,0
2023-01-24 16:45:00,0.0,0
2023-01-24 17:00:00,0.0,0
2023-01-24 17:15:00,0.0,0
2023-01-24 17:30:00,0.0,0
2023-01-24 17:45:00,0.0,0
2023-01-24 18:00:00,0.0,0
2023-01-24 18:15:00,0.0,0
2023-01-24 18:30:00,0.0,0
2023-01-24 18:45:00,0.0,0
2023-01-24 19:00:00,0.0,0
2023-01-24 19:15:00,0.0,0
2023-01-24 19:30:00,0.0,0
2023-01-24 19:45:00,0.0,0
2023-01-24 20:00:00,0.0,0
2023-01-24 20:15:00,0.0,0
2023-01-24 20:30:00,0.0,0
2023-01-24 20:45:00,0.0,0
2023-01-24 21:00:00,0.0,0
2023-01-24 21:15:00,0.0,0
2023-01-24 21:30:00,0.0,0
2023-01-24 21:45:00,0.0,0
2023-01-24 22:00:00,0.0,0
2023-01-24 22:15:00,0.0,0
2023-01-24 22:30:00,0.0,0
2023-01-24 22:45:00,0.0,0
2023-01-24 23:00:00,0.0,0
2023-01-24 23:15:00,0.0,0
2023-01-24 23:30:00,0.0,0
2023-01-24 23:45:00,0.0,0
2023-01-25 00:00:00,0.0,0
2023-01-25 00:15:00,0.0,0
2023-01-25 00:30:00,0.0,0
2023-01-25 00:45:00,0.0,0
2023-01-25 01:00:00,0.0,0
2023-01-25 01:15:00,0.0,0
2023-01-25 01:30:00,0.0,0
2023-01-25 01:45:00,0.0,0
2023-01-25 02:00:00,0.0,0
2023-01-25 02:15:00,0.0,0
2023-01-25 02:30:00,0.0,0
2023-01-25 02:45:00,0.0,0
2023-01-25 03:00:00,0.0,0
2023-01-25 03:15:00,0.0,0
2023-01-25 03:30:00,0.0,0
2023-01-25 03:45:00,0.0,0
2023-01-25 04:00:00,0.0,0
2023-01-25 04:15:00,0.0,0
2023-01-25 04:30:00,0.0,0
2023-01-25 04:45:00,0.0,0
2023-01-25 05:00:00,0.0,0
2023-01-25 05:15:00,0.0,0
2023-01-25 05:30:00,0.0,0
2023-01-25 05:45:00,0.0,0
2023-01-25 06:00:00,77.78489685058594,1
2023-01-25 06:15:00,83.75962829589844,1
2023-01-25 06:30:00,101.0437469482422,1
2023-01-25 06:45:00,108.77899169921876,1
2023-01-25 07:00:00,113.09061431884766,1
2023-01-25 07:15:00,117.79340362548828,1
2023-01-25 07:30:00,122.06431579589844,1
2023-01-25 07:45:00,120.30326080322266,1
2023-01-25 08:00:00,148.6841278076172,1
2023-01-25 08:15:00,146.9816131591797,1
2023-01-25 08:30:00,123.28462982177734,1
2023-01-25 08:45:00,163.9582977294922,1
2023-01-25 09:00:00,170.1935272216797,1
2023-01-25 09:15:00,137.18589782714844,1
2023-01-25 09:30:00,174.75830078125,1
2023-01-25 09:45:00,159.249267578125,1
2023-01-25 10:00:00,123.10197448730467,1
2023-01-25 10:15:00,121.9952392578125,1
2023-01-25 10:30:00,158.61001586914062,1
2023-01-25 10:45:00,161.1093292236328,1
2023-01-25 11:00:00,176.3474884033203,1
2023-01-25 11:15:00,174.6630096435547,1
2023-01-25 11:30:00,172.69277954101562,1
2023-01-25 11:45:00,158.85702514648438,1
2023-01-25 12:00:00,145.02931213378906,1
2023-01-25 12:15:00,174.3592529296875,1
2023-01-25 12:30:00,151.57518005371094,1
2023-01-25 12:45:00,152.4075469970703,1
2023-01-25 13:00:00,122.11083221435548,1
2023-01-25 13:15:00,134.76663208007812,1
2023-01-25 13:30:00,107.05220794677734,1
2023-01-25 13:45:00,124.8453369140625,1
2023-01-25 14:00:00,116.41116333007812,1
2023-01-25 14:15:00,98.6477508544922,1
2023-01-25 14:30:00,88.18571472167969,1
2023-01-25 14:45:00,82.1394271850586,1
2023-01-25 15:00:00,0.0,0
2023-01-25 15:15:00,0.0,0
2023-01-25 15:30:00,0.0,0
2023-01-25 15:45:00,0.0,0
2023-01-25 16:00:00,0.0,0
2023-01-25 16:15:00,0.0,0
2023-01-25 16:30:00,0.0,0
2023-01-25 16:45:00,0.0,0
2023-01-25 17:00:00,0.0,0
2023-01-25 17:15:00,0.0,0
2023-01-25 17:30:00,0.0,0
2023-01-25 17:45:00,0.0,0
2023-01-25 18:00:00,0.0,0
2023-01-25 18:15:00,0.0,0
2023-01-25 18:30:00,0.0,0
2023-01-25 18:45:00,0.0,0
2023-01-25 19:00:00,0.0,0
2023-01-25 19:15:00,0.0,0
2023-01-25 19:30:00,0.0,0
2023-01-25 19:45:00,0.0,0
2023-01-25 20:00:00,0.0,0
2023-01-25 20:15:00,0.0,0
2023-01-25 20:30:00,0.0,0
2023-01-25 20:45:00,0.0,0
2023-01-25 21:00:00,0.0,0
2023-01-25 21:15:00,0.0,0
2023-01-25 21:30:00,0.0,0
2023-01-25 21:45:00,0.0,0
2023-01-25 22:00:00,0.0,0
2023-01-25 22:15:00,0.0,0
2023-01-25 22:30:00,0.0,0
2023-01-25 22:45:00,0.0,0
2023-01-25 23:00:00,0.0,0
2023-01-25 23:15:00,0.0,0
2023-01-25 23:30:00,0.0,0
2023-01-25 23:45:00,0.0,0
2023-01-26 00:00:00,0.0,0
2023-01-26 00:15:00,0.0,0
2023-01-26 00:30:00,0.0,0
2023-01-26 00:45:00,0.0,0
2023-01-26 01:00:00,0.0,0
2023-01-26 01:15:00,0.0,0
2023-01-26 01:30:00,0.0,0
2023-01-26 01:45:00,0.0,0
2023-01-26 02:00:00,0.0,0
2023-01-26 02:15:00,0.0,0
2023-01-26 02:30:00,0.0,0
2023-01-26 02:45:00,0.0,0
2023-01-26 03:00:00,0.0,0
2023-01-26 03:15:00,0.0,0
2023-01-26 03:30:00,0.0,0
2023-01-26 03:45:00,0.0,0
2023-01-26 04:00:00,0.0,0
2023-01-26 04:15:00,0.0,0
2023-01-26 04:30:00,0.0,0
2023-01-26 04:45:00,0.0,0
2023-01-26 05:00:00,0.0,0
2023-01-26 05:15:00,0.0,0
2023-01-26 05:30:00,0.0,0
2023-01-26 05:45:00,0.0,0
2023-01-26 06:00:00,75.1675033569336,1
2023-01-26 06:15:00,83.72056579589844,1
2023-01-26 06:30:00,99.93440246582033,1
2023-01-26 06:45:00,108.77899169921876,1
2023-01-26 07:00:00,117.25586700439452,1
2023-01-26 07:15:00,120.2116241455078,1
2023-01-26 07:30:00,123.61138916015624,1
2023-01-26 07:45:00,133.4779510498047,1
2023-01-26 08:00:00,150.96250915527344,1
2023-01-26 08:15:00,151.88760375976562,1
2023-01-26 08:30:00,149.30715942382812,1
2023-01-26 08:45:00,174.79428100585938,1
2023-01-26 09:00:00,176.4707489013672,1
2023-01-26 09:15:00,173.3572235107422,1
2023-01-26 09:30:00,181.116455078125,1
2023-01-26 09:45:00,168.93850708007812,1
2023-01-26 10:00:00,163.0180206298828,1
2023-01-26 10:15:00,177.02542114257812,1
2023-01-26 10:30:00,159.90200805664062,1
2023-01-26 10:45:00,196.0069732666016,1
2023-01-26 11:00:00,204.4740447998047,1
2023-01-26 11:15:00,180.12191772460938,1
2023-01-26 11:30:00,170.9849853515625,1
2023-01-26 11:45:00,156.86502075195312,1
2023-01-26 12:00:00,173.3675537109375,1
2023-01-26 12:15:00,179.45068359375,1
2023-01-26 12:30:00,153.9022979736328,1
2023-01-26 12:45:00,141.56863403320312,1
2023-01-26 13:00:00,130.30104064941406,1
2023-01-26 13:15:00,131.9096221923828,1
2023-01-26 13:30:00,132.3240203857422,1
2023-01-26 13:45:00,134.28416442871094,1
2023-01-26 14:00:00,117.31218719482422,1
2023-01-26 14:15:00,106.6100616455078,1
2023-01-26 14:30:00,89.32987213134766,1
2023-01-26 14:45:00,78.12004089355469,1
2023-01-26 15:00:00,0.0,0
2023-01-26 15:15:00,0.0,0
2023-01-26 15:30:00,0.0,0
2023-01-26 15:45:00,0.0,0
2023-01-26 16:00:00,0.0,0
2023-01-26 16:15:00,0.0,0
2023-01-26 16:30:00,0.0,0
2023-01-26 16:45:00,0.0,0
2023-01-26 17:00:00,0.0,0
2023-01-26 17:15:00,0.0,0
2023-01-26 17:30:00,0.0,0
2023-01-26 17:45:00,0.0,0
2023-01-26 18:00:00,0.0,0
2023-01-26 18:15:00,0.0,0
2023-01-26 18:30:00,0.0,0
2023-01-26 18:45:00,0.0,0
2023-01-26 19:00:00,0.0,0
2023-01-26 19:15:00,0.0,0
2023-01-26 19:30:00,0.0,0
2023-01-26 19:45:00,0.0,0
2023-01-26 20:00:00,0.0,0
2023-01-26 20:15:00,0.0,0
2023-01-26 20:30:00,0.0,0
2023-01-26 20:45:00,0.0,0
2023-01-26 21:00:00,0.0,0
2023-01-26 21:15:00,0.0,0
2023-01-26 21:30:00,0.0,0
2023-01-26 21:45:00,0.0,0
2023-01-26 22:00:00,0.0,0
2023-01-26 22:15:00,0.0,0
2023-01-26 22:30:00,0.0,0
2023-01-26 22:45:00,0.0,0
2023-01-26 23:00:00,0.0,0
2023-01-26 23:15:00,0.0,0
2023-01-26 23:30:00,0.0,0
2023-01-26 23:45:00,0.0,0
2023-01-27 00:00:00,0.0,0
2023-01-27 00:15:00,0.0,0
2023-01-27 00:30:00,0.0,0
2023-01-27 00:45:00,0.0,0
2023-01-27 01:00:00,0.0,0
2023-01-27 01:15:00,0.0,0
2023-01-27 01:30:00,0.0,0
2023-01-27 01:45:00,0.0,0
2023-01-27 02:00:00,0.0,0
2023-01-27 02:15:00,0.0,0
2023-01-27 02:30:00,0.0,0
2023-01-27 02:45:00,0.0,0
2023-01-27 03:00:00,0.0,0
2023-01-27 03:15:00,0.0,0
2023-01-27 03:30:00,0.0,0
2023-01-27 03:45:00,0.0,0
2023-01-27 04:00:00,0.0,0
2023-01-27 04:15:00,0.0,0
2023-01-27 04:30:00,0.0,0
2023-01-27 04:45:00,0.0,0
2023-01-27 05:00:00,0.0,0
2023-01-27 05:15:00,0.0,0
2023-01-27 05:30:00,0.0,0
2023-01-27 05:45:00,0.0,0
2023-01-27 06:00:00,82.69998168945312,1
2023-01-27 06:15:00,85.43036651611328,1
2023-01-27 06:30:00,106.13777923583984,1
2023-01-27 06:45:00,110.08457946777344,1
2023-01-27 07:00:00,122.16786193847656,1
2023-01-27 07:15:00,131.2896728515625,1
2023-01-27 07:30:00,126.6481475830078,1
2023-01-27 07:45:00,157.42105102539062,1
2023-01-27 08:00:00,150.09024047851562,1
2023-01-27 08:15:00,149.75289916992188,1
2023-01-27 08:30:00,161.127197265625,1
2023-01-27 08:45:00,179.88824462890625,1
2023-01-27 09:00:00,183.8104705810547,1
2023-01-27 09:15:00,172.39468383789062,1
2023-01-27 09:30:00,153.89569091796875,1
2023-01-27 09:45:00,195.16221618652344,1
2023-01-27 10:00:00,178.64430236816406,1
2023-01-27 10:15:00,198.62745666503903,1
2023-01-27 10:30:00,183.51095581054688,1
2023-01-27 10:45:00,170.41432189941406,1
2023-01-27 11:00:00,187.1342315673828,1
2023-01-27 11:15:00,178.69818115234375,1
2023-01-27 11:30:00,173.31790161132812,1
2023-01-27 11:45:00,169.7855682373047,1
2023-01-27 12:00:00,153.61318969726562,1
2023-01-27 12:15:00,131.63975524902344,1
2023-01-27 12:30:00,159.5557403564453,1
2023-01-27 12:45:00,150.9230194091797,1
2023-01-27 13:00:00,139.7377166748047,1
2023-01-27 13:15:00,137.38548278808594,1
2023-01-27 13:30:00,133.0902557373047,1
2023-01-27 13:45:00,133.19332885742188,1
2023-01-27 14:00:00,118.58698272705078,1
2023-01-27 14:15:00,107.39651489257812,1
2023-01-27 14:30:00,89.36129760742188,1
2023-01-27 14:45:00,78.12004089355469,1
2023-01-27 15:00:00,0.0,0
2023-01-27 15:15:00,0.0,0
2023-01-27 15:30:00,0.0,0
2023-01-27 15:45:00,0.0,0
2023-01-27 16:00:00,0.0,0
2023-01-27 16:15:00,0.0,0
2023-01-27 16:30:00,0.0,0
2023-01-27 16:45:00,0.0,0
2023-01-27 17:00:00,0.0,0
2023-01-27 17:15:00,0.0,0
2023-01-27 17:30:00,0.0,0
2023-01-27 17:45:00,0.0,0
2023-01-27 18:00:00,0.0,0
2023-01-27 18:15:00,0.0,0
2023-01-27 18:30:00,0.0,0
2023-01-27 18:45:00,0.0,0
2023-01-27 19:00:00,0.0,0
2023-01-27 19:15:00,0.0,0
2023-01-27 19:30:00,0.0,0
2023-01-27 19:45:00,0.0,0
2023-01-27 20:00:00,0.0,0
2023-01-27 20:15:00,0.0,0
2023-01-27 20:30:00,0.0,0
2023-01-27 20:45:00,0.0,0
2023-01-27 21:00:00,0.0,0
2023-01-27 21:15:00,0.0,0
2023-01-27 21:30:00,0.0,0
2023-01-27 21:45:00,0.0,0
2023-01-27 22:00:00,0.0,0
2023-01-27 22:15:00,0.0,0
2023-01-27 22:30:00,0.0,0
2023-01-27 22:45:00,0.0,0
2023-01-27 23:00:00,0.0,0
2023-01-27 23:15:00,0.0,0
2023-01-27 23:30:00,0.0,0
2023-01-27 23:45:00,0.0,0
2023-01-28 00:00:00,0.0,0
2023-01-28 00:15:00,0.0,0
2023-01-28 00:30:00,0.0,0
2023-01-28 00:45:00,0.0,0
2023-01-28 01:00:00,0.0,0
2023-01-28 01:15:00,0.0,0
2023-01-28 01:30:00,0.0,0
2023-01-28 01:45:00,0.0,0
2023-01-28 02:00:00,0.0,0
2023-01-28 02:15:00,0.0,0
2023-01-28 02:30:00,0.0,0
2023-01-28 02:45:00,0.0,0
2023-01-28 03:00:00,0.0,0
2023-01-28 03:15:00,0.0,0
2023-01-28 03:30:00,0.0,0
2023-01-28 03:45:00,0.0,0
2023-01-28 04:00:00,0.0,0
2023-01-28 04:15:00,0.0,0
2023-01-28 04:30:00,0.0,0
2023-01-28 04:45:00,0.0,0
2023-01-28 05:00:00,0.0,0
2023-01-28 05:15:00,0.0,0
2023-01-28 05:30:00,0.0,0
2023-01-28 05:45:00,0.0,0
2023-01-28 06:00:00,77.23918914794922,1
2023-01-28 06:15:00,84.34496307373047,1
2023-01-28 06:30:00,101.9304428100586,1
2023-01-28 06:45:00,110.86906433105467,1
2023-01-28 07:00:00,115.63727569580078,1
2023-01-28 07:15:00,132.7818145751953,1
2023-01-28 07:30:00,122.22386169433594,1
2023-01-28 07:45:00,145.1366729736328,1
2023-01-28 08:00:00,149.511474609375,1
2023-01-28 08:15:00,144.5617218017578,1
2023-01-28 08:30:00,160.58314514160156,1
2023-01-28 08:45:00,171.6265411376953,1
2023-01-28 09:00:00,182.3817596435547,1
2023-01-28 09:15:00,176.84356689453125,1
2023-01-28 09:30:00,190.36566162109372,1
2023-01-28 09:45:00,195.16221618652344,1
2023-01-28 10:00:00,198.5648498535156,1
2023-01-28 10:15:00,198.62745666503903,1
2023-01-28 10:30:00,173.4633026123047,1
2023-01-28 10:45:00,196.2324981689453,1
2023-01-28 11:00:00,186.9002227783203,1
2023-01-28 11:15:00,144.33450317382812,1
2023-01-28 11:30:00,173.35513305664062,1
2023-01-28 11:45:00,169.5343780517578,1
2023-01-28 12:00:00,163.57142639160156,1
2023-01-28 12:15:00,153.81015014648438,1
2023-01-28 12:30:00,154.1176300048828,1
2023-01-28 12:45:00,148.478759765625,1
2023-01-28 13:00:00,115.56063079833984,1
2023-01-28 13:15:00,136.22560119628906,1
2023-01-28 13:30:00,129.16018676757812,1
2023-01-28 13:45:00,116.71942138671876,1
2023-01-28 14:00:00,118.57154083251952,1
2023-01-28 14:15:00,107.27700805664062,1
2023-01-28 14:30:00,90.02339935302734,1
2023-01-28 14:45:00,0.0,0
2023-01-28 15:00:00,0.0,0
2023-01-28 15:15:00,0.0,0
2023-01-28 15:30:00,0.0,0
2023-01-28 15:45:00,0.0,0
2023-01-28 16:00:00,0.0,0
2023-01-28 16:15:00,0.0,0
2023-01-28 16:30:00,0.0,0
2023-01-28 16:45:00,0.0,0
2023-01-28 17:00:00,0.0,0
2023-01-28 17:15:00,0.0,0
2023-01-28 17:30:00,0.0,0
2023-01-28 17:45:00,0.0,0
2023-01-28 18:00:00,0.0,0
2023-01-28 18:15:00,0.0,0
2023-01-28 18:30:00,0.0,0
2023-01-28 18:45:00,0.0,0
2023-01-28 19:00:00,0.0,0
2023-01-28 19:15:00,0.0,0
2023-01-28 19:30:00,0.0,0
2023-01-28 19:45:00,0.0,0
2023-01-28 20:00:00,0.0,0
2023-01-28 20:15:00,0.0,0
2023-01-28 20:30:00,0.0,0
2023-01-28 20:45:00,0.0,0
2023-01-28 21:00:00,0.0,0
2023-01-28 21:15:00,0.0,0
2023-01-28 21:30:00,0.0,0
2023-01-28 21:45:00,0.0,0
2023-01-28 22:00:00,0.0,0
2023-01-28 22:15:00,0.0,0
2023-01-28 22:30:00,0.0,0
2023-01-28 22:45:00,0.0,0
2023-01-28 23:00:00,0.0,0
2023-01-28 23:15:00,0.0,0
2023-01-28 23:30:00,0.0,0
2023-01-28 23:45:00,0.0,0
2023-01-29 00:00:00,0.0,0
2023-01-29 00:15:00,0.0,0
2023-01-29 00:30:00,0.0,0
2023-01-29 00:45:00,0.0,0
2023-01-29 01:00:00,0.0,0
2023-01-29 01:15:00,0.0,0
2023-01-29 01:30:00,0.0,0
2023-01-29 01:45:00,0.0,0
2023-01-29 02:00:00,0.0,0
2023-01-29 02:15:00,0.0,0
2023-01-29 02:30:00,0.0,0
2023-01-29 02:45:00,0.0,0
2023-01-29 03:00:00,0.0,0
2023-01-29 03:15:00,0.0,0
2023-01-29 03:30:00,0.0,0
2023-01-29 03:45:00,0.0,0
2023-01-29 04:00:00,0.0,0
2023-01-29 04:15:00,0.0,0
2023-01-29 04:30:00,0.0,0
2023-01-29 04:45:00,0.0,0
2023-01-29 05:00:00,0.0,0
2023-01-29 05:15:00,0.0,0
2023-01-29 05:30:00,0.0,0
2023-01-29 05:45:00,0.0,0
2023-01-29 06:00:00,78.3075942993164,1
2023-01-29 06:15:00,83.72056579589844,1
2023-01-29 06:30:00,100.11402893066406,1
2023-01-29 06:45:00,108.9183120727539,1
2023-01-29 07:00:00,113.16551208496094,1
2023-01-29 07:15:00,120.2116241455078,1
2023-01-29 07:30:00,122.31157684326172,1
2023-01-29 07:45:00,132.6463623046875,1
2023-01-29 08:00:00,149.11395263671875,1
2023-01-29 08:15:00,145.00131225585938,1
2023-01-29 08:30:00,124.43423461914062,1
2023-01-29 08:45:00,168.70526123046875,1
2023-01-29 09:00:00,178.00914001464844,1
2023-01-29 09:15:00,171.89437866210938,1
2023-01-29 09:30:00,175.8046112060547,1
2023-01-29 09:45:00,169.56089782714844,1
2023-01-29 10:00:00,121.74073791503906,1
2023-01-29 10:15:00,164.13870239257812,1
2023-01-29 10:30:00,162.97360229492188,1
2023-01-29 10:45:00,190.6065673828125,1
2023-01-29 11:00:00,183.67474365234372,1
2023-01-29 11:15:00,162.6550750732422,1
2023-01-29 11:30:00,150.8762969970703,1
2023-01-29 11:45:00,175.82875061035156,1
2023-01-29 12:00:00,172.91830444335938,1
2023-01-29 12:15:00,171.5300750732422,1
2023-01-29 12:30:00,156.91864013671875,1
2023-01-29 12:45:00,132.56178283691406,1
2023-01-29 13:00:00,111.07306671142578,1
2023-01-29 13:15:00,132.8736572265625,1
2023-01-29 13:30:00,125.73529815673828,1
2023-01-29 13:45:00,128.54063415527344,1
2023-01-29 14:00:00,117.60179138183594,1
2023-01-29 14:15:00,95.4222183227539,1
2023-01-29 14:30:00,88.18571472167969,1
2023-01-29 14:45:00,77.62110137939453,1
2023-01-29 15:00:00,0.0,0
2023-01-29 15:15:00,0.0,0
2023-01-29 15:30:00,0.0,0
2023-01-29 15:45:00,0.0,0
2023-01-29 16:00:00,0.0,0
2023-01-29 16:15:00,0.0,0
2023-01-29 16:30:00,0.0,0
2023-01-29 16:45:00,0.0,0
2023-01-29 17:00:00,0.0,0
2023-01-29 17:15:00,0.0,0
2023-01-29 17:30:00,0.0,0
2023-01-29 17:45:00,0.0,0
2023-01-29 18:00:00,0.0,0
2023-01-29 18:15:00,0.0,0
2023-01-29 18:30:00,0.0,0
2023-01-29 18:45:00,0.0,0
2023-01-29 19:00:00,0.0,0
2023-01-29 19:15:00,0.0,0
2023-01-29 19:30:00,0.0,0
2023-01-29 19:45:00,0.0,0
2023-01-29 20:00:00,0.0,0
2023-01-29 20:15:00,0.0,0
2023-01-29 20:30:00,0.0,0
2023-01-29 20:45:00,0.0,0
2023-01-29 21:00:00,0.0,0
2023-01-29 21:15:00,0.0,0
2023-01-29 21:30:00,0.0,0
2023-01-29 21:45:00,0.0,0
2023-01-29 22:00:00,0.0,0
2023-01-29 22:15:00,0.0,0
2023-01-29 22:30:00,0.0,0
2023-01-29 22:45:00,0.0,0
2023-01-29 23:00:00,0.0,0
2023-01-29 23:15:00,0.0,0
2023-01-29 23:30:00,0.0,0
2023-01-29 23:45:00,0.0,0
2023-01-30 00:00:00,0.0,0
2023-01-30 00:15:00,0.0,0
2023-01-30 00:30:00,0.0,0
2023-01-30 00:45:00,0.0,0
2023-01-30 01:00:00,0.0,0
2023-01-30 01:15:00,0.0,0
2023-01-30 01:30:00,0.0,0
2023-01-30 01:45:00,0.0,0
2023-01-30 02:00:00,0.0,0
2023-01-30 02:15:00,0.0,0
2023-01-30 02:30:00,0.0,0
2023-01-30 02:45:00,0.0,0
2023-01-30 03:00:00,0.0,0
2023-01-30 03:15:00,0.0,0
2023-01-30 03:30:00,0.0,0
2023-01-30 03:45:00,0.0,0
2023-01-30 04:00:00,0.0,0
2023-01-30 04:15:00,0.0,0
2023-01-30 04:30:00,0.0,0
2023-01-30 04:45:00,0.0,0
2023-01-30 05:00:00,0.0,0
2023-01-30 05:15:00,0.0,0
2023-01-30 05:30:00,0.0,0
2023-01-30 05:45:00,0.0,0
2023-01-30 06:00:00,79.8565902709961,1
2023-01-30 06:15:00,84.34496307373047,1
2023-01-30 06:30:00,101.9304428100586,1
2023-01-30 06:45:00,112.95648193359376,1
2023-01-30 07:00:00,115.63727569580078,1
2023-01-30 07:15:00,128.00013732910156,1
2023-01-30 07:30:00,122.2163314819336,1
2023-01-30 07:45:00,152.7170867919922,1
2023-01-30 08:00:00,149.511474609375,1
2023-01-30 08:15:00,150.24000549316406,1
2023-01-30 08:30:00,161.181396484375,1
2023-01-30 08:45:00,174.27586364746094,1
2023-01-30 09:00:00,181.5570068359375,1
2023-01-30 09:15:00,178.92247009277344,1
2023-01-30 09:30:00,153.87881469726562,1
2023-01-30 09:45:00,198.2338104248047,1
2023-01-30 10:00:00,164.1196746826172,1
2023-01-30 10:15:00,198.62745666503903,1
2023-01-30 10:30:00,176.2660675048828,1
2023-01-30 10:45:00,169.2559051513672,1
2023-01-30 11:00:00,178.4077606201172,1
2023-01-30 11:15:00,178.6103057861328,1
2023-01-30 11:30:00,173.31790161132812,1
2023-01-30 11:45:00,169.7855682373047,1
2023-01-30 12:00:00,153.61318969726562,1
2023-01-30 12:15:00,116.94017028808594,1
2023-01-30 12:30:00,154.1176300048828,1
2023-01-30 12:45:00,142.61233520507812,1
2023-01-30 13:00:00,115.57321166992188,1
2023-01-30 13:15:00,136.22560119628906,1
2023-01-30 13:30:00,130.12698364257812,1
2023-01-30 13:45:00,122.37388610839844,1
2023-01-30 14:00:00,117.31218719482422,1
2023-01-30 14:15:00,107.27700805664062,1
2023-01-30 14:30:00,93.07498168945312,1
2023-01-30 14:45:00,0.0,0
2023-01-30 15:00:00,0.0,0
2023-01-30 15:15:00,0.0,0
2023-01-30 15:30:00,0.0,0
2023-01-30 15:45:00,0.0,0
2023-01-30 16:00:00,0.0,0
2023-01-30 16:15:00,0.0,0
2023-01-30 16:30:00,0.0,0
2023-01-30 16:45:00,0.0,0
2023-01-30 17:00:00,0.0,0
2023-01-30 17:15:00,0.0,0
2023-01-30 17:30:00,0.0,0
2023-01-30 17:45:00,0.0,0
2023-01-30 18:00:00,0.0,0
2023-01-30 18:15:00,0.0,0
2023-01-30 18:30:00,0.0,0
2023-01-30 18:45:00,0.0,0
2023-01-30 19:00:00,0.0,0
2023-01-30 19:15:00,0.0,0
2023-01-30 19:30:00,0.0,0
2023-01-30 19:45:00,0.0,0
2023-01-30 20:00:00,0.0,0
2023-01-30 20:15:00,0.0,0
2023-01-30 20:30:00,0.0,0
2023-01-30 20:45:00,0.0,0
2023-01-30 21:00:00,0.0,0
2023-01-30 21:15:00,0.0,0
2023-01-30 21:30:00,0.0,0
2023-01-30 21:45:00,0.0,0
2023-01-30 22:00:00,0.0,0
2023-01-30 22:15:00,0.0,0
2023-01-30 22:30:00,0.0,0
2023-01-30 22:45:00,0.0,0
2023-01-30 23:00:00,0.0,0
2023-01-30 23:15:00,0.0,0
2023-01-30 23:30:00,0.0,0
2023-01-30 23:45:00,0.0,0
2023-01-31 00:00:00,0.0,0
2023-01-31 00:15:00,0.0,0
2023-01-31 00:30:00,0.0,0
2023-01-31 00:45:00,0.0,0
2023-01-31 01:00:00,0.0,0
2023-01-31 01:15:00,0.0,0
2023-01-31 01:30:00,0.0,0
2023-01-31 01:45:00,0.0,0
2023-01-31 02:00:00,0.0,0
2023-01-31 02:15:00,0.0,0
2023-01-31 02:30:00,0.0,0
2023-01-31 02:45:00,0.0,0
2023-01-31 03:00:00,0.0,0
2023-01-31 03:15:00,0.0,0
2023-01-31 03:30:00,0.0,0
2023-01-31 03:45:00,0.0,0
2023-01-31 04:00:00,0.0,0
2023-01-31 04:15:00,0.0,0
2023-01-31 04:30:00,0.0,0
2023-01-31 04:45:00,0.0,0
2023-01-31 05:00:00,0.0,0
2023-01-31 05:15:00,0.0,0
2023-01-31 05:30:00,0.0,0
2023-01-31 05:45:00,0.0,0
2023-01-31 06:00:00,78.99588775634766,1
2023-01-31 06:15:00,83.4162826538086,1
2023-01-31 06:30:00,99.93440246582033,1
2023-01-31 06:45:00,110.86641693115234,1
2023-01-31 07:00:00,114.71004486083984,1
2023-01-31 07:15:00,126.46257019042967,1
2023-01-31 07:30:00,119.22911071777344,1
2023-01-31 07:45:00,139.20472717285156,1
2023-01-31 08:00:00,149.77215576171875,1
2023-01-31 08:15:00,149.1536865234375,1
2023-01-31 08:30:00,153.8434600830078,1
2023-01-31 08:45:00,178.3679656982422,1
2023-01-31 09:00:00,178.1359405517578,1
2023-01-31 09:15:00,173.2476348876953,1
2023-01-31 09:30:00,175.52743530273438,1
2023-01-31 09:45:00,176.2188720703125,1
2023-01-31 10:00:00,168.6414031982422,1
2023-01-31 10:15:00,183.04627990722656,1
2023-01-31 10:30:00,179.5118865966797,1
2023-01-31 10:45:00,196.0069732666016,1
2023-01-31 11:00:00,188.31016540527344,1
2023-01-31 11:15:00,162.39596557617188,1
2023-01-31 11:30:00,175.25038146972656,1
2023-01-31 11:45:00,167.59022521972656,1
2023-01-31 12:00:00,165.81459045410156,1
2023-01-31 12:15:00,162.79998779296875,1
2023-01-31 12:30:00,136.17654418945312,1
2023-01-31 12:45:00,131.20999145507812,1
2023-01-31 13:00:00,123.09688568115234,1
2023-01-31 13:15:00,132.11105346679688,1
2023-01-31 13:30:00,104.0023422241211,1
2023-01-31 13:45:00,128.34657287597656,1
2023-01-31 14:00:00,119.6438217163086,1
2023-01-31 14:15:00,95.4222183227539,1
2023-01-31 14:30:00,90.45023345947266,1
2023-01-31 14:45:00,76.62969970703125,1
2023-01-31 15:00:00,0.0,0
2023-01-31 15:15:00,0.0,0
2023-01-31 15:30:00,0.0,0
2023-01-31 15:45:00,0.0,0
2023-01-31 16:00:00,0.0,0
2023-01-31 16:15:00,0.0,0
2023-01-31 16:30:00,0.0,0
2023-01-31 16:45:00,0.0,0
2023-01-31 17:00:00,0.0,0
2023-01-31 17:15:00,0.0,0
2023-01-31 17:30:00,0.0,0
2023-01-31 17:45:00,0.0,0
2023-01-31 18:00:00,0.0,0
2023-01-31 18:15:00,0.0,0
2023-01-31 18:30:00,0.0,0
2023-01-31 18:45:00,0.0,0
2023-01-31 19:00:00,0.0,0
2023-01-31 19:15:00,0.0,0
2023-01-31 19:30:00,0.0,0
2023-01-31 19:45:00,0.0,0
2023-01-31 20:00:00,0.0,0
2023-01-31 20:15:00,0.0,0
2023-01-31 20:30:00,0.0,0
2023-01-31 20:45:00,0.0,0
2023-01-31 21:00:00,0.0,0
2023-01-31 21:15:00,0.0,0
2023-01-31 21:30:00,0.0,0
2023-01-31 21:45:00,0.0,0
2023-01-31 22:00:00,0.0,0
2023-01-31 22:15:00,0.0,0
2023-01-31 22:30:00,0.0,0
2023-01-31 22:45:00,0.0,0
2023-01-31 23:00:00,0.0,0
2023-01-31 23:15:00,0.0,0
2023-01-31 23:30:00,0.0,0
2023-01-31 23:45:00,0.0,0
2023-02-01 00:00:00,0.0,0
2023-02-01 00:15:00,0.0,0
2023-02-01 00:30:00,0.0,0
2023-02-01 00:45:00,0.0,0
2023-02-01 01:00:00,0.0,0
2023-02-01 01:15:00,0.0,0
2023-02-01 01:30:00,0.0,0
2023-02-01 01:45:00,0.0,0
2023-02-01 02:00:00,0.0,0
2023-02-01 02:15:00,0.0,0
2023-02-01 02:30:00,0.0,0
2023-02-01 02:45:00,0.0,0
2023-02-01 03:00:00,0.0,0
2023-02-01 03:15:00,0.0,0
2023-02-01 03:30:00,0.0,0
2023-02-01 03:45:00,0.0,0
2023-02-01 04:00:00,0.0,0
2023-02-01 04:15:00,0.0,0
2023-02-01 04:30:00,0.0,0
2023-02-01 04:45:00,0.0,0
2023-02-01 05:00:00,0.0,0
2023-02-01 05:15:00,0.0,0
2023-02-01 05:30:00,0.0,0
2023-02-01 05:45:00,0.0,0
2023-02-01 06:00:00,78.99588775634766,1
2023-02-01 06:15:00,84.06391143798828,1
2023-02-01 06:30:00,101.0437469482422,1
2023-02-01 06:45:00,110.86641693115234,1
2023-02-01 07:00:00,113.16551208496094,1
2023-02-01 07:15:00,120.4539566040039,1
2023-02-01 07:30:00,119.22180938720705,1
2023-02-01 07:45:00,141.01986694335938,1
2023-02-01 08:00:00,149.04550170898438,1
2023-02-01 08:15:00,155.51698303222656,1
2023-02-01 08:30:00,157.12120056152344,1
2023-02-01 08:45:00,178.3679656982422,1
2023-02-01 09:00:00,181.5570068359375,1
2023-02-01 09:15:00,175.06454467773438,1
2023-02-01 09:30:00,171.53018188476562,1
2023-02-01 09:45:00,175.724365234375,1
2023-02-01 10:00:00,189.5753631591797,1
2023-02-01 10:15:00,188.02772521972656,1
2023-02-01 10:30:00,176.2660675048828,1
2023-02-01 10:45:00,200.0712432861328,1
2023-02-01 11:00:00,172.20770263671875,1
2023-02-01 11:15:00,165.40367126464844,1
2023-02-01 11:30:00,173.31790161132812,1
2023-02-01 11:45:00,172.22755432128906,1
2023-02-01 12:00:00,158.15367126464844,1
2023-02-01 12:15:00,162.74720764160156,1
2023-02-01 12:30:00,140.12197875976562,1
2023-02-01 12:45:00,143.8778076171875,1
2023-02-01 13:00:00,127.76731872558594,1
2023-02-01 13:15:00,135.09693908691406,1
2023-02-01 13:30:00,129.16018676757812,1
2023-02-01 13:45:00,120.03138732910156,1
2023-02-01 14:00:00,117.31218719482422,1
2023-02-01 14:15:00,105.96428680419922,1
2023-02-01 14:30:00,93.07498168945312,1
2023-02-01 14:45:00,77.62110137939453,1
2023-02-01 15:00:00,0.0,0
2023-02-01 15:15:00,0.0,0
2023-02-01 15:30:00,0.0,0
2023-02-01 15:45:00,0.0,0
2023-02-01 16:00:00,0.0,0
2023-02-01 16:15:00,0.0,0
2023-02-01 16:30:00,0.0,0
2023-02-01 16:45:00,0.0,0
2023-02-01 17:00:00,0.0,0
2023-02-01 17:15:00,0.0,0
2023-02-01 17:30:00,0.0,0
2023-02-01 17:45:00,0.0,0
2023-02-01 18:00:00,0.0,0
2023-02-01 18:15:00,0.0,0
2023-02-01 18:30:00,0.0,0
2023-02-01 18:45:00,0.0,0
2023-02-01 19:00:00,0.0,0
2023-02-01 19:15:00,0.0,0
2023-02-01 19:30:00,0.0,0
2023-02-01 19:45:00,0.0,0
2023-02-01 20:00:00,0.0,0
2023-02-01 20:15:00,0.0,0
2023-02-01 20:30:00,0.0,0
2023-02-01 20:45:00,0.0,0
2023-02-01 21:00:00,0.0,0
2023-02-01 21:15:00,0.0,0
2023-02-01 21:30:00,0.0,0
2023-02-01 21:45:00,0.0,0
2023-02-01 22:00:00,0.0,0
2023-02-01 22:15:00,0.0,0
2023-02-01 22:30:00,0.0,0
2023-02-01 22:45:00,0.0,0
2023-02-01 23:00:00,0.0,0
2023-02-01 23:15:00,0.0,0
2023-02-01 23:30:00,0.0,0
2023-02-01 23:45:00,0.0,0
2023-02-02 00:00:00,0.0,0
2023-02-02 00:15:00,0.0,0
2023-02-02 00:30:00,0.0,0
2023-02-02 00:45:00,0.0,0
2023-02-02 01:00:00,0.0,0
2023-02-02 01:15:00,0.0,0
2023-02-02 01:30:00,0.0,0
2023-02-02 01:45:00,0.0,0
2023-02-02 02:00:00,0.0,0
2023-02-02 02:15:00,0.0,0
2023-02-02 02:30:00,0.0,0
2023-02-02 02:45:00,0.0,0
2023-02-02 03:00:00,0.0,0
2023-02-02 03:15:00,0.0,0
2023-02-02 03:30:00,0.0,0
2023-02-02 03:45:00,0.0,0
2023-02-02 04:00:00,0.0,0
2023-02-02 04:15:00,0.0,0
2023-02-02 04:30:00,0.0,0
2023-02-02 04:45:00,0.0,0
2023-02-02 05:00:00,0.0,0
2023-02-02 05:15:00,0.0,0
2023-02-02 05:30:00,0.0,0
2023-02-02 05:45:00,0.0,0
2023-02-02 06:00:00,78.3075942993164,1
2023-02-02 06:15:00,81.85973358154297,1
2023-02-02 06:30:00,98.9697494506836,1
2023-02-02 06:45:00,109.7802734375,1
2023-02-02 07:00:00,109.000244140625,1
2023-02-02 07:15:00,117.79340362548828,1
2023-02-02 07:30:00,123.60385131835938,1
2023-02-02 07:45:00,138.78131103515625,1
2023-02-02 08:00:00,150.96250915527344,1
2023-02-02 08:15:00,155.21719360351562,1
2023-02-02 08:30:00,152.24957275390625,1
2023-02-02 08:45:00,175.9180145263672,1
2023-02-02 09:00:00,176.19354248046875,1
2023-02-02 09:15:00,171.33534240722656,1
2023-02-02 09:30:00,175.52743530273438,1
2023-02-02 09:45:00,176.2188720703125,1
2023-02-02 10:00:00,168.6414031982422,1
2023-02-02 10:15:00,183.04627990722656,1
2023-02-02 10:30:00,179.5118865966797,1
2023-02-02 10:45:00,196.0069732666016,1
2023-02-02 11:00:00,188.31016540527344,1
2023-02-02 11:15:00,179.74871826171875,1
2023-02-02 11:30:00,175.25038146972656,1
2023-02-02 11:45:00,165.8052520751953,1
2023-02-02 12:00:00,126.38397979736328,1
2023-02-02 12:15:00,164.0243377685547,1
2023-02-02 12:30:00,150.5760955810547,1
2023-02-02 12:45:00,133.97225952148438,1
2023-02-02 13:00:00,127.65241241455078,1
2023-02-02 13:15:00,132.11105346679688,1
2023-02-02 13:30:00,104.0023422241211,1
2023-02-02 13:45:00,124.06892395019533,1
2023-02-02 14:00:00,119.6438217163086,1
2023-02-02 14:15:00,95.22693634033205,1
2023-02-02 14:30:00,87.71703338623047,1
2023-02-02 14:45:00,76.62969970703125,1
2023-02-02 15:00:00,0.0,0
2023-02-02 15:15:00,0.0,0
2023-02-02 15:30:00,0.0,0
2023-02-02 15:45:00,0.0,0
2023-02-02 16:00:00,0.0,0
2023-02-02 16:15:00,0.0,0
2023-02-02 16:30:00,0.0,0
2023-02-02 16:45:00,0.0,0
2023-02-02 17:00:00,0.0,0
2023-02-02 17:15:00,0.0,0
2023-02-02 17:30:00,0.0,0
2023-02-02 17:45:00,0.0,0
2023-02-02 18:00:00,0.0,0
2023-02-02 18:15:00,0.0,0
2023-02-02 18:30:00,0.0,0
2023-02-02 18:45:00,0.0,0
2023-02-02 19:00:00,0.0,0
2023-02-02 19:15:00,0.0,0
2023-02-02 19:30:00,0.0,0
2023-02-02 19:45:00,0.0,0
2023-02-02 20:00:00,0.0,0
2023-02-02 20:15:00,0.0,0
2023-02-02 20:30:00,0.0,0
2023-02-02 20:45:00,0.0,0
2023-02-02 21:00:00,0.0,0
2023-02-02 21:15:00,0.0,0
2023-02-02 21:30:00,0.0,0
2023-02-02 21:45:00,0.0,0
2023-02-02 22:00:00,0.0,0
2023-02-02 22:15:00,0.0,0
2023-02-02 22:30:00,0.0,0
2023-02-02 22:45:00,0.0,0
2023-02-02 23:00:00,0.0,0
2023-02-02 23:15:00,0.0,0
2023-02-02 23:30:00,0.0,0
2023-02-02 23:45:00,0.0,0
2023-02-03 00:00:00,0.0,0
2023-02-03 00:15:00,0.0,0
2023-02-03 00:30:00,0.0,0
2023-02-03 00:45:00,0.0,0
2023-02-03 01:00:00,0.0,0
2023-02-03 01:15:00,0.0,0
2023-02-03 01:30:00,0.0,0
2023-02-03 01:45:00,0.0,0
2023-02-03 02:00:00,0.0,0
2023-02-03 02:15:00,0.0,0
2023-02-03 02:30:00,0.0,0
2023-02-03 02:45:00,0.0,0
2023-02-03 03:00:00,0.0,0
2023-02-03 03:15:00,0.0,0
2023-02-03 03:30:00,0.0,0
2023-02-03 03:45:00,0.0,0
2023-02-03 04:00:00,0.0,0
2023-02-03 04:15:00,0.0,0
2023-02-03 04:30:00,0.0,0
2023-02-03 04:45:00,0.0,0
2023-02-03 05:00:00,0.0,0
2023-02-03 05:15:00,0.0,0
2023-02-03 05:30:00,0.0,0
2023-02-03 05:45:00,0.0,0
2023-02-03 06:00:00,78.99588775634766,1
2023-02-03 06:15:00,88.11772155761719,1
2023-02-03 06:30:00,100.8826675415039,1
2023-02-03 06:45:00,111.73603057861328,1
2023-02-03 07:00:00,109.92747497558594,1
2023-02-03 07:15:00,130.3694610595703,1
2023-02-03 07:30:00,124.0626220703125,1
2023-02-03 07:45:00,155.13357543945312,1
2023-02-03 08:00:00,148.91049194335938,1
2023-02-03 08:15:00,152.9461212158203,1
2023-02-03 08:30:00,161.02537536621094,1
2023-02-03 08:45:00,180.13421630859375,1
2023-02-03 09:00:00,181.55206298828125,1
2023-02-03 09:15:00,180.65386962890625,1
2023-02-03 09:30:00,171.67062377929688,1
2023-02-03 09:45:00,210.69842529296875,1
2023-02-03 10:00:00,164.73114013671875,1
2023-02-03 10:15:00,118.77986907958984,1
2023-02-03 10:30:00,154.70411682128906,1
2023-02-03 10:45:00,170.41432189941406,1
2023-02-03 11:00:00,178.4077606201172,1
2023-02-03 11:15:00,175.04058837890625,1
2023-02-03 11:30:00,167.62327575683594,1
2023-02-03 11:45:00,148.04351806640625,1
2023-02-03 12:00:00,158.46505737304688,1
2023-02-03 12:15:00,164.2364501953125,1
2023-02-03 12:30:00,159.23692321777344,1
2023-02-03 12:45:00,150.97703552246094,1
2023-02-03 13:00:00,135.4273223876953,1
2023-02-03 13:15:00,139.48863220214844,1
2023-02-03 13:30:00,133.98500061035156,1
2023-02-03 13:45:00,132.42015075683594,1
2023-02-03 14:00:00,117.32763671875,1
2023-02-03 14:15:00,106.4147720336914,1
2023-02-03 14:30:00,90.640869140625,1
2023-02-03 14:45:00,0.0,0
2023-02-03 15:00:00,0.0,0
2023-02-03 15:15:00,0.0,0
2023-02-03 15:30:00,0.0,0
2023-02-03 15:45:00,0.0,0
2023-02-03 16:00:00,0.0,0
2023-02-03 16:15:00,0.0,0
2023-02-03 16:30:00,0.0,0
2023-02-03 16:45:00,0.0,0
2023-02-03 17:00:00,0.0,0
2023-02-03 17:15:00,0.0,0
2023-02-03 17:30:00,0.0,0
2023-02-03 17:45:00,0.0,0
2023-02-03 18:00:00,0.0,0
2023-02-03 18:15:00,0.0,0
2023-02-03 18:30:00,0.0,0
2023-02-03 18:45:00,0.0,0
2023-02-03 19:00:00,0.0,0
2023-02-03 19:15:00,0.0,0
2023-02-03 19:30:00,0.0,0
2023-02-03 19:45:00,0.0,0
2023-02-03 20:00:00,0.0,0
2023-02-03 20:15:00,0.0,0
2023-02-03 20:30:00,0.0,0
2023-02-03 20:45:00,0.0,0
2023-02-03 21:00:00,0.0,0
2023-02-03 21:15:00,0.0,0
2023-02-03 21:30:00,0.0,0
2023-02-03 21:45:00,0.0,0
2023-02-03 22:00:00,0.0,0
2023-02-03 22:15:00,0.0,0
2023-02-03 22:30:00,0.0,0
2023-02-03 22:45:00,0.0,0
2023-02-03 23:00:00,0.0,0
2023-02-03 23:15:00,0.0,0
2023-02-03 23:30:00,0.0,0
2023-02-03 23:45:00,0.0,0
2023-02-04 00:00:00,0.0,0
2023-02-04 00:15:00,0.0,0
2023-02-04 00:30:00,0.0,0
2023-02-04 00:45:00,0.0,0
2023-02-04 01:00:00,0.0,0
2023-02-04 01:15:00,0.0,0
2023-02-04 01:30:00,0.0,0
2023-02-04 01:45:00,0.0,0
2023-02-04 02:00:00,0.0,0
2023-02-04 02:15:00,0.0,0
2023-02-04 02:30:00,0.0,0
2023-02-04 02:45:00,0.0,0
2023-02-04 03:00:00,0.0,0
2023-02-04 03:15:00,0.0,0
2023-02-04 03:30:00,0.0,0
2023-02-04 03:45:00,0.0,0
2023-02-04 04:00:00,0.0,0
2023-02-04 04:15:00,0.0,0
2023-02-04 04:30:00,0.0,0
2023-02-04 04:45:00,0.0,0
2023-02-04 05:00:00,0.0,0
2023-02-04 05:15:00,0.0,0
2023-02-04 05:30:00,0.0,0
2023-02-04 05:45:00,0.0,0
2023-02-04 06:00:00,78.99588775634766,1
2023-02-04 06:15:00,85.19087219238281,1
2023-02-04 06:30:00,99.77332305908205,1
2023-02-04 06:45:00,112.17200469970705,1
2023-02-04 07:00:00,115.63727569580078,1
2023-02-04 07:15:00,131.31324768066406,1
2023-02-04 07:30:00,121.36629486083984,1
2023-02-04 07:45:00,159.89266967773438,1
2023-02-04 08:00:00,138.59579467773438,1
2023-02-04 08:15:00,156.1011505126953,1
2023-02-04 08:30:00,162.62786865234375,1
2023-02-04 08:45:00,174.34291076660156,1
2023-02-04 09:00:00,136.492919921875,1
2023-02-04 09:15:00,181.0600128173828,1
2023-02-04 09:30:00,170.9358673095703,1
2023-02-04 09:45:00,201.71505737304688,1
2023-02-04 10:00:00,154.4188995361328,1
2023-02-04 10:15:00,163.26596069335938,1
2023-02-04 10:30:00,156.7239990234375,1
2023-02-04 10:45:00,183.7686920166016,1
2023-02-04 11:00:00,178.63330078125,1
2023-02-04 11:15:00,178.6103057861328,1
2023-02-04 11:30:00,156.24786376953125,1
2023-02-04 11:45:00,171.82931518554688,1
2023-02-04 12:00:00,160.58840942382812,1
2023-02-04 12:15:00,167.16624450683594,1
2023-02-04 12:30:00,154.1176300048828,1
2023-02-04 12:45:00,143.40570068359375,1
2023-02-04 13:00:00,135.30296325683594,1
2023-02-04 13:15:00,137.38548278808594,1
2023-02-04 13:30:00,131.021728515625,1
2023-02-04 13:45:00,117.90217590332033,1
2023-02-04 14:00:00,119.3542251586914,1
2023-02-04 14:15:00,104.80867767333984,1
2023-02-04 14:30:00,93.41817474365234,1
2023-02-04 14:45:00,77.18963623046875,1
2023-02-04 15:00:00,0.0,0
2023-02-04 15:15:00,0.0,0
2023-02-04 15:30:00,0.0,0
2023-02-04 15:45:00,0.0,0
2023-02-04 16:00:00,0.0,0
2023-02-04 16:15:00,0.0,0
2023-02-04 16:30:00,0.0,0
2023-02-04 16:45:00,0.0,0
2023-02-04 17:00:00,0.0,0
2023-02-04 17:15:00,0.0,0
2023-02-04 17:30:00,0.0,0
2023-02-04 17:45:00,0.0,0
2023-02-04 18:00:00,0.0,0
2023-02-04 18:15:00,0.0,0
2023-02-04 18:30:00,0.0,0
2023-02-04 18:45:00,0.0,0
2023-02-04 19:00:00,0.0,0
2023-02-04 19:15:00,0.0,0
2023-02-04 19:30:00,0.0,0
2023-02-04 19:45:00,0.0,0
2023-02-04 20:00:00,0.0,0
2023-02-04 20:15:00,0.0,0
2023-02-04 20:30:00,0.0,0
2023-02-04 20:45:00,0.0,0
2023-02-04 21:00:00,0.0,0
2023-02-04 21:15:00,0.0,0
2023-02-04 21:30:00,0.0,0
2023-02-04 21:45:00,0.0,0
2023-02-04 22:00:00,0.0,0
2023-02-04 22:15:00,0.0,0
2023-02-04 22:30:00,0.0,0
2023-02-04 22:45:00,0.0,0
2023-02-04 23:00:00,0.0,0
2023-02-04 23:15:00,0.0,0
2023-02-04 23:30:00,0.0,0
2023-02-04 23:45:00,0.0,0
2023-02-05 00:00:00,0.0,0
2023-02-05 00:15:00,0.0,0
2023-02-05 00:30:00,0.0,0
2023-02-05 00:45:00,0.0,0
2023-02-05 01:00:00,0.0,0
2023-02-05 01:15:00,0.0,0
2023-02-05 01:30:00,0.0,0
2023-02-05 01:45:00,0.0,0
2023-02-05 02:00:00,0.0,0
2023-02-05 02:15:00,0.0,0
2023-02-05 02:30:00,0.0,0
2023-02-05 02:45:00,0.0,0
2023-02-05 03:00:00,0.0,0
2023-02-05 03:15:00,0.0,0
2023-02-05 03:30:00,0.0,0
2023-02-05 03:45:00,0.0,0
2023-02-05 04:00:00,0.0,0
2023-02-05 04:15:00,0.0,0
2023-02-05 04:30:00,0.0,0
2023-02-05 04:45:00,0.0,0
2023-02-05 05:00:00,0.0,0
2023-02-05 05:15:00,0.0,0
2023-02-05 05:30:00,0.0,0
2023-02-05 05:45:00,0.0,0
2023-02-05 06:00:00,77.4761734008789,1
2023-02-05 06:15:00,83.63432312011719,1
2023-02-05 06:30:00,94.10977935791016,1
2023-02-05 06:45:00,111.70319366455078,1
2023-02-05 07:00:00,110.1432647705078,1
2023-02-05 07:15:00,120.56587982177734,1
2023-02-05 07:30:00,135.34556579589844,1
2023-02-05 07:45:00,137.92481994628906,1
2023-02-05 08:00:00,148.40017700195312,1
2023-02-05 08:15:00,149.48631286621094,1
2023-02-05 08:30:00,127.37665557861328,1
2023-02-05 08:45:00,173.6207733154297,1
2023-02-05 09:00:00,176.06675720214844,1
2023-02-05 09:15:00,172.16502380371094,1
2023-02-05 09:30:00,151.12217712402344,1
2023-02-05 09:45:00,168.89915466308594,1
2023-02-05 10:00:00,168.6414031982422,1
2023-02-05 10:15:00,166.64788818359375,1
2023-02-05 10:30:00,176.4402618408203,1
2023-02-05 10:45:00,168.66619873046875,1
2023-02-05 11:00:00,173.7386474609375,1
2023-02-05 11:15:00,177.81515502929688,1
2023-02-05 11:30:00,147.94876098632812,1
2023-02-05 11:45:00,163.1123809814453,1
2023-02-05 12:00:00,111.59610748291016,1
2023-02-05 12:15:00,163.0795135498047,1
2023-02-05 12:30:00,151.57518005371094,1
2023-02-05 12:45:00,153.5215606689453,1
2023-02-05 13:00:00,118.22998809814452,1
2023-02-05 13:15:00,134.26426696777344,1
2023-02-05 13:30:00,126.44292449951172,1
2023-02-05 13:45:00,121.30467987060548,1
2023-02-05 14:00:00,108.86978912353516,1
2023-02-05 14:15:00,99.4720458984375,1
2023-02-05 14:30:00,91.8152847290039,1
2023-02-05 14:45:00,0.0,0
2023-02-05 15:00:00,0.0,0
2023-02-05 15:15:00,0.0,0
2023-02-05 15:30:00,0.0,0
2023-02-05 15:45:00,0.0,0
2023-02-05 16:00:00,0.0,0
2023-02-05 16:15:00,0.0,0
2023-02-05 16:30:00,0.0,0
2023-02-05 16:45:00,0.0,0
2023-02-05 17:00:00,0.0,0
2023-02-05 17:15:00,0.0,0
2023-02-05 17:30:00,0.0,0
2023-02-05 17:45:00,0.0,0
2023-02-05 18:00:00,0.0,0
2023-02-05 18:15:00,0.0,0
2023-02-05 18:30:00,0.0,0
2023-02-05 18:45:00,0.0,0
2023-02-05 19:00:00,0.0,0
2023-02-05 19:15:00,0.0,0
2023-02-05 19:30:00,0.0,0
2023-02-05 19:45:00,0.0,0
2023-02-05 20:00:00,0.0,0
2023-02-05 20:15:00,0.0,0
2023-02-05 20:30:00,0.0,0
2023-02-05 20:45:00,0.0,0
2023-02-05 21:00:00,0.0,0
2023-02-05 21:15:00,0.0,0
2023-02-05 21:30:00,0.0,0
2023-02-05 21:45:00,0.0,0
2023-02-05 22:00:00,0.0,0
2023-02-05 22:15:00,0.0,0
2023-02-05 22:30:00,0.0,0
2023-02-05 22:45:00,0.0,0
2023-02-05 23:00:00,0.0,0
2023-02-05 23:15:00,0.0,0
2023-02-05 23:30:00,0.0,0
2023-02-05 23:45:00,0.0,0
2023-02-06 00:00:00,0.0,0
2023-02-06 00:15:00,0.0,0
2023-02-06 00:30:00,0.0,0
2023-02-06 00:45:00,0.0,0
2023-02-06 01:00:00,0.0,0
2023-02-06 01:15:00,0.0,0
2023-02-06 01:30:00,0.0,0
2023-02-06 01:45:00,0.0,0
2023-02-06 02:00:00,0.0,0
2023-02-06 02:15:00,0.0,0
2023-02-06 02:30:00,0.0,0
2023-02-06 02:45:00,0.0,0
2023-02-06 03:00:00,0.0,0
2023-02-06 03:15:00,0.0,0
2023-02-06 03:30:00,0.0,0
2023-02-06 03:45:00,0.0,0
2023-02-06 04:00:00,0.0,0
2023-02-06 04:15:00,0.0,0
2023-02-06 04:30:00,0.0,0
2023-02-06 04:45:00,0.0,0
2023-02-06 05:00:00,0.0,0
2023-02-06 05:15:00,0.0,0
2023-02-06 05:30:00,0.0,0
2023-02-06 05:45:00,0.0,0
2023-02-06 06:00:00,76.2565689086914,1
2023-02-06 06:15:00,82.45423889160156,1
2023-02-06 06:30:00,94.10977935791016,1
2023-02-06 06:45:00,113.2545394897461,1
2023-02-06 07:00:00,109.9160385131836,1
2023-02-06 07:15:00,134.07821655273438,1
2023-02-06 07:30:00,131.79595947265625,1
2023-02-06 07:45:00,136.93994140625,1
2023-02-06 08:00:00,145.05374145507812,1
2023-02-06 08:15:00,151.27444458007812,1
2023-02-06 08:30:00,146.690185546875,1
2023-02-06 08:45:00,168.8174285888672,1
2023-02-06 09:00:00,168.0770721435547,1
2023-02-06 09:15:00,172.16502380371094,1
2023-02-06 09:30:00,188.3491058349609,1
2023-02-06 09:45:00,162.37860107421875,1
2023-02-06 10:00:00,163.5841827392578,1
2023-02-06 10:15:00,169.71949768066406,1
2023-02-06 10:30:00,176.4402618408203,1
2023-02-06 10:45:00,169.10028076171875,1
2023-02-06 11:00:00,173.7386474609375,1
2023-02-06 11:15:00,177.81515502929688,1
2023-02-06 11:30:00,147.94876098632812,1
2023-02-06 11:45:00,163.1123809814453,1
2023-02-06 12:00:00,158.91615295410156,1
2023-02-06 12:15:00,164.45608520507812,1
2023-02-06 12:30:00,159.91781616210938,1
2023-02-06 12:45:00,149.7765350341797,1
2023-02-06 13:00:00,111.27479553222656,1
2023-02-06 13:15:00,136.26852416992188,1
2023-02-06 13:30:00,104.3822021484375,1
2023-02-06 13:45:00,121.60588836669922,1
2023-02-06 14:00:00,108.86978912353516,1
2023-02-06 14:15:00,95.9856948852539,1
2023-02-06 14:30:00,93.59854888916016,1
2023-02-06 14:45:00,0.0,0
2023-02-06 15:00:00,0.0,0
2023-02-06 15:15:00,0.0,0
2023-02-06 15:30:00,0.0,0
2023-02-06 15:45:00,0.0,0
2023-02-06 16:00:00,0.0,0
2023-02-06 16:15:00,0.0,0
2023-02-06 16:30:00,0.0,0
2023-02-06 16:45:00,0.0,0
2023-02-06 17:00:00,0.0,0
2023-02-06 17:15:00,0.0,0
2023-02-06 17:30:00,0.0,0
2023-02-06 17:45:00,0.0,0
2023-02-06 18:00:00,0.0,0
2023-02-06 18:15:00,0.0,0
2023-02-06 18:30:00,0.0,0
2023-02-06 18:45:00,0.0,0
2023-02-06 19:00:00,0.0,0
2023-02-06 19:15:00,0.0,0
2023-02-06 19:30:00,0.0,0
2023-02-06 19:45:00,0.0,0
2023-02-06 20:00:00,0.0,0
2023-02-06 20:15:00,0.0,0
2023-02-06 20:30:00,0.0,0
2023-02-06 20:45:00,0.0,0
2023-02-06 21:00:00,0.0,0
2023-02-06 21:15:00,0.0,0
2023-02-06 21:30:00,0.0,0
2023-02-06 21:45:00,0.0,0
2023-02-06 22:00:00,0.0,0
2023-02-06 22:15:00,0.0,0
2023-02-06 22:30:00,0.0,0
2023-02-06 22:45:00,0.0,0
2023-02-06 23:00:00,0.0,0
2023-02-06 23:15:00,0.0,0
2023-02-06 23:30:00,0.0,0
2023-02-06 23:45:00,0.0,0
2023-02-07 00:00:00,0.0,0
2023-02-07 00:15:00,0.0,0
2023-02-07 00:30:00,0.0,0
2023-02-07 00:45:00,0.0,0
2023-02-07 01:00:00,0.0,0
2023-02-07 01:15:00,0.0,0
2023-02-07 01:30:00,0.0,0
2023-02-07 01:45:00,0.0,0
2023-02-07 02:00:00,0.0,0
2023-02-07 02:15:00,0.0,0
2023-02-07 02:30:00,0.0,0
2023-02-07 02:45:00,0.0,0
2023-02-07 03:00:00,0.0,0
2023-02-07 03:15:00,0.0,0
2023-02-07 03:30:00,0.0,0
2023-02-07 03:45:00,0.0,0
2023-02-07 04:00:00,0.0,0
2023-02-07 04:15:00,0.0,0
2023-02-07 04:30:00,0.0,0
2023-02-07 04:45:00,0.0,0
2023-02-07 05:00:00,0.0,0
2023-02-07 05:15:00,0.0,0
2023-02-07 05:30:00,0.0,0
2023-02-07 05:45:00,0.0,0
2023-02-07 06:00:00,77.55665588378906,1
2023-02-07 06:15:00,83.63432312011719,1
2023-02-07 06:30:00,98.9697494506836,1
2023-02-07 06:45:00,111.6732177734375,1
2023-02-07 07:00:00,109.000244140625,1
2023-02-07 07:15:00,120.2915496826172,1
2023-02-07 07:30:00,130.10763549804688,1
2023-02-07 07:45:00,137.97901916503906,1
2023-02-07 08:00:00,149.04550170898438,1
2023-02-07 08:15:00,156.34487915039062,1
2023-02-07 08:30:00,156.65982055664062,1
2023-02-07 08:45:00,172.30462646484375,1
2023-02-07 09:00:00,181.5570068359375,1
2023-02-07 09:15:00,178.92247009277344,1
2023-02-07 09:30:00,172.2064971923828,1
2023-02-07 09:45:00,167.1370849609375,1
2023-02-07 10:00:00,173.16116333007812,1
2023-02-07 10:15:00,176.8841094970703,1
2023-02-07 10:30:00,178.77792358398438,1
2023-02-07 10:45:00,175.52586364746094,1
2023-02-07 11:00:00,181.21047973632807,1
2023-02-07 11:15:00,160.4433135986328,1
2023-02-07 11:30:00,175.4733428955078,1
2023-02-07 11:45:00,169.6299285888672,1
2023-02-07 12:00:00,151.5768280029297,1
2023-02-07 12:15:00,172.17324829101562,1
2023-02-07 12:30:00,158.48912048339844,1
2023-02-07 12:45:00,148.4247283935547,1
2023-02-07 13:00:00,122.05315399169922,1
2023-02-07 13:15:00,136.1027374267578,1
2023-02-07 13:30:00,103.53217315673828,1
2023-02-07 13:45:00,127.89312744140624,1
2023-02-07 14:00:00,108.86978912353516,1
2023-02-07 14:15:00,96.74417877197266,1
2023-02-07 14:30:00,93.59854888916016,1
2023-02-07 14:45:00,0.0,0
2023-02-07 15:00:00,0.0,0
2023-02-07 15:15:00,0.0,0
2023-02-07 15:30:00,0.0,0
2023-02-07 15:45:00,0.0,0
2023-02-07 16:00:00,0.0,0
2023-02-07 16:15:00,0.0,0
2023-02-07 16:30:00,0.0,0
2023-02-07 16:45:00,0.0,0
2023-02-07 17:00:00,0.0,0
2023-02-07 17:15:00,0.0,0
2023-02-07 17:30:00,0.0,0
2023-02-07 17:45:00,0.0,0
2023-02-07 18:00:00,0.0,0
2023-02-07 18:15:00,0.0,0
2023-02-07 18:30:00,0.0,0
2023-02-07 18:45:00,0.0,0
2023-02-07 19:00:00,0.0,0
2023-02-07 19:15:00,0.0,0
2023-02-07 19:30:00,0.0,0
2023-02-07 19:45:00,0.0,0
2023-02-07 20:00:00,0.0,0
2023-02-07 20:15:00,0.0,0
2023-02-07 20:30:00,0.0,0
2023-02-07 20:45:00,0.0,0
2023-02-07 21:00:00,0.0,0
2023-02-07 21:15:00,0.0,0
2023-02-07 21:30:00,0.0,0
2023-02-07 21:45:00,0.0,0
2023-02-07 22:00:00,0.0,0
2023-02-07 22:15:00,0.0,0
2023-02-07 22:30:00,0.0,0
2023-02-07 22:45:00,0.0,0
2023-02-07 23:00:00,0.0,0
2023-02-07 23:15:00,0.0,0
2023-02-07 23:30:00,0.0,0
2023-02-07 23:45:00,0.0,0
2023-02-08 00:00:00,0.0,0
2023-02-08 00:15:00,0.0,0
2023-02-08 00:30:00,0.0,0
2023-02-08 00:45:00,0.0,0
2023-02-08 01:00:00,0.0,0
2023-02-08 01:15:00,0.0,0
2023-02-08 01:30:00,0.0,0
2023-02-08 01:45:00,0.0,0
2023-02-08 02:00:00,0.0,0
2023-02-08 02:15:00,0.0,0
2023-02-08 02:30:00,0.0,0
2023-02-08 02:45:00,0.0,0
2023-02-08 03:00:00,0.0,0
2023-02-08 03:15:00,0.0,0
2023-02-08 03:30:00,0.0,0
2023-02-08 03:45:00,0.0,0
2023-02-08 04:00:00,0.0,0
2023-02-08 04:15:00,0.0,0
2023-02-08 04:30:00,0.0,0
2023-02-08 04:45:00,0.0,0
2023-02-08 05:00:00,0.0,0
2023-02-08 05:15:00,0.0,0
2023-02-08 05:30:00,0.0,0
2023-02-08 05:45:00,0.0,0
2023-02-08 06:00:00,0.0,0
2023-02-08 06:15:00,88.12336730957031,1
2023-02-08 06:30:00,94.10977935791016,1
2023-02-08 06:45:00,113.2545394897461,1
2023-02-08 07:00:00,110.1432647705078,1
2023-02-08 07:15:00,131.52957153320312,1
2023-02-08 07:30:00,137.42173767089844,1
2023-02-08 07:45:00,137.92481994628906,1
2023-02-08 08:00:00,150.96250915527344,1
2023-02-08 08:15:00,156.0450897216797,1
2023-02-08 08:30:00,147.591064453125,1
2023-02-08 08:45:00,173.6207733154297,1
2023-02-08 09:00:00,178.00914001464844,1
2023-02-08 09:15:00,169.07620239257812,1
2023-02-08 09:30:00,142.2426300048828,1
2023-02-08 09:45:00,160.7918701171875,1
2023-02-08 10:00:00,169.49081420898438,1
2023-02-08 10:15:00,167.812744140625,1
2023-02-08 10:30:00,170.01364135742188,1
2023-02-08 10:45:00,169.10028076171875,1
2023-02-08 11:00:00,173.7386474609375,1
2023-02-08 11:15:00,179.74871826171875,1
2023-02-08 11:30:00,147.94876098632812,1
2023-02-08 11:45:00,163.1123809814453,1
2023-02-08 12:00:00,158.91615295410156,1
2023-02-08 12:15:00,162.69593811035156,1
2023-02-08 12:30:00,151.57518005371094,1
2023-02-08 12:45:00,153.5215606689453,1
2023-02-08 13:00:00,135.34146118164062,1
2023-02-08 13:15:00,136.02247619628906,1
2023-02-08 13:30:00,124.8983917236328,1
2023-02-08 13:45:00,121.30467987060548,1
2023-02-08 14:00:00,107.52818298339844,1
2023-02-08 14:15:00,98.06587982177734,1
2023-02-08 14:30:00,90.47599029541016,1
2023-02-08 14:45:00,0.0,0
2023-02-08 15:00:00,0.0,0
2023-02-08 15:15:00,0.0,0
2023-02-08 15:30:00,0.0,0
2023-02-08 15:45:00,0.0,0
2023-02-08 16:00:00,0.0,0
2023-02-08 16:15:00,0.0,0
2023-02-08 16:30:00,0.0,0
2023-02-08 16:45:00,0.0,0
2023-02-08 17:00:00,0.0,0
2023-02-08 17:15:00,0.0,0
2023-02-08 17:30:00,0.0,0
2023-02-08 17:45:00,0.0,0
2023-02-08 18:00:00,0.0,0
2023-02-08 18:15:00,0.0,0
2023-02-08 18:30:00,0.0,0
2023-02-08 18:45:00,0.0,0
2023-02-08 19:00:00,0.0,0
2023-02-08 19:15:00,0.0,0
2023-02-08 19:30:00,0.0,0
2023-02-08 19:45:00,0.0,0
2023-02-08 20:00:00,0.0,0
2023-02-08 20:15:00,0.0,0
2023-02-08 20:30:00,0.0,0
2023-02-08 20:45:00,0.0,0
2023-02-08 21:00:00,0.0,0
2023-02-08 21:15:00,0.0,0
2023-02-08 21:30:00,0.0,0
2023-02-08 21:45:00,0.0,0
2023-02-08 22:00:00,0.0,0
2023-02-08 22:15:00,0.0,0
2023-02-08 22:30:00,0.0,0
2023-02-08 22:45:00,0.0,0
2023-02-08 23:00:00,0.0,0
2023-02-08 23:15:00,0.0,0
2023-02-08 23:30:00,0.0,0
2023-02-08 23:45:00,0.0,0
2023-02-09 00:00:00,0.0,0
2023-02-09 00:15:00,0.0,0
2023-02-09 00:30:00,0.0,0
2023-02-09 00:45:00,0.0,0
2023-02-09 01:00:00,0.0,0
2023-02-09 01:15:00,0.0,0
2023-02-09 01:30:00,0.0,0
2023-02-09 01:45:00,0.0,0
2023-02-09 02:00:00,0.0,0
2023-02-09 02:15:00,0.0,0
2023-02-09 02:30:00,0.0,0
2023-02-09 02:45:00,0.0,0
2023-02-09 03:00:00,0.0,0
2023-02-09 03:15:00,0.0,0
2023-02-09 03:30:00,0.0,0
2023-02-09 03:45:00,0.0,0
2023-02-09 04:00:00,0.0,0
2023-02-09 04:15:00,0.0,0
2023-02-09 04:30:00,0.0,0
2023-02-09 04:45:00,0.0,0
2023-02-09 05:00:00,0.0,0
2023-02-09 05:15:00,0.0,0
2023-02-09 05:30:00,0.0,0
2023-02-09 05:45:00,0.0,0
2023-02-09 06:00:00,0.0,0
2023-02-09 06:15:00,85.47174072265625,1
2023-02-09 06:30:00,94.1978530883789,1
2023-02-09 06:45:00,112.4032745361328,1
2023-02-09 07:00:00,110.2996597290039,1
2023-02-09 07:15:00,124.3266372680664,1
2023-02-09 07:30:00,135.11151123046875,1
2023-02-09 07:45:00,134.21900939941406,1
2023-02-09 08:00:00,144.85630798339844,1
2023-02-09 08:15:00,154.28236389160156,1
2023-02-09 08:30:00,158.8804473876953,1
2023-02-09 08:45:00,160.66661071777344,1
2023-02-09 09:00:00,174.50460815429688,1
2023-02-09 09:15:00,157.00428771972656,1
2023-02-09 09:30:00,185.02053833007807,1
2023-02-09 09:45:00,154.60568237304688,1
2023-02-09 10:00:00,166.39389038085938,1
2023-02-09 10:15:00,163.93128967285156,1
2023-02-09 10:30:00,167.58172607421875,1
2023-02-09 10:45:00,184.0433807373047,1
2023-02-09 11:00:00,162.25994873046875,1
2023-02-09 11:15:00,150.33522033691406,1
2023-02-09 11:30:00,167.2366485595703,1
2023-02-09 11:45:00,156.6176300048828,1
2023-02-09 12:00:00,157.0496063232422,1
2023-02-09 12:15:00,157.74203491210938,1
2023-02-09 12:30:00,149.7921142578125,1
2023-02-09 12:45:00,131.06211853027344,1
2023-02-09 13:00:00,136.24632263183594,1
2023-02-09 13:15:00,130.964111328125,1
2023-02-09 13:30:00,121.6893539428711,1
2023-02-09 13:45:00,120.97806549072266,1
2023-02-09 14:00:00,105.27349853515624,1
2023-02-09 14:15:00,99.08687591552734,1
2023-02-09 14:30:00,90.63351440429688,1
2023-02-09 14:45:00,0.0,0
2023-02-09 15:00:00,0.0,0
2023-02-09 15:15:00,0.0,0
2023-02-09 15:30:00,0.0,0
2023-02-09 15:45:00,0.0,0
2023-02-09 16:00:00,0.0,0
2023-02-09 16:15:00,0.0,0
2023-02-09 16:30:00,0.0,0
2023-02-09 16:45:00,0.0,0
2023-02-09 17:00:00,0.0,0
2023-02-09 17:15:00,0.0,0
2023-02-09 17:30:00,0.0,0
2023-02-09 17:45:00,0.0,0
2023-02-09 18:00:00,0.0,0
2023-02-09 18:15:00,0.0,0
2023-02-09 18:30:00,0.0,0
2023-02-09 18:45:00,0.0,0
2023-02-09 19:00:00,0.0,0
2023-02-09 19:15:00,0.0,0
2023-02-09 19:30:00,0.0,0
2023-02-09 19:45:00,0.0,0
2023-02-09 20:00:00,0.0,0
2023-02-09 20:15:00,0.0,0
2023-02-09 20:30:00,0.0,0
2023-02-09 20:45:00,0.0,0
2023-02-09 21:00:00,0.0,0
2023-02-09 21:15:00,0.0,0
2023-02-09 21:30:00,0.0,0
2023-02-09 21:45:00,0.0,0
2023-02-09 22:00:00,0.0,0
2023-02-09 22:15:00,0.0,0
2023-02-09 22:30:00,0.0,0
2023-02-09 22:45:00,0.0,0
2023-02-09 23:00:00,0.0,0
2023-02-09 23:15:00,0.0,0
2023-02-09 23:30:00,0.0,0
2023-02-09 23:45:00,0.0,0
2023-02-10 00:00:00,0.0,0
2023-02-10 00:15:00,0.0,0
2023-02-10 00:30:00,0.0,0
2023-02-10 00:45:00,0.0,0
2023-02-10 01:00:00,0.0,0
2023-02-10 01:15:00,0.0,0
2023-02-10 01:30:00,0.0,0
2023-02-10 01:45:00,0.0,0
2023-02-10 02:00:00,0.0,0
2023-02-10 02:15:00,0.0,0
2023-02-10 02:30:00,0.0,0
2023-02-10 02:45:00,0.0,0
2023-02-10 03:00:00,0.0,0
2023-02-10 03:15:00,0.0,0
2023-02-10 03:30:00,0.0,0
2023-02-10 03:45:00,0.0,0
2023-02-10 04:00:00,0.0,0
2023-02-10 04:15:00,0.0,0
2023-02-10 04:30:00,0.0,0
2023-02-10 04:45:00,0.0,0
2023-02-10 05:00:00,0.0,0
2023-02-10 05:15:00,0.0,0
2023-02-10 05:30:00,0.0,0
2023-02-10 05:45:00,0.0,0
2023-02-10 06:00:00,82.10472869873047,1
2023-02-10 06:15:00,89.86216735839844,1
2023-02-10 06:30:00,101.22337341308594,1
2023-02-10 06:45:00,112.14387512207033,1
2023-02-10 07:00:00,114.71004486083984,1
2023-02-10 07:15:00,126.13297271728516,1
2023-02-10 07:30:00,133.85491943359375,1
2023-02-10 07:45:00,143.4503936767578,1
2023-02-10 08:00:00,149.511474609375,1
2023-02-10 08:15:00,161.2861328125,1
2023-02-10 08:30:00,160.7220458984375,1
2023-02-10 08:45:00,173.6884002685547,1
2023-02-10 09:00:00,169.3529510498047,1
2023-02-10 09:15:00,179.32859802246094,1
2023-02-10 09:30:00,169.33168029785156,1
2023-02-10 09:45:00,173.46209716796875,1
2023-02-10 10:00:00,171.9214630126953,1
2023-02-10 10:15:00,171.8467559814453,1
2023-02-10 10:30:00,176.49197387695312,1
2023-02-10 10:45:00,180.63296508789065,1
2023-02-10 11:00:00,172.20770263671875,1
2023-02-10 11:15:00,165.40367126464844,1
2023-02-10 11:30:00,151.30340576171875,1
2023-02-10 11:45:00,170.13600158691406,1
2023-02-10 12:00:00,152.0749053955078,1
2023-02-10 12:15:00,170.9489288330078,1
2023-02-10 12:30:00,136.17654418945312,1
2023-02-10 12:45:00,142.84510803222656,1
2023-02-10 13:00:00,128.38626098632812,1
2023-02-10 13:15:00,136.5248565673828,1
2023-02-10 13:30:00,104.3822021484375,1
2023-02-10 13:45:00,121.60588836669922,1
2023-02-10 14:00:00,108.86978912353516,1
2023-02-10 14:15:00,99.3713150024414,1
2023-02-10 14:30:00,92.03143310546876,1
2023-02-10 14:45:00,75.60533142089844,1
2023-02-10 15:00:00,0.0,0
2023-02-10 15:15:00,0.0,0
2023-02-10 15:30:00,0.0,0
2023-02-10 15:45:00,0.0,0
2023-02-10 16:00:00,0.0,0
2023-02-10 16:15:00,0.0,0
2023-02-10 16:30:00,0.0,0
2023-02-10 16:45:00,0.0,0
2023-02-10 17:00:00,0.0,0
2023-02-10 17:15:00,0.0,0
2023-02-10 17:30:00,0.0,0
2023-02-10 17:45:00,0.0,0
2023-02-10 18:00:00,0.0,0
2023-02-10 18:15:00,0.0,0
2023-02-10 18:30:00,0.0,0
2023-02-10 18:45:00,0.0,0
2023-02-10 19:00:00,0.0,0
2023-02-10 19:15:00,0.0,0
2023-02-10 19:30:00,0.0,0
2023-02-10 19:45:00,0.0,0
2023-02-10 20:00:00,0.0,0
2023-02-10 20:15:00,0.0,0
2023-02-10 20:30:00,0.0,0
2023-02-10 20:45:00,0.0,0
2023-02-10 21:00:00,0.0,0
2023-02-10 21:15:00,0.0,0
2023-02-10 21:30:00,0.0,0
2023-02-10 21:45:00,0.0,0
2023-02-10 22:00:00,0.0,0
2023-02-10 22:15:00,0.0,0
2023-02-10 22:30:00,0.0,0
2023-02-10 22:45:00,0.0,0
2023-02-10 23:00:00,0.0,0
2023-02-10 23:15:00,0.0,0
2023-02-10 23:30:00,0.0,0
2023-02-10 23:45:00,0.0,0
2023-02-11 00:00:00,0.0,0
2023-02-11 00:15:00,0.0,0
2023-02-11 00:30:00,0.0,0
2023-02-11 00:45:00,0.0,0
2023-02-11 01:00:00,0.0,0
2023-02-11 01:15:00,0.0,0
2023-02-11 01:30:00,0.0,0
2023-02-11 01:45:00,0.0,0
2023-02-11 02:00:00,0.0,0
2023-02-11 02:15:00,0.0,0
2023-02-11 02:30:00,0.0,0
2023-02-11 02:45:00,0.0,0
2023-02-11 03:00:00,0.0,0
2023-02-11 03:15:00,0.0,0
2023-02-11 03:30:00,0.0,0
2023-02-11 03:45:00,0.0,0
2023-02-11 04:00:00,0.0,0
2023-02-11 04:15:00,0.0,0
2023-02-11 04:30:00,0.0,0
2023-02-11 04:45:00,0.0,0
2023-02-11 05:00:00,0.0,0
2023-02-11 05:15:00,0.0,0
2023-02-11 05:30:00,0.0,0
2023-02-11 05:45:00,0.0,0
2023-02-11 06:00:00,0.0,0
2023-02-11 06:15:00,88.68208312988281,1
2023-02-11 06:30:00,94.10977935791016,1
2023-02-11 06:45:00,113.2545394897461,1
2023-02-11 07:00:00,110.13893127441406,1
2023-02-11 07:15:00,131.52957153320312,1
2023-02-11 07:30:00,137.42173767089844,1
2023-02-11 07:45:00,137.92481994628906,1
2023-02-11 08:00:00,151.64346313476562,1
2023-02-11 08:15:00,156.17617797851562,1
2023-02-11 08:30:00,147.591064453125,1
2023-02-11 08:45:00,169.98731994628906,1
2023-02-11 09:00:00,176.14170837402344,1
2023-02-11 09:15:00,169.07620239257812,1
2023-02-11 09:30:00,175.59194946289062,1
2023-02-11 09:45:00,159.1468048095703,1
2023-02-11 10:00:00,172.7442169189453,1
2023-02-11 10:15:00,171.06613159179688,1
2023-02-11 10:30:00,172.0491180419922,1
2023-02-11 10:45:00,169.32582092285156,1
2023-02-11 11:00:00,177.98208618164062,1
2023-02-11 11:15:00,162.39596557617188,1
2023-02-11 11:30:00,168.76849365234375,1
2023-02-11 11:45:00,144.4915313720703,1
2023-02-11 12:00:00,165.21607971191406,1
2023-02-11 12:15:00,162.69593811035156,1
2023-02-11 12:30:00,151.384521484375,1
2023-02-11 12:45:00,137.9840850830078,1
2023-02-11 13:00:00,136.24632263183594,1
2023-02-11 13:15:00,131.7957000732422,1
2023-02-11 13:30:00,121.6893539428711,1
2023-02-11 13:45:00,120.97806549072266,1
2023-02-11 14:00:00,105.27349853515624,1
2023-02-11 14:15:00,104.8036117553711,1
2023-02-11 14:30:00,85.1576156616211,1
2023-02-11 14:45:00,0.0,0
2023-02-11 15:00:00,0.0,0
2023-02-11 15:15:00,0.0,0
2023-02-11 15:30:00,0.0,0
2023-02-11 15:45:00,0.0,0
2023-02-11 16:00:00,0.0,0
2023-02-11 16:15:00,0.0,0
2023-02-11 16:30:00,0.0,0
2023-02-11 16:45:00,0.0,0
2023-02-11 17:00:00,0.0,0
2023-02-11 17:15:00,0.0,0
2023-02-11 17:30:00,0.0,0
2023-02-11 17:45:00,0.0,0
2023-02-11 18:00:00,0.0,0
2023-02-11 18:15:00,0.0,0
2023-02-11 18:30:00,0.0,0
2023-02-11 18:45:00,0.0,0
2023-02-11 19:00:00,0.0,0
2023-02-11 19:15:00,0.0,0
2023-02-11 19:30:00,0.0,0
2023-02-11 19:45:00,0.0,0
2023-02-11 20:00:00,0.0,0
2023-02-11 20:15:00,0.0,0
2023-02-11 20:30:00,0.0,0
2023-02-11 20:45:00,0.0,0
2023-02-11 21:00:00,0.0,0
2023-02-11 21:15:00,0.0,0
2023-02-11 21:30:00,0.0,0
2023-02-11 21:45:00,0.0,0
2023-02-11 22:00:00,0.0,0
2023-02-11 22:15:00,0.0,0
2023-02-11 22:30:00,0.0,0
2023-02-11 22:45:00,0.0,0
2023-02-11 23:00:00,0.0,0
2023-02-11 23:15:00,0.0,0
2023-02-11 23:30:00,0.0,0
2023-02-11 23:45:00,0.0,0
2023-02-12 00:00:00,0.0,0
2023-02-12 00:15:00,0.0,0
2023-02-12 00:30:00,0.0,0
2023-02-12 00:45:00,0.0,0
2023-02-12 01:00:00,0.0,0
2023-02-12 01:15:00,0.0,0
2023-02-12 01:30:00,0.0,0
2023-02-12 01:45:00,0.0,0
2023-02-12 02:00:00,0.0,0
2023-02-12 02:15:00,0.0,0
2023-02-12 02:30:00,0.0,0
2023-02-12 02:45:00,0.0,0
2023-02-12 03:00:00,0.0,0
2023-02-12 03:15:00,0.0,0
2023-02-12 03:30:00,0.0,0
2023-02-12 03:45:00,0.0,0
2023-02-12 04:00:00,0.0,0
2023-02-12 04:15:00,0.0,0
2023-02-12 04:30:00,0.0,0
2023-02-12 04:45:00,0.0,0
2023-02-12 05:00:00,0.0,0
2023-02-12 05:15:00,0.0,0
2023-02-12 05:30:00,0.0,0
2023-02-12 05:45:00,0.0,0
2023-02-12 06:00:00,0.0,0
2023-02-12 06:15:00,85.47174072265625,1
2023-02-12 06:30:00,92.7715301513672,1
2023-02-12 06:45:00,112.4032745361328,1
2023-02-12 07:00:00,110.2996597290039,1
2023-02-12 07:15:00,124.3266372680664,1
2023-02-12 07:30:00,136.25274658203125,1
2023-02-12 07:45:00,138.80862426757812,1
2023-02-12 08:00:00,145.2838592529297,1
2023-02-12 08:15:00,158.22019958496094,1
2023-02-12 08:30:00,150.55442810058594,1
2023-02-12 08:45:00,159.82040405273438,1
2023-02-12 09:00:00,172.3909454345703,1
2023-02-12 09:15:00,157.8290252685547,1
2023-02-12 09:30:00,151.12217712402344,1
2023-02-12 09:45:00,162.37860107421875,1
2023-02-12 10:00:00,168.0642852783203,1
2023-02-12 10:15:00,165.60635375976562,1
2023-02-12 10:30:00,166.9420166015625,1
2023-02-12 10:45:00,172.89402770996094,1
2023-02-12 11:00:00,173.7386474609375,1
2023-02-12 11:15:00,175.28414916992188,1
2023-02-12 11:30:00,169.69512939453125,1
2023-02-12 11:45:00,144.73194885253906,1
2023-02-12 12:00:00,168.5696258544922,1
2023-02-12 12:15:00,162.69593811035156,1
2023-02-12 12:30:00,151.58726501464844,1
2023-02-12 12:45:00,137.9840850830078,1
2023-02-12 13:00:00,136.24632263183594,1
2023-02-12 13:15:00,131.7957000732422,1
2023-02-12 13:30:00,125.00152587890624,1
2023-02-12 13:45:00,120.97806549072266,1
2023-02-12 14:00:00,105.27349853515624,1
2023-02-12 14:15:00,104.8036117553711,1
2023-02-12 14:30:00,85.1576156616211,1
2023-02-12 14:45:00,0.0,0
2023-02-12 15:00:00,0.0,0
2023-02-12 15:15:00,0.0,0
2023-02-12 15:30:00,0.0,0
2023-02-12 15:45:00,0.0,0
2023-02-12 16:00:00,0.0,0
2023-02-12 16:15:00,0.0,0
2023-02-12 16:30:00,0.0,0
2023-02-12 16:45:00,0.0,0
2023-02-12 17:00:00,0.0,0
2023-02-12 17:15:00,0.0,0
2023-02-12 17:30:00,0.0,0
2023-02-12 17:45:00,0.0,0
2023-02-12 18:00:00,0.0,0
2023-02-12 18:15:00,0.0,0
2023-02-12 18:30:00,0.0,0
2023-02-12 18:45:00,0.0,0
2023-02-12 19:00:00,0.0,0
2023-02-12 19:15:00,0.0,0
2023-02-12 19:30:00,0.0,0
2023-02-12 19:45:00,0.0,0
2023-02-12 20:00:00,0.0,0
2023-02-12 20:15:00,0.0,0
2023-02-12 20:30:00,0.0,0
2023-02-12 20:45:00,0.0,0
2023-02-12 21:00:00,0.0,0
2023-02-12 21:15:00,0.0,0
2023-02-12 21:30:00,0.0,0
2023-02-12 21:45:00,0.0,0
2023-02-12 22:00:00,0.0,0
2023-02-12 22:15:00,0.0,0
2023-02-12 22:30:00,0.0,0
2023-02-12 22:45:00,0.0,0
2023-02-12 23:00:00,0.0,0
2023-02-12 23:15:00,0.0,0
2023-02-12 23:30:00,0.0,0
2023-02-12 23:45:00,0.0,0
2023-02-13 00:00:00,0.0,0
2023-02-13 00:15:00,0.0,0
2023-02-13 00:30:00,0.0,0
2023-02-13 00:45:00,0.0,0
2023-02-13 01:00:00,0.0,0
2023-02-13 01:15:00,0.0,0
2023-02-13 01:30:00,0.0,0
2023-02-13 01:45:00,0.0,0
2023-02-13 02:00:00,0.0,0
2023-02-13 02:15:00,0.0,0
2023-02-13 02:30:00,0.0,0
2023-02-13 02:45:00,0.0,0
2023-02-13 03:00:00,0.0,0
2023-02-13 03:15:00,0.0,0
2023-02-13 03:30:00,0.0,0
2023-02-13 03:45:00,0.0,0
2023-02-13 04:00:00,0.0,0
2023-02-13 04:15:00,0.0,0
2023-02-13 04:30:00,0.0,0
2023-02-13 04:45:00,0.0,0
2023-02-13 05:00:00,0.0,0
2023-02-13 05:15:00,0.0,0
2023-02-13 05:30:00,0.0,0
2023-02-13 05:45:00,0.0,0
2023-02-13 06:00:00,0.0,0
2023-02-13 06:15:00,85.47174072265625,1
2023-02-13 06:30:00,95.12106323242188,1
2023-02-13 06:45:00,113.2545394897461,1
2023-02-13 07:00:00,110.13893127441406,1
2023-02-13 07:15:00,131.52957153320312,1
2023-02-13 07:30:00,137.68226623535156,1
2023-02-13 07:45:00,138.75640869140625,1
2023-02-13 08:00:00,151.64346313476562,1
2023-02-13 08:15:00,156.24159240722656,1
2023-02-13 08:30:00,150.2272186279297,1
2023-02-13 08:45:00,160.52328491210938,1
2023-02-13 09:00:00,176.14170837402344,1
2023-02-13 09:15:00,174.31336975097656,1
2023-02-13 09:30:00,175.59194946289062,1
2023-02-13 09:45:00,158.99893188476562,1
2023-02-13 10:00:00,173.16116333007812,1
2023-02-13 10:15:00,171.06613159179688,1
2023-02-13 10:30:00,178.77792358398438,1
2023-02-13 10:45:00,175.52586364746094,1
2023-02-13 11:00:00,181.21047973632807,1
2023-02-13 11:15:00,160.4433135986328,1
2023-02-13 11:30:00,159.47999572753906,1
2023-02-13 11:45:00,164.13824462890625,1
2023-02-13 12:00:00,161.67408752441406,1
2023-02-13 12:15:00,166.82418823242188,1
2023-02-13 12:30:00,156.13218688964844,1
2023-02-13 12:45:00,148.5757293701172,1
2023-02-13 13:00:00,128.3941192626953,1
2023-02-13 13:15:00,132.02586364746094,1
2023-02-13 13:30:00,128.2412567138672,1
2023-02-13 13:45:00,121.30467987060548,1
2023-02-13 14:00:00,104.972900390625,1
2023-02-13 14:15:00,106.75560760498048,1
2023-02-13 14:30:00,85.21623229980469,1
2023-02-13 14:45:00,0.0,0
2023-02-13 15:00:00,0.0,0
2023-02-13 15:15:00,0.0,0
2023-02-13 15:30:00,0.0,0
2023-02-13 15:45:00,0.0,0
2023-02-13 16:00:00,0.0,0
2023-02-13 16:15:00,0.0,0
2023-02-13 16:30:00,0.0,0
2023-02-13 16:45:00,0.0,0
2023-02-13 17:00:00,0.0,0
2023-02-13 17:15:00,0.0,0
2023-02-13 17:30:00,0.0,0
2023-02-13 17:45:00,0.0,0
2023-02-13 18:00:00,0.0,0
2023-02-13 18:15:00,0.0,0
2023-02-13 18:30:00,0.0,0
2023-02-13 18:45:00,0.0,0
2023-02-13 19:00:00,0.0,0
2023-02-13 19:15:00,0.0,0
2023-02-13 19:30:00,0.0,0
2023-02-13 19:45:00,0.0,0
2023-02-13 20:00:00,0.0,0
2023-02-13 20:15:00,0.0,0
2023-02-13 20:30:00,0.0,0
2023-02-13 20:45:00,0.0,0
2023-02-13 21:00:00,0.0,0
2023-02-13 21:15:00,0.0,0
2023-02-13 21:30:00,0.0,0
2023-02-13 21:45:00,0.0,0
2023-02-13 22:00:00,0.0,0
2023-02-13 22:15:00,0.0,0
2023-02-13 22:30:00,0.0,0
2023-02-13 22:45:00,0.0,0
2023-02-13 23:00:00,0.0,0
2023-02-13 23:15:00,0.0,0
2023-02-13 23:30:00,0.0,0
2023-02-13 23:45:00,0.0,0
2023-02-14 00:00:00,0.0,0
2023-02-14 00:15:00,0.0,0
2023-02-14 00:30:00,0.0,0
2023-02-14 00:45:00,0.0,0
2023-02-14 01:00:00,0.0,0
2023-02-14 01:15:00,0.0,0
2023-02-14 01:30:00,0.0,0
2023-02-14 01:45:00,0.0,0
2023-02-14 02:00:00,0.0,0
2023-02-14 02:15:00,0.0,0
2023-02-14 02:30:00,0.0,0
2023-02-14 02:45:00,0.0,0
2023-02-14 03:00:00,0.0,0
2023-02-14 03:15:00,0.0,0
2023-02-14 03:30:00,0.0,0
2023-02-14 03:45:00,0.0,0
2023-02-14 04:00:00,0.0,0
2023-02-14 04:15:00,0.0,0
2023-02-14 04:30:00,0.0,0
2023-02-14 04:45:00,0.0,0
2023-02-14 05:00:00,0.0,0
2023-02-14 05:15:00,0.0,0
2023-02-14 05:30:00,0.0,0
2023-02-14 05:45:00,0.0,0
2023-02-14 06:00:00,0.0,0
2023-02-14 06:15:00,85.47174072265625,1
2023-02-14 06:30:00,92.98360443115234,1
2023-02-14 06:45:00,112.4032745361328,1
2023-02-14 07:00:00,118.43204498291016,1
2023-02-14 07:15:00,124.3266372680664,1
2023-02-14 07:30:00,131.78395080566406,1
2023-02-14 07:45:00,138.80862426757812,1
2023-02-14 08:00:00,145.7346954345703,1
2023-02-14 08:15:00,158.2855987548828,1
2023-02-14 08:30:00,149.6704864501953,1
2023-02-14 08:45:00,159.82040405273438,1
2023-02-14 09:00:00,165.7410430908203,1
2023-02-14 09:15:00,169.9058837890625,1
2023-02-14 09:30:00,128.26072692871094,1
2023-02-14 09:45:00,159.96917724609375,1
2023-02-14 10:00:00,169.49081420898438,1
2023-02-14 10:15:00,171.9313507080078,1
2023-02-14 10:30:00,170.01364135742188,1
2023-02-14 10:45:00,169.10028076171875,1
2023-02-14 11:00:00,173.7386474609375,1
2023-02-14 11:15:00,177.81515502929688,1
2023-02-14 11:30:00,169.69512939453125,1
2023-02-14 11:45:00,143.76895141601562,1
2023-02-14 12:00:00,163.70355224609375,1
2023-02-14 12:15:00,155.97142028808594,1
2023-02-14 12:30:00,153.64137268066406,1
2023-02-14 12:45:00,131.58966064453125,1
2023-02-14 13:00:00,136.20486450195312,1
2023-02-14 13:15:00,130.964111328125,1
2023-02-14 13:30:00,126.04450225830078,1
2023-02-14 13:45:00,121.10530853271484,1
2023-02-14 14:00:00,96.3248519897461,1
2023-02-14 14:15:00,97.32032775878906,1
2023-02-14 14:30:00,76.27322387695312,1
2023-02-14 14:45:00,0.0,0
2023-02-14 15:00:00,0.0,0
2023-02-14 15:15:00,0.0,0
2023-02-14 15:30:00,0.0,0
2023-02-14 15:45:00,0.0,0
2023-02-14 16:00:00,0.0,0
2023-02-14 16:15:00,0.0,0
2023-02-14 16:30:00,0.0,0
2023-02-14 16:45:00,0.0,0
2023-02-14 17:00:00,0.0,0
2023-02-14 17:15:00,0.0,0
2023-02-14 17:30:00,0.0,0
2023-02-14 17:45:00,0.0,0
2023-02-14 18:00:00,0.0,0
2023-02-14 18:15:00,0.0,0
2023-02-14 18:30:00,0.0,0
2023-02-14 18:45:00,0.0,0
2023-02-14 19:00:00,0.0,0
2023-02-14 19:15:00,0.0,0
2023-02-14 19:30:00,0.0,0
2023-02-14 19:45:00,0.0,0
2023-02-14 20:00:00,0.0,0
2023-02-14 20:15:00,0.0,0
2023-02-14 20:30:00,0.0,0
2023-02-14 20:45:00,0.0,0
2023-02-14 21:00:00,0.0,0
2023-02-14 21:15:00,0.0,0
2023-02-14 21:30:00,0.0,0
2023-02-14 21:45:00,0.0,0
2023-02-14 22:00:00,0.0,0
2023-02-14 22:15:00,0.0,0
2023-02-14 22:30:00,0.0,0
2023-02-14 22:45:00,0.0,0
2023-02-14 23:00:00,0.0,0
2023-02-14 23:15:00,0.0,0
2023-02-14 23:30:00,0.0,0
2023-02-14 23:45:00,0.0,0
2023-02-15 00:00:00,0.0,0
2023-02-15 00:15:00,0.0,0
2023-02-15 00:30:00,0.0,0
2023-02-15 00:45:00,0.0,0
2023-02-15 01:00:00,0.0,0
2023-02-15 01:15:00,0.0,0
2023-02-15 01:30:00,0.0,0
2023-02-15 01:45:00,0.0,0
2023-02-15 02:00:00,0.0,0
2023-02-15 02:15:00,0.0,0
2023-02-15 02:30:00,0.0,0
2023-02-15 02:45:00,0.0,0
2023-02-15 03:00:00,0.0,0
2023-02-15 03:15:00,0.0,0
2023-02-15 03:30:00,0.0,0
2023-02-15 03:45:00,0.0,0
2023-02-15 04:00:00,0.0,0
2023-02-15 04:15:00,0.0,0
2023-02-15 04:30:00,0.0,0
2023-02-15 04:45:00,0.0,0
2023-02-15 05:00:00,0.0,0
2023-02-15 05:15:00,0.0,0
2023-02-15 05:30:00,0.0,0
2023-02-15 05:45:00,0.0,0
2023-02-15 06:00:00,0.0,0
2023-02-15 06:15:00,86.33045959472656,1
2023-02-15 06:30:00,92.42366027832033,1
2023-02-15 06:45:00,109.5755615234375,1
2023-02-15 07:00:00,117.25370025634766,1
2023-02-15 07:15:00,123.3705825805664,1
2023-02-15 07:30:00,135.08660888671875,1
2023-02-15 07:45:00,134.21900939941406,1
2023-02-15 08:00:00,145.67535400390625,1
2023-02-15 08:15:00,157.4666748046875,1
2023-02-15 08:30:00,159.3748016357422,1
2023-02-15 08:45:00,159.82040405273438,1
2023-02-15 09:00:00,166.5869140625,1
2023-02-15 09:15:00,172.16502380371094,1
2023-02-15 09:30:00,167.1256561279297,1
2023-02-15 09:45:00,161.555908203125,1
2023-02-15 10:00:00,164.0920867919922,1
2023-02-15 10:15:00,168.677978515625,1
2023-02-15 10:30:00,170.87887573242188,1
2023-02-15 10:45:00,169.10028076171875,1
2023-02-15 11:00:00,173.7386474609375,1
2023-02-15 11:15:00,177.81515502929688,1
2023-02-15 11:30:00,169.7027587890625,1
2023-02-15 11:45:00,164.15762329101562,1
2023-02-15 12:00:00,163.70355224609375,1
2023-02-15 12:15:00,155.97654724121094,1
2023-02-15 12:30:00,152.8480224609375,1
2023-02-15 12:45:00,131.58966064453125,1
2023-02-15 13:00:00,137.52896118164062,1
2023-02-15 13:15:00,130.964111328125,1
2023-02-15 13:30:00,126.04450225830078,1
2023-02-15 13:45:00,110.64657592773438,1
2023-02-15 14:00:00,96.3248519897461,1
2023-02-15 14:15:00,100.37190246582033,1
2023-02-15 14:30:00,76.27322387695312,1
2023-02-15 14:45:00,0.0,0
2023-02-15 15:00:00,0.0,0
2023-02-15 15:15:00,0.0,0
2023-02-15 15:30:00,0.0,0
2023-02-15 15:45:00,0.0,0
2023-02-15 16:00:00,0.0,0
2023-02-15 16:15:00,0.0,0
2023-02-15 16:30:00,0.0,0
2023-02-15 16:45:00,0.0,0
2023-02-15 17:00:00,0.0,0
2023-02-15 17:15:00,0.0,0
2023-02-15 17:30:00,0.0,0
2023-02-15 17:45:00,0.0,0
2023-02-15 18:00:00,0.0,0
2023-02-15 18:15:00,0.0,0
2023-02-15 18:30:00,0.0,0
2023-02-15 18:45:00,0.0,0
2023-02-15 19:00:00,0.0,0
2023-02-15 19:15:00,0.0,0
2023-02-15 19:30:00,0.0,0
2023-02-15 19:45:00,0.0,0
2023-02-15 20:00:00,0.0,0
2023-02-15 20:15:00,0.0,0
2023-02-15 20:30:00,0.0,0
2023-02-15 20:45:00,0.0,0
2023-02-15 21:00:00,0.0,0
2023-02-15 21:15:00,0.0,0
2023-02-15 21:30:00,0.0,0
2023-02-15 21:45:00,0.0,0
2023-02-15 22:00:00,0.0,0
2023-02-15 22:15:00,0.0,0
2023-02-15 22:30:00,0.0,0
2023-02-15 22:45:00,0.0,0
2023-02-15 23:00:00,0.0,0
2023-02-15 23:15:00,0.0,0
2023-02-15 23:30:00,0.0,0
2023-02-15 23:45:00,0.0,0
2023-02-16 00:00:00,0.0,0
2023-02-16 00:15:00,0.0,0
2023-02-16 00:30:00,0.0,0
2023-02-16 00:45:00,0.0,0
2023-02-16 01:00:00,0.0,0
2023-02-16 01:15:00,0.0,0
2023-02-16 01:30:00,0.0,0
2023-02-16 01:45:00,0.0,0
2023-02-16 02:00:00,0.0,0
2023-02-16 02:15:00,0.0,0
2023-02-16 02:30:00,0.0,0
2023-02-16 02:45:00,0.0,0
2023-02-16 03:00:00,0.0,0
2023-02-16 03:15:00,0.0,0
2023-02-16 03:30:00,0.0,0
2023-02-16 03:45:00,0.0,0
2023-02-16 04:00:00,0.0,0
2023-02-16 04:15:00,0.0,0
2023-02-16 04:30:00,0.0,0
2023-02-16 04:45:00,0.0,0
2023-02-16 05:00:00,0.0,0
2023-02-16 05:15:00,0.0,0
2023-02-16 05:30:00,0.0,0
2023-02-16 05:45:00,0.0,0
2023-02-16 06:00:00,0.0,0
2023-02-16 06:15:00,88.68208312988281,1
2023-02-16 06:30:00,95.03298950195312,1
2023-02-16 06:45:00,111.20297241210938,1
2023-02-16 07:00:00,121.2978973388672,1
2023-02-16 07:15:00,124.37975311279295,1
2023-02-16 07:30:00,139.1043243408203,1
2023-02-16 07:45:00,146.0699005126953,1
2023-02-16 08:00:00,151.2349395751953,1
2023-02-16 08:15:00,169.00039672851562,1
2023-02-16 08:30:00,164.19346618652344,1
2023-02-16 08:45:00,176.14170837402344,1
2023-02-16 09:00:00,175.33509826660156,1
2023-02-16 09:15:00,153.95065307617188,1
2023-02-16 09:30:00,180.1785888671875,1
2023-02-16 09:45:00,180.4402008056641,1
2023-02-16 10:00:00,208.3228454589844,1
2023-02-16 10:15:00,161.71470642089844,1
2023-02-16 10:30:00,192.30783081054688,1
2023-02-16 10:45:00,183.3268585205078,1
2023-02-16 11:00:00,180.07786560058594,1
2023-02-16 11:15:00,189.70726013183597,1
2023-02-16 11:30:00,154.94149780273438,1
2023-02-16 11:45:00,149.8955535888672,1
2023-02-16 12:00:00,172.98529052734375,1
2023-02-16 12:15:00,137.4336700439453,1
2023-02-16 12:30:00,163.04747009277344,1
2023-02-16 12:45:00,155.21286010742188,1
2023-02-16 13:00:00,120.96060943603516,1
2023-02-16 13:15:00,133.87008666992188,1
2023-02-16 13:30:00,130.30308532714844,1
2023-02-16 13:45:00,120.64441680908205,1
2023-02-16 14:00:00,113.13446044921876,1
2023-02-16 14:15:00,99.38568878173828,1
2023-02-16 14:30:00,89.52655792236328,1
2023-02-16 14:45:00,76.4165267944336,1
2023-02-16 15:00:00,0.0,0
2023-02-16 15:15:00,0.0,0
2023-02-16 15:30:00,0.0,0
2023-02-16 15:45:00,0.0,0
2023-02-16 16:00:00,0.0,0
2023-02-16 16:15:00,0.0,0
2023-02-16 16:30:00,0.0,0
2023-02-16 16:45:00,0.0,0
2023-02-16 17:00:00,0.0,0
2023-02-16 17:15:00,0.0,0
2023-02-16 17:30:00,0.0,0
2023-02-16 17:45:00,0.0,0
2023-02-16 18:00:00,0.0,0
2023-02-16 18:15:00,0.0,0
2023-02-16 18:30:00,0.0,0
2023-02-16 18:45:00,0.0,0
2023-02-16 19:00:00,0.0,0
2023-02-16 19:15:00,0.0,0
2023-02-16 19:30:00,0.0,0
2023-02-16 19:45:00,0.0,0
2023-02-16 20:00:00,0.0,0
2023-02-16 20:15:00,0.0,0
2023-02-16 20:30:00,0.0,0
2023-02-16 20:45:00,0.0,0
2023-02-16 21:00:00,0.0,0
2023-02-16 21:15:00,0.0,0
2023-02-16 21:30:00,0.0,0
2023-02-16 21:45:00,0.0,0
2023-02-16 22:00:00,0.0,0
2023-02-16 22:15:00,0.0,0
2023-02-16 22:30:00,0.0,0
2023-02-16 22:45:00,0.0,0
2023-02-16 23:00:00,0.0,0
2023-02-16 23:15:00,0.0,0
2023-02-16 23:30:00,0.0,0
2023-02-16 23:45:00,0.0,0
2023-02-17 00:00:00,0.0,0
2023-02-17 00:15:00,0.0,0
2023-02-17 00:30:00,0.0,0
2023-02-17 00:45:00,0.0,0
2023-02-17 01:00:00,0.0,0
2023-02-17 01:15:00,0.0,0
2023-02-17 01:30:00,0.0,0
2023-02-17 01:45:00,0.0,0
2023-02-17 02:00:00,0.0,0
2023-02-17 02:15:00,0.0,0
2023-02-17 02:30:00,0.0,0
2023-02-17 02:45:00,0.0,0
2023-02-17 03:00:00,0.0,0
2023-02-17 03:15:00,0.0,0
2023-02-17 03:30:00,0.0,0
2023-02-17 03:45:00,0.0,0
2023-02-17 04:00:00,0.0,0
2023-02-17 04:15:00,0.0,0
2023-02-17 04:30:00,0.0,0
2023-02-17 04:45:00,0.0,0
2023-02-17 05:00:00,0.0,0
2023-02-17 05:15:00,0.0,0
2023-02-17 05:30:00,0.0,0
2023-02-17 05:45:00,0.0,0
2023-02-17 06:00:00,0.0,0
2023-02-17 06:15:00,89.86216735839844,1
2023-02-17 06:30:00,100.8543701171875,1
2023-02-17 06:45:00,112.00457000732422,1
2023-02-17 07:00:00,120.9972915649414,1
2023-02-17 07:15:00,127.68710327148438,1
2023-02-17 07:30:00,140.1525421142578,1
2023-02-17 07:45:00,153.3406982421875,1
2023-02-17 08:00:00,152.75416564941406,1
2023-02-17 08:15:00,166.13807678222656,1
2023-02-17 08:30:00,165.14942932128906,1
2023-02-17 08:45:00,176.63525390625,1
2023-02-17 09:00:00,177.59800720214844,1
2023-02-17 09:15:00,191.64697265625,1
2023-02-17 09:30:00,177.331298828125,1
2023-02-17 09:45:00,180.18724060058597,1
2023-02-17 10:00:00,202.4971923828125,1
2023-02-17 10:15:00,159.3241729736328,1
2023-02-17 10:30:00,180.31689453125,1
2023-02-17 10:45:00,181.48117065429688,1
2023-02-17 11:00:00,180.2864532470703,1
2023-02-17 11:15:00,191.3631591796875,1
2023-02-17 11:30:00,192.90133666992188,1
2023-02-17 11:45:00,146.11378479003906,1
2023-02-17 12:00:00,166.05596923828125,1
2023-02-17 12:15:00,134.78402709960938,1
2023-02-17 12:30:00,151.68614196777344,1
2023-02-17 12:45:00,152.91616821289062,1
2023-02-17 13:00:00,136.49818420410156,1
2023-02-17 13:15:00,131.0974578857422,1
2023-02-17 13:30:00,127.78665161132812,1
2023-02-17 13:45:00,129.78970336914062,1
2023-02-17 14:00:00,107.34651184082033,1
2023-02-17 14:15:00,107.01923370361328,1
2023-02-17 14:30:00,85.21623229980469,1
2023-02-17 14:45:00,0.0,0
2023-02-17 15:00:00,0.0,0
2023-02-17 15:15:00,0.0,0
2023-02-17 15:30:00,0.0,0
2023-02-17 15:45:00,0.0,0
2023-02-17 16:00:00,0.0,0
2023-02-17 16:15:00,0.0,0
2023-02-17 16:30:00,0.0,0
2023-02-17 16:45:00,0.0,0
2023-02-17 17:00:00,0.0,0
2023-02-17 17:15:00,0.0,0
2023-02-17 17:30:00,0.0,0
2023-02-17 17:45:00,0.0,0
2023-02-17 18:00:00,0.0,0
2023-02-17 18:15:00,0.0,0
2023-02-17 18:30:00,0.0,0
2023-02-17 18:45:00,0.0,0
2023-02-17 19:00:00,0.0,0
2023-02-17 19:15:00,0.0,0
2023-02-17 19:30:00,0.0,0
2023-02-17 19:45:00,0.0,0
2023-02-17 20:00:00,0.0,0
2023-02-17 20:15:00,0.0,0
2023-02-17 20:30:00,0.0,0
2023-02-17 20:45:00,0.0,0
2023-02-17 21:00:00,0.0,0
2023-02-17 21:15:00,0.0,0
2023-02-17 21:30:00,0.0,0
2023-02-17 21:45:00,0.0,0
2023-02-17 22:00:00,0.0,0
2023-02-17 22:15:00,0.0,0
2023-02-17 22:30:00,0.0,0
2023-02-17 22:45:00,0.0,0
2023-02-17 23:00:00,0.0,0
2023-02-17 23:15:00,0.0,0
2023-02-17 23:30:00,0.0,0
2023-02-17 23:45:00,0.0,0
2023-02-18 00:00:00,0.0,0
2023-02-18 00:15:00,0.0,0
2023-02-18 00:30:00,0.0,0
2023-02-18 00:45:00,0.0,0
2023-02-18 01:00:00,0.0,0
2023-02-18 01:15:00,0.0,0
2023-02-18 01:30:00,0.0,0
2023-02-18 01:45:00,0.0,0
2023-02-18 02:00:00,0.0,0
2023-02-18 02:15:00,0.0,0
2023-02-18 02:30:00,0.0,0
2023-02-18 02:45:00,0.0,0
2023-02-18 03:00:00,0.0,0
2023-02-18 03:15:00,0.0,0
2023-02-18 03:30:00,0.0,0
2023-02-18 03:45:00,0.0,0
2023-02-18 04:00:00,0.0,0
2023-02-18 04:15:00,0.0,0
2023-02-18 04:30:00,0.0,0
2023-02-18 04:45:00,0.0,0
2023-02-18 05:00:00,0.0,0
2023-02-18 05:15:00,0.0,0
2023-02-18 05:30:00,0.0,0
2023-02-18 05:45:00,0.0,0
2023-02-18 06:00:00,0.0,0
2023-02-18 06:15:00,88.68208312988281,1
2023-02-18 06:30:00,95.03298950195312,1
2023-02-18 06:45:00,110.39071655273438,1
2023-02-18 07:00:00,117.13263702392578,1
2023-02-18 07:15:00,119.49008178710938,1
2023-02-18 07:30:00,136.5336456298828,1
2023-02-18 07:45:00,144.8683319091797,1
2023-02-18 08:00:00,150.17318725585938,1
2023-02-18 08:15:00,156.0749969482422,1
2023-02-18 08:30:00,163.5151824951172,1
2023-02-18 08:45:00,178.31263732910156,1
2023-02-18 09:00:00,165.86697387695312,1
2023-02-18 09:15:00,191.88336181640625,1
2023-02-18 09:30:00,167.65101623535156,1
2023-02-18 09:45:00,172.63938903808594,1
2023-02-18 10:00:00,155.8966064453125,1
2023-02-18 10:15:00,169.9329071044922,1
2023-02-18 10:30:00,178.15408325195312,1
2023-02-18 10:45:00,183.6442413330078,1
2023-02-18 11:00:00,187.41053771972656,1
2023-02-18 11:15:00,191.8667755126953,1
2023-02-18 11:30:00,181.80838012695312,1
2023-02-18 11:45:00,164.63137817382812,1
2023-02-18 12:00:00,164.19989013671875,1
2023-02-18 12:15:00,148.1102294921875,1
2023-02-18 12:30:00,155.94149780273438,1
2023-02-18 12:45:00,152.77822875976562,1
2023-02-18 13:00:00,129.23536682128906,1
2023-02-18 13:15:00,131.989501953125,1
2023-02-18 13:30:00,132.2278594970703,1
2023-02-18 13:45:00,122.01795196533205,1
2023-02-18 14:00:00,97.3303451538086,1
2023-02-18 14:15:00,98.9051742553711,1
2023-02-18 14:30:00,83.8951416015625,1
2023-02-18 14:45:00,77.52002716064453,1
2023-02-18 15:00:00,0.0,0
2023-02-18 15:15:00,0.0,0
2023-02-18 15:30:00,0.0,0
2023-02-18 15:45:00,0.0,0
2023-02-18 16:00:00,0.0,0
2023-02-18 16:15:00,0.0,0
2023-02-18 16:30:00,0.0,0
2023-02-18 16:45:00,0.0,0
2023-02-18 17:00:00,0.0,0
2023-02-18 17:15:00,0.0,0
2023-02-18 17:30:00,0.0,0
2023-02-18 17:45:00,0.0,0
2023-02-18 18:00:00,0.0,0
2023-02-18 18:15:00,0.0,0
2023-02-18 18:30:00,0.0,0
2023-02-18 18:45:00,0.0,0
2023-02-18 19:00:00,0.0,0
2023-02-18 19:15:00,0.0,0
2023-02-18 19:30:00,0.0,0
2023-02-18 19:45:00,0.0,0
2023-02-18 20:00:00,0.0,0
2023-02-18 20:15:00,0.0,0
2023-02-18 20:30:00,0.0,0
2023-02-18 20:45:00,0.0,0
2023-02-18 21:00:00,0.0,0
2023-02-18 21:15:00,0.0,0
2023-02-18 21:30:00,0.0,0
2023-02-18 21:45:00,0.0,0
2023-02-18 22:00:00,0.0,0
2023-02-18 22:15:00,0.0,0
2023-02-18 22:30:00,0.0,0
2023-02-18 22:45:00,0.0,0
2023-02-18 23:00:00,0.0,0
2023-02-18 23:15:00,0.0,0
2023-02-18 23:30:00,0.0,0
2023-02-18 23:45:00,0.0,0
2023-02-19 00:00:00,0.0,0
2023-02-19 00:15:00,0.0,0
2023-02-19 00:30:00,0.0,0
2023-02-19 00:45:00,0.0,0
2023-02-19 01:00:00,0.0,0
2023-02-19 01:15:00,0.0,0
2023-02-19 01:30:00,0.0,0
2023-02-19 01:45:00,0.0,0
2023-02-19 02:00:00,0.0,0
2023-02-19 02:15:00,0.0,0
2023-02-19 02:30:00,0.0,0
2023-02-19 02:45:00,0.0,0
2023-02-19 03:00:00,0.0,0
2023-02-19 03:15:00,0.0,0
2023-02-19 03:30:00,0.0,0
2023-02-19 03:45:00,0.0,0
2023-02-19 04:00:00,0.0,0
2023-02-19 04:15:00,0.0,0
2023-02-19 04:30:00,0.0,0
2023-02-19 04:45:00,0.0,0
2023-02-19 05:00:00,0.0,0
2023-02-19 05:15:00,0.0,0
2023-02-19 05:30:00,0.0,0
2023-02-19 05:45:00,0.0,0
2023-02-19 06:00:00,0.0,0
2023-02-19 06:15:00,88.85848999023438,1
2023-02-19 06:30:00,92.98360443115234,1
2023-02-19 06:45:00,113.26678466796876,1
2023-02-19 07:00:00,118.0440902709961,1
2023-02-19 07:15:00,124.81119537353516,1
2023-02-19 07:30:00,137.6573486328125,1
2023-02-19 07:45:00,140.75547790527344,1
2023-02-19 08:00:00,149.79490661621094,1
2023-02-19 08:15:00,154.83204650878906,1
2023-02-19 08:30:00,161.75033569335938,1
2023-02-19 08:45:00,162.7646942138672,1
2023-02-19 09:00:00,167.97955322265625,1
2023-02-19 09:15:00,178.33444213867188,1
2023-02-19 09:30:00,146.274658203125,1
2023-02-19 09:45:00,164.64910888671875,1
2023-02-19 10:00:00,170.97247314453125,1
2023-02-19 10:15:00,169.58010864257812,1
2023-02-19 10:30:00,171.42527770996094,1
2023-02-19 10:45:00,172.39744567871094,1
2023-02-19 11:00:00,177.98208618164062,1
2023-02-19 11:15:00,178.2794647216797,1
2023-02-19 11:30:00,160.4685516357422,1
2023-02-19 11:45:00,173.9351348876953,1
2023-02-19 12:00:00,166.22933959960938,1
2023-02-19 12:15:00,152.5083465576172,1
2023-02-19 12:30:00,151.11358642578125,1
2023-02-19 12:45:00,155.02732849121094,1
2023-02-19 13:00:00,136.92141723632812,1
2023-02-19 13:15:00,128.2672576904297,1
2023-02-19 13:30:00,131.0005645751953,1
2023-02-19 13:45:00,108.36141204833984,1
2023-02-19 14:00:00,107.91316986083984,1
2023-02-19 14:15:00,102.39021301269533,1
2023-02-19 14:30:00,84.26534271240234,1
2023-02-19 14:45:00,76.7507095336914,1
2023-02-19 15:00:00,0.0,0
2023-02-19 15:15:00,0.0,0
2023-02-19 15:30:00,0.0,0
2023-02-19 15:45:00,0.0,0
2023-02-19 16:00:00,0.0,0
2023-02-19 16:15:00,0.0,0
2023-02-19 16:30:00,0.0,0
2023-02-19 16:45:00,0.0,0
2023-02-19 17:00:00,0.0,0
2023-02-19 17:15:00,0.0,0
2023-02-19 17:30:00,0.0,0
2023-02-19 17:45:00,0.0,0
2023-02-19 18:00:00,0.0,0
2023-02-19 18:15:00,0.0,0
2023-02-19 18:30:00,0.0,0
2023-02-19 18:45:00,0.0,0
2023-02-19 19:00:00,0.0,0
2023-02-19 19:15:00,0.0,0
2023-02-19 19:30:00,0.0,0
2023-02-19 19:45:00,0.0,0
2023-02-19 20:00:00,0.0,0
2023-02-19 20:15:00,0.0,0
2023-02-19 20:30:00,0.0,0
2023-02-19 20:45:00,0.0,0
2023-02-19 21:00:00,0.0,0
2023-02-19 21:15:00,0.0,0
2023-02-19 21:30:00,0.0,0
2023-02-19 21:45:00,0.0,0
2023-02-19 22:00:00,0.0,0
2023-02-19 22:15:00,0.0,0
2023-02-19 22:30:00,0.0,0
2023-02-19 22:45:00,0.0,0
2023-02-19 23:00:00,0.0,0
2023-02-19 23:15:00,0.0,0
2023-02-19 23:30:00,0.0,0
2023-02-19 23:45:00,0.0,0
2023-02-20 00:00:00,0.0,0
2023-02-20 00:15:00,0.0,0
2023-02-20 00:30:00,0.0,0
2023-02-20 00:45:00,0.0,0
2023-02-20 01:00:00,0.0,0
2023-02-20 01:15:00,0.0,0
2023-02-20 01:30:00,0.0,0
2023-02-20 01:45:00,0.0,0
2023-02-20 02:00:00,0.0,0
2023-02-20 02:15:00,0.0,0
2023-02-20 02:30:00,0.0,0
2023-02-20 02:45:00,0.0,0
2023-02-20 03:00:00,0.0,0
2023-02-20 03:15:00,0.0,0
2023-02-20 03:30:00,0.0,0
2023-02-20 03:45:00,0.0,0
2023-02-20 04:00:00,0.0,0
2023-02-20 04:15:00,0.0,0
2023-02-20 04:30:00,0.0,0
2023-02-20 04:45:00,0.0,0
2023-02-20 05:00:00,0.0,0
2023-02-20 05:15:00,0.0,0
2023-02-20 05:30:00,0.0,0
2023-02-20 05:45:00,0.0,0
2023-02-20 06:00:00,0.0,0
2023-02-20 06:15:00,87.03285217285156,1
2023-02-20 06:30:00,92.2772979736328,1
2023-02-20 06:45:00,109.5755615234375,1
2023-02-20 07:00:00,124.4063720703125,1
2023-02-20 07:15:00,123.74969482421876,1
2023-02-20 07:30:00,135.52200317382812,1
2023-02-20 07:45:00,138.90951538085938,1
2023-02-20 08:00:00,145.2838592529297,1
2023-02-20 08:15:00,154.50021362304688,1
2023-02-20 08:30:00,161.63356018066406,1
2023-02-20 08:45:00,164.62376403808594,1
2023-02-20 09:00:00,166.00355529785156,1
2023-02-20 09:15:00,160.5481414794922,1
2023-02-20 09:30:00,166.47564697265625,1
2023-02-20 09:45:00,160.6439971923828,1
2023-02-20 10:00:00,168.34292602539062,1
2023-02-20 10:15:00,167.812744140625,1
2023-02-20 10:30:00,166.9420166015625,1
2023-02-20 10:45:00,175.30032348632812,1
2023-02-20 11:00:00,180.6400909423828,1
2023-02-20 11:15:00,178.19918823242188,1
2023-02-20 11:30:00,169.1109161376953,1
2023-02-20 11:45:00,165.43771362304688,1
2023-02-20 12:00:00,163.8577117919922,1
2023-02-20 12:15:00,153.31996154785156,1
2023-02-20 12:30:00,148.7574920654297,1
2023-02-20 12:45:00,155.1818084716797,1
2023-02-20 13:00:00,137.11968994140625,1
2023-02-20 13:15:00,128.4036865234375,1
2023-02-20 13:30:00,128.95875549316406,1
2023-02-20 13:45:00,108.3459701538086,1
2023-02-20 14:00:00,107.79366302490234,1
2023-02-20 14:15:00,92.5952377319336,1
2023-02-20 14:30:00,83.37229919433594,1
2023-02-20 14:45:00,75.7665023803711,1
2023-02-20 15:00:00,0.0,0
2023-02-20 15:15:00,0.0,0
2023-02-20 15:30:00,0.0,0
2023-02-20 15:45:00,0.0,0
2023-02-20 16:00:00,0.0,0
2023-02-20 16:15:00,0.0,0
2023-02-20 16:30:00,0.0,0
2023-02-20 16:45:00,0.0,0
2023-02-20 17:00:00,0.0,0
2023-02-20 17:15:00,0.0,0
2023-02-20 17:30:00,0.0,0
2023-02-20 17:45:00,0.0,0
2023-02-20 18:00:00,0.0,0
2023-02-20 18:15:00,0.0,0
2023-02-20 18:30:00,0.0,0
2023-02-20 18:45:00,0.0,0
2023-02-20 19:00:00,0.0,0
2023-02-20 19:15:00,0.0,0
2023-02-20 19:30:00,0.0,0
2023-02-20 19:45:00,0.0,0
2023-02-20 20:00:00,0.0,0
2023-02-20 20:15:00,0.0,0
2023-02-20 20:30:00,0.0,0
2023-02-20 20:45:00,0.0,0
2023-02-20 21:00:00,0.0,0
2023-02-20 21:15:00,0.0,0
2023-02-20 21:30:00,0.0,0
2023-02-20 21:45:00,0.0,0
2023-02-20 22:00:00,0.0,0
2023-02-20 22:15:00,0.0,0
2023-02-20 22:30:00,0.0,0
2023-02-20 22:45:00,0.0,0
2023-02-20 23:00:00,0.0,0
2023-02-20 23:15:00,0.0,0
2023-02-20 23:30:00,0.0,0
2023-02-20 23:45:00,0.0,0
2023-02-21 00:00:00,0.0,0
2023-02-21 00:15:00,0.0,0
2023-02-21 00:30:00,0.0,0
2023-02-21 00:45:00,0.0,0
2023-02-21 01:00:00,0.0,0
2023-02-21 01:15:00,0.0,0
2023-02-21 01:30:00,0.0,0
2023-02-21 01:45:00,0.0,0
2023-02-21 02:00:00,0.0,0
2023-02-21 02:15:00,0.0,0
2023-02-21 02:30:00,0.0,0
2023-02-21 02:45:00,0.0,0
2023-02-21 03:00:00,0.0,0
2023-02-21 03:15:00,0.0,0
2023-02-21 03:30:00,0.0,0
2023-02-21 03:45:00,0.0,0
2023-02-21 04:00:00,0.0,0
2023-02-21 04:15:00,0.0,0
2023-02-21 04:30:00,0.0,0
2023-02-21 04:45:00,0.0,0
2023-02-21 05:00:00,0.0,0
2023-02-21 05:15:00,0.0,0
2023-02-21 05:30:00,0.0,0
2023-02-21 05:45:00,0.0,0
2023-02-21 06:00:00,0.0,0
2023-02-21 06:15:00,83.99275970458984,1
2023-02-21 06:30:00,90.952880859375,1
2023-02-21 06:45:00,108.5544891357422,1
2023-02-21 07:00:00,121.6869888305664,1
2023-02-21 07:15:00,122.2548370361328,1
2023-02-21 07:30:00,134.02699279785156,1
2023-02-21 07:45:00,134.645263671875,1
2023-02-21 08:00:00,145.7029266357422,1
2023-02-21 08:15:00,153.5368194580078,1
2023-02-21 08:30:00,160.6484375,1
2023-02-21 08:45:00,160.0925750732422,1
2023-02-21 09:00:00,163.72691345214844,1
2023-02-21 09:15:00,155.00003051757812,1
2023-02-21 09:30:00,173.61398315429688,1
2023-02-21 09:45:00,147.79112243652344,1
2023-02-21 10:00:00,164.11456298828125,1
2023-02-21 10:15:00,162.30870056152344,1
2023-02-21 10:30:00,164.3231964111328,1
2023-02-21 10:45:00,167.32740783691406,1
2023-02-21 11:00:00,175.07830810546875,1
2023-02-21 11:15:00,168.16944885253906,1
2023-02-21 11:30:00,164.291259765625,1
2023-02-21 11:45:00,163.74942016601562,1
2023-02-21 12:00:00,162.73123168945312,1
2023-02-21 12:15:00,153.40115356445312,1
2023-02-21 12:30:00,150.0648956298828,1
2023-02-21 12:45:00,139.73220825195312,1
2023-02-21 13:00:00,136.71202087402344,1
2023-02-21 13:15:00,124.86202239990234,1
2023-02-21 13:30:00,123.61605834960938,1
2023-02-21 13:45:00,113.69503021240234,1
2023-02-21 14:00:00,100.18685150146484,1
2023-02-21 14:15:00,95.2646942138672,1
2023-02-21 14:30:00,76.40332794189453,1
2023-02-21 14:45:00,0.0,0
2023-02-21 15:00:00,0.0,0
2023-02-21 15:15:00,0.0,0
2023-02-21 15:30:00,0.0,0
2023-02-21 15:45:00,0.0,0
2023-02-21 16:00:00,0.0,0
2023-02-21 16:15:00,0.0,0
2023-02-21 16:30:00,0.0,0
2023-02-21 16:45:00,0.0,0
2023-02-21 17:00:00,0.0,0
2023-02-21 17:15:00,0.0,0
2023-02-21 17:30:00,0.0,0
2023-02-21 17:45:00,0.0,0
2023-02-21 18:00:00,0.0,0
2023-02-21 18:15:00,0.0,0
2023-02-21 18:30:00,0.0,0
2023-02-21 18:45:00,0.0,0
2023-02-21 19:00:00,0.0,0
2023-02-21 19:15:00,0.0,0
2023-02-21 19:30:00,0.0,0
2023-02-21 19:45:00,0.0,0
2023-02-21 20:00:00,0.0,0
2023-02-21 20:15:00,0.0,0
2023-02-21 20:30:00,0.0,0
2023-02-21 20:45:00,0.0,0
2023-02-21 21:00:00,0.0,0
2023-02-21 21:15:00,0.0,0
2023-02-21 21:30:00,0.0,0
2023-02-21 21:45:00,0.0,0
2023-02-21 22:00:00,0.0,0
2023-02-21 22:15:00,0.0,0
2023-02-21 22:30:00,0.0,0
2023-02-21 22:45:00,0.0,0
2023-02-21 23:00:00,0.0,0
2023-02-21 23:15:00,0.0,0
2023-02-21 23:30:00,0.0,0
2023-02-21 23:45:00,0.0,0
2023-02-22 00:00:00,0.0,0
2023-02-22 00:15:00,0.0,0
2023-02-22 00:30:00,0.0,0
2023-02-22 00:45:00,0.0,0
2023-02-22 01:00:00,0.0,0
2023-02-22 01:15:00,0.0,0
2023-02-22 01:30:00,0.0,0
2023-02-22 01:45:00,0.0,0
2023-02-22 02:00:00,0.0,0
2023-02-22 02:15:00,0.0,0
2023-02-22 02:30:00,0.0,0
2023-02-22 02:45:00,0.0,0
2023-02-22 03:00:00,0.0,0
2023-02-22 03:15:00,0.0,0
2023-02-22 03:30:00,0.0,0
2023-02-22 03:45:00,0.0,0
2023-02-22 04:00:00,0.0,0
2023-02-22 04:15:00,0.0,0
2023-02-22 04:30:00,0.0,0
2023-02-22 04:45:00,0.0,0
2023-02-22 05:00:00,0.0,0
2023-02-22 05:15:00,0.0,0
2023-02-22 05:30:00,0.0,0
2023-02-22 05:45:00,0.0,0
2023-02-22 06:00:00,0.0,0
2023-02-22 06:15:00,81.56201171875,1
2023-02-22 06:30:00,88.71847534179688,1
2023-02-22 06:45:00,105.7876434326172,1
2023-02-22 07:00:00,118.23681640625,1
2023-02-22 07:15:00,122.20001220703124,1
2023-02-22 07:30:00,132.76686096191406,1
2023-02-22 07:45:00,143.22198486328125,1
2023-02-22 08:00:00,145.51290893554688,1
2023-02-22 08:15:00,152.59634399414062,1
2023-02-22 08:30:00,160.6484375,1
2023-02-22 08:45:00,162.66624450683594,1
2023-02-22 09:00:00,163.72691345214844,1
2023-02-22 09:15:00,155.00003051757812,1
2023-02-22 09:30:00,165.589599609375,1
2023-02-22 09:45:00,161.57838439941406,1
2023-02-22 10:00:00,164.11456298828125,1
2023-02-22 10:15:00,162.28622436523438,1
2023-02-22 10:30:00,167.80726623535156,1
2023-02-22 10:45:00,176.39678955078125,1
2023-02-22 11:00:00,181.3537139892578,1
2023-02-22 11:15:00,172.12188720703125,1
2023-02-22 11:30:00,165.1584930419922,1
2023-02-22 11:45:00,164.39181518554688,1
2023-02-22 12:00:00,160.39724731445312,1
2023-02-22 12:15:00,156.24618530273438,1
2023-02-22 12:30:00,146.0121612548828,1
2023-02-22 12:45:00,146.2847137451172,1
2023-02-22 13:00:00,132.92860412597656,1
2023-02-22 13:15:00,127.17313385009766,1
2023-02-22 13:30:00,127.6488265991211,1
2023-02-22 13:45:00,117.06658935546876,1
2023-02-22 14:00:00,99.5596923828125,1
2023-02-22 14:15:00,90.79949188232422,1
2023-02-22 14:30:00,77.4737548828125,1
2023-02-22 14:45:00,75.34198760986328,1
2023-02-22 15:00:00,0.0,0
2023-02-22 15:15:00,0.0,0
2023-02-22 15:30:00,0.0,0
2023-02-22 15:45:00,0.0,0
2023-02-22 16:00:00,0.0,0
2023-02-22 16:15:00,0.0,0
2023-02-22 16:30:00,0.0,0
2023-02-22 16:45:00,0.0,0
2023-02-22 17:00:00,0.0,0
2023-02-22 17:15:00,0.0,0
2023-02-22 17:30:00,0.0,0
2023-02-22 17:45:00,0.0,0
2023-02-22 18:00:00,0.0,0
2023-02-22 18:15:00,0.0,0
2023-02-22 18:30:00,0.0,0
2023-02-22 18:45:00,0.0,0
2023-02-22 19:00:00,0.0,0
2023-02-22 19:15:00,0.0,0
2023-02-22 19:30:00,0.0,0
2023-02-22 19:45:00,0.0,0
2023-02-22 20:00:00,0.0,0
2023-02-22 20:15:00,0.0,0
2023-02-22 20:30:00,0.0,0
2023-02-22 20:45:00,0.0,0
2023-02-22 21:00:00,0.0,0
2023-02-22 21:15:00,0.0,0
2023-02-22 21:30:00,0.0,0
2023-02-22 21:45:00,0.0,0
2023-02-22 22:00:00,0.0,0
2023-02-22 22:15:00,0.0,0
2023-02-22 22:30:00,0.0,0
2023-02-22 22:45:00,0.0,0
2023-02-22 23:00:00,0.0,0
2023-02-22 23:15:00,0.0,0
2023-02-22 23:30:00,0.0,0
2023-02-22 23:45:00,0.0,0
2023-02-23 00:00:00,0.0,0
2023-02-23 00:15:00,0.0,0
2023-02-23 00:30:00,0.0,0
2023-02-23 00:45:00,0.0,0
2023-02-23 01:00:00,0.0,0
2023-02-23 01:15:00,0.0,0
2023-02-23 01:30:00,0.0,0
2023-02-23 01:45:00,0.0,0
2023-02-23 02:00:00,0.0,0
2023-02-23 02:15:00,0.0,0
2023-02-23 02:30:00,0.0,0
2023-02-23 02:45:00,0.0,0
2023-02-23 03:00:00,0.0,0
2023-02-23 03:15:00,0.0,0
2023-02-23 03:30:00,0.0,0
2023-02-23 03:45:00,0.0,0
2023-02-23 04:00:00,0.0,0
2023-02-23 04:15:00,0.0,0
2023-02-23 04:30:00,0.0,0
2023-02-23 04:45:00,0.0,0
2023-02-23 05:00:00,0.0,0
2023-02-23 05:15:00,0.0,0
2023-02-23 05:30:00,0.0,0
2023-02-23 05:45:00,0.0,0
2023-02-23 06:00:00,0.0,0
2023-02-23 06:15:00,87.30994415283203,1
2023-02-23 06:30:00,89.66343688964844,1
2023-02-23 06:45:00,111.62445831298828,1
2023-02-23 07:00:00,129.45779418945312,1
2023-02-23 07:15:00,124.98306274414062,1
2023-02-23 07:30:00,132.2307891845703,1
2023-02-23 07:45:00,143.32862854003906,1
2023-02-23 08:00:00,149.85519409179688,1
2023-02-23 08:15:00,155.12698364257812,1
2023-02-23 08:30:00,157.55221557617188,1
2023-02-23 08:45:00,163.62881469726562,1
2023-02-23 09:00:00,171.22711181640625,1
2023-02-23 09:15:00,155.82113647460938,1
2023-02-23 09:30:00,122.0432586669922,1
2023-02-23 09:45:00,165.3978729248047,1
2023-02-23 10:00:00,166.9163818359375,1
2023-02-23 10:15:00,167.2514190673828,1
2023-02-23 10:30:00,170.51022338867188,1
2023-02-23 10:45:00,181.23948669433597,1
2023-02-23 11:00:00,177.43325805664062,1
2023-02-23 11:15:00,165.99488830566406,1
2023-02-23 11:30:00,167.02700805664062,1
2023-02-23 11:45:00,164.25335693359375,1
2023-02-23 12:00:00,161.1904296875,1
2023-02-23 12:15:00,144.2387237548828,1
2023-02-23 12:30:00,143.80316162109375,1
2023-02-23 12:45:00,143.09043884277344,1
2023-02-23 13:00:00,135.8572998046875,1
2023-02-23 13:15:00,127.3871612548828,1
2023-02-23 13:30:00,129.69705200195312,1
2023-02-23 13:45:00,119.10862731933594,1
2023-02-23 14:00:00,107.3667984008789,1
2023-02-23 14:15:00,90.03111267089844,1
2023-02-23 14:30:00,84.42930603027344,1
2023-02-23 14:45:00,0.0,0
2023-02-23 15:00:00,0.0,0
2023-02-23 15:15:00,0.0,0
2023-02-23 15:30:00,0.0,0
2023-02-23 15:45:00,0.0,0
2023-02-23 16:00:00,0.0,0
2023-02-23 16:15:00,0.0,0
2023-02-23 16:30:00,0.0,0
2023-02-23 16:45:00,0.0,0
2023-02-23 17:00:00,0.0,0
2023-02-23 17:15:00,0.0,0
2023-02-23 17:30:00,0.0,0
2023-02-23 17:45:00,0.0,0
2023-02-23 18:00:00,0.0,0
2023-02-23 18:15:00,0.0,0
2023-02-23 18:30:00,0.0,0
2023-02-23 18:45:00,0.0,0
2023-02-23 19:00:00,0.0,0
2023-02-23 19:15:00,0.0,0
2023-02-23 19:30:00,0.0,0
2023-02-23 19:45:00,0.0,0
2023-02-23 20:00:00,0.0,0
2023-02-23 20:15:00,0.0,0
2023-02-23 20:30:00,0.0,0
2023-02-23 20:45:00,0.0,0
2023-02-23 21:00:00,0.0,0
2023-02-23 21:15:00,0.0,0
2023-02-23 21:30:00,0.0,0
2023-02-23 21:45:00,0.0,0
2023-02-23 22:00:00,0.0,0
2023-02-23 22:15:00,0.0,0
2023-02-23 22:30:00,0.0,0
2023-02-23 22:45:00,0.0,0
2023-02-23 23:00:00,0.0,0
2023-02-23 23:15:00,0.0,0
2023-02-23 23:30:00,0.0,0
2023-02-23 23:45:00,0.0,0
2023-02-24 00:00:00,0.0,0
2023-02-24 00:15:00,0.0,0
2023-02-24 00:30:00,0.0,0
2023-02-24 00:45:00,0.0,0
2023-02-24 01:00:00,0.0,0
2023-02-24 01:15:00,0.0,0
2023-02-24 01:30:00,0.0,0
2023-02-24 01:45:00,0.0,0
2023-02-24 02:00:00,0.0,0
2023-02-24 02:15:00,0.0,0
2023-02-24 02:30:00,0.0,0
2023-02-24 02:45:00,0.0,0
2023-02-24 03:00:00,0.0,0
2023-02-24 03:15:00,0.0,0
2023-02-24 03:30:00,0.0,0
2023-02-24 03:45:00,0.0,0
2023-02-24 04:00:00,0.0,0
2023-02-24 04:15:00,0.0,0
2023-02-24 04:30:00,0.0,0
2023-02-24 04:45:00,0.0,0
2023-02-24 05:00:00,0.0,0
2023-02-24 05:15:00,0.0,0
2023-02-24 05:30:00,0.0,0
2023-02-24 05:45:00,0.0,0
2023-02-24 06:00:00,0.0,0
2023-02-24 06:15:00,87.30994415283203,1
2023-02-24 06:30:00,89.66343688964844,1
2023-02-24 06:45:00,110.61814880371094,1
2023-02-24 07:00:00,125.4475326538086,1
2023-02-24 07:15:00,124.8517608642578,1
2023-02-24 07:30:00,135.52200317382812,1
2023-02-24 07:45:00,146.25396728515625,1
2023-02-24 08:00:00,149.14654541015625,1
2023-02-24 08:15:00,154.11325073242188,1
2023-02-24 08:30:00,163.49981689453125,1
2023-02-24 08:45:00,166.8086700439453,1
2023-02-24 09:00:00,167.8119354248047,1
2023-02-24 09:15:00,164.91830444335938,1
2023-02-24 09:30:00,172.01022338867188,1
2023-02-24 09:45:00,158.99893188476562,1
2023-02-24 10:00:00,170.73109436035156,1
2023-02-24 10:15:00,171.06613159179688,1
2023-02-24 10:30:00,170.01364135742188,1
2023-02-24 10:45:00,175.7091064453125,1
2023-02-24 11:00:00,189.23922729492188,1
2023-02-24 11:15:00,166.53250122070312,1
2023-02-24 11:30:00,169.1109161376953,1
2023-02-24 11:45:00,169.59597778320312,1
2023-02-24 12:00:00,161.8241729736328,1
2023-02-24 12:15:00,153.31996154785156,1
2023-02-24 12:30:00,152.06333923339844,1
2023-02-24 12:45:00,149.06069946289062,1
2023-02-24 13:00:00,137.01718139648438,1
2023-02-24 13:15:00,133.51995849609375,1
2023-02-24 13:30:00,130.14096069335938,1
2023-02-24 13:45:00,117.06658935546876,1
2023-02-24 14:00:00,109.14143371582033,1
2023-02-24 14:15:00,90.03111267089844,1
2023-02-24 14:30:00,84.42930603027344,1
2023-02-24 14:45:00,75.98893737792969,1
2023-02-24 15:00:00,0.0,0
2023-02-24 15:15:00,0.0,0
2023-02-24 15:30:00,0.0,0
2023-02-24 15:45:00,0.0,0
2023-02-24 16:00:00,0.0,0
2023-02-24 16:15:00,0.0,0
2023-02-24 16:30:00,0.0,0
2023-02-24 16:45:00,0.0,0
2023-02-24 17:00:00,0.0,0
2023-02-24 17:15:00,0.0,0
2023-02-24 17:30:00,0.0,0
2023-02-24 17:45:00,0.0,0
2023-02-24 18:00:00,0.0,0
2023-02-24 18:15:00,0.0,0
2023-02-24 18:30:00,0.0,0
2023-02-24 18:45:00,0.0,0
2023-02-24 19:00:00,0.0,0
2023-02-24 19:15:00,0.0,0
2023-02-24 19:30:00,0.0,0
2023-02-24 19:45:00,0.0,0
2023-02-24 20:00:00,0.0,0
2023-02-24 20:15:00,0.0,0
2023-02-24 20:30:00,0.0,0
2023-02-24 20:45:00,0.0,0
2023-02-24 21:00:00,0.0,0
2023-02-24 21:15:00,0.0,0
2023-02-24 21:30:00,0.0,0
2023-02-24 21:45:00,0.0,0
2023-02-24 22:00:00,0.0,0
2023-02-24 22:15:00,0.0,0
2023-02-24 22:30:00,0.0,0
2023-02-24 22:45:00,0.0,0
2023-02-24 23:00:00,0.0,0
2023-02-24 23:15:00,0.0,0
2023-02-24 23:30:00,0.0,0
2023-02-24 23:45:00,0.0,0
2023-02-25 00:00:00,0.0,0
2023-02-25 00:15:00,0.0,0
2023-02-25 00:30:00,0.0,0
2023-02-25 00:45:00,0.0,0
2023-02-25 01:00:00,0.0,0
2023-02-25 01:15:00,0.0,0
2023-02-25 01:30:00,0.0,0
2023-02-25 01:45:00,0.0,0
2023-02-25 02:00:00,0.0,0
2023-02-25 02:15:00,0.0,0
2023-02-25 02:30:00,0.0,0
2023-02-25 02:45:00,0.0,0
2023-02-25 03:00:00,0.0,0
2023-02-25 03:15:00,0.0,0
2023-02-25 03:30:00,0.0,0
2023-02-25 03:45:00,0.0,0
2023-02-25 04:00:00,0.0,0
2023-02-25 04:15:00,0.0,0
2023-02-25 04:30:00,0.0,0
2023-02-25 04:45:00,0.0,0
2023-02-25 05:00:00,0.0,0
2023-02-25 05:15:00,0.0,0
2023-02-25 05:30:00,0.0,0
2023-02-25 05:45:00,0.0,0
2023-02-25 06:00:00,0.0,0
2023-02-25 06:15:00,87.30994415283203,1
2023-02-25 06:30:00,89.66343688964844,1
2023-02-25 06:45:00,110.61814880371094,1
2023-02-25 07:00:00,129.751220703125,1
2023-02-25 07:15:00,124.95720672607422,1
2023-02-25 07:30:00,135.08660888671875,1
2023-02-25 07:45:00,145.2691192626953,1
2023-02-25 08:00:00,145.34927368164062,1
2023-02-25 08:15:00,154.50021362304688,1
2023-02-25 08:30:00,160.29867553710938,1
2023-02-25 08:45:00,167.7540283203125,1
2023-02-25 09:00:00,166.00355529785156,1
2023-02-25 09:15:00,160.5481414794922,1
2023-02-25 09:30:00,123.8180160522461,1
2023-02-25 09:45:00,171.7694549560547,1
2023-02-25 10:00:00,165.27130126953125,1
2023-02-25 10:15:00,165.60635375976562,1
2023-02-25 10:30:00,166.9420166015625,1
2023-02-25 10:45:00,176.14761352539062,1
2023-02-25 11:00:00,190.40061950683597,1
2023-02-25 11:15:00,165.9576416015625,1
2023-02-25 11:30:00,172.04385375976562,1
2023-02-25 11:45:00,168.7850341796875,1
2023-02-25 12:00:00,156.33631896972656,1
2023-02-25 12:15:00,151.3704833984375,1
2023-02-25 12:30:00,145.59371948242188,1
2023-02-25 12:45:00,146.70217895507812,1
2023-02-25 13:00:00,132.92860412597656,1
2023-02-25 13:15:00,126.96669006347656,1
2023-02-25 13:30:00,127.64349365234376,1
2023-02-25 13:45:00,118.4163055419922,1
2023-02-25 14:00:00,98.26486206054688,1
2023-02-25 14:15:00,95.90350341796876,1
2023-02-25 14:30:00,83.49346923828125,1
2023-02-25 14:45:00,75.05538177490234,1
2023-02-25 15:00:00,0.0,0
2023-02-25 15:15:00,0.0,0
2023-02-25 15:30:00,0.0,0
2023-02-25 15:45:00,0.0,0
2023-02-25 16:00:00,0.0,0
2023-02-25 16:15:00,0.0,0
2023-02-25 16:30:00,0.0,0
2023-02-25 16:45:00,0.0,0
2023-02-25 17:00:00,0.0,0
2023-02-25 17:15:00,0.0,0
2023-02-25 17:30:00,0.0,0
2023-02-25 17:45:00,0.0,0
2023-02-25 18:00:00,0.0,0
2023-02-25 18:15:00,0.0,0
2023-02-25 18:30:00,0.0,0
2023-02-25 18:45:00,0.0,0
2023-02-25 19:00:00,0.0,0
2023-02-25 19:15:00,0.0,0
2023-02-25 19:30:00,0.0,0
2023-02-25 19:45:00,0.0,0
2023-02-25 20:00:00,0.0,0
2023-02-25 20:15:00,0.0,0
2023-02-25 20:30:00,0.0,0
2023-02-25 20:45:00,0.0,0
2023-02-25 21:00:00,0.0,0
2023-02-25 21:15:00,0.0,0
2023-02-25 21:30:00,0.0,0
2023-02-25 21:45:00,0.0,0
2023-02-25 22:00:00,0.0,0
2023-02-25 22:15:00,0.0,0
2023-02-25 22:30:00,0.0,0
2023-02-25 22:45:00,0.0,0
2023-02-25 23:00:00,0.0,0
2023-02-25 23:15:00,0.0,0
2023-02-25 23:30:00,0.0,0
2023-02-25 23:45:00,0.0,0
2023-02-26 00:00:00,0.0,0
2023-02-26 00:15:00,0.0,0
2023-02-26 00:30:00,0.0,0
2023-02-26 00:45:00,0.0,0
2023-02-26 01:00:00,0.0,0
2023-02-26 01:15:00,0.0,0
2023-02-26 01:30:00,0.0,0
2023-02-26 01:45:00,0.0,0
2023-02-26 02:00:00,0.0,0
2023-02-26 02:15:00,0.0,0
2023-02-26 02:30:00,0.0,0
2023-02-26 02:45:00,0.0,0
2023-02-26 03:00:00,0.0,0
2023-02-26 03:15:00,0.0,0
2023-02-26 03:30:00,0.0,0
2023-02-26 03:45:00,0.0,0
2023-02-26 04:00:00,0.0,0
2023-02-26 04:15:00,0.0,0
2023-02-26 04:30:00,0.0,0
2023-02-26 04:45:00,0.0,0
2023-02-26 05:00:00,0.0,0
2023-02-26 05:15:00,0.0,0
2023-02-26 05:30:00,0.0,0
2023-02-26 05:45:00,0.0,0
2023-02-26 06:00:00,0.0,0
2023-02-26 06:15:00,87.41255187988281,1
2023-02-26 06:30:00,87.77584075927734,1
2023-02-26 06:45:00,106.19046783447266,1
2023-02-26 07:00:00,120.0111312866211,1
2023-02-26 07:15:00,122.20001220703124,1
2023-02-26 07:30:00,131.23658752441406,1
2023-02-26 07:45:00,143.53823852539062,1
2023-02-26 08:00:00,144.10296630859375,1
2023-02-26 08:15:00,152.59634399414062,1
2023-02-26 08:30:00,158.22657775878906,1
2023-02-26 08:45:00,162.93841552734375,1
2023-02-26 09:00:00,162.88104248046875,1
2023-02-26 09:15:00,152.57293701171875,1
2023-02-26 09:30:00,156.93402099609375,1
2023-02-26 09:45:00,171.7919158935547,1
2023-02-26 10:00:00,167.1861572265625,1
2023-02-26 10:15:00,165.35781860351562,1
2023-02-26 10:30:00,172.79714965820312,1
2023-02-26 10:45:00,179.65037536621094,1
2023-02-26 11:00:00,181.3537139892578,1
2023-02-26 11:15:00,155.5540771484375,1
2023-02-26 11:30:00,170.45484924316406,1
2023-02-26 11:45:00,166.37852478027344,1
2023-02-26 12:00:00,160.82901000976562,1
2023-02-26 12:15:00,150.03164672851562,1
2023-02-26 12:30:00,144.60800170898438,1
2023-02-26 12:45:00,148.27781677246094,1
2023-02-26 13:00:00,135.0213165283203,1
2023-02-26 13:15:00,122.75153350830078,1
2023-02-26 13:30:00,119.84823608398438,1
2023-02-26 13:45:00,113.5003433227539,1
2023-02-26 14:00:00,96.71294403076172,1
2023-02-26 14:15:00,94.20857238769533,1
2023-02-26 14:30:00,80.50385284423828,1
2023-02-26 14:45:00,0.0,0
2023-02-26 15:00:00,0.0,0
2023-02-26 15:15:00,0.0,0
2023-02-26 15:30:00,0.0,0
2023-02-26 15:45:00,0.0,0
2023-02-26 16:00:00,0.0,0
2023-02-26 16:15:00,0.0,0
2023-02-26 16:30:00,0.0,0
2023-02-26 16:45:00,0.0,0
2023-02-26 17:00:00,0.0,0
2023-02-26 17:15:00,0.0,0
2023-02-26 17:30:00,0.0,0
2023-02-26 17:45:00,0.0,0
2023-02-26 18:00:00,0.0,0
2023-02-26 18:15:00,0.0,0
2023-02-26 18:30:00,0.0,0
2023-02-26 18:45:00,0.0,0
2023-02-26 19:00:00,0.0,0
2023-02-26 19:15:00,0.0,0
2023-02-26 19:30:00,0.0,0
2023-02-26 19:45:00,0.0,0
2023-02-26 20:00:00,0.0,0
2023-02-26 20:15:00,0.0,0
2023-02-26 20:30:00,0.0,0
2023-02-26 20:45:00,0.0,0
2023-02-26 21:00:00,0.0,0
2023-02-26 21:15:00,0.0,0
2023-02-26 21:30:00,0.0,0
2023-02-26 21:45:00,0.0,0
2023-02-26 22:00:00,0.0,0
2023-02-26 22:15:00,0.0,0
2023-02-26 22:30:00,0.0,0
2023-02-26 22:45:00,0.0,0
2023-02-26 23:00:00,0.0,0
2023-02-26 23:15:00,0.0,0
2023-02-26 23:30:00,0.0,0
2023-02-26 23:45:00,0.0,0
2023-02-27 00:00:00,0.0,0
2023-02-27 00:15:00,0.0,0
2023-02-27 00:30:00,0.0,0
2023-02-27 00:45:00,0.0,0
2023-02-27 01:00:00,0.0,0
2023-02-27 01:15:00,0.0,0
2023-02-27 01:30:00,0.0,0
2023-02-27 01:45:00,0.0,0
2023-02-27 02:00:00,0.0,0
2023-02-27 02:15:00,0.0,0
2023-02-27 02:30:00,0.0,0
2023-02-27 02:45:00,0.0,0
2023-02-27 03:00:00,0.0,0
2023-02-27 03:15:00,0.0,0
2023-02-27 03:30:00,0.0,0
2023-02-27 03:45:00,0.0,0
2023-02-27 04:00:00,0.0,0
2023-02-27 04:15:00,0.0,0
2023-02-27 04:30:00,0.0,0
2023-02-27 04:45:00,0.0,0
2023-02-27 05:00:00,0.0,0
2023-02-27 05:15:00,0.0,0
2023-02-27 05:30:00,0.0,0
2023-02-27 05:45:00,0.0,0
2023-02-27 06:00:00,0.0,0
2023-02-27 06:15:00,85.94757843017578,1
2023-02-27 06:30:00,89.0003662109375,1
2023-02-27 06:45:00,105.00437927246094,1
2023-02-27 07:00:00,120.02336883544922,1
2023-02-27 07:15:00,122.20001220703124,1
2023-02-27 07:30:00,132.76686096191406,1
2023-02-27 07:45:00,142.9056396484375,1
2023-02-27 08:00:00,144.10296630859375,1
2023-02-27 08:15:00,152.22898864746094,1
2023-02-27 08:30:00,160.26011657714844,1
2023-02-27 08:45:00,159.48599243164062,1
2023-02-27 09:00:00,165.272705078125,1
2023-02-27 09:15:00,155.00003051757812,1
2023-02-27 09:30:00,156.93402099609375,1
2023-02-27 09:45:00,171.7919158935547,1
2023-02-27 10:00:00,169.0127716064453,1
2023-02-27 10:15:00,167.27610778808594,1
2023-02-27 10:30:00,172.79714965820312,1
2023-02-27 10:45:00,179.65037536621094,1
2023-02-27 11:00:00,181.3537139892578,1
2023-02-27 11:15:00,155.5540771484375,1
2023-02-27 11:30:00,170.45484924316406,1
2023-02-27 11:45:00,165.8678741455078,1
2023-02-27 12:00:00,158.1119842529297,1
2023-02-27 12:15:00,150.22921752929688,1
2023-02-27 12:30:00,149.28179931640625,1
2023-02-27 12:45:00,148.2904052734375,1
2023-02-27 13:00:00,130.705322265625,1
2023-02-27 13:15:00,120.10013580322266,1
2023-02-27 13:30:00,119.84823608398438,1
2023-02-27 13:45:00,113.5003433227539,1
2023-02-27 14:00:00,100.2943344116211,1
2023-02-27 14:15:00,91.62288665771484,1
2023-02-27 14:30:00,77.48294830322266,1
2023-02-27 14:45:00,0.0,0
2023-02-27 15:00:00,0.0,0
2023-02-27 15:15:00,0.0,0
2023-02-27 15:30:00,0.0,0
2023-02-27 15:45:00,0.0,0
2023-02-27 16:00:00,0.0,0
2023-02-27 16:15:00,0.0,0
2023-02-27 16:30:00,0.0,0
2023-02-27 16:45:00,0.0,0
2023-02-27 17:00:00,0.0,0
2023-02-27 17:15:00,0.0,0
2023-02-27 17:30:00,0.0,0
2023-02-27 17:45:00,0.0,0
2023-02-27 18:00:00,0.0,0
2023-02-27 18:15:00,0.0,0
2023-02-27 18:30:00,0.0,0
2023-02-27 18:45:00,0.0,0
2023-02-27 19:00:00,0.0,0
2023-02-27 19:15:00,0.0,0
2023-02-27 19:30:00,0.0,0
2023-02-27 19:45:00,0.0,0
2023-02-27 20:00:00,0.0,0
2023-02-27 20:15:00,0.0,0
2023-02-27 20:30:00,0.0,0
2023-02-27 20:45:00,0.0,0
2023-02-27 21:00:00,0.0,0
2023-02-27 21:15:00,0.0,0
2023-02-27 21:30:00,0.0,0
2023-02-27 21:45:00,0.0,0
2023-02-27 22:00:00,0.0,0
2023-02-27 22:15:00,0.0,0
2023-02-27 22:30:00,0.0,0
2023-02-27 22:45:00,0.0,0
2023-02-27 23:00:00,0.0,0
2023-02-27 23:15:00,0.0,0
2023-02-27 23:30:00,0.0,0
2023-02-27 23:45:00,0.0,0
2023-02-28 00:00:00,0.0,0
2023-02-28 00:15:00,0.0,0
2023-02-28 00:30:00,0.0,0
2023-02-28 00:45:00,0.0,0
2023-02-28 01:00:00,0.0,0
2023-02-28 01:15:00,0.0,0
2023-02-28 01:30:00,0.0,0
2023-02-28 01:45:00,0.0,0
2023-02-28 02:00:00,0.0,0
2023-02-28 02:15:00,0.0,0
2023-02-28 02:30:00,0.0,0
2023-02-28 02:45:00,0.0,0
2023-02-28 03:00:00,0.0,0
2023-02-28 03:15:00,0.0,0
2023-02-28 03:30:00,0.0,0
2023-02-28 03:45:00,0.0,0
2023-02-28 04:00:00,0.0,0
2023-02-28 04:15:00,0.0,0
2023-02-28 04:30:00,0.0,0
2023-02-28 04:45:00,0.0,0
2023-02-28 05:00:00,0.0,0
2023-02-28 05:15:00,0.0,0
2023-02-28 05:30:00,0.0,0
2023-02-28 05:45:00,0.0,0
2023-02-28 06:00:00,0.0,0
2023-02-28 06:15:00,85.94757843017578,1
2023-02-28 06:30:00,93.7243423461914,1
2023-02-28 06:45:00,106.19046783447266,1
2023-02-28 07:00:00,120.0111312866211,1
2023-02-28 07:15:00,122.20001220703124,1
2023-02-28 07:30:00,128.9927215576172,1
2023-02-28 07:45:00,143.22198486328125,1
2023-02-28 08:00:00,144.86683654785156,1
2023-02-28 08:15:00,153.16946411132812,1
2023-02-28 08:30:00,149.69921875,1
2023-02-28 08:45:00,164.64120483398438,1
2023-02-28 09:00:00,166.00355529785156,1
2023-02-28 09:15:00,158.12107849121094,1
2023-02-28 09:30:00,123.8180160522461,1
2023-02-28 09:45:00,171.7694549560547,1
2023-02-28 10:00:00,170.16952514648438,1
2023-02-28 10:15:00,173.66786193847656,1
2023-02-28 10:30:00,171.93191528320312,1
2023-02-28 10:45:00,176.14761352539062,1
2023-02-28 11:00:00,190.40061950683597,1
2023-02-28 11:15:00,165.9576416015625,1
2023-02-28 11:30:00,172.04385375976562,1
2023-02-28 11:45:00,168.745849609375,1
2023-02-28 12:00:00,162.87255859375,1
2023-02-28 12:15:00,144.2387237548828,1
2023-02-28 12:30:00,148.1702880859375,1
2023-02-28 12:45:00,146.7147674560547,1
2023-02-28 13:00:00,129.94271850585938,1
2023-02-28 13:15:00,125.98908233642578,1
2023-02-28 13:30:00,118.11812591552734,1
2023-02-28 13:45:00,116.73300170898438,1
2023-02-28 14:00:00,98.97262573242188,1
2023-02-28 14:15:00,94.20857238769533,1
2023-02-28 14:30:00,80.46465301513672,1
2023-02-28 14:45:00,0.0,0
2023-02-28 15:00:00,0.0,0
2023-02-28 15:15:00,0.0,0
2023-02-28 15:30:00,0.0,0
2023-02-28 15:45:00,0.0,0
2023-02-28 16:00:00,0.0,0
2023-02-28 16:15:00,0.0,0
2023-02-28 16:30:00,0.0,0
2023-02-28 16:45:00,0.0,0
2023-02-28 17:00:00,0.0,0
2023-02-28 17:15:00,0.0,0
2023-02-28 17:30:00,0.0,0
2023-02-28 17:45:00,0.0,0
2023-02-28 18:00:00,0.0,0
2023-02-28 18:15:00,0.0,0
2023-02-28 18:30:00,0.0,0
2023-02-28 18:45:00,0.0,0
2023-02-28 19:00:00,0.0,0
2023-02-28 19:15:00,0.0,0
2023-02-28 19:30:00,0.0,0
2023-02-28 19:45:00,0.0,0
2023-02-28 20:00:00,0.0,0
2023-02-28 20:15:00,0.0,0
2023-02-28 20:30:00,0.0,0
2023-02-28 20:45:00,0.0,0
2023-02-28 21:00:00,0.0,0
2023-02-28 21:15:00,0.0,0
2023-02-28 21:30:00,0.0,0
2023-02-28 21:45:00,0.0,0
2023-02-28 22:00:00,0.0,0
2023-02-28 22:15:00,0.0,0
2023-02-28 22:30:00,0.0,0
2023-02-28 22:45:00,0.0,0
2023-02-28 23:00:00,0.0,0
2023-02-28 23:15:00,0.0,0
2023-02-28 23:30:00,0.0,0
2023-02-28 23:45:00,0.0,0
2023-02-28 00:00:00,0.0,0
2023-02-28 00:15:00,0.0,0
2023-02-28 00:30:00,0.0,0
2023-02-28 00:45:00,0.0,0
2023-02-28 01:00:00,0.0,0
2023-02-28 01:15:00,0.0,0
2023-02-28 01:30:00,0.0,0
2023-02-28 01:45:00,0.0,0
2023-02-28 02:00:00,0.0,0
2023-02-28 02:15:00,0.0,0
2023-02-28 02:30:00,0.0,0
2023-02-28 02:45:00,0.0,0
2023-02-28 03:00:00,0.0,0
2023-02-28 03:15:00,0.0,0
2023-02-28 03:30:00,0.0,0
2023-02-28 03:45:00,0.0,0
2023-02-28 04:00:00,0.0,0
2023-02-28 04:15:00,0.0,0
2023-02-28 04:30:00,0.0,0
2023-02-28 04:45:00,0.0,0
2023-02-28 05:00:00,0.0,0
2023-02-28 05:15:00,0.0,0
2023-02-28 05:30:00,0.0,0
2023-02-28 05:45:00,0.0,0
2023-02-28 06:00:00,0.0,0
2023-02-28 06:15:00,87.76431274414062,1
2023-02-28 06:30:00,94.94969940185548,1
2023-02-28 06:45:00,108.5544891357422,1
2023-02-28 07:00:00,124.0458526611328,1
2023-02-28 07:15:00,123.50764465332033,1
2023-02-28 07:30:00,131.7406768798828,1
2023-02-28 07:45:00,144.18435668945312,1
2023-02-28 08:00:00,146.5959014892578,1
2023-02-28 08:15:00,157.67465209960938,1
2023-02-28 08:30:00,157.69456481933594,1
2023-02-28 08:45:00,169.9453582763672,1
2023-02-28 09:00:00,169.052978515625,1
2023-02-28 09:15:00,170.05882263183594,1
2023-02-28 09:30:00,153.2145538330078,1
2023-02-28 09:45:00,176.0706024169922,1
2023-02-28 10:00:00,176.73150634765625,1
2023-02-28 10:15:00,176.29299926757812,1
2023-02-28 10:30:00,177.8998260498047,1
2023-02-28 10:45:00,177.13888549804688,1
2023-02-28 11:00:00,189.23922729492188,1
2023-02-28 11:15:00,164.5989227294922,1
2023-02-28 11:30:00,172.04385375976562,1
2023-02-28 11:45:00,168.7850341796875,1
2023-02-28 12:00:00,155.73318481445312,1
2023-02-28 12:15:00,144.2387237548828,1
2023-02-28 12:30:00,148.1702880859375,1
2023-02-28 12:45:00,146.7147674560547,1
2023-02-28 13:00:00,129.94271850585938,1
2023-02-28 13:15:00,123.6561279296875,1
2023-02-28 13:30:00,118.11812591552734,1
2023-02-28 13:45:00,113.69908905029295,1
2023-02-28 14:00:00,100.27806091308594,1
2023-02-28 14:15:00,92.6087646484375,1
2023-02-28 14:30:00,77.22904968261719,1
2023-02-28 14:45:00,0.0,0
2023-02-28 15:00:00,0.0,0
2023-02-28 15:15:00,0.0,0
2023-02-28 15:30:00,0.0,0
2023-02-28 15:45:00,0.0,0
2023-02-28 16:00:00,0.0,0
2023-02-28 16:15:00,0.0,0
2023-02-28 16:30:00,0.0,0
2023-02-28 16:45:00,0.0,0
2023-02-28 17:00:00,0.0,0
2023-02-28 17:15:00,0.0,0
2023-02-28 17:30:00,0.0,0
2023-02-28 17:45:00,0.0,0
2023-02-28 18:00:00,0.0,0
2023-02-28 18:15:00,0.0,0
2023-02-28 18:30:00,0.0,0
2023-02-28 18:45:00,0.0,0
2023-02-28 19:00:00,0.0,0
2023-02-28 19:15:00,0.0,0
2023-02-28 19:30:00,0.0,0
2023-02-28 19:45:00,0.0,0
2023-02-28 20:00:00,0.0,0
2023-02-28 20:15:00,0.0,0
2023-02-28 20:30:00,0.0,0
2023-02-28 20:45:00,0.0,0
2023-02-28 21:00:00,0.0,0
2023-02-28 21:15:00,0.0,0
2023-02-28 21:30:00,0.0,0
2023-02-28 21:45:00,0.0,0
2023-02-28 22:00:00,0.0,0
2023-02-28 22:15:00,0.0,0
2023-02-28 22:30:00,0.0,0
2023-02-28 22:45:00,0.0,0
2023-02-28 23:00:00,0.0,0
2023-02-28 23:15:00,0.0,0
2023-02-28 23:30:00,0.0,0
2023-02-28 23:45:00,0.0,0
2023-02-28 00:00:00,0.0,0
2023-02-28 00:15:00,0.0,0
2023-02-28 00:30:00,0.0,0
2023-02-28 00:45:00,0.0,0
2023-02-28 01:00:00,0.0,0
2023-02-28 01:15:00,0.0,0
2023-02-28 01:30:00,0.0,0
2023-02-28 01:45:00,0.0,0
2023-02-28 02:00:00,0.0,0
2023-02-28 02:15:00,0.0,0
2023-02-28 02:30:00,0.0,0
2023-02-28 02:45:00,0.0,0
2023-02-28 03:00:00,0.0,0
2023-02-28 03:15:00,0.0,0
2023-02-28 03:30:00,0.0,0
2023-02-28 03:45:00,0.0,0
2023-02-28 04:00:00,0.0,0
2023-02-28 04:15:00,0.0,0
2023-02-28 04:30:00,0.0,0
2023-02-28 04:45:00,0.0,0
2023-02-28 05:00:00,0.0,0
2023-02-28 05:15:00,0.0,0
2023-02-28 05:30:00,0.0,0
2023-02-28 05:45:00,0.0,0
2023-02-28 06:00:00,0.0,0
2023-02-28 06:15:00,85.94757843017578,1
2023-02-28 06:30:00,93.7243423461914,1
2023-02-28 06:45:00,110.21070861816406,1
2023-02-28 07:00:00,121.11318969726562,1
2023-02-28 07:15:00,123.56436920166016,1
2023-02-28 07:30:00,128.9927215576172,1
2023-02-28 07:45:00,143.22198486328125,1
2023-02-28 08:00:00,146.15985107421875,1
2023-02-28 08:15:00,153.5368194580078,1
2023-02-28 08:30:00,160.4421844482422,1
2023-02-28 08:45:00,162.96034240722656,1
2023-02-28 09:00:00,168.4962158203125,1
2023-02-28 09:15:00,155.8247528076172,1
2023-02-28 09:30:00,143.99501037597656,1
2023-02-28 09:45:00,171.7694549560547,1
2023-02-28 10:00:00,168.99029541015625,1
2023-02-28 10:15:00,170.76783752441406,1
2023-02-28 10:30:00,171.3673553466797,1
2023-02-28 10:45:00,176.14761352539062,1
2023-02-28 11:00:00,177.43325805664062,1
2023-02-28 11:15:00,168.30650329589844,1
2023-02-28 11:30:00,147.3545379638672,1
2023-02-28 11:45:00,165.3697967529297,1
2023-02-28 12:00:00,157.50885009765625,1
2023-02-28 12:15:00,149.1365509033203,1
2023-02-28 12:30:00,149.28585815429688,1
2023-02-28 12:45:00,140.33241271972656,1
2023-02-28 13:00:00,132.59829711914062,1
2023-02-28 13:15:00,124.78948211669922,1
2023-02-28 13:30:00,113.66018676757812,1
2023-02-28 13:45:00,129.64906311035156,1
2023-02-28 14:00:00,107.03205871582033,1
2023-02-28 14:15:00,86.96575164794922,1
2023-02-28 14:30:00,77.48294830322266,1
2023-02-28 14:45:00,0.0,0
2023-02-28 15:00:00,0.0,0
2023-02-28 15:15:00,0.0,0
2023-02-28 15:30:00,0.0,0
2023-02-28 15:45:00,0.0,0
2023-02-28 16:00:00,0.0,0
2023-02-28 16:15:00,0.0,0
2023-02-28 16:30:00,0.0,0
2023-02-28 16:45:00,0.0,0
2023-02-28 17:00:00,0.0,0
2023-02-28 17:15:00,0.0,0
2023-02-28 17:30:00,0.0,0
2023-02-28 17:45:00,0.0,0
2023-02-28 18:00:00,0.0,0
2023-02-28 18:15:00,0.0,0
2023-02-28 18:30:00,0.0,0
2023-02-28 18:45:00,0.0,0
2023-02-28 19:00:00,0.0,0
2023-02-28 19:15:00,0.0,0
2023-02-28 19:30:00,0.0,0
2023-02-28 19:45:00,0.0,0
2023-02-28 20:00:00,0.0,0
2023-02-28 20:15:00,0.0,0
2023-02-28 20:30:00,0.0,0
2023-02-28 20:45:00,0.0,0
2023-02-28 21:00:00,0.0,0
2023-02-28 21:15:00,0.0,0
2023-02-28 21:30:00,0.0,0
2023-02-28 21:45:00,0.0,0
2023-02-28 22:00:00,0.0,0
2023-02-28 22:15:00,0.0,0
2023-02-28 22:30:00,0.0,0
2023-02-28 22:45:00,0.0,0
2023-02-28 23:00:00,0.0,0
2023-02-28 23:15:00,0.0,0
2023-02-28 23:30:00,0.0,0
2023-02-28 23:45:00,0.0,0
2023-02-28 00:00:00,0.0,0
2023-02-28 00:15:00,0.0,0
2023-02-28 00:30:00,0.0,0
2023-02-28 00:45:00,0.0,0
2023-02-28 01:00:00,0.0,0
2023-02-28 01:15:00,0.0,0
2023-02-28 01:30:00,0.0,0
2023-02-28 01:45:00,0.0,0
2023-02-28 02:00:00,0.0,0
2023-02-28 02:15:00,0.0,0
2023-02-28 02:30:00,0.0,0
2023-02-28 02:45:00,0.0,0
2023-02-28 03:00:00,0.0,0
2023-02-28 03:15:00,0.0,0
2023-02-28 03:30:00,0.0,0
2023-02-28 03:45:00,0.0,0
2023-02-28 04:00:00,0.0,0
2023-02-28 04:15:00,0.0,0
2023-02-28 04:30:00,0.0,0
2023-02-28 04:45:00,0.0,0
2023-02-28 05:00:00,0.0,0
2023-02-28 05:15:00,0.0,0
2023-02-28 05:30:00,0.0,0
2023-02-28 05:45:00,0.0,0
2023-02-28 06:00:00,0.0,0
2023-02-28 06:15:00,86.56809997558594,1
2023-02-28 06:30:00,90.3261489868164,1
2023-02-28 06:45:00,106.81045532226562,1
2023-02-28 07:00:00,121.12543487548828,1
2023-02-28 07:15:00,135.27236938476562,1
2023-02-28 07:30:00,128.9927215576172,1
2023-02-28 07:45:00,143.72874450683594,1
2023-02-28 08:00:00,146.15985107421875,1
2023-02-28 08:15:00,157.58822631835938,1
2023-02-28 08:30:00,158.25027465820312,1
2023-02-28 08:45:00,162.96034240722656,1
2023-02-28 09:00:00,165.46585083007812,1
2023-02-28 09:15:00,153.90699768066406,1
2023-02-28 09:30:00,143.99501037597656,1
2023-02-28 09:45:00,173.35617065429688,1
2023-02-28 10:00:00,168.99029541015625,1
2023-02-28 10:15:00,170.76783752441406,1
2023-02-28 10:30:00,171.3673553466797,1
2023-02-28 10:45:00,183.79421997070312,1
2023-02-28 11:00:00,177.43325805664062,1
2023-02-28 11:15:00,166.4936981201172,1
2023-02-28 11:30:00,146.84848022460938,1
2023-02-28 11:45:00,165.3697967529297,1
2023-02-28 12:00:00,146.81607055664062,1
2023-02-28 12:15:00,149.1365509033203,1
2023-02-28 12:30:00,154.4679718017578,1
2023-02-28 12:45:00,131.1103057861328,1
2023-02-28 13:00:00,132.0955352783203,1
2023-02-28 13:15:00,133.44224548339844,1
2023-02-28 13:30:00,112.77406311035156,1
2023-02-28 13:45:00,110.04019165039062,1
2023-02-28 14:00:00,102.33672332763672,1
2023-02-28 14:15:00,77.98603057861328,1
2023-02-28 14:30:00,76.2193603515625,1
2023-02-28 14:45:00,0.0,0
2023-02-28 15:00:00,0.0,0
2023-02-28 15:15:00,0.0,0
2023-02-28 15:30:00,0.0,0
2023-02-28 15:45:00,0.0,0
2023-02-28 16:00:00,0.0,0
2023-02-28 16:15:00,0.0,0
2023-02-28 16:30:00,0.0,0
2023-02-28 16:45:00,0.0,0
2023-02-28 17:00:00,0.0,0
2023-02-28 17:15:00,0.0,0
2023-02-28 17:30:00,0.0,0
2023-02-28 17:45:00,0.0,0
2023-02-28 18:00:00,0.0,0
2023-02-28 18:15:00,0.0,0
2023-02-28 18:30:00,0.0,0
2023-02-28 18:45:00,0.0,0
2023-02-28 19:00:00,0.0,0
2023-02-28 19:15:00,0.0,0
2023-02-28 19:30:00,0.0,0
2023-02-28 19:45:00,0.0,0
2023-02-28 20:00:00,0.0,0
2023-02-28 20:15:00,0.0,0
2023-02-28 20:30:00,0.0,0
2023-02-28 20:45:00,0.0,0
2023-02-28 21:00:00,0.0,0
2023-02-28 21:15:00,0.0,0
2023-02-28 21:30:00,0.0,0
2023-02-28 21:45:00,0.0,0
2023-02-28 22:00:00,0.0,0
2023-02-28 22:15:00,0.0,0
2023-02-28 22:30:00,0.0,0
2023-02-28 22:45:00,0.0,0
2023-02-28 23:00:00,0.0,0
2023-02-28 23:15:00,0.0,0
2023-02-28 23:30:00,0.0,0
2023-02-28 23:45:00,0.0,0
2023-03-01 00:00:00,0.0,0
2023-03-01 00:15:00,0.0,0
2023-03-01 00:30:00,0.0,0
2023-03-01 00:45:00,0.0,0
2023-03-01 01:00:00,0.0,0
2023-03-01 01:15:00,0.0,0
2023-03-01 01:30:00,0.0,0
2023-03-01 01:45:00,0.0,0
2023-03-01 02:00:00,0.0,0
2023-03-01 02:15:00,0.0,0
2023-03-01 02:30:00,0.0,0
2023-03-01 02:45:00,0.0,0
2023-03-01 03:00:00,0.0,0
2023-03-01 03:15:00,0.0,0
2023-03-01 03:30:00,0.0,0
2023-03-01 03:45:00,0.0,0
2023-03-01 04:00:00,0.0,0
2023-03-01 04:15:00,0.0,0
2023-03-01 04:30:00,0.0,0
2023-03-01 04:45:00,0.0,0
2023-03-01 05:00:00,0.0,0
2023-03-01 05:15:00,0.0,0
2023-03-01 05:30:00,0.0,0
2023-03-01 05:45:00,0.0,0
2023-03-01 06:00:00,0.0,0
2023-03-01 06:15:00,0.0,0
2023-03-01 06:30:00,85.95968627929688,1
2023-03-01 06:45:00,87.44606018066406,1
2023-03-01 07:00:00,95.9703140258789,1
2023-03-01 07:15:00,126.39380645751952,1
2023-03-01 07:30:00,130.3856201171875,1
2023-03-01 07:45:00,144.95333862304688,1
2023-03-01 08:00:00,128.21209716796875,1
2023-03-01 08:15:00,146.3018035888672,1
2023-03-01 08:30:00,151.39186096191406,1
2023-03-01 08:45:00,153.67897033691406,1
2023-03-01 09:00:00,170.4945068359375,1
2023-03-01 09:15:00,148.56594848632812,1
2023-03-01 09:30:00,163.28916931152344,1
2023-03-01 09:45:00,160.6831512451172,1
2023-03-01 10:00:00,156.44378662109375,1
2023-03-01 10:15:00,160.04344177246094,1
2023-03-01 10:30:00,165.54991149902344,1
2023-03-01 10:45:00,158.8033905029297,1
2023-03-01 11:00:00,159.17807006835938,1
2023-03-01 11:15:00,146.6430206298828,1
2023-03-01 11:30:00,143.18446350097656,1
2023-03-01 11:45:00,149.01002502441406,1
2023-03-01 12:00:00,140.04440307617188,1
2023-03-01 12:15:00,138.57833862304688,1
2023-03-01 12:30:00,132.91236877441406,1
2023-03-01 12:45:00,125.4551773071289,1
2023-03-01 13:00:00,113.4283218383789,1
2023-03-01 13:15:00,110.47742462158205,1
2023-03-01 13:30:00,96.73904418945312,1
2023-03-01 13:45:00,79.08707427978516,1
2023-03-01 14:00:00,79.55320739746094,1
2023-03-01 14:15:00,0.0,0
2023-03-01 14:30:00,0.0,0
2023-03-01 14:45:00,0.0,0
2023-03-01 15:00:00,0.0,0
2023-03-01 15:15:00,0.0,0
2023-03-01 15:30:00,0.0,0
2023-03-01 15:45:00,0.0,0
2023-03-01 16:00:00,0.0,0
2023-03-01 16:15:00,0.0,0
2023-03-01 16:30:00,0.0,0
2023-03-01 16:45:00,0.0,0
2023-03-01 17:00:00,0.0,0
2023-03-01 17:15:00,0.0,0
2023-03-01 17:30:00,0.0,0
2023-03-01 17:45:00,0.0,0
2023-03-01 18:00:00,0.0,0
2023-03-01 18:15:00,0.0,0
2023-03-01 18:30:00,0.0,0
2023-03-01 18:45:00,0.0,0
2023-03-01 19:00:00,0.0,0
2023-03-01 19:15:00,0.0,0
2023-03-01 19:30:00,0.0,0
2023-03-01 19:45:00,0.0,0
2023-03-01 20:00:00,0.0,0
2023-03-01 20:15:00,0.0,0
2023-03-01 20:30:00,0.0,0
2023-03-01 20:45:00,0.0,0
2023-03-01 21:00:00,0.0,0
2023-03-01 21:15:00,0.0,0
2023-03-01 21:30:00,0.0,0
2023-03-01 21:45:00,0.0,0
2023-03-01 22:00:00,0.0,0
2023-03-01 22:15:00,0.0,0
2023-03-01 22:30:00,0.0,0
2023-03-01 22:45:00,0.0,0
2023-03-01 23:00:00,0.0,0
2023-03-01 23:15:00,0.0,0
2023-03-01 23:30:00,0.0,0
2023-03-01 23:45:00,0.0,0
2023-03-02 00:00:00,0.0,0
2023-03-02 00:15:00,0.0,0
2023-03-02 00:30:00,0.0,0
2023-03-02 00:45:00,0.0,0
2023-03-02 01:00:00,0.0,0
2023-03-02 01:15:00,0.0,0
2023-03-02 01:30:00,0.0,0
2023-03-02 01:45:00,0.0,0
2023-03-02 02:00:00,0.0,0
2023-03-02 02:15:00,0.0,0
2023-03-02 02:30:00,0.0,0
2023-03-02 02:45:00,0.0,0
2023-03-02 03:00:00,0.0,0
2023-03-02 03:15:00,0.0,0
2023-03-02 03:30:00,0.0,0
2023-03-02 03:45:00,0.0,0
2023-03-02 04:00:00,0.0,0
2023-03-02 04:15:00,0.0,0
2023-03-02 04:30:00,0.0,0
2023-03-02 04:45:00,0.0,0
2023-03-02 05:00:00,0.0,0
2023-03-02 05:15:00,0.0,0
2023-03-02 05:30:00,0.0,0
2023-03-02 05:45:00,0.0,0
2023-03-02 06:00:00,0.0,0
2023-03-02 06:15:00,0.0,0
2023-03-02 06:30:00,86.89251708984375,1
2023-03-02 06:45:00,104.7703857421875,1
2023-03-02 07:00:00,112.31414794921876,1
2023-03-02 07:15:00,120.38182830810548,1
2023-03-02 07:30:00,124.76622009277344,1
2023-03-02 07:45:00,133.8363037109375,1
2023-03-02 08:00:00,140.7479248046875,1
2023-03-02 08:15:00,144.87205505371094,1
2023-03-02 08:30:00,152.5675811767578,1
2023-03-02 08:45:00,149.515380859375,1
2023-03-02 09:00:00,157.39222717285156,1
2023-03-02 09:15:00,145.8003387451172,1
2023-03-02 09:30:00,148.57835388183594,1
2023-03-02 09:45:00,150.8716278076172,1
2023-03-02 10:00:00,152.99717712402344,1
2023-03-02 10:15:00,163.7571258544922,1
2023-03-02 10:30:00,165.11428833007812,1
2023-03-02 10:45:00,165.75184631347656,1
2023-03-02 11:00:00,155.94442749023438,1
2023-03-02 11:15:00,148.013427734375,1
2023-03-02 11:30:00,153.2599334716797,1
2023-03-02 11:45:00,137.30926513671875,1
2023-03-02 12:00:00,141.940673828125,1
2023-03-02 12:15:00,142.64810180664062,1
2023-03-02 12:30:00,138.31529235839844,1
2023-03-02 12:45:00,132.2359619140625,1
2023-03-02 13:00:00,132.8723907470703,1
2023-03-02 13:15:00,125.3924560546875,1
2023-03-02 13:30:00,117.33847045898438,1
2023-03-02 13:45:00,104.52875518798828,1
2023-03-02 14:00:00,104.35504150390624,1
2023-03-02 14:15:00,84.33352661132812,1
2023-03-02 14:30:00,76.2193603515625,1
2023-03-02 14:45:00,0.0,0
2023-03-02 15:00:00,0.0,0
2023-03-02 15:15:00,0.0,0
2023-03-02 15:30:00,0.0,0
2023-03-02 15:45:00,0.0,0
2023-03-02 16:00:00,0.0,0
2023-03-02 16:15:00,0.0,0
2023-03-02 16:30:00,0.0,0
2023-03-02 16:45:00,0.0,0
2023-03-02 17:00:00,0.0,0
2023-03-02 17:15:00,0.0,0
2023-03-02 17:30:00,0.0,0
2023-03-02 17:45:00,0.0,0
2023-03-02 18:00:00,0.0,0
2023-03-02 18:15:00,0.0,0
2023-03-02 18:30:00,0.0,0
2023-03-02 18:45:00,0.0,0
2023-03-02 19:00:00,0.0,0
2023-03-02 19:15:00,0.0,0
2023-03-02 19:30:00,0.0,0
2023-03-02 19:45:00,0.0,0
2023-03-02 20:00:00,0.0,0
2023-03-02 20:15:00,0.0,0
2023-03-02 20:30:00,0.0,0
2023-03-02 20:45:00,0.0,0
2023-03-02 21:00:00,0.0,0
2023-03-02 21:15:00,0.0,0
2023-03-02 21:30:00,0.0,0
2023-03-02 21:45:00,0.0,0
2023-03-02 22:00:00,0.0,0
2023-03-02 22:15:00,0.0,0
2023-03-02 22:30:00,0.0,0
2023-03-02 22:45:00,0.0,0
2023-03-02 23:00:00,0.0,0
2023-03-02 23:15:00,0.0,0
2023-03-02 23:30:00,0.0,0
2023-03-02 23:45:00,0.0,0
2023-03-03 00:00:00,0.0,0
2023-03-03 00:15:00,0.0,0
2023-03-03 00:30:00,0.0,0
2023-03-03 00:45:00,0.0,0
2023-03-03 01:00:00,0.0,0
2023-03-03 01:15:00,0.0,0
2023-03-03 01:30:00,0.0,0
2023-03-03 01:45:00,0.0,0
2023-03-03 02:00:00,0.0,0
2023-03-03 02:15:00,0.0,0
2023-03-03 02:30:00,0.0,0
2023-03-03 02:45:00,0.0,0
2023-03-03 03:00:00,0.0,0
2023-03-03 03:15:00,0.0,0
2023-03-03 03:30:00,0.0,0
2023-03-03 03:45:00,0.0,0
2023-03-03 04:00:00,0.0,0
2023-03-03 04:15:00,0.0,0
2023-03-03 04:30:00,0.0,0
2023-03-03 04:45:00,0.0,0
2023-03-03 05:00:00,0.0,0
2023-03-03 05:15:00,0.0,0
2023-03-03 05:30:00,0.0,0
2023-03-03 05:45:00,0.0,0
2023-03-03 06:00:00,0.0,0
2023-03-03 06:15:00,83.60616302490234,1
2023-03-03 06:30:00,89.25665283203125,1
2023-03-03 06:45:00,106.81045532226562,1
2023-03-03 07:00:00,116.63998413085938,1
2023-03-03 07:15:00,126.13504028320312,1
2023-03-03 07:30:00,130.4575653076172,1
2023-03-03 07:45:00,144.5462188720703,1
2023-03-03 08:00:00,125.37152099609376,1
2023-03-03 08:15:00,149.86314392089844,1
2023-03-03 08:30:00,158.22657775878906,1
2023-03-03 08:45:00,163.23251342773438,1
2023-03-03 09:00:00,162.16868591308594,1
2023-03-03 09:15:00,162.01409912109375,1
2023-03-03 09:30:00,178.7490234375,1
2023-03-03 09:45:00,173.37864685058594,1
2023-03-03 10:00:00,169.43112182617188,1
2023-03-03 10:15:00,166.0178985595703,1
2023-03-03 10:30:00,171.3673553466797,1
2023-03-03 10:45:00,185.39596557617188,1
2023-03-03 11:00:00,171.05650329589844,1
2023-03-03 11:15:00,164.70474243164062,1
2023-03-03 11:30:00,170.121826171875,1
2023-03-03 11:45:00,165.56683349609375,1
2023-03-03 12:00:00,148.10939025878906,1
2023-03-03 12:15:00,156.0902862548828,1
2023-03-03 12:30:00,145.8915557861328,1
2023-03-03 12:45:00,138.0239715576172,1
2023-03-03 13:00:00,128.36819458007812,1
2023-03-03 13:15:00,141.20750427246094,1
2023-03-03 13:30:00,116.07514190673828,1
2023-03-03 13:45:00,105.00039672851562,1
2023-03-03 14:00:00,104.10310363769533,1
2023-03-03 14:15:00,92.5555419921875,1
2023-03-03 14:30:00,76.89469146728516,1
2023-03-03 14:45:00,0.0,0
2023-03-03 15:00:00,0.0,0
2023-03-03 15:15:00,0.0,0
2023-03-03 15:30:00,0.0,0
2023-03-03 15:45:00,0.0,0
2023-03-03 16:00:00,0.0,0
2023-03-03 16:15:00,0.0,0
2023-03-03 16:30:00,0.0,0
2023-03-03 16:45:00,0.0,0
2023-03-03 17:00:00,0.0,0
2023-03-03 17:15:00,0.0,0
2023-03-03 17:30:00,0.0,0
2023-03-03 17:45:00,0.0,0
2023-03-03 18:00:00,0.0,0
2023-03-03 18:15:00,0.0,0
2023-03-03 18:30:00,0.0,0
2023-03-03 18:45:00,0.0,0
2023-03-03 19:00:00,0.0,0
2023-03-03 19:15:00,0.0,0
2023-03-03 19:30:00,0.0,0
2023-03-03 19:45:00,0.0,0
2023-03-03 20:00:00,0.0,0
2023-03-03 20:15:00,0.0,0
2023-03-03 20:30:00,0.0,0
2023-03-03 20:45:00,0.0,0
2023-03-03 21:00:00,0.0,0
2023-03-03 21:15:00,0.0,0
2023-03-03 21:30:00,0.0,0
2023-03-03 21:45:00,0.0,0
2023-03-03 22:00:00,0.0,0
2023-03-03 22:15:00,0.0,0
2023-03-03 22:30:00,0.0,0
2023-03-03 22:45:00,0.0,0
2023-03-03 23:00:00,0.0,0
2023-03-03 23:15:00,0.0,0
2023-03-03 23:30:00,0.0,0
2023-03-03 23:45:00,0.0,0
2023-03-04 00:00:00,0.0,0
2023-03-04 00:15:00,0.0,0
2023-03-04 00:30:00,0.0,0
2023-03-04 00:45:00,0.0,0
2023-03-04 01:00:00,0.0,0
2023-03-04 01:15:00,0.0,0
2023-03-04 01:30:00,0.0,0
2023-03-04 01:45:00,0.0,0
2023-03-04 02:00:00,0.0,0
2023-03-04 02:15:00,0.0,0
2023-03-04 02:30:00,0.0,0
2023-03-04 02:45:00,0.0,0
2023-03-04 03:00:00,0.0,0
2023-03-04 03:15:00,0.0,0
2023-03-04 03:30:00,0.0,0
2023-03-04 03:45:00,0.0,0
2023-03-04 04:00:00,0.0,0
2023-03-04 04:15:00,0.0,0
2023-03-04 04:30:00,0.0,0
2023-03-04 04:45:00,0.0,0
2023-03-04 05:00:00,0.0,0
2023-03-04 05:15:00,0.0,0
2023-03-04 05:30:00,0.0,0
2023-03-04 05:45:00,0.0,0
2023-03-04 06:00:00,0.0,0
2023-03-04 06:15:00,82.78282928466797,1
2023-03-04 06:30:00,90.53121948242188,1
2023-03-04 06:45:00,109.0246124267578,1
2023-03-04 07:00:00,121.12543487548828,1
2023-03-04 07:15:00,130.5543975830078,1
2023-03-04 07:30:00,128.9927215576172,1
2023-03-04 07:45:00,143.85208129882812,1
2023-03-04 08:00:00,152.33602905273438,1
2023-03-04 08:15:00,151.8092498779297,1
2023-03-04 08:30:00,149.69921875,1
2023-03-04 08:45:00,164.64120483398438,1
2023-03-04 09:00:00,165.0186309814453,1
2023-03-04 09:15:00,162.83883666992188,1
2023-03-04 09:30:00,143.99501037597656,1
2023-03-04 09:45:00,171.7694549560547,1
2023-03-04 10:00:00,168.99029541015625,1
2023-03-04 10:15:00,170.76783752441406,1
2023-03-04 10:30:00,171.3673553466797,1
2023-03-04 10:45:00,181.1943359375,1
2023-03-04 11:00:00,177.64222717285156,1
2023-03-04 11:15:00,164.6970977783203,1
2023-03-04 11:30:00,146.84848022460938,1
2023-03-04 11:45:00,166.20921325683594,1
2023-03-04 12:00:00,148.6025390625,1
2023-03-04 12:15:00,156.2809600830078,1
2023-03-04 12:30:00,145.8915557861328,1
2023-03-04 12:45:00,138.0239715576172,1
2023-03-04 13:00:00,139.02735900878906,1
2023-03-04 13:15:00,141.20750427246094,1
2023-03-04 13:30:00,116.07514190673828,1
2023-03-04 13:45:00,105.00039672851562,1
2023-03-04 14:00:00,94.3081283569336,1
2023-03-04 14:15:00,98.4398193359375,1
2023-03-04 14:30:00,76.2193603515625,1
2023-03-04 14:45:00,0.0,0
2023-03-04 15:00:00,0.0,0
2023-03-04 15:15:00,0.0,0
2023-03-04 15:30:00,0.0,0
2023-03-04 15:45:00,0.0,0
2023-03-04 16:00:00,0.0,0
2023-03-04 16:15:00,0.0,0
2023-03-04 16:30:00,0.0,0
2023-03-04 16:45:00,0.0,0
2023-03-04 17:00:00,0.0,0
2023-03-04 17:15:00,0.0,0
2023-03-04 17:30:00,0.0,0
2023-03-04 17:45:00,0.0,0
2023-03-04 18:00:00,0.0,0
2023-03-04 18:15:00,0.0,0
2023-03-04 18:30:00,0.0,0
2023-03-04 18:45:00,0.0,0
2023-03-04 19:00:00,0.0,0
2023-03-04 19:15:00,0.0,0
2023-03-04 19:30:00,0.0,0
2023-03-04 19:45:00,0.0,0
2023-03-04 20:00:00,0.0,0
2023-03-04 20:15:00,0.0,0
2023-03-04 20:30:00,0.0,0
2023-03-04 20:45:00,0.0,0
2023-03-04 21:00:00,0.0,0
2023-03-04 21:15:00,0.0,0
2023-03-04 21:30:00,0.0,0
2023-03-04 21:45:00,0.0,0
2023-03-04 22:00:00,0.0,0
2023-03-04 22:15:00,0.0,0
2023-03-04 22:30:00,0.0,0
2023-03-04 22:45:00,0.0,0
2023-03-04 23:00:00,0.0,0
2023-03-04 23:15:00,0.0,0
2023-03-04 23:30:00,0.0,0
2023-03-04 23:45:00,0.0,0
2023-03-05 00:00:00,0.0,0
2023-03-05 00:15:00,0.0,0
2023-03-05 00:30:00,0.0,0
2023-03-05 00:45:00,0.0,0
2023-03-05 01:00:00,0.0,0
2023-03-05 01:15:00,0.0,0
2023-03-05 01:30:00,0.0,0
2023-03-05 01:45:00,0.0,0
2023-03-05 02:00:00,0.0,0
2023-03-05 02:15:00,0.0,0
2023-03-05 02:30:00,0.0,0
2023-03-05 02:45:00,0.0,0
2023-03-05 03:00:00,0.0,0
2023-03-05 03:15:00,0.0,0
2023-03-05 03:30:00,0.0,0
2023-03-05 03:45:00,0.0,0
2023-03-05 04:00:00,0.0,0
2023-03-05 04:15:00,0.0,0
2023-03-05 04:30:00,0.0,0
2023-03-05 04:45:00,0.0,0
2023-03-05 05:00:00,0.0,0
2023-03-05 05:15:00,0.0,0
2023-03-05 05:30:00,0.0,0
2023-03-05 05:45:00,0.0,0
2023-03-05 06:00:00,76.33580017089844,1
2023-03-05 06:15:00,79.82089233398438,1
2023-03-05 06:30:00,90.53121948242188,1
2023-03-05 06:45:00,108.42264556884766,1
2023-03-05 07:00:00,116.63998413085938,1
2023-03-05 07:15:00,139.94229125976562,1
2023-03-05 07:30:00,128.9273223876953,1
2023-03-05 07:45:00,144.86256408691406,1
2023-03-05 08:00:00,152.33602905273438,1
2023-03-05 08:15:00,153.5927276611328,1
2023-03-05 08:30:00,160.4421844482422,1
2023-03-05 08:45:00,162.96034240722656,1
2023-03-05 09:00:00,162.16868591308594,1
2023-03-05 09:15:00,162.83883666992188,1
2023-03-05 09:30:00,173.1202392578125,1
2023-03-05 09:45:00,173.35617065429688,1
2023-03-05 10:00:00,170.6103515625,1
2023-03-05 10:15:00,170.76783752441406,1
2023-03-05 10:30:00,171.3673553466797,1
2023-03-05 10:45:00,181.8932037353516,1
2023-03-05 11:00:00,157.7602996826172,1
2023-03-05 11:15:00,164.6970977783203,1
2023-03-05 11:30:00,170.121826171875,1
2023-03-05 11:45:00,169.90292358398438,1
2023-03-05 12:00:00,147.1380157470703,1
2023-03-05 12:15:00,156.0902862548828,1
2023-03-05 12:30:00,146.70343017578125,1
2023-03-05 12:45:00,137.58262634277344,1
2023-03-05 13:00:00,137.31509399414062,1
2023-03-05 13:15:00,142.03919982910156,1
2023-03-05 13:30:00,112.1241455078125,1
2023-03-05 13:45:00,110.0070343017578,1
2023-03-05 14:00:00,94.84162139892578,1
2023-03-05 14:15:00,98.31693267822266,1
2023-03-05 14:30:00,0.0,0
2023-03-05 14:45:00,0.0,0
2023-03-05 15:00:00,0.0,0
2023-03-05 15:15:00,0.0,0
2023-03-05 15:30:00,0.0,0
2023-03-05 15:45:00,0.0,0
2023-03-05 16:00:00,0.0,0
2023-03-05 16:15:00,0.0,0
2023-03-05 16:30:00,0.0,0
2023-03-05 16:45:00,0.0,0
2023-03-05 17:00:00,0.0,0
2023-03-05 17:15:00,0.0,0
2023-03-05 17:30:00,0.0,0
2023-03-05 17:45:00,0.0,0
2023-03-05 18:00:00,0.0,0
2023-03-05 18:15:00,0.0,0
2023-03-05 18:30:00,0.0,0
2023-03-05 18:45:00,0.0,0
2023-03-05 19:00:00,0.0,0
2023-03-05 19:15:00,0.0,0
2023-03-05 19:30:00,0.0,0
2023-03-05 19:45:00,0.0,0
2023-03-05 20:00:00,0.0,0
2023-03-05 20:15:00,0.0,0
2023-03-05 20:30:00,0.0,0
2023-03-05 20:45:00,0.0,0
2023-03-05 21:00:00,0.0,0
2023-03-05 21:15:00,0.0,0
2023-03-05 21:30:00,0.0,0
2023-03-05 21:45:00,0.0,0
2023-03-05 22:00:00,0.0,0
2023-03-05 22:15:00,0.0,0
2023-03-05 22:30:00,0.0,0
2023-03-05 22:45:00,0.0,0
2023-03-05 23:00:00,0.0,0
2023-03-05 23:15:00,0.0,0
2023-03-05 23:30:00,0.0,0
2023-03-05 23:45:00,0.0,0
2023-03-06 00:00:00,0.0,0
2023-03-06 00:15:00,0.0,0
2023-03-06 00:30:00,0.0,0
2023-03-06 00:45:00,0.0,0
2023-03-06 01:00:00,0.0,0
2023-03-06 01:15:00,0.0,0
2023-03-06 01:30:00,0.0,0
2023-03-06 01:45:00,0.0,0
2023-03-06 02:00:00,0.0,0
2023-03-06 02:15:00,0.0,0
2023-03-06 02:30:00,0.0,0
2023-03-06 02:45:00,0.0,0
2023-03-06 03:00:00,0.0,0
2023-03-06 03:15:00,0.0,0
2023-03-06 03:30:00,0.0,0
2023-03-06 03:45:00,0.0,0
2023-03-06 04:00:00,0.0,0
2023-03-06 04:15:00,0.0,0
2023-03-06 04:30:00,0.0,0
2023-03-06 04:45:00,0.0,0
2023-03-06 05:00:00,0.0,0
2023-03-06 05:15:00,0.0,0
2023-03-06 05:30:00,0.0,0
2023-03-06 05:45:00,0.0,0
2023-03-06 06:00:00,79.10269927978516,1
2023-03-06 06:15:00,91.45022583007812,1
2023-03-06 06:30:00,101.56674194335938,1
2023-03-06 06:45:00,109.87986755371094,1
2023-03-06 07:00:00,130.5598602294922,1
2023-03-06 07:15:00,132.86593627929688,1
2023-03-06 07:30:00,133.2781219482422,1
2023-03-06 07:45:00,146.88406372070312,1
2023-03-06 08:00:00,155.31329345703125,1
2023-03-06 08:15:00,153.05284118652344,1
2023-03-06 08:30:00,163.69630432128906,1
2023-03-06 08:45:00,169.15733337402344,1
2023-03-06 09:00:00,168.33860778808594,1
2023-03-06 09:15:00,169.9416961669922,1
2023-03-06 09:30:00,169.73110961914062,1
2023-03-06 09:45:00,173.41595458984375,1
2023-03-06 10:00:00,176.4901123046875,1
2023-03-06 10:15:00,177.08840942382812,1
2023-03-06 10:30:00,178.8874969482422,1
2023-03-06 10:45:00,182.0645904541016,1
2023-03-06 11:00:00,195.9496612548828,1
2023-03-06 11:15:00,174.21554565429688,1
2023-03-06 11:30:00,177.30706787109375,1
2023-03-06 11:45:00,166.50599670410156,1
2023-03-06 12:00:00,143.10696411132812,1
2023-03-06 12:15:00,162.07666015625,1
2023-03-06 12:30:00,146.1766357421875,1
2023-03-06 12:45:00,140.2987518310547,1
2023-03-06 13:00:00,139.01145935058594,1
2023-03-06 13:15:00,141.20750427246094,1
2023-03-06 13:30:00,106.7748031616211,1
2023-03-06 13:45:00,109.94155883789062,1
2023-03-06 14:00:00,94.29589080810548,1
2023-03-06 14:15:00,98.10670471191406,1
2023-03-06 14:30:00,75.71549987792969,1
2023-03-06 14:45:00,0.0,0
2023-03-06 15:00:00,0.0,0
2023-03-06 15:15:00,0.0,0
2023-03-06 15:30:00,0.0,0
2023-03-06 15:45:00,0.0,0
2023-03-06 16:00:00,0.0,0
2023-03-06 16:15:00,0.0,0
2023-03-06 16:30:00,0.0,0
2023-03-06 16:45:00,0.0,0
2023-03-06 17:00:00,0.0,0
2023-03-06 17:15:00,0.0,0
2023-03-06 17:30:00,0.0,0
2023-03-06 17:45:00,0.0,0
2023-03-06 18:00:00,0.0,0
2023-03-06 18:15:00,0.0,0
2023-03-06 18:30:00,0.0,0
2023-03-06 18:45:00,0.0,0
2023-03-06 19:00:00,0.0,0
2023-03-06 19:15:00,0.0,0
2023-03-06 19:30:00,0.0,0
2023-03-06 19:45:00,0.0,0
2023-03-06 20:00:00,0.0,0
2023-03-06 20:15:00,0.0,0
2023-03-06 20:30:00,0.0,0
2023-03-06 20:45:00,0.0,0
2023-03-06 21:00:00,0.0,0
2023-03-06 21:15:00,0.0,0
2023-03-06 21:30:00,0.0,0
2023-03-06 21:45:00,0.0,0
2023-03-06 22:00:00,0.0,0
2023-03-06 22:15:00,0.0,0
2023-03-06 22:30:00,0.0,0
2023-03-06 22:45:00,0.0,0
2023-03-06 23:00:00,0.0,0
2023-03-06 23:15:00,0.0,0
2023-03-06 23:30:00,0.0,0
2023-03-06 23:45:00,0.0,0
2023-03-07 00:00:00,0.0,0
2023-03-07 00:15:00,0.0,0
2023-03-07 00:30:00,0.0,0
2023-03-07 00:45:00,0.0,0
2023-03-07 01:00:00,0.0,0
2023-03-07 01:15:00,0.0,0
2023-03-07 01:30:00,0.0,0
2023-03-07 01:45:00,0.0,0
2023-03-07 02:00:00,0.0,0
2023-03-07 02:15:00,0.0,0
2023-03-07 02:30:00,0.0,0
2023-03-07 02:45:00,0.0,0
2023-03-07 03:00:00,0.0,0
2023-03-07 03:15:00,0.0,0
2023-03-07 03:30:00,0.0,0
2023-03-07 03:45:00,0.0,0
2023-03-07 04:00:00,0.0,0
2023-03-07 04:15:00,0.0,0
2023-03-07 04:30:00,0.0,0
2023-03-07 04:45:00,0.0,0
2023-03-07 05:00:00,0.0,0
2023-03-07 05:15:00,0.0,0
2023-03-07 05:30:00,0.0,0
2023-03-07 05:45:00,0.0,0
2023-03-07 06:00:00,78.54057312011719,1
2023-03-07 06:15:00,87.603271484375,1
2023-03-07 06:30:00,102.53555297851562,1
2023-03-07 06:45:00,108.8735580444336,1
2023-03-07 07:00:00,125.58688354492188,1
2023-03-07 07:15:00,133.2159423828125,1
2023-03-07 07:30:00,133.13938903808594,1
2023-03-07 07:45:00,146.78067016601562,1
2023-03-07 08:00:00,155.8233642578125,1
2023-03-07 08:15:00,157.1445770263672,1
2023-03-07 08:30:00,162.4930877685547,1
2023-03-07 08:45:00,169.99053955078125,1
2023-03-07 09:00:00,169.42770385742188,1
2023-03-07 09:15:00,166.04473876953125,1
2023-03-07 09:30:00,169.3621368408203,1
2023-03-07 09:45:00,179.97793579101562,1
2023-03-07 10:00:00,172.7115936279297,1
2023-03-07 10:15:00,173.30990600585938,1
2023-03-07 10:30:00,181.15994262695312,1
2023-03-07 10:45:00,182.2267608642578,1
2023-03-07 11:00:00,192.45562744140625,1
2023-03-07 11:15:00,172.85684204101562,1
2023-03-07 11:30:00,177.30706787109375,1
2023-03-07 11:45:00,168.23519897460938,1
2023-03-07 12:00:00,155.4277801513672,1
2023-03-07 12:15:00,166.0469970703125,1
2023-03-07 12:30:00,146.02679443359375,1
2023-03-07 12:45:00,138.0239715576172,1
2023-03-07 13:00:00,138.1957550048828,1
2023-03-07 13:15:00,142.03919982910156,1
2023-03-07 13:30:00,112.1241455078125,1
2023-03-07 13:45:00,113.43008422851562,1
2023-03-07 14:00:00,94.84162139892578,1
2023-03-07 14:15:00,99.35148620605467,1
2023-03-07 14:30:00,0.0,0
2023-03-07 14:45:00,0.0,0
2023-03-07 15:00:00,0.0,0
2023-03-07 15:15:00,0.0,0
2023-03-07 15:30:00,0.0,0
2023-03-07 15:45:00,0.0,0
2023-03-07 16:00:00,0.0,0
2023-03-07 16:15:00,0.0,0
2023-03-07 16:30:00,0.0,0
2023-03-07 16:45:00,0.0,0
2023-03-07 17:00:00,0.0,0
2023-03-07 17:15:00,0.0,0
2023-03-07 17:30:00,0.0,0
2023-03-07 17:45:00,0.0,0
2023-03-07 18:00:00,0.0,0
2023-03-07 18:15:00,0.0,0
2023-03-07 18:30:00,0.0,0
2023-03-07 18:45:00,0.0,0
2023-03-07 19:00:00,0.0,0
2023-03-07 19:15:00,0.0,0
2023-03-07 19:30:00,0.0,0
2023-03-07 19:45:00,0.0,0
2023-03-07 20:00:00,0.0,0
2023-03-07 20:15:00,0.0,0
2023-03-07 20:30:00,0.0,0
2023-03-07 20:45:00,0.0,0
2023-03-07 21:00:00,0.0,0
2023-03-07 21:15:00,0.0,0
2023-03-07 21:30:00,0.0,0
2023-03-07 21:45:00,0.0,0
2023-03-07 22:00:00,0.0,0
2023-03-07 22:15:00,0.0,0
2023-03-07 22:30:00,0.0,0
2023-03-07 22:45:00,0.0,0
2023-03-07 23:00:00,0.0,0
2023-03-07 23:15:00,0.0,0
2023-03-07 23:30:00,0.0,0
2023-03-07 23:45:00,0.0,0
2023-03-08 00:00:00,0.0,0
2023-03-08 00:15:00,0.0,0
2023-03-08 00:30:00,0.0,0
2023-03-08 00:45:00,0.0,0
2023-03-08 01:00:00,0.0,0
2023-03-08 01:15:00,0.0,0
2023-03-08 01:30:00,0.0,0
2023-03-08 01:45:00,0.0,0
2023-03-08 02:00:00,0.0,0
2023-03-08 02:15:00,0.0,0
2023-03-08 02:30:00,0.0,0
2023-03-08 02:45:00,0.0,0
2023-03-08 03:00:00,0.0,0
2023-03-08 03:15:00,0.0,0
2023-03-08 03:30:00,0.0,0
2023-03-08 03:45:00,0.0,0
2023-03-08 04:00:00,0.0,0
2023-03-08 04:15:00,0.0,0
2023-03-08 04:30:00,0.0,0
2023-03-08 04:45:00,0.0,0
2023-03-08 05:00:00,0.0,0
2023-03-08 05:15:00,0.0,0
2023-03-08 05:30:00,0.0,0
2023-03-08 05:45:00,0.0,0
2023-03-08 06:00:00,75.45321655273438,1
2023-03-08 06:15:00,84.5687255859375,1
2023-03-08 06:30:00,101.4652328491211,1
2023-03-08 06:45:00,109.60873413085938,1
2023-03-08 07:00:00,121.11318969726562,1
2023-03-08 07:15:00,131.35269165039062,1
2023-03-08 07:30:00,130.85520935058594,1
2023-03-08 07:45:00,143.3261260986328,1
2023-03-08 08:00:00,150.69329833984375,1
2023-03-08 08:15:00,152.21192932128906,1
2023-03-08 08:30:00,170.586181640625,1
2023-03-08 08:45:00,165.35658264160156,1
2023-03-08 09:00:00,164.8548583984375,1
2023-03-08 09:15:00,173.03782653808594,1
2023-03-08 09:30:00,157.8081817626953,1
2023-03-08 09:45:00,175.17601013183594,1
2023-03-08 10:00:00,172.3759002685547,1
2023-03-08 10:15:00,172.9741973876953,1
2023-03-08 10:30:00,175.49290466308594,1
2023-03-08 10:45:00,182.0645904541016,1
2023-03-08 11:00:00,193.7794189453125,1
2023-03-08 11:15:00,172.43997192382812,1
2023-03-08 11:30:00,172.84092712402344,1
2023-03-08 11:45:00,167.3062286376953,1
2023-03-08 12:00:00,157.97120666503906,1
2023-03-08 12:15:00,152.1668243408203,1
2023-03-08 12:30:00,146.51353454589844,1
2023-03-08 12:45:00,131.54212951660156,1
2023-03-08 13:00:00,138.67735290527344,1
2023-03-08 13:15:00,139.9973907470703,1
2023-03-08 13:30:00,111.77685546875,1
2023-03-08 13:45:00,112.69698333740234,1
2023-03-08 14:00:00,96.17385864257812,1
2023-03-08 14:15:00,99.35148620605467,1
2023-03-08 14:30:00,0.0,0
2023-03-08 14:45:00,0.0,0
2023-03-08 15:00:00,0.0,0
2023-03-08 15:15:00,0.0,0
2023-03-08 15:30:00,0.0,0
2023-03-08 15:45:00,0.0,0
2023-03-08 16:00:00,0.0,0
2023-03-08 16:15:00,0.0,0
2023-03-08 16:30:00,0.0,0
2023-03-08 16:45:00,0.0,0
2023-03-08 17:00:00,0.0,0
2023-03-08 17:15:00,0.0,0
2023-03-08 17:30:00,0.0,0
2023-03-08 17:45:00,0.0,0
2023-03-08 18:00:00,0.0,0
2023-03-08 18:15:00,0.0,0
2023-03-08 18:30:00,0.0,0
2023-03-08 18:45:00,0.0,0
2023-03-08 19:00:00,0.0,0
2023-03-08 19:15:00,0.0,0
2023-03-08 19:30:00,0.0,0
2023-03-08 19:45:00,0.0,0
2023-03-08 20:00:00,0.0,0
2023-03-08 20:15:00,0.0,0
2023-03-08 20:30:00,0.0,0
2023-03-08 20:45:00,0.0,0
2023-03-08 21:00:00,0.0,0
2023-03-08 21:15:00,0.0,0
2023-03-08 21:30:00,0.0,0
2023-03-08 21:45:00,0.0,0
2023-03-08 22:00:00,0.0,0
2023-03-08 22:15:00,0.0,0
2023-03-08 22:30:00,0.0,0
2023-03-08 22:45:00,0.0,0
2023-03-08 23:00:00,0.0,0
2023-03-08 23:15:00,0.0,0
2023-03-08 23:30:00,0.0,0
2023-03-08 23:45:00,0.0,0
2023-03-09 00:00:00,0.0,0
2023-03-09 00:15:00,0.0,0
2023-03-09 00:30:00,0.0,0
2023-03-09 00:45:00,0.0,0
2023-03-09 01:00:00,0.0,0
2023-03-09 01:15:00,0.0,0
2023-03-09 01:30:00,0.0,0
2023-03-09 01:45:00,0.0,0
2023-03-09 02:00:00,0.0,0
2023-03-09 02:15:00,0.0,0
2023-03-09 02:30:00,0.0,0
2023-03-09 02:45:00,0.0,0
2023-03-09 03:00:00,0.0,0
2023-03-09 03:15:00,0.0,0
2023-03-09 03:30:00,0.0,0
2023-03-09 03:45:00,0.0,0
2023-03-09 04:00:00,0.0,0
2023-03-09 04:15:00,0.0,0
2023-03-09 04:30:00,0.0,0
2023-03-09 04:45:00,0.0,0
2023-03-09 05:00:00,0.0,0
2023-03-09 05:15:00,0.0,0
2023-03-09 05:30:00,0.0,0
2023-03-09 05:45:00,0.0,0
2023-03-09 06:00:00,76.33580017089844,1
2023-03-09 06:15:00,79.82089233398438,1
2023-03-09 06:30:00,100.53656005859376,1
2023-03-09 06:45:00,108.42264556884766,1
2023-03-09 07:00:00,121.11318969726562,1
2023-03-09 07:15:00,131.35269165039062,1
2023-03-09 07:30:00,130.17164611816406,1
2023-03-09 07:45:00,143.3261260986328,1
2023-03-09 08:00:00,150.69329833984375,1
2023-03-09 08:15:00,154.0000762939453,1
2023-03-09 08:30:00,160.7861328125,1
2023-03-09 08:45:00,165.35658264160156,1
2023-03-09 09:00:00,164.8548583984375,1
2023-03-09 09:15:00,177.97386169433594,1
2023-03-09 09:30:00,157.8081817626953,1
2023-03-09 09:45:00,175.61683654785156,1
2023-03-09 10:00:00,172.43626403808594,1
2023-03-09 10:15:00,173.02481079101562,1
2023-03-09 10:30:00,174.06312561035156,1
2023-03-09 10:45:00,190.99441528320312,1
2023-03-09 11:00:00,161.02659606933594,1
2023-03-09 11:15:00,164.6970977783203,1
2023-03-09 11:30:00,172.3401336669922,1
2023-03-09 11:45:00,167.12477111816406,1
2023-03-09 12:00:00,157.97120666503906,1
2023-03-09 12:15:00,150.43238830566406,1
2023-03-09 12:30:00,144.9772186279297,1
2023-03-09 12:45:00,138.68772888183594,1
2023-03-09 13:00:00,137.98219299316406,1
2023-03-09 13:15:00,140.1807098388672,1
2023-03-09 13:30:00,116.86311340332033,1
2023-03-09 13:45:00,112.4697494506836,1
2023-03-09 14:00:00,96.17385864257812,1
2023-03-09 14:15:00,90.45629119873048,1
2023-03-09 14:30:00,76.32172393798828,1
2023-03-09 14:45:00,0.0,0
2023-03-09 15:00:00,0.0,0
2023-03-09 15:15:00,0.0,0
2023-03-09 15:30:00,0.0,0
2023-03-09 15:45:00,0.0,0
2023-03-09 16:00:00,0.0,0
2023-03-09 16:15:00,0.0,0
2023-03-09 16:30:00,0.0,0
2023-03-09 16:45:00,0.0,0
2023-03-09 17:00:00,0.0,0
2023-03-09 17:15:00,0.0,0
2023-03-09 17:30:00,0.0,0
2023-03-09 17:45:00,0.0,0
2023-03-09 18:00:00,0.0,0
2023-03-09 18:15:00,0.0,0
2023-03-09 18:30:00,0.0,0
2023-03-09 18:45:00,0.0,0
2023-03-09 19:00:00,0.0,0
2023-03-09 19:15:00,0.0,0
2023-03-09 19:30:00,0.0,0
2023-03-09 19:45:00,0.0,0
2023-03-09 20:00:00,0.0,0
2023-03-09 20:15:00,0.0,0
2023-03-09 20:30:00,0.0,0
2023-03-09 20:45:00,0.0,0
2023-03-09 21:00:00,0.0,0
2023-03-09 21:15:00,0.0,0
2023-03-09 21:30:00,0.0,0
2023-03-09 21:45:00,0.0,0
2023-03-09 22:00:00,0.0,0
2023-03-09 22:15:00,0.0,0
2023-03-09 22:30:00,0.0,0
2023-03-09 22:45:00,0.0,0
2023-03-09 23:00:00,0.0,0
2023-03-09 23:15:00,0.0,0
2023-03-09 23:30:00,0.0,0
2023-03-09 23:45:00,0.0,0
2023-03-10 00:00:00,0.0,0
2023-03-10 00:15:00,0.0,0
2023-03-10 00:30:00,0.0,0
2023-03-10 00:45:00,0.0,0
2023-03-10 01:00:00,0.0,0
2023-03-10 01:15:00,0.0,0
2023-03-10 01:30:00,0.0,0
2023-03-10 01:45:00,0.0,0
2023-03-10 02:00:00,0.0,0
2023-03-10 02:15:00,0.0,0
2023-03-10 02:30:00,0.0,0
2023-03-10 02:45:00,0.0,0
2023-03-10 03:00:00,0.0,0
2023-03-10 03:15:00,0.0,0
2023-03-10 03:30:00,0.0,0
2023-03-10 03:45:00,0.0,0
2023-03-10 04:00:00,0.0,0
2023-03-10 04:15:00,0.0,0
2023-03-10 04:30:00,0.0,0
2023-03-10 04:45:00,0.0,0
2023-03-10 05:00:00,0.0,0
2023-03-10 05:15:00,0.0,0
2023-03-10 05:30:00,0.0,0
2023-03-10 05:45:00,0.0,0
2023-03-10 06:00:00,0.0,0
2023-03-10 06:15:00,76.69921112060547,1
2023-03-10 06:30:00,91.4775619506836,1
2023-03-10 06:45:00,0.0,0
2023-03-10 07:00:00,0.0,0
2023-03-10 07:15:00,92.09269714355467,1
2023-03-10 07:30:00,95.93032836914062,1
2023-03-10 07:45:00,103.75501251220705,1
2023-03-10 08:00:00,91.4610366821289,1
2023-03-10 08:15:00,0.0,0
2023-03-10 08:30:00,0.0,0
2023-03-10 08:45:00,0.0,0
2023-03-10 09:00:00,93.62181854248048,1
2023-03-10 09:15:00,90.58478546142578,1
2023-03-10 09:30:00,109.7291259765625,1
2023-03-10 09:45:00,101.10589599609376,1
2023-03-10 10:00:00,129.7159881591797,1
2023-03-10 10:15:00,137.0617218017578,1
2023-03-10 10:30:00,85.74242401123047,1
2023-03-10 10:45:00,137.2808380126953,1
2023-03-10 11:00:00,127.6642837524414,1
2023-03-10 11:15:00,131.606201171875,1
2023-03-10 11:30:00,119.28717803955078,1
2023-03-10 11:45:00,144.31057739257812,1
2023-03-10 12:00:00,153.03152465820312,1
2023-03-10 12:15:00,148.78854370117188,1
2023-03-10 12:30:00,139.09205627441406,1
2023-03-10 12:45:00,93.3635711669922,1
2023-03-10 13:00:00,118.5761260986328,1
2023-03-10 13:15:00,103.02298736572266,1
2023-03-10 13:30:00,100.4375991821289,1
2023-03-10 13:45:00,102.63750457763672,1
2023-03-10 14:00:00,89.82957458496094,1
2023-03-10 14:15:00,80.30842590332031,1
2023-03-10 14:30:00,0.0,0
2023-03-10 14:45:00,0.0,0
2023-03-10 15:00:00,0.0,0
2023-03-10 15:15:00,0.0,0
2023-03-10 15:30:00,0.0,0
2023-03-10 15:45:00,0.0,0
2023-03-10 16:00:00,0.0,0
2023-03-10 16:15:00,0.0,0
2023-03-10 16:30:00,0.0,0
2023-03-10 16:45:00,0.0,0
2023-03-10 17:00:00,0.0,0
2023-03-10 17:15:00,0.0,0
2023-03-10 17:30:00,0.0,0
2023-03-10 17:45:00,0.0,0
2023-03-10 18:00:00,0.0,0
2023-03-10 18:15:00,0.0,0
2023-03-10 18:30:00,0.0,0
2023-03-10 18:45:00,0.0,0
2023-03-10 19:00:00,0.0,0
2023-03-10 19:15:00,0.0,0
2023-03-10 19:30:00,0.0,0
2023-03-10 19:45:00,0.0,0
2023-03-10 20:00:00,0.0,0
2023-03-10 20:15:00,0.0,0
2023-03-10 20:30:00,0.0,0
2023-03-10 20:45:00,0.0,0
2023-03-10 21:00:00,0.0,0
2023-03-10 21:15:00,0.0,0
2023-03-10 21:30:00,0.0,0
2023-03-10 21:45:00,0.0,0
2023-03-10 22:00:00,0.0,0
2023-03-10 22:15:00,0.0,0
2023-03-10 22:30:00,0.0,0
2023-03-10 22:45:00,0.0,0
2023-03-10 23:00:00,0.0,0
2023-03-10 23:15:00,0.0,0
2023-03-10 23:30:00,0.0,0
2023-03-10 23:45:00,0.0,0
2023-03-11 00:00:00,0.0,0
2023-03-11 00:15:00,0.0,0
2023-03-11 00:30:00,0.0,0
2023-03-11 00:45:00,0.0,0
2023-03-11 01:00:00,0.0,0
2023-03-11 01:15:00,0.0,0
2023-03-11 01:30:00,0.0,0
2023-03-11 01:45:00,0.0,0
2023-03-11 02:00:00,0.0,0
2023-03-11 02:15:00,0.0,0
2023-03-11 02:30:00,0.0,0
2023-03-11 02:45:00,0.0,0
2023-03-11 03:00:00,0.0,0
2023-03-11 03:15:00,0.0,0
2023-03-11 03:30:00,0.0,0
2023-03-11 03:45:00,0.0,0
2023-03-11 04:00:00,0.0,0
2023-03-11 04:15:00,0.0,0
2023-03-11 04:30:00,0.0,0
2023-03-11 04:45:00,0.0,0
2023-03-11 05:00:00,0.0,0
2023-03-11 05:15:00,0.0,0
2023-03-11 05:30:00,0.0,0
2023-03-11 05:45:00,0.0,0
2023-03-11 06:00:00,0.0,0
2023-03-11 06:15:00,0.0,0
2023-03-11 06:30:00,75.58690643310547,1
2023-03-11 06:45:00,98.54460906982422,1
2023-03-11 07:00:00,105.48522186279295,1
2023-03-11 07:15:00,137.9850616455078,1
2023-03-11 07:30:00,129.61740112304688,1
2023-03-11 07:45:00,134.89768981933594,1
2023-03-11 08:00:00,134.52491760253906,1
2023-03-11 08:15:00,154.45321655273438,1
2023-03-11 08:30:00,133.2714080810547,1
2023-03-11 08:45:00,121.70276641845705,1
2023-03-11 09:00:00,162.57838439941406,1
2023-03-11 09:15:00,159.3500213623047,1
2023-03-11 09:30:00,159.52755737304688,1
2023-03-11 09:45:00,151.10728454589844,1
2023-03-11 10:00:00,147.62522888183594,1
2023-03-11 10:15:00,168.48065185546875,1
2023-03-11 10:30:00,166.84861755371094,1
2023-03-11 10:45:00,162.3611602783203,1
2023-03-11 11:00:00,165.53851318359375,1
2023-03-11 11:15:00,162.94015502929688,1
2023-03-11 11:30:00,167.34422302246094,1
2023-03-11 11:45:00,163.7312469482422,1
2023-03-11 12:00:00,165.9307861328125,1
2023-03-11 12:15:00,152.73574829101562,1
2023-03-11 12:30:00,146.74546813964844,1
2023-03-11 12:45:00,140.2029571533203,1
2023-03-11 13:00:00,126.5439682006836,1
2023-03-11 13:15:00,109.1275863647461,1
2023-03-11 13:30:00,107.43441009521484,1
2023-03-11 13:45:00,99.6313018798828,1
2023-03-11 14:00:00,92.12310028076172,1
2023-03-11 14:15:00,85.6808853149414,1
2023-03-11 14:30:00,0.0,0
2023-03-11 14:45:00,0.0,0
2023-03-11 15:00:00,0.0,0
2023-03-11 15:15:00,0.0,0
2023-03-11 15:30:00,0.0,0
2023-03-11 15:45:00,0.0,0
2023-03-11 16:00:00,0.0,0
2023-03-11 16:15:00,0.0,0
2023-03-11 16:30:00,0.0,0
2023-03-11 16:45:00,0.0,0
2023-03-11 17:00:00,0.0,0
2023-03-11 17:15:00,0.0,0
2023-03-11 17:30:00,0.0,0
2023-03-11 17:45:00,0.0,0
2023-03-11 18:00:00,0.0,0
2023-03-11 18:15:00,0.0,0
2023-03-11 18:30:00,0.0,0
2023-03-11 18:45:00,0.0,0
2023-03-11 19:00:00,0.0,0
2023-03-11 19:15:00,0.0,0
2023-03-11 19:30:00,0.0,0
2023-03-11 19:45:00,0.0,0
2023-03-11 20:00:00,0.0,0
2023-03-11 20:15:00,0.0,0
2023-03-11 20:30:00,0.0,0
2023-03-11 20:45:00,0.0,0
2023-03-11 21:00:00,0.0,0
2023-03-11 21:15:00,0.0,0
2023-03-11 21:30:00,0.0,0
2023-03-11 21:45:00,0.0,0
2023-03-11 22:00:00,0.0,0
2023-03-11 22:15:00,0.0,0
2023-03-11 22:30:00,0.0,0
2023-03-11 22:45:00,0.0,0
2023-03-11 23:00:00,0.0,0
2023-03-11 23:15:00,0.0,0
2023-03-11 23:30:00,0.0,0
2023-03-11 23:45:00,0.0,0
2023-03-12 00:00:00,0.0,0
2023-03-12 00:15:00,0.0,0
2023-03-12 00:30:00,0.0,0
2023-03-12 00:45:00,0.0,0
2023-03-12 01:00:00,0.0,0
2023-03-12 01:15:00,0.0,0
2023-03-12 01:30:00,0.0,0
2023-03-12 01:45:00,0.0,0
2023-03-12 02:00:00,0.0,0
2023-03-12 02:15:00,0.0,0
2023-03-12 02:30:00,0.0,0
2023-03-12 02:45:00,0.0,0
2023-03-12 03:00:00,0.0,0
2023-03-12 03:15:00,0.0,0
2023-03-12 03:30:00,0.0,0
2023-03-12 03:45:00,0.0,0
2023-03-12 04:00:00,0.0,0
2023-03-12 04:15:00,0.0,0
2023-03-12 04:30:00,0.0,0
2023-03-12 04:45:00,0.0,0
2023-03-12 05:00:00,0.0,0
2023-03-12 05:15:00,0.0,0
2023-03-12 05:30:00,0.0,0
2023-03-12 05:45:00,0.0,0
2023-03-12 06:00:00,0.0,0
2023-03-12 06:15:00,75.79254913330078,1
2023-03-12 06:30:00,87.36382293701172,1
2023-03-12 06:45:00,107.78926849365234,1
2023-03-12 07:00:00,109.85531616210938,1
2023-03-12 07:15:00,128.7410125732422,1
2023-03-12 07:30:00,130.41534423828125,1
2023-03-12 07:45:00,142.295654296875,1
2023-03-12 08:00:00,148.908935546875,1
2023-03-12 08:15:00,154.45321655273438,1
2023-03-12 08:30:00,153.01390075683594,1
2023-03-12 08:45:00,163.85658264160156,1
2023-03-12 09:00:00,159.89840698242188,1
2023-03-12 09:15:00,159.3463897705078,1
2023-03-12 09:30:00,158.89920043945312,1
2023-03-12 09:45:00,166.74749755859375,1
2023-03-12 10:00:00,147.62522888183594,1
2023-03-12 10:15:00,167.03749084472656,1
2023-03-12 10:30:00,161.6111297607422,1
2023-03-12 10:45:00,167.3284454345703,1
2023-03-12 11:00:00,165.77410888671875,1
2023-03-12 11:15:00,162.94015502929688,1
2023-03-12 11:30:00,167.34422302246094,1
2023-03-12 11:45:00,151.54225158691406,1
2023-03-12 12:00:00,165.9307861328125,1
2023-03-12 12:15:00,147.64833068847656,1
2023-03-12 12:30:00,145.3076171875,1
2023-03-12 12:45:00,143.6693878173828,1
2023-03-12 13:00:00,130.1354522705078,1
2023-03-12 13:15:00,126.8580551147461,1
2023-03-12 13:30:00,100.35997009277344,1
2023-03-12 13:45:00,100.7037582397461,1
2023-03-12 14:00:00,105.2546615600586,1
2023-03-12 14:15:00,85.81820678710938,1
2023-03-12 14:30:00,0.0,0
2023-03-12 14:45:00,0.0,0
2023-03-12 15:00:00,0.0,0
2023-03-12 15:15:00,0.0,0
2023-03-12 15:30:00,0.0,0
2023-03-12 15:45:00,0.0,0
2023-03-12 16:00:00,0.0,0
2023-03-12 16:15:00,0.0,0
2023-03-12 16:30:00,0.0,0
2023-03-12 16:45:00,0.0,0
2023-03-12 17:00:00,0.0,0
2023-03-12 17:15:00,0.0,0
2023-03-12 17:30:00,0.0,0
2023-03-12 17:45:00,0.0,0
2023-03-12 18:00:00,0.0,0
2023-03-12 18:15:00,0.0,0
2023-03-12 18:30:00,0.0,0
2023-03-12 18:45:00,0.0,0
2023-03-12 19:00:00,0.0,0
2023-03-12 19:15:00,0.0,0
2023-03-12 19:30:00,0.0,0
2023-03-12 19:45:00,0.0,0
2023-03-12 20:00:00,0.0,0
2023-03-12 20:15:00,0.0,0
2023-03-12 20:30:00,0.0,0
2023-03-12 20:45:00,0.0,0
2023-03-12 21:00:00,0.0,0
2023-03-12 21:15:00,0.0,0
2023-03-12 21:30:00,0.0,0
2023-03-12 21:45:00,0.0,0
2023-03-12 22:00:00,0.0,0
2023-03-12 22:15:00,0.0,0
2023-03-12 22:30:00,0.0,0
2023-03-12 22:45:00,0.0,0
2023-03-12 23:00:00,0.0,0
2023-03-12 23:15:00,0.0,0
2023-03-12 23:30:00,0.0,0
2023-03-12 23:45:00,0.0,0
2023-03-13 00:00:00,0.0,0
2023-03-13 00:15:00,0.0,0
2023-03-13 00:30:00,0.0,0
2023-03-13 00:45:00,0.0,0
2023-03-13 01:00:00,0.0,0
2023-03-13 01:15:00,0.0,0
2023-03-13 01:30:00,0.0,0
2023-03-13 01:45:00,0.0,0
2023-03-13 02:00:00,0.0,0
2023-03-13 02:15:00,0.0,0
2023-03-13 02:30:00,0.0,0
2023-03-13 02:45:00,0.0,0
2023-03-13 03:00:00,0.0,0
2023-03-13 03:15:00,0.0,0
2023-03-13 03:30:00,0.0,0
2023-03-13 03:45:00,0.0,0
2023-03-13 04:00:00,0.0,0
2023-03-13 04:15:00,0.0,0
2023-03-13 04:30:00,0.0,0
2023-03-13 04:45:00,0.0,0
2023-03-13 05:00:00,0.0,0
2023-03-13 05:15:00,0.0,0
2023-03-13 05:30:00,0.0,0
2023-03-13 05:45:00,0.0,0
2023-03-13 06:00:00,0.0,0
2023-03-13 06:15:00,81.28765106201172,1
2023-03-13 06:30:00,101.24718475341795,1
2023-03-13 06:45:00,111.59618377685548,1
2023-03-13 07:00:00,109.6796875,1
2023-03-13 07:15:00,128.04519653320312,1
2023-03-13 07:30:00,132.28286743164062,1
2023-03-13 07:45:00,136.53640747070312,1
2023-03-13 08:00:00,125.84748840332033,1
2023-03-13 08:15:00,157.30831909179688,1
2023-03-13 08:30:00,143.8978729248047,1
2023-03-13 08:45:00,157.35061645507812,1
2023-03-13 09:00:00,160.2279510498047,1
2023-03-13 09:15:00,155.8553009033203,1
2023-03-13 09:30:00,160.7566680908203,1
2023-03-13 09:45:00,156.67906188964844,1
2023-03-13 10:00:00,161.8297882080078,1
2023-03-13 10:15:00,162.00135803222656,1
2023-03-13 10:30:00,162.33309936523438,1
2023-03-13 10:45:00,162.92637634277344,1
2023-03-13 11:00:00,155.7255401611328,1
2023-03-13 11:15:00,162.56796264648438,1
2023-03-13 11:30:00,162.4781494140625,1
2023-03-13 11:45:00,156.96884155273438,1
2023-03-13 12:00:00,167.06216430664062,1
2023-03-13 12:15:00,147.2813720703125,1
2023-03-13 12:30:00,146.37001037597656,1
2023-03-13 12:45:00,142.83338928222656,1
2023-03-13 13:00:00,126.5439682006836,1
2023-03-13 13:15:00,108.24147033691406,1
2023-03-13 13:30:00,111.7789535522461,1
2023-03-13 13:45:00,102.95418548583984,1
2023-03-13 14:00:00,98.35323333740234,1
2023-03-13 14:15:00,82.15104675292969,1
2023-03-13 14:30:00,0.0,0
2023-03-13 14:45:00,0.0,0
2023-03-13 15:00:00,0.0,0
2023-03-13 15:15:00,0.0,0
2023-03-13 15:30:00,0.0,0
2023-03-13 15:45:00,0.0,0
2023-03-13 16:00:00,0.0,0
2023-03-13 16:15:00,0.0,0
2023-03-13 16:30:00,0.0,0
2023-03-13 16:45:00,0.0,0
2023-03-13 17:00:00,0.0,0
2023-03-13 17:15:00,0.0,0
2023-03-13 17:30:00,0.0,0
2023-03-13 17:45:00,0.0,0
2023-03-13 18:00:00,0.0,0
2023-03-13 18:15:00,0.0,0
2023-03-13 18:30:00,0.0,0
2023-03-13 18:45:00,0.0,0
2023-03-13 19:00:00,0.0,0
2023-03-13 19:15:00,0.0,0
2023-03-13 19:30:00,0.0,0
2023-03-13 19:45:00,0.0,0
2023-03-13 20:00:00,0.0,0
2023-03-13 20:15:00,0.0,0
2023-03-13 20:30:00,0.0,0
2023-03-13 20:45:00,0.0,0
2023-03-13 21:00:00,0.0,0
2023-03-13 21:15:00,0.0,0
2023-03-13 21:30:00,0.0,0
2023-03-13 21:45:00,0.0,0
2023-03-13 22:00:00,0.0,0
2023-03-13 22:15:00,0.0,0
2023-03-13 22:30:00,0.0,0
2023-03-13 22:45:00,0.0,0
2023-03-13 23:00:00,0.0,0
2023-03-13 23:15:00,0.0,0
2023-03-13 23:30:00,0.0,0
2023-03-13 23:45:00,0.0,0
2023-03-14 00:00:00,0.0,0
2023-03-14 00:15:00,0.0,0
2023-03-14 00:30:00,0.0,0
2023-03-14 00:45:00,0.0,0
2023-03-14 01:00:00,0.0,0
2023-03-14 01:15:00,0.0,0
2023-03-14 01:30:00,0.0,0
2023-03-14 01:45:00,0.0,0
2023-03-14 02:00:00,0.0,0
2023-03-14 02:15:00,0.0,0
2023-03-14 02:30:00,0.0,0
2023-03-14 02:45:00,0.0,0
2023-03-14 03:00:00,0.0,0
2023-03-14 03:15:00,0.0,0
2023-03-14 03:30:00,0.0,0
2023-03-14 03:45:00,0.0,0
2023-03-14 04:00:00,0.0,0
2023-03-14 04:15:00,0.0,0
2023-03-14 04:30:00,0.0,0
2023-03-14 04:45:00,0.0,0
2023-03-14 05:00:00,0.0,0
2023-03-14 05:15:00,0.0,0
2023-03-14 05:30:00,0.0,0
2023-03-14 05:45:00,0.0,0
2023-03-14 06:00:00,0.0,0
2023-03-14 06:15:00,82.77521514892578,1
2023-03-14 06:30:00,97.7606964111328,1
2023-03-14 06:45:00,110.44728088378906,1
2023-03-14 07:00:00,107.87310791015624,1
2023-03-14 07:15:00,126.35152435302734,1
2023-03-14 07:30:00,133.26837158203125,1
2023-03-14 07:45:00,139.49244689941406,1
2023-03-14 08:00:00,151.07284545898438,1
2023-03-14 08:15:00,155.1488037109375,1
2023-03-14 08:30:00,154.41241455078125,1
2023-03-14 08:45:00,163.07110595703125,1
2023-03-14 09:00:00,159.89840698242188,1
2023-03-14 09:15:00,160.26882934570312,1
2023-03-14 09:30:00,154.24169921875,1
2023-03-14 09:45:00,161.85662841796875,1
2023-03-14 10:00:00,152.26284790039062,1
2023-03-14 10:15:00,152.47744750976562,1
2023-03-14 10:30:00,151.05410766601562,1
2023-03-14 10:45:00,158.5747833251953,1
2023-03-14 11:00:00,155.09295654296875,1
2023-03-14 11:15:00,149.1426239013672,1
2023-03-14 11:30:00,152.72207641601562,1
2023-03-14 11:45:00,140.99563598632812,1
2023-03-14 12:00:00,149.59805297851562,1
2023-03-14 12:15:00,146.23660278320312,1
2023-03-14 12:30:00,134.03237915039062,1
2023-03-14 12:45:00,140.41038513183594,1
2023-03-14 13:00:00,131.4591064453125,1
2023-03-14 13:15:00,115.15384674072266,1
2023-03-14 13:30:00,118.89429473876952,1
2023-03-14 13:45:00,98.1784210205078,1
2023-03-14 14:00:00,96.1860122680664,1
2023-03-14 14:15:00,79.12003326416016,1
2023-03-14 14:30:00,0.0,0
2023-03-14 14:45:00,0.0,0
2023-03-14 15:00:00,0.0,0
2023-03-14 15:15:00,0.0,0
2023-03-14 15:30:00,0.0,0
2023-03-14 15:45:00,0.0,0
2023-03-14 16:00:00,0.0,0
2023-03-14 16:15:00,0.0,0
2023-03-14 16:30:00,0.0,0
2023-03-14 16:45:00,0.0,0
2023-03-14 17:00:00,0.0,0
2023-03-14 17:15:00,0.0,0
2023-03-14 17:30:00,0.0,0
2023-03-14 17:45:00,0.0,0
2023-03-14 18:00:00,0.0,0
2023-03-14 18:15:00,0.0,0
2023-03-14 18:30:00,0.0,0
2023-03-14 18:45:00,0.0,0
2023-03-14 19:00:00,0.0,0
2023-03-14 19:15:00,0.0,0
2023-03-14 19:30:00,0.0,0
2023-03-14 19:45:00,0.0,0
2023-03-14 20:00:00,0.0,0
2023-03-14 20:15:00,0.0,0
2023-03-14 20:30:00,0.0,0
2023-03-14 20:45:00,0.0,0
2023-03-14 21:00:00,0.0,0
2023-03-14 21:15:00,0.0,0
2023-03-14 21:30:00,0.0,0
2023-03-14 21:45:00,0.0,0
2023-03-14 22:00:00,0.0,0
2023-03-14 22:15:00,0.0,0
2023-03-14 22:30:00,0.0,0
2023-03-14 22:45:00,0.0,0
2023-03-14 23:00:00,0.0,0
2023-03-14 23:15:00,0.0,0
2023-03-14 23:30:00,0.0,0
2023-03-14 23:45:00,0.0,0
2023-03-15 00:00:00,0.0,0
2023-03-15 00:15:00,0.0,0
2023-03-15 00:30:00,0.0,0
2023-03-15 00:45:00,0.0,0
2023-03-15 01:00:00,0.0,0
2023-03-15 01:15:00,0.0,0
2023-03-15 01:30:00,0.0,0
2023-03-15 01:45:00,0.0,0
2023-03-15 02:00:00,0.0,0
2023-03-15 02:15:00,0.0,0
2023-03-15 02:30:00,0.0,0
2023-03-15 02:45:00,0.0,0
2023-03-15 03:00:00,0.0,0
2023-03-15 03:15:00,0.0,0
2023-03-15 03:30:00,0.0,0
2023-03-15 03:45:00,0.0,0
2023-03-15 04:00:00,0.0,0
2023-03-15 04:15:00,0.0,0
2023-03-15 04:30:00,0.0,0
2023-03-15 04:45:00,0.0,0
2023-03-15 05:00:00,0.0,0
2023-03-15 05:15:00,0.0,0
2023-03-15 05:30:00,0.0,0
2023-03-15 05:45:00,0.0,0
2023-03-15 06:00:00,77.62471771240234,1
2023-03-15 06:15:00,76.21221160888672,1
2023-03-15 06:30:00,99.3076171875,1
2023-03-15 06:45:00,113.87249755859376,1
2023-03-15 07:00:00,109.88815307617188,1
2023-03-15 07:15:00,130.80496215820312,1
2023-03-15 07:30:00,134.12925720214844,1
2023-03-15 07:45:00,142.58673095703125,1
2023-03-15 08:00:00,126.23475646972656,1
2023-03-15 08:15:00,154.49256896972656,1
2023-03-15 08:30:00,156.02407836914062,1
2023-03-15 08:45:00,164.42807006835938,1
2023-03-15 09:00:00,172.25733947753906,1
2023-03-15 09:15:00,151.25634765625,1
2023-03-15 09:30:00,150.5720672607422,1
2023-03-15 09:45:00,171.4043426513672,1
2023-03-15 10:00:00,169.79693603515625,1
2023-03-15 10:15:00,169.6694793701172,1
2023-03-15 10:30:00,174.52191162109375,1
2023-03-15 10:45:00,181.6854248046875,1
2023-03-15 11:00:00,180.98590087890625,1
2023-03-15 11:15:00,167.94017028808594,1
2023-03-15 11:30:00,171.32376098632812,1
2023-03-15 11:45:00,165.56065368652344,1
2023-03-15 12:00:00,167.2626495361328,1
2023-03-15 12:15:00,150.2115020751953,1
2023-03-15 12:30:00,142.49440002441406,1
2023-03-15 12:45:00,145.62948608398438,1
2023-03-15 13:00:00,130.1354522705078,1
2023-03-15 13:15:00,115.50316619873048,1
2023-03-15 13:30:00,110.56965637207033,1
2023-03-15 13:45:00,104.02369689941406,1
2023-03-15 14:00:00,96.19580078125,1
2023-03-15 14:15:00,83.03527069091797,1
2023-03-15 14:30:00,0.0,0
2023-03-15 14:45:00,0.0,0
2023-03-15 15:00:00,0.0,0
2023-03-15 15:15:00,0.0,0
2023-03-15 15:30:00,0.0,0
2023-03-15 15:45:00,0.0,0
2023-03-15 16:00:00,0.0,0
2023-03-15 16:15:00,0.0,0
2023-03-15 16:30:00,0.0,0
2023-03-15 16:45:00,0.0,0
2023-03-15 17:00:00,0.0,0
2023-03-15 17:15:00,0.0,0
2023-03-15 17:30:00,0.0,0
2023-03-15 17:45:00,0.0,0
2023-03-15 18:00:00,0.0,0
2023-03-15 18:15:00,0.0,0
2023-03-15 18:30:00,0.0,0
2023-03-15 18:45:00,0.0,0
2023-03-15 19:00:00,0.0,0
2023-03-15 19:15:00,0.0,0
2023-03-15 19:30:00,0.0,0
2023-03-15 19:45:00,0.0,0
2023-03-15 20:00:00,0.0,0
2023-03-15 20:15:00,0.0,0
2023-03-15 20:30:00,0.0,0
2023-03-15 20:45:00,0.0,0
2023-03-15 21:00:00,0.0,0
2023-03-15 21:15:00,0.0,0
2023-03-15 21:30:00,0.0,0
2023-03-15 21:45:00,0.0,0
2023-03-15 22:00:00,0.0,0
2023-03-15 22:15:00,0.0,0
2023-03-15 22:30:00,0.0,0
2023-03-15 22:45:00,0.0,0
2023-03-15 23:00:00,0.0,0
2023-03-15 23:15:00,0.0,0
2023-03-15 23:30:00,0.0,0
2023-03-15 23:45:00,0.0,0
2023-03-16 00:00:00,0.0,0
2023-03-16 00:15:00,0.0,0
2023-03-16 00:30:00,0.0,0
2023-03-16 00:45:00,0.0,0
2023-03-16 01:00:00,0.0,0
2023-03-16 01:15:00,0.0,0
2023-03-16 01:30:00,0.0,0
2023-03-16 01:45:00,0.0,0
2023-03-16 02:00:00,0.0,0
2023-03-16 02:15:00,0.0,0
2023-03-16 02:30:00,0.0,0
2023-03-16 02:45:00,0.0,0
2023-03-16 03:00:00,0.0,0
2023-03-16 03:15:00,0.0,0
2023-03-16 03:30:00,0.0,0
2023-03-16 03:45:00,0.0,0
2023-03-16 04:00:00,0.0,0
2023-03-16 04:15:00,0.0,0
2023-03-16 04:30:00,0.0,0
2023-03-16 04:45:00,0.0,0
2023-03-16 05:00:00,0.0,0
2023-03-16 05:15:00,0.0,0
2023-03-16 05:30:00,0.0,0
2023-03-16 05:45:00,0.0,0
2023-03-16 06:00:00,0.0,0
2023-03-16 06:15:00,0.0,0
2023-03-16 06:30:00,0.0,0
2023-03-16 06:45:00,83.57659912109375,1
2023-03-16 07:00:00,92.9489517211914,1
2023-03-16 07:15:00,113.74178314208984,1
2023-03-16 07:30:00,111.46029663085938,1
2023-03-16 07:45:00,125.80680084228516,1
2023-03-16 08:00:00,139.19570922851562,1
2023-03-16 08:15:00,150.80198669433594,1
2023-03-16 08:30:00,123.80086517333984,1
2023-03-16 08:45:00,147.54869079589844,1
2023-03-16 09:00:00,146.8603057861328,1
2023-03-16 09:15:00,157.49810791015625,1
2023-03-16 09:30:00,161.7193145751953,1
2023-03-16 09:45:00,171.8748321533203,1
2023-03-16 10:00:00,170.41412353515625,1
2023-03-16 10:15:00,169.96852111816406,1
2023-03-16 10:30:00,170.8169403076172,1
2023-03-16 10:45:00,167.90444946289062,1
2023-03-16 11:00:00,165.53851318359375,1
2023-03-16 11:15:00,162.99720764160156,1
2023-03-16 11:30:00,162.34368896484375,1
2023-03-16 11:45:00,163.78038024902344,1
2023-03-16 12:00:00,154.5522918701172,1
2023-03-16 12:15:00,151.73703002929688,1
2023-03-16 12:30:00,145.09385681152344,1
2023-03-16 12:45:00,138.53005981445312,1
2023-03-16 13:00:00,128.60476684570312,1
2023-03-16 13:15:00,113.29360961914062,1
2023-03-16 13:30:00,122.03298950195312,1
2023-03-16 13:45:00,103.17102813720705,1
2023-03-16 14:00:00,93.973876953125,1
2023-03-16 14:15:00,82.34982299804688,1
2023-03-16 14:30:00,0.0,0
2023-03-16 14:45:00,0.0,0
2023-03-16 15:00:00,0.0,0
2023-03-16 15:15:00,0.0,0
2023-03-16 15:30:00,0.0,0
2023-03-16 15:45:00,0.0,0
2023-03-16 16:00:00,0.0,0
2023-03-16 16:15:00,0.0,0
2023-03-16 16:30:00,0.0,0
2023-03-16 16:45:00,0.0,0
2023-03-16 17:00:00,0.0,0
2023-03-16 17:15:00,0.0,0
2023-03-16 17:30:00,0.0,0
2023-03-16 17:45:00,0.0,0
2023-03-16 18:00:00,0.0,0
2023-03-16 18:15:00,0.0,0
2023-03-16 18:30:00,0.0,0
2023-03-16 18:45:00,0.0,0
2023-03-16 19:00:00,0.0,0
2023-03-16 19:15:00,0.0,0
2023-03-16 19:30:00,0.0,0
2023-03-16 19:45:00,0.0,0
2023-03-16 20:00:00,0.0,0
2023-03-16 20:15:00,0.0,0
2023-03-16 20:30:00,0.0,0
2023-03-16 20:45:00,0.0,0
2023-03-16 21:00:00,0.0,0
2023-03-16 21:15:00,0.0,0
2023-03-16 21:30:00,0.0,0
2023-03-16 21:45:00,0.0,0
2023-03-16 22:00:00,0.0,0
2023-03-16 22:15:00,0.0,0
2023-03-16 22:30:00,0.0,0
2023-03-16 22:45:00,0.0,0
2023-03-16 23:00:00,0.0,0
2023-03-16 23:15:00,0.0,0
2023-03-16 23:30:00,0.0,0
2023-03-16 23:45:00,0.0,0
2023-03-17 00:00:00,0.0,0
2023-03-17 00:15:00,0.0,0
2023-03-17 00:30:00,0.0,0
2023-03-17 00:45:00,0.0,0
2023-03-17 01:00:00,0.0,0
2023-03-17 01:15:00,0.0,0
2023-03-17 01:30:00,0.0,0
2023-03-17 01:45:00,0.0,0
2023-03-17 02:00:00,0.0,0
2023-03-17 02:15:00,0.0,0
2023-03-17 02:30:00,0.0,0
2023-03-17 02:45:00,0.0,0
2023-03-17 03:00:00,0.0,0
2023-03-17 03:15:00,0.0,0
2023-03-17 03:30:00,0.0,0
2023-03-17 03:45:00,0.0,0
2023-03-17 04:00:00,0.0,0
2023-03-17 04:15:00,0.0,0
2023-03-17 04:30:00,0.0,0
2023-03-17 04:45:00,0.0,0
2023-03-17 05:00:00,0.0,0
2023-03-17 05:15:00,0.0,0
2023-03-17 05:30:00,0.0,0
2023-03-17 05:45:00,0.0,0
2023-03-17 06:00:00,77.62471771240234,1
2023-03-17 06:15:00,88.08480072021484,1
2023-03-17 06:30:00,99.61188507080078,1
2023-03-17 06:45:00,111.65833282470705,1
2023-03-17 07:00:00,110.4804229736328,1
2023-03-17 07:15:00,128.5115509033203,1
2023-03-17 07:30:00,141.12869262695312,1
2023-03-17 07:45:00,143.3261260986328,1
2023-03-17 08:00:00,147.4309539794922,1
2023-03-17 08:15:00,162.52310180664062,1
2023-03-17 08:30:00,158.45753479003906,1
2023-03-17 08:45:00,159.5529327392578,1
2023-03-17 09:00:00,162.9871368408203,1
2023-03-17 09:15:00,169.27374267578125,1
2023-03-17 09:30:00,164.7357635498047,1
2023-03-17 09:45:00,173.20147705078125,1
2023-03-17 10:00:00,176.33609008789062,1
2023-03-17 10:15:00,176.92465209960938,1
2023-03-17 10:30:00,174.93885803222656,1
2023-03-17 10:45:00,180.5240478515625,1
2023-03-17 11:00:00,161.02659606933594,1
2023-03-17 11:15:00,167.93251037597656,1
2023-03-17 11:30:00,171.43975830078125,1
2023-03-17 11:45:00,170.42672729492188,1
2023-03-17 12:00:00,166.52671813964844,1
2023-03-17 12:15:00,147.23953247070312,1
2023-03-17 12:30:00,140.79652404785156,1
2023-03-17 12:45:00,141.4996795654297,1
2023-03-17 13:00:00,126.12239837646484,1
2023-03-17 13:15:00,119.73844146728516,1
2023-03-17 13:30:00,108.01437377929688,1
2023-03-17 13:45:00,99.40572357177734,1
2023-03-17 14:00:00,97.87903594970705,1
2023-03-17 14:15:00,0.0,0
2023-03-17 14:30:00,0.0,0
2023-03-17 14:45:00,0.0,0
2023-03-17 15:00:00,0.0,0
2023-03-17 15:15:00,0.0,0
2023-03-17 15:30:00,0.0,0
2023-03-17 15:45:00,0.0,0
2023-03-17 16:00:00,0.0,0
2023-03-17 16:15:00,0.0,0
2023-03-17 16:30:00,0.0,0
2023-03-17 16:45:00,0.0,0
2023-03-17 17:00:00,0.0,0
2023-03-17 17:15:00,0.0,0
2023-03-17 17:30:00,0.0,0
2023-03-17 17:45:00,0.0,0
2023-03-17 18:00:00,0.0,0
2023-03-17 18:15:00,0.0,0
2023-03-17 18:30:00,0.0,0
2023-03-17 18:45:00,0.0,0
2023-03-17 19:00:00,0.0,0
2023-03-17 19:15:00,0.0,0
2023-03-17 19:30:00,0.0,0
2023-03-17 19:45:00,0.0,0
2023-03-17 20:00:00,0.0,0
2023-03-17 20:15:00,0.0,0
2023-03-17 20:30:00,0.0,0
2023-03-17 20:45:00,0.0,0
2023-03-17 21:00:00,0.0,0
2023-03-17 21:15:00,0.0,0
2023-03-17 21:30:00,0.0,0
2023-03-17 21:45:00,0.0,0
2023-03-17 22:00:00,0.0,0
2023-03-17 22:15:00,0.0,0
2023-03-17 22:30:00,0.0,0
2023-03-17 22:45:00,0.0,0
2023-03-17 23:00:00,0.0,0
2023-03-17 23:15:00,0.0,0
2023-03-17 23:30:00,0.0,0
2023-03-17 23:45:00,0.0,0
2023-03-18 00:00:00,0.0,0
2023-03-18 00:15:00,0.0,0
2023-03-18 00:30:00,0.0,0
2023-03-18 00:45:00,0.0,0
2023-03-18 01:00:00,0.0,0
2023-03-18 01:15:00,0.0,0
2023-03-18 01:30:00,0.0,0
2023-03-18 01:45:00,0.0,0
2023-03-18 02:00:00,0.0,0
2023-03-18 02:15:00,0.0,0
2023-03-18 02:30:00,0.0,0
2023-03-18 02:45:00,0.0,0
2023-03-18 03:00:00,0.0,0
2023-03-18 03:15:00,0.0,0
2023-03-18 03:30:00,0.0,0
2023-03-18 03:45:00,0.0,0
2023-03-18 04:00:00,0.0,0
2023-03-18 04:15:00,0.0,0
2023-03-18 04:30:00,0.0,0
2023-03-18 04:45:00,0.0,0
2023-03-18 05:00:00,0.0,0
2023-03-18 05:15:00,0.0,0
2023-03-18 05:30:00,0.0,0
2023-03-18 05:45:00,0.0,0
2023-03-18 06:00:00,0.0,0
2023-03-18 06:15:00,0.0,0
2023-03-18 06:30:00,0.0,0
2023-03-18 06:45:00,76.30944061279297,1
2023-03-18 07:00:00,0.0,0
2023-03-18 07:15:00,83.16642761230469,1
2023-03-18 07:30:00,95.07610321044922,1
2023-03-18 07:45:00,84.37870025634766,1
2023-03-18 08:00:00,97.9813003540039,1
2023-03-18 08:15:00,97.63404083251952,1
2023-03-18 08:30:00,112.2257843017578,1
2023-03-18 08:45:00,121.44461822509766,1
2023-03-18 09:00:00,100.30258178710938,1
2023-03-18 09:15:00,101.2260971069336,1
2023-03-18 09:30:00,118.3301010131836,1
2023-03-18 09:45:00,133.8179473876953,1
2023-03-18 10:00:00,132.9568634033203,1
2023-03-18 10:15:00,113.76457214355467,1
2023-03-18 10:30:00,111.85466766357422,1
2023-03-18 10:45:00,83.75934600830078,1
2023-03-18 11:00:00,112.813232421875,1
2023-03-18 11:15:00,127.63348388671876,1
2023-03-18 11:30:00,124.92123413085938,1
2023-03-18 11:45:00,98.04309844970705,1
2023-03-18 12:00:00,108.12769317626952,1
2023-03-18 12:15:00,98.59622955322266,1
2023-03-18 12:30:00,112.65631866455078,1
2023-03-18 12:45:00,0.0,0
2023-03-18 13:00:00,0.0,0
2023-03-18 13:15:00,0.0,0
2023-03-18 13:30:00,0.0,0
2023-03-18 13:45:00,0.0,0
2023-03-18 14:00:00,0.0,0
2023-03-18 14:15:00,0.0,0
2023-03-18 14:30:00,0.0,0
2023-03-18 14:45:00,0.0,0
2023-03-18 15:00:00,0.0,0
2023-03-18 15:15:00,0.0,0
2023-03-18 15:30:00,0.0,0
2023-03-18 15:45:00,0.0,0
2023-03-18 16:00:00,0.0,0
2023-03-18 16:15:00,0.0,0
2023-03-18 16:30:00,0.0,0
2023-03-18 16:45:00,0.0,0
2023-03-18 17:00:00,0.0,0
2023-03-18 17:15:00,0.0,0
2023-03-18 17:30:00,0.0,0
2023-03-18 17:45:00,0.0,0
2023-03-18 18:00:00,0.0,0
2023-03-18 18:15:00,0.0,0
2023-03-18 18:30:00,0.0,0
2023-03-18 18:45:00,0.0,0
2023-03-18 19:00:00,0.0,0
2023-03-18 19:15:00,0.0,0
2023-03-18 19:30:00,0.0,0
2023-03-18 19:45:00,0.0,0
2023-03-18 20:00:00,0.0,0
2023-03-18 20:15:00,0.0,0
2023-03-18 20:30:00,0.0,0
2023-03-18 20:45:00,0.0,0
2023-03-18 21:00:00,0.0,0
2023-03-18 21:15:00,0.0,0
2023-03-18 21:30:00,0.0,0
2023-03-18 21:45:00,0.0,0
2023-03-18 22:00:00,0.0,0
2023-03-18 22:15:00,0.0,0
2023-03-18 22:30:00,0.0,0
2023-03-18 22:45:00,0.0,0
2023-03-18 23:00:00,0.0,0
2023-03-18 23:15:00,0.0,0
2023-03-18 23:30:00,0.0,0
2023-03-18 23:45:00,0.0,0
2023-03-19 00:00:00,0.0,0
2023-03-19 00:15:00,0.0,0
2023-03-19 00:30:00,0.0,0
2023-03-19 00:45:00,0.0,0
2023-03-19 01:00:00,0.0,0
2023-03-19 01:15:00,0.0,0
2023-03-19 01:30:00,0.0,0
2023-03-19 01:45:00,0.0,0
2023-03-19 02:00:00,0.0,0
2023-03-19 02:15:00,0.0,0
2023-03-19 02:30:00,0.0,0
2023-03-19 02:45:00,0.0,0
2023-03-19 03:00:00,0.0,0
2023-03-19 03:15:00,0.0,0
2023-03-19 03:30:00,0.0,0
2023-03-19 03:45:00,0.0,0
2023-03-19 04:00:00,0.0,0
2023-03-19 04:15:00,0.0,0
2023-03-19 04:30:00,0.0,0
2023-03-19 04:45:00,0.0,0
2023-03-19 05:00:00,0.0,0
2023-03-19 05:15:00,0.0,0
2023-03-19 05:30:00,0.0,0
2023-03-19 05:45:00,0.0,0
2023-03-19 06:00:00,0.0,0
2023-03-19 06:15:00,85.32881164550781,1
2023-03-19 06:30:00,99.71401977539062,1
2023-03-19 06:45:00,105.30259704589844,1
2023-03-19 07:00:00,106.93220520019533,1
2023-03-19 07:15:00,126.1259994506836,1
2023-03-19 07:30:00,139.1696319580078,1
2023-03-19 07:45:00,142.20651245117188,1
2023-03-19 08:00:00,151.06271362304688,1
2023-03-19 08:15:00,157.36907958984375,1
2023-03-19 08:30:00,164.6032257080078,1
2023-03-19 08:45:00,155.25546264648438,1
2023-03-19 09:00:00,160.3009490966797,1
2023-03-19 09:15:00,154.7921142578125,1
2023-03-19 09:30:00,164.04786682128906,1
2023-03-19 09:45:00,172.7282257080078,1
2023-03-19 10:00:00,170.72218322753906,1
2023-03-19 10:15:00,168.95132446289062,1
2023-03-19 10:30:00,184.2265167236328,1
2023-03-19 10:45:00,187.93911743164065,1
2023-03-19 11:00:00,169.6908721923828,1
2023-03-19 11:15:00,164.32554626464844,1
2023-03-19 11:30:00,161.2828826904297,1
2023-03-19 11:45:00,161.88206481933594,1
2023-03-19 12:00:00,162.08303833007812,1
2023-03-19 12:15:00,152.60694885253906,1
2023-03-19 12:30:00,147.4676971435547,1
2023-03-19 12:45:00,140.4609832763672,1
2023-03-19 13:00:00,118.07615661621094,1
2023-03-19 13:15:00,110.42827606201172,1
2023-03-19 13:30:00,111.7447509765625,1
2023-03-19 13:45:00,94.68859100341795,1
2023-03-19 14:00:00,100.47541809082033,1
2023-03-19 14:15:00,77.12267303466797,1
2023-03-19 14:30:00,0.0,0
2023-03-19 14:45:00,0.0,0
2023-03-19 15:00:00,0.0,0
2023-03-19 15:15:00,0.0,0
2023-03-19 15:30:00,0.0,0
2023-03-19 15:45:00,0.0,0
2023-03-19 16:00:00,0.0,0
2023-03-19 16:15:00,0.0,0
2023-03-19 16:30:00,0.0,0
2023-03-19 16:45:00,0.0,0
2023-03-19 17:00:00,0.0,0
2023-03-19 17:15:00,0.0,0
2023-03-19 17:30:00,0.0,0
2023-03-19 17:45:00,0.0,0
2023-03-19 18:00:00,0.0,0
2023-03-19 18:15:00,0.0,0
2023-03-19 18:30:00,0.0,0
2023-03-19 18:45:00,0.0,0
2023-03-19 19:00:00,0.0,0
2023-03-19 19:15:00,0.0,0
2023-03-19 19:30:00,0.0,0
2023-03-19 19:45:00,0.0,0
2023-03-19 20:00:00,0.0,0
2023-03-19 20:15:00,0.0,0
2023-03-19 20:30:00,0.0,0
2023-03-19 20:45:00,0.0,0
2023-03-19 21:00:00,0.0,0
2023-03-19 21:15:00,0.0,0
2023-03-19 21:30:00,0.0,0
2023-03-19 21:45:00,0.0,0
2023-03-19 22:00:00,0.0,0
2023-03-19 22:15:00,0.0,0
2023-03-19 22:30:00,0.0,0
2023-03-19 22:45:00,0.0,0
2023-03-19 23:00:00,0.0,0
2023-03-19 23:15:00,0.0,0
2023-03-19 23:30:00,0.0,0
2023-03-19 23:45:00,0.0,0
2023-03-20 00:00:00,0.0,0
2023-03-20 00:15:00,0.0,0
2023-03-20 00:30:00,0.0,0
2023-03-20 00:45:00,0.0,0
2023-03-20 01:00:00,0.0,0
2023-03-20 01:15:00,0.0,0
2023-03-20 01:30:00,0.0,0
2023-03-20 01:45:00,0.0,0
2023-03-20 02:00:00,0.0,0
2023-03-20 02:15:00,0.0,0
2023-03-20 02:30:00,0.0,0
2023-03-20 02:45:00,0.0,0
2023-03-20 03:00:00,0.0,0
2023-03-20 03:15:00,0.0,0
2023-03-20 03:30:00,0.0,0
2023-03-20 03:45:00,0.0,0
2023-03-20 04:00:00,0.0,0
2023-03-20 04:15:00,0.0,0
2023-03-20 04:30:00,0.0,0
2023-03-20 04:45:00,0.0,0
2023-03-20 05:00:00,0.0,0
2023-03-20 05:15:00,0.0,0
2023-03-20 05:30:00,0.0,0
2023-03-20 05:45:00,0.0,0
2023-03-20 06:00:00,0.0,0
2023-03-20 06:15:00,79.58154296875,1
2023-03-20 06:30:00,87.18508911132812,1
2023-03-20 06:45:00,96.75594329833984,1
2023-03-20 07:00:00,98.25270080566406,1
2023-03-20 07:15:00,108.7383270263672,1
2023-03-20 07:30:00,123.685546875,1
2023-03-20 07:45:00,111.78789520263672,1
2023-03-20 08:00:00,131.09463500976562,1
2023-03-20 08:15:00,137.17799377441406,1
2023-03-20 08:30:00,157.57513427734375,1
2023-03-20 08:45:00,135.49012756347656,1
2023-03-20 09:00:00,150.06100463867188,1
2023-03-20 09:15:00,144.7639617919922,1
2023-03-20 09:30:00,148.4088592529297,1
2023-03-20 09:45:00,140.41445922851562,1
2023-03-20 10:00:00,122.54210662841795,1
2023-03-20 10:15:00,132.30885314941406,1
2023-03-20 10:30:00,145.46728515625,1
2023-03-20 10:45:00,145.5179901123047,1
2023-03-20 11:00:00,126.1253890991211,1
2023-03-20 11:15:00,124.81317901611328,1
2023-03-20 11:30:00,128.9562530517578,1
2023-03-20 11:45:00,122.1065444946289,1
2023-03-20 12:00:00,143.59368896484375,1
2023-03-20 12:15:00,146.2114715576172,1
2023-03-20 12:30:00,147.40040588378906,1
2023-03-20 12:45:00,140.29518127441406,1
2023-03-20 13:00:00,112.95914459228516,1
2023-03-20 13:15:00,112.46338653564452,1
2023-03-20 13:30:00,108.18827056884766,1
2023-03-20 13:45:00,82.81806945800781,1
2023-03-20 14:00:00,90.42626190185548,1
2023-03-20 14:15:00,77.24647521972656,1
2023-03-20 14:30:00,0.0,0
2023-03-20 14:45:00,0.0,0
2023-03-20 15:00:00,0.0,0
2023-03-20 15:15:00,0.0,0
2023-03-20 15:30:00,0.0,0
2023-03-20 15:45:00,0.0,0
2023-03-20 16:00:00,0.0,0
2023-03-20 16:15:00,0.0,0
2023-03-20 16:30:00,0.0,0
2023-03-20 16:45:00,0.0,0
2023-03-20 17:00:00,0.0,0
2023-03-20 17:15:00,0.0,0
2023-03-20 17:30:00,0.0,0
2023-03-20 17:45:00,0.0,0
2023-03-20 18:00:00,0.0,0
2023-03-20 18:15:00,0.0,0
2023-03-20 18:30:00,0.0,0
2023-03-20 18:45:00,0.0,0
2023-03-20 19:00:00,0.0,0
2023-03-20 19:15:00,0.0,0
2023-03-20 19:30:00,0.0,0
2023-03-20 19:45:00,0.0,0
2023-03-20 20:00:00,0.0,0
2023-03-20 20:15:00,0.0,0
2023-03-20 20:30:00,0.0,0
2023-03-20 20:45:00,0.0,0
2023-03-20 21:00:00,0.0,0
2023-03-20 21:15:00,0.0,0
2023-03-20 21:30:00,0.0,0
2023-03-20 21:45:00,0.0,0
2023-03-20 22:00:00,0.0,0
2023-03-20 22:15:00,0.0,0
2023-03-20 22:30:00,0.0,0
2023-03-20 22:45:00,0.0,0
2023-03-20 23:00:00,0.0,0
2023-03-20 23:15:00,0.0,0
2023-03-20 23:30:00,0.0,0
2023-03-20 23:45:00,0.0,0
2023-03-21 00:00:00,0.0,0
2023-03-21 00:15:00,0.0,0
2023-03-21 00:30:00,0.0,0
2023-03-21 00:45:00,0.0,0
2023-03-21 01:00:00,0.0,0
2023-03-21 01:15:00,0.0,0
2023-03-21 01:30:00,0.0,0
2023-03-21 01:45:00,0.0,0
2023-03-21 02:00:00,0.0,0
2023-03-21 02:15:00,0.0,0
2023-03-21 02:30:00,0.0,0
2023-03-21 02:45:00,0.0,0
2023-03-21 03:00:00,0.0,0
2023-03-21 03:15:00,0.0,0
2023-03-21 03:30:00,0.0,0
2023-03-21 03:45:00,0.0,0
2023-03-21 04:00:00,0.0,0
2023-03-21 04:15:00,0.0,0
2023-03-21 04:30:00,0.0,0
2023-03-21 04:45:00,0.0,0
2023-03-21 05:00:00,0.0,0
2023-03-21 05:15:00,0.0,0
2023-03-21 05:30:00,0.0,0
2023-03-21 05:45:00,0.0,0
2023-03-21 06:00:00,0.0,0
2023-03-21 06:15:00,90.61297607421876,1
2023-03-21 06:30:00,98.31940460205078,1
2023-03-21 06:45:00,112.47200775146484,1
2023-03-21 07:00:00,107.87310791015624,1
2023-03-21 07:15:00,128.12818908691406,1
2023-03-21 07:30:00,139.84068298339844,1
2023-03-21 07:45:00,140.8211212158203,1
2023-03-21 08:00:00,148.309814453125,1
2023-03-21 08:15:00,160.43276977539062,1
2023-03-21 08:30:00,164.6032257080078,1
2023-03-21 08:45:00,154.23606872558594,1
2023-03-21 09:00:00,160.3336639404297,1
2023-03-21 09:15:00,154.7921142578125,1
2023-03-21 09:30:00,163.7346649169922,1
2023-03-21 09:45:00,172.7282257080078,1
2023-03-21 10:00:00,170.72218322753906,1
2023-03-21 10:15:00,171.91854858398438,1
2023-03-21 10:30:00,184.17710876464844,1
2023-03-21 10:45:00,187.93911743164065,1
2023-03-21 11:00:00,173.5825653076172,1
2023-03-21 11:15:00,164.91627502441406,1
2023-03-21 11:30:00,173.85406494140625,1
2023-03-21 11:45:00,161.47080993652344,1
2023-03-21 12:00:00,162.08303833007812,1
2023-03-21 12:15:00,146.02154541015625,1
2023-03-21 12:30:00,147.40040588378906,1
2023-03-21 12:45:00,140.4609832763672,1
2023-03-21 13:00:00,112.95914459228516,1
2023-03-21 13:15:00,114.43902587890624,1
2023-03-21 13:30:00,109.86041259765624,1
2023-03-21 13:45:00,104.41122436523438,1
2023-03-21 14:00:00,101.50997161865234,1
2023-03-21 14:15:00,76.27613830566406,1
2023-03-21 14:30:00,0.0,0
2023-03-21 14:45:00,0.0,0
2023-03-21 15:00:00,0.0,0
2023-03-21 15:15:00,0.0,0
2023-03-21 15:30:00,0.0,0
2023-03-21 15:45:00,0.0,0
2023-03-21 16:00:00,0.0,0
2023-03-21 16:15:00,0.0,0
2023-03-21 16:30:00,0.0,0
2023-03-21 16:45:00,0.0,0
2023-03-21 17:00:00,0.0,0
2023-03-21 17:15:00,0.0,0
2023-03-21 17:30:00,0.0,0
2023-03-21 17:45:00,0.0,0
2023-03-21 18:00:00,0.0,0
2023-03-21 18:15:00,0.0,0
2023-03-21 18:30:00,0.0,0
2023-03-21 18:45:00,0.0,0
2023-03-21 19:00:00,0.0,0
2023-03-21 19:15:00,0.0,0
2023-03-21 19:30:00,0.0,0
2023-03-21 19:45:00,0.0,0
2023-03-21 20:00:00,0.0,0
2023-03-21 20:15:00,0.0,0
2023-03-21 20:30:00,0.0,0
2023-03-21 20:45:00,0.0,0
2023-03-21 21:00:00,0.0,0
2023-03-21 21:15:00,0.0,0
2023-03-21 21:30:00,0.0,0
2023-03-21 21:45:00,0.0,0
2023-03-21 22:00:00,0.0,0
2023-03-21 22:15:00,0.0,0
2023-03-21 22:30:00,0.0,0
2023-03-21 22:45:00,0.0,0
2023-03-21 23:00:00,0.0,0
2023-03-21 23:15:00,0.0,0
2023-03-21 23:30:00,0.0,0
2023-03-21 23:45:00,0.0,0
2023-03-22 00:00:00,0.0,0
2023-03-22 00:15:00,0.0,0
2023-03-22 00:30:00,0.0,0
2023-03-22 00:45:00,0.0,0
2023-03-22 01:00:00,0.0,0
2023-03-22 01:15:00,0.0,0
2023-03-22 01:30:00,0.0,0
2023-03-22 01:45:00,0.0,0
2023-03-22 02:00:00,0.0,0
2023-03-22 02:15:00,0.0,0
2023-03-22 02:30:00,0.0,0
2023-03-22 02:45:00,0.0,0
2023-03-22 03:00:00,0.0,0
2023-03-22 03:15:00,0.0,0
2023-03-22 03:30:00,0.0,0
2023-03-22 03:45:00,0.0,0
2023-03-22 04:00:00,0.0,0
2023-03-22 04:15:00,0.0,0
2023-03-22 04:30:00,0.0,0
2023-03-22 04:45:00,0.0,0
2023-03-22 05:00:00,0.0,0
2023-03-22 05:15:00,0.0,0
2023-03-22 05:30:00,0.0,0
2023-03-22 05:45:00,0.0,0
2023-03-22 06:00:00,0.0,0
2023-03-22 06:15:00,82.93858337402344,1
2023-03-22 06:30:00,92.75775909423828,1
2023-03-22 06:45:00,111.17979431152344,1
2023-03-22 07:00:00,106.93220520019533,1
2023-03-22 07:15:00,128.12818908691406,1
2023-03-22 07:30:00,139.1696319580078,1
2023-03-22 07:45:00,140.6332550048828,1
2023-03-22 08:00:00,151.29554748535156,1
2023-03-22 08:15:00,154.90443420410156,1
2023-03-22 08:30:00,164.6032257080078,1
2023-03-22 08:45:00,154.23606872558594,1
2023-03-22 09:00:00,163.1509246826172,1
2023-03-22 09:15:00,154.7921142578125,1
2023-03-22 09:30:00,163.7346649169922,1
2023-03-22 09:45:00,172.7282257080078,1
2023-03-22 10:00:00,170.72218322753906,1
2023-03-22 10:15:00,171.91854858398438,1
2023-03-22 10:30:00,184.17710876464844,1
2023-03-22 10:45:00,187.93911743164065,1
2023-03-22 11:00:00,167.87806701660156,1
2023-03-22 11:15:00,164.41021728515625,1
2023-03-22 11:30:00,173.85406494140625,1
2023-03-22 11:45:00,164.47804260253906,1
2023-03-22 12:00:00,158.0659637451172,1
2023-03-22 12:15:00,146.02154541015625,1
2023-03-22 12:30:00,146.9590606689453,1
2023-03-22 12:45:00,140.29518127441406,1
2023-03-22 13:00:00,111.522216796875,1
2023-03-22 13:15:00,120.15354919433594,1
2023-03-22 13:30:00,110.08763885498048,1
2023-03-22 13:45:00,101.73705291748048,1
2023-03-22 14:00:00,102.06991577148438,1
2023-03-22 14:15:00,0.0,0
2023-03-22 14:30:00,0.0,0
2023-03-22 14:45:00,0.0,0
2023-03-22 15:00:00,0.0,0
2023-03-22 15:15:00,0.0,0
2023-03-22 15:30:00,0.0,0
2023-03-22 15:45:00,0.0,0
2023-03-22 16:00:00,0.0,0
2023-03-22 16:15:00,0.0,0
2023-03-22 16:30:00,0.0,0
2023-03-22 16:45:00,0.0,0
2023-03-22 17:00:00,0.0,0
2023-03-22 17:15:00,0.0,0
2023-03-22 17:30:00,0.0,0
2023-03-22 17:45:00,0.0,0
2023-03-22 18:00:00,0.0,0
2023-03-22 18:15:00,0.0,0
2023-03-22 18:30:00,0.0,0
2023-03-22 18:45:00,0.0,0
2023-03-22 19:00:00,0.0,0
2023-03-22 19:15:00,0.0,0
2023-03-22 19:30:00,0.0,0
2023-03-22 19:45:00,0.0,0
2023-03-22 20:00:00,0.0,0
2023-03-22 20:15:00,0.0,0
2023-03-22 20:30:00,0.0,0
2023-03-22 20:45:00,0.0,0
2023-03-22 21:00:00,0.0,0
2023-03-22 21:15:00,0.0,0
2023-03-22 21:30:00,0.0,0
2023-03-22 21:45:00,0.0,0
2023-03-22 22:00:00,0.0,0
2023-03-22 22:15:00,0.0,0
2023-03-22 22:30:00,0.0,0
2023-03-22 22:45:00,0.0,0
2023-03-22 23:00:00,0.0,0
2023-03-22 23:15:00,0.0,0
2023-03-22 23:30:00,0.0,0
2023-03-22 23:45:00,0.0,0
2023-03-23 00:00:00,0.0,0
2023-03-23 00:15:00,0.0,0
2023-03-23 00:30:00,0.0,0
2023-03-23 00:45:00,0.0,0
2023-03-23 01:00:00,0.0,0
2023-03-23 01:15:00,0.0,0
2023-03-23 01:30:00,0.0,0
2023-03-23 01:45:00,0.0,0
2023-03-23 02:00:00,0.0,0
2023-03-23 02:15:00,0.0,0
2023-03-23 02:30:00,0.0,0
2023-03-23 02:45:00,0.0,0
2023-03-23 03:00:00,0.0,0
2023-03-23 03:15:00,0.0,0
2023-03-23 03:30:00,0.0,0
2023-03-23 03:45:00,0.0,0
2023-03-23 04:00:00,0.0,0
2023-03-23 04:15:00,0.0,0
2023-03-23 04:30:00,0.0,0
2023-03-23 04:45:00,0.0,0
2023-03-23 05:00:00,0.0,0
2023-03-23 05:15:00,0.0,0
2023-03-23 05:30:00,0.0,0
2023-03-23 05:45:00,0.0,0
2023-03-23 06:00:00,0.0,0
2023-03-23 06:15:00,96.60822296142578,1
2023-03-23 06:30:00,97.7606964111328,1
2023-03-23 06:45:00,116.90814208984376,1
2023-03-23 07:00:00,107.75675964355467,1
2023-03-23 07:15:00,127.20494842529295,1
2023-03-23 07:30:00,141.12869262695312,1
2023-03-23 07:45:00,144.25071716308594,1
2023-03-23 08:00:00,151.22821044921875,1
2023-03-23 08:15:00,162.8811492919922,1
2023-03-23 08:30:00,166.0425567626953,1
2023-03-23 08:45:00,172.70797729492188,1
2023-03-23 09:00:00,166.10108947753906,1
2023-03-23 09:15:00,170.3606414794922,1
2023-03-23 09:30:00,174.35494995117188,1
2023-03-23 09:45:00,176.69004821777344,1
2023-03-23 10:00:00,180.8672637939453,1
2023-03-23 10:15:00,176.92465209960938,1
2023-03-23 10:30:00,174.93885803222656,1
2023-03-23 10:45:00,180.5240478515625,1
2023-03-23 11:00:00,161.02659606933594,1
2023-03-23 11:15:00,181.68348693847656,1
2023-03-23 11:30:00,177.03591918945312,1
2023-03-23 11:45:00,168.8147430419922,1
2023-03-23 12:00:00,157.34396362304688,1
2023-03-23 12:15:00,143.8461456298828,1
2023-03-23 12:30:00,153.23538208007812,1
2023-03-23 12:45:00,139.53257751464844,1
2023-03-23 13:00:00,116.3912582397461,1
2023-03-23 13:15:00,120.15354919433594,1
2023-03-23 13:30:00,110.08763885498048,1
2023-03-23 13:45:00,101.73705291748048,1
2023-03-23 14:00:00,102.06991577148438,1
2023-03-23 14:15:00,0.0,0
2023-03-23 14:30:00,0.0,0
2023-03-23 14:45:00,0.0,0
2023-03-23 15:00:00,0.0,0
2023-03-23 15:15:00,0.0,0
2023-03-23 15:30:00,0.0,0
2023-03-23 15:45:00,0.0,0
2023-03-23 16:00:00,0.0,0
2023-03-23 16:15:00,0.0,0
2023-03-23 16:30:00,0.0,0
2023-03-23 16:45:00,0.0,0
2023-03-23 17:00:00,0.0,0
2023-03-23 17:15:00,0.0,0
2023-03-23 17:30:00,0.0,0
2023-03-23 17:45:00,0.0,0
2023-03-23 18:00:00,0.0,0
2023-03-23 18:15:00,0.0,0
2023-03-23 18:30:00,0.0,0
2023-03-23 18:45:00,0.0,0
2023-03-23 19:00:00,0.0,0
2023-03-23 19:15:00,0.0,0
2023-03-23 19:30:00,0.0,0
2023-03-23 19:45:00,0.0,0
2023-03-23 20:00:00,0.0,0
2023-03-23 20:15:00,0.0,0
2023-03-23 20:30:00,0.0,0
2023-03-23 20:45:00,0.0,0
2023-03-23 21:00:00,0.0,0
2023-03-23 21:15:00,0.0,0
2023-03-23 21:30:00,0.0,0
2023-03-23 21:45:00,0.0,0
2023-03-23 22:00:00,0.0,0
2023-03-23 22:15:00,0.0,0
2023-03-23 22:30:00,0.0,0
2023-03-23 22:45:00,0.0,0
2023-03-23 23:00:00,0.0,0
2023-03-23 23:15:00,0.0,0
2023-03-23 23:30:00,0.0,0
2023-03-23 23:45:00,0.0,0
2023-03-24 00:00:00,0.0,0
2023-03-24 00:15:00,0.0,0
2023-03-24 00:30:00,0.0,0
2023-03-24 00:45:00,0.0,0
2023-03-24 01:00:00,0.0,0
2023-03-24 01:15:00,0.0,0
2023-03-24 01:30:00,0.0,0
2023-03-24 01:45:00,0.0,0
2023-03-24 02:00:00,0.0,0
2023-03-24 02:15:00,0.0,0
2023-03-24 02:30:00,0.0,0
2023-03-24 02:45:00,0.0,0
2023-03-24 03:00:00,0.0,0
2023-03-24 03:15:00,0.0,0
2023-03-24 03:30:00,0.0,0
2023-03-24 03:45:00,0.0,0
2023-03-24 04:00:00,0.0,0
2023-03-24 04:15:00,0.0,0
2023-03-24 04:30:00,0.0,0
2023-03-24 04:45:00,0.0,0
2023-03-24 05:00:00,0.0,0
2023-03-24 05:15:00,0.0,0
2023-03-24 05:30:00,0.0,0
2023-03-24 05:45:00,0.0,0
2023-03-24 06:00:00,0.0,0
2023-03-24 06:15:00,0.0,0
2023-03-24 06:30:00,0.0,0
2023-03-24 06:45:00,0.0,0
2023-03-24 07:00:00,0.0,0
2023-03-24 07:15:00,95.9284210205078,1
2023-03-24 07:30:00,120.71065521240234,1
2023-03-24 07:45:00,127.75519561767578,1
2023-03-24 08:00:00,127.74211883544922,1
2023-03-24 08:15:00,122.9028091430664,1
2023-03-24 08:30:00,132.10968017578125,1
2023-03-24 08:45:00,133.59042358398438,1
2023-03-24 09:00:00,133.78372192382812,1
2023-03-24 09:15:00,145.32080078125,1
2023-03-24 09:30:00,148.28329467773438,1
2023-03-24 09:45:00,144.7544708251953,1
2023-03-24 10:00:00,150.5293426513672,1
2023-03-24 10:15:00,134.36764526367188,1
2023-03-24 10:30:00,161.9795379638672,1
2023-03-24 10:45:00,185.9351348876953,1
2023-03-24 11:00:00,173.5825653076172,1
2023-03-24 11:15:00,177.06805419921875,1
2023-03-24 11:30:00,172.71719360351562,1
2023-03-24 11:45:00,163.01351928710938,1
2023-03-24 12:00:00,148.17906188964844,1
2023-03-24 12:15:00,145.20367431640625,1
2023-03-24 12:30:00,146.7017059326172,1
2023-03-24 12:45:00,136.86810302734375,1
2023-03-24 13:00:00,111.55665588378906,1
2023-03-24 13:15:00,122.53072357177734,1
2023-03-24 13:30:00,106.61748504638672,1
2023-03-24 13:45:00,101.12269592285156,1
2023-03-24 14:00:00,89.36550903320312,1
2023-03-24 14:15:00,0.0,0
2023-03-24 14:30:00,0.0,0
2023-03-24 14:45:00,0.0,0
2023-03-24 15:00:00,0.0,0
2023-03-24 15:15:00,0.0,0
2023-03-24 15:30:00,0.0,0
2023-03-24 15:45:00,0.0,0
2023-03-24 16:00:00,0.0,0
2023-03-24 16:15:00,0.0,0
2023-03-24 16:30:00,0.0,0
2023-03-24 16:45:00,0.0,0
2023-03-24 17:00:00,0.0,0
2023-03-24 17:15:00,0.0,0
2023-03-24 17:30:00,0.0,0
2023-03-24 17:45:00,0.0,0
2023-03-24 18:00:00,0.0,0
2023-03-24 18:15:00,0.0,0
2023-03-24 18:30:00,0.0,0
2023-03-24 18:45:00,0.0,0
2023-03-24 19:00:00,0.0,0
2023-03-24 19:15:00,0.0,0
2023-03-24 19:30:00,0.0,0
2023-03-24 19:45:00,0.0,0
2023-03-24 20:00:00,0.0,0
2023-03-24 20:15:00,0.0,0
2023-03-24 20:30:00,0.0,0
2023-03-24 20:45:00,0.0,0
2023-03-24 21:00:00,0.0,0
2023-03-24 21:15:00,0.0,0
2023-03-24 21:30:00,0.0,0
2023-03-24 21:45:00,0.0,0
2023-03-24 22:00:00,0.0,0
2023-03-24 22:15:00,0.0,0
2023-03-24 22:30:00,0.0,0
2023-03-24 22:45:00,0.0,0
2023-03-24 23:00:00,0.0,0
2023-03-24 23:15:00,0.0,0
2023-03-24 23:30:00,0.0,0
2023-03-24 23:45:00,0.0,0
2023-03-25 00:00:00,0.0,0
2023-03-25 00:15:00,0.0,0
2023-03-25 00:30:00,0.0,0
2023-03-25 00:45:00,0.0,0
2023-03-25 01:00:00,0.0,0
2023-03-25 01:15:00,0.0,0
2023-03-25 01:30:00,0.0,0
2023-03-25 01:45:00,0.0,0
2023-03-25 02:00:00,0.0,0
2023-03-25 02:15:00,0.0,0
2023-03-25 02:30:00,0.0,0
2023-03-25 02:45:00,0.0,0
2023-03-25 03:00:00,0.0,0
2023-03-25 03:15:00,0.0,0
2023-03-25 03:30:00,0.0,0
2023-03-25 03:45:00,0.0,0
2023-03-25 04:00:00,0.0,0
2023-03-25 04:15:00,0.0,0
2023-03-25 04:30:00,0.0,0
2023-03-25 04:45:00,0.0,0
2023-03-25 05:00:00,0.0,0
2023-03-25 05:15:00,0.0,0
2023-03-25 05:30:00,0.0,0
2023-03-25 05:45:00,0.0,0
2023-03-25 06:00:00,0.0,0
2023-03-25 06:15:00,83.1395263671875,1
2023-03-25 06:30:00,97.7606964111328,1
2023-03-25 06:45:00,112.47200775146484,1
2023-03-25 07:00:00,116.99454498291016,1
2023-03-25 07:15:00,127.20494842529295,1
2023-03-25 07:30:00,141.78025817871094,1
2023-03-25 07:45:00,153.507080078125,1
2023-03-25 08:00:00,147.4309539794922,1
2023-03-25 08:15:00,164.3374481201172,1
2023-03-25 08:30:00,172.59085083007812,1
2023-03-25 08:45:00,168.48182678222656,1
2023-03-25 09:00:00,167.9877166748047,1
2023-03-25 09:15:00,160.39361572265625,1
2023-03-25 09:30:00,164.7357635498047,1
2023-03-25 09:45:00,173.20147705078125,1
2023-03-25 10:00:00,176.33609008789062,1
2023-03-25 10:15:00,173.43606567382812,1
2023-03-25 10:30:00,174.52191162109375,1
2023-03-25 10:45:00,187.3831787109375,1
2023-03-25 11:00:00,176.8127899169922,1
2023-03-25 11:15:00,177.57411193847656,1
2023-03-25 11:30:00,173.85406494140625,1
2023-03-25 11:45:00,164.47804260253906,1
2023-03-25 12:00:00,158.0659637451172,1
2023-03-25 12:15:00,152.0955352783203,1
2023-03-25 12:30:00,146.7017059326172,1
2023-03-25 12:45:00,136.8522186279297,1
2023-03-25 13:00:00,132.392578125,1
2023-03-25 13:15:00,122.53072357177734,1
2023-03-25 13:30:00,107.9301986694336,1
2023-03-25 13:45:00,102.0068588256836,1
2023-03-25 14:00:00,88.16992950439453,1
2023-03-25 14:15:00,75.16162109375,1
2023-03-25 14:30:00,0.0,0
2023-03-25 14:45:00,0.0,0
2023-03-25 15:00:00,0.0,0
2023-03-25 15:15:00,0.0,0
2023-03-25 15:30:00,0.0,0
2023-03-25 15:45:00,0.0,0
2023-03-25 16:00:00,0.0,0
2023-03-25 16:15:00,0.0,0
2023-03-25 16:30:00,0.0,0
2023-03-25 16:45:00,0.0,0
2023-03-25 17:00:00,0.0,0
2023-03-25 17:15:00,0.0,0
2023-03-25 17:30:00,0.0,0
2023-03-25 17:45:00,0.0,0
2023-03-25 18:00:00,0.0,0
2023-03-25 18:15:00,0.0,0
2023-03-25 18:30:00,0.0,0
2023-03-25 18:45:00,0.0,0
2023-03-25 19:00:00,0.0,0
2023-03-25 19:15:00,0.0,0
2023-03-25 19:30:00,0.0,0
2023-03-25 19:45:00,0.0,0
2023-03-25 20:00:00,0.0,0
2023-03-25 20:15:00,0.0,0
2023-03-25 20:30:00,0.0,0
2023-03-25 20:45:00,0.0,0
2023-03-25 21:00:00,0.0,0
2023-03-25 21:15:00,0.0,0
2023-03-25 21:30:00,0.0,0
2023-03-25 21:45:00,0.0,0
2023-03-25 22:00:00,0.0,0
2023-03-25 22:15:00,0.0,0
2023-03-25 22:30:00,0.0,0
2023-03-25 22:45:00,0.0,0
2023-03-25 23:00:00,0.0,0
2023-03-25 23:15:00,0.0,0
2023-03-25 23:30:00,0.0,0
2023-03-25 23:45:00,0.0,0
2023-03-26 00:00:00,0.0,0
2023-03-26 00:15:00,0.0,0
2023-03-26 00:30:00,0.0,0
2023-03-26 00:45:00,0.0,0
2023-03-26 01:00:00,0.0,0
2023-03-26 01:15:00,0.0,0
2023-03-26 01:30:00,0.0,0
2023-03-26 01:45:00,0.0,0
2023-03-26 02:00:00,0.0,0
2023-03-26 02:15:00,0.0,0
2023-03-26 02:30:00,0.0,0
2023-03-26 02:45:00,0.0,0
2023-03-26 03:00:00,0.0,0
2023-03-26 03:15:00,0.0,0
2023-03-26 03:30:00,0.0,0
2023-03-26 03:45:00,0.0,0
2023-03-26 04:00:00,0.0,0
2023-03-26 04:15:00,0.0,0
2023-03-26 04:30:00,0.0,0
2023-03-26 04:45:00,0.0,0
2023-03-26 05:00:00,0.0,0
2023-03-26 05:15:00,0.0,0
2023-03-26 05:30:00,0.0,0
2023-03-26 05:45:00,0.0,0
2023-03-26 06:00:00,0.0,0
2023-03-26 06:15:00,82.3934555053711,1
2023-03-26 06:30:00,96.70362854003906,1
2023-03-26 06:45:00,114.19206237792967,1
2023-03-26 07:00:00,116.99454498291016,1
2023-03-26 07:15:00,125.73870849609376,1
2023-03-26 07:30:00,140.03053283691406,1
2023-03-26 07:45:00,152.37973022460938,1
2023-03-26 08:00:00,149.0736846923828,1
2023-03-26 08:15:00,164.2671661376953,1
2023-03-26 08:30:00,168.13604736328125,1
2023-03-26 08:45:00,173.67491149902344,1
2023-03-26 09:00:00,165.8035888671875,1
2023-03-26 09:15:00,159.73480224609375,1
2023-03-26 09:30:00,168.18869018554688,1
2023-03-26 09:45:00,176.91036987304688,1
2023-03-26 10:00:00,173.705322265625,1
2023-03-26 10:15:00,171.91854858398438,1
2023-03-26 10:30:00,184.17710876464844,1
2023-03-26 10:45:00,186.3520965576172,1
2023-03-26 11:00:00,175.03720092773438,1
2023-03-26 11:15:00,176.56724548339844,1
2023-03-26 11:30:00,171.4814910888672,1
2023-03-26 11:45:00,163.01351928710938,1
2023-03-26 12:00:00,157.8752899169922,1
2023-03-26 12:15:00,148.49977111816406,1
2023-03-26 12:30:00,146.269287109375,1
2023-03-26 12:45:00,139.06153869628906,1
2023-03-26 13:00:00,131.36695861816406,1
2023-03-26 13:15:00,120.32617950439452,1
2023-03-26 13:30:00,104.84284973144533,1
2023-03-26 13:45:00,82.42212677001953,1
2023-03-26 14:00:00,88.16992950439453,1
2023-03-26 14:15:00,0.0,0
2023-03-26 14:30:00,0.0,0
2023-03-26 14:45:00,0.0,0
2023-03-26 15:00:00,0.0,0
2023-03-26 15:15:00,0.0,0
2023-03-26 15:30:00,0.0,0
2023-03-26 15:45:00,0.0,0
2023-03-26 16:00:00,0.0,0
2023-03-26 16:15:00,0.0,0
2023-03-26 16:30:00,0.0,0
2023-03-26 16:45:00,0.0,0
2023-03-26 17:00:00,0.0,0
2023-03-26 17:15:00,0.0,0
2023-03-26 17:30:00,0.0,0
2023-03-26 17:45:00,0.0,0
2023-03-26 18:00:00,0.0,0
2023-03-26 18:15:00,0.0,0
2023-03-26 18:30:00,0.0,0
2023-03-26 18:45:00,0.0,0
2023-03-26 19:00:00,0.0,0
2023-03-26 19:15:00,0.0,0
2023-03-26 19:30:00,0.0,0
2023-03-26 19:45:00,0.0,0
2023-03-26 20:00:00,0.0,0
2023-03-26 20:15:00,0.0,0
2023-03-26 20:30:00,0.0,0
2023-03-26 20:45:00,0.0,0
2023-03-26 21:00:00,0.0,0
2023-03-26 21:15:00,0.0,0
2023-03-26 21:30:00,0.0,0
2023-03-26 21:45:00,0.0,0
2023-03-26 22:00:00,0.0,0
2023-03-26 22:15:00,0.0,0
2023-03-26 22:30:00,0.0,0
2023-03-26 22:45:00,0.0,0
2023-03-26 23:00:00,0.0,0
2023-03-26 23:15:00,0.0,0
2023-03-26 23:30:00,0.0,0
2023-03-26 23:45:00,0.0,0
2023-03-27 00:00:00,0.0,0
2023-03-27 00:15:00,0.0,0
2023-03-27 00:30:00,0.0,0
2023-03-27 00:45:00,0.0,0
2023-03-27 01:00:00,0.0,0
2023-03-27 01:15:00,0.0,0
2023-03-27 01:30:00,0.0,0
2023-03-27 01:45:00,0.0,0
2023-03-27 02:00:00,0.0,0
2023-03-27 02:15:00,0.0,0
2023-03-27 02:30:00,0.0,0
2023-03-27 02:45:00,0.0,0
2023-03-27 03:00:00,0.0,0
2023-03-27 03:15:00,0.0,0
2023-03-27 03:30:00,0.0,0
2023-03-27 03:45:00,0.0,0
2023-03-27 04:00:00,0.0,0
2023-03-27 04:15:00,0.0,0
2023-03-27 04:30:00,0.0,0
2023-03-27 04:45:00,0.0,0
2023-03-27 05:00:00,0.0,0
2023-03-27 05:15:00,0.0,0
2023-03-27 05:30:00,0.0,0
2023-03-27 05:45:00,0.0,0
2023-03-27 06:00:00,0.0,0
2023-03-27 06:15:00,83.1395263671875,1
2023-03-27 06:30:00,90.7623291015625,1
2023-03-27 06:45:00,112.13207244873048,1
2023-03-27 07:00:00,116.855224609375,1
2023-03-27 07:15:00,127.20494842529295,1
2023-03-27 07:30:00,141.1024627685547,1
2023-03-27 07:45:00,153.68185424804688,1
2023-03-27 08:00:00,148.14617919921875,1
2023-03-27 08:15:00,158.79652404785156,1
2023-03-27 08:30:00,167.98780822753906,1
2023-03-27 08:45:00,171.595458984375,1
2023-03-27 09:00:00,184.06219482421875,1
2023-03-27 09:15:00,183.3720703125,1
2023-03-27 09:30:00,175.06655883789062,1
2023-03-27 09:45:00,173.61842346191406,1
2023-03-27 10:00:00,173.68145751953125,1
2023-03-27 10:15:00,175.77459716796875,1
2023-03-27 10:30:00,178.504150390625,1
2023-03-27 10:45:00,192.9141540527344,1
2023-03-27 11:00:00,190.32763671875,1
2023-03-27 11:15:00,182.37945556640625,1
2023-03-27 11:30:00,180.8925628662109,1
2023-03-27 11:45:00,164.71629333496094,1
2023-03-27 12:00:00,152.12686157226562,1
2023-03-27 12:15:00,149.10740661621094,1
2023-03-27 12:30:00,136.79615783691406,1
2023-03-27 12:45:00,139.1259002685547,1
2023-03-27 13:00:00,132.2904510498047,1
2023-03-27 13:15:00,123.3519515991211,1
2023-03-27 13:30:00,99.77727508544922,1
2023-03-27 13:45:00,102.93412017822266,1
2023-03-27 14:00:00,88.77198791503906,1
2023-03-27 14:15:00,76.45513916015625,1
2023-03-27 14:30:00,0.0,0
2023-03-27 14:45:00,0.0,0
2023-03-27 15:00:00,0.0,0
2023-03-27 15:15:00,0.0,0
2023-03-27 15:30:00,0.0,0
2023-03-27 15:45:00,0.0,0
2023-03-27 16:00:00,0.0,0
2023-03-27 16:15:00,0.0,0
2023-03-27 16:30:00,0.0,0
2023-03-27 16:45:00,0.0,0
2023-03-27 17:00:00,0.0,0
2023-03-27 17:15:00,0.0,0
2023-03-27 17:30:00,0.0,0
2023-03-27 17:45:00,0.0,0
2023-03-27 18:00:00,0.0,0
2023-03-27 18:15:00,0.0,0
2023-03-27 18:30:00,0.0,0
2023-03-27 18:45:00,0.0,0
2023-03-27 19:00:00,0.0,0
2023-03-27 19:15:00,0.0,0
2023-03-27 19:30:00,0.0,0
2023-03-27 19:45:00,0.0,0
2023-03-27 20:00:00,0.0,0
2023-03-27 20:15:00,0.0,0
2023-03-27 20:30:00,0.0,0
2023-03-27 20:45:00,0.0,0
2023-03-27 21:00:00,0.0,0
2023-03-27 21:15:00,0.0,0
2023-03-27 21:30:00,0.0,0
2023-03-27 21:45:00,0.0,0
2023-03-27 22:00:00,0.0,0
2023-03-27 22:15:00,0.0,0
2023-03-27 22:30:00,0.0,0
2023-03-27 22:45:00,0.0,0
2023-03-27 23:00:00,0.0,0
2023-03-27 23:15:00,0.0,0
2023-03-27 23:30:00,0.0,0
2023-03-27 23:45:00,0.0,0
2023-03-28 00:00:00,0.0,0
2023-03-28 00:15:00,0.0,0
2023-03-28 00:30:00,0.0,0
2023-03-28 00:45:00,0.0,0
2023-03-28 01:00:00,0.0,0
2023-03-28 01:15:00,0.0,0
2023-03-28 01:30:00,0.0,0
2023-03-28 01:45:00,0.0,0
2023-03-28 02:00:00,0.0,0
2023-03-28 02:15:00,0.0,0
2023-03-28 02:30:00,0.0,0
2023-03-28 02:45:00,0.0,0
2023-03-28 03:00:00,0.0,0
2023-03-28 03:15:00,0.0,0
2023-03-28 03:30:00,0.0,0
2023-03-28 03:45:00,0.0,0
2023-03-28 04:00:00,0.0,0
2023-03-28 04:15:00,0.0,0
2023-03-28 04:30:00,0.0,0
2023-03-28 04:45:00,0.0,0
2023-03-28 05:00:00,0.0,0
2023-03-28 05:15:00,0.0,0
2023-03-28 05:30:00,0.0,0
2023-03-28 05:45:00,0.0,0
2023-03-28 06:00:00,0.0,0
2023-03-28 06:15:00,82.3934555053711,1
2023-03-28 06:30:00,87.37403106689453,1
2023-03-28 06:45:00,112.89984130859376,1
2023-03-28 07:00:00,113.36769104003906,1
2023-03-28 07:15:00,125.73870849609376,1
2023-03-28 07:30:00,130.09112548828125,1
2023-03-28 07:45:00,149.53265380859375,1
2023-03-28 08:00:00,148.309814453125,1
2023-03-28 08:15:00,160.43276977539062,1
2023-03-28 08:30:00,167.8609161376953,1
2023-03-28 08:45:00,171.8826904296875,1
2023-03-28 09:00:00,174.6634063720703,1
2023-03-28 09:15:00,178.31466674804688,1
2023-03-28 09:30:00,166.55067443847656,1
2023-03-28 09:45:00,176.91036987304688,1
2023-03-28 10:00:00,173.705322265625,1
2023-03-28 10:15:00,171.91854858398438,1
2023-03-28 10:30:00,184.17710876464844,1
2023-03-28 10:45:00,186.73585510253903,1
2023-03-28 11:00:00,180.29576110839844,1
2023-03-28 11:15:00,174.75961303710938,1
2023-03-28 11:30:00,169.4686737060547,1
2023-03-28 11:45:00,161.2777862548828,1
2023-03-28 12:00:00,156.6127166748047,1
2023-03-28 12:15:00,150.40792846679688,1
2023-03-28 12:30:00,147.86268615722656,1
2023-03-28 12:45:00,138.01153564453125,1
2023-03-28 13:00:00,128.06768798828125,1
2023-03-28 13:15:00,114.80746459960938,1
2023-03-28 13:30:00,94.9129638671875,1
2023-03-28 13:45:00,99.56022644042967,1
2023-03-28 14:00:00,82.14347076416016,1
2023-03-28 14:15:00,0.0,0
2023-03-28 14:30:00,0.0,0
2023-03-28 14:45:00,0.0,0
2023-03-28 15:00:00,0.0,0
2023-03-28 15:15:00,0.0,0
2023-03-28 15:30:00,0.0,0
2023-03-28 15:45:00,0.0,0
2023-03-28 16:00:00,0.0,0
2023-03-28 16:15:00,0.0,0
2023-03-28 16:30:00,0.0,0
2023-03-28 16:45:00,0.0,0
2023-03-28 17:00:00,0.0,0
2023-03-28 17:15:00,0.0,0
2023-03-28 17:30:00,0.0,0
2023-03-28 17:45:00,0.0,0
2023-03-28 18:00:00,0.0,0
2023-03-28 18:15:00,0.0,0
2023-03-28 18:30:00,0.0,0
2023-03-28 18:45:00,0.0,0
2023-03-28 19:00:00,0.0,0
2023-03-28 19:15:00,0.0,0
2023-03-28 19:30:00,0.0,0
2023-03-28 19:45:00,0.0,0
2023-03-28 20:00:00,0.0,0
2023-03-28 20:15:00,0.0,0
2023-03-28 20:30:00,0.0,0
2023-03-28 20:45:00,0.0,0
2023-03-28 21:00:00,0.0,0
2023-03-28 21:15:00,0.0,0
2023-03-28 21:30:00,0.0,0
2023-03-28 21:45:00,0.0,0
2023-03-28 22:00:00,0.0,0
2023-03-28 22:15:00,0.0,0
2023-03-28 22:30:00,0.0,0
2023-03-28 22:45:00,0.0,0
2023-03-28 23:00:00,0.0,0
2023-03-28 23:15:00,0.0,0
2023-03-28 23:30:00,0.0,0
2023-03-28 23:45:00,0.0,0
2023-03-29 00:00:00,0.0,0
2023-03-29 00:15:00,0.0,0
2023-03-29 00:30:00,0.0,0
2023-03-29 00:45:00,0.0,0
2023-03-29 01:00:00,0.0,0
2023-03-29 01:15:00,0.0,0
2023-03-29 01:30:00,0.0,0
2023-03-29 01:45:00,0.0,0
2023-03-29 02:00:00,0.0,0
2023-03-29 02:15:00,0.0,0
2023-03-29 02:30:00,0.0,0
2023-03-29 02:45:00,0.0,0
2023-03-29 03:00:00,0.0,0
2023-03-29 03:15:00,0.0,0
2023-03-29 03:30:00,0.0,0
2023-03-29 03:45:00,0.0,0
2023-03-29 04:00:00,0.0,0
2023-03-29 04:15:00,0.0,0
2023-03-29 04:30:00,0.0,0
2023-03-29 04:45:00,0.0,0
2023-03-29 05:00:00,0.0,0
2023-03-29 05:15:00,0.0,0
2023-03-29 05:30:00,0.0,0
2023-03-29 05:45:00,0.0,0
2023-03-29 06:00:00,0.0,0
2023-03-29 06:15:00,81.790283203125,1
2023-03-29 06:30:00,87.58536529541016,1
2023-03-29 06:45:00,104.9136199951172,1
2023-03-29 07:00:00,113.36769104003906,1
2023-03-29 07:15:00,125.73870849609376,1
2023-03-29 07:30:00,130.59922790527344,1
2023-03-29 07:45:00,147.125,1
2023-03-29 08:00:00,151.97079467773438,1
2023-03-29 08:15:00,154.90443420410156,1
2023-03-29 08:30:00,163.85940551757812,1
2023-03-29 08:45:00,168.19444274902344,1
2023-03-29 09:00:00,174.8092498779297,1
2023-03-29 09:15:00,178.36412048339844,1
2023-03-29 09:30:00,161.37364196777344,1
2023-03-29 09:45:00,162.39743041992188,1
2023-03-29 10:00:00,165.36529541015625,1
2023-03-29 10:15:00,159.0479736328125,1
2023-03-29 10:30:00,180.77703857421875,1
2023-03-29 10:45:00,187.72286987304688,1
2023-03-29 11:00:00,174.24139404296875,1
2023-03-29 11:15:00,165.97525024414062,1
2023-03-29 11:30:00,161.30113220214844,1
2023-03-29 11:45:00,162.25437927246094,1
2023-03-29 12:00:00,153.11669921875,1
2023-03-29 12:15:00,134.59178161621094,1
2023-03-29 12:30:00,144.03173828125,1
2023-03-29 12:45:00,126.10890197753906,1
2023-03-29 13:00:00,125.0192642211914,1
2023-03-29 13:15:00,104.9162139892578,1
2023-03-29 13:30:00,113.6025619506836,1
2023-03-29 13:45:00,97.83767700195312,1
2023-03-29 14:00:00,82.35135650634766,1
2023-03-29 14:15:00,0.0,0
2023-03-29 14:30:00,0.0,0
2023-03-29 14:45:00,0.0,0
2023-03-29 15:00:00,0.0,0
2023-03-29 15:15:00,0.0,0
2023-03-29 15:30:00,0.0,0
2023-03-29 15:45:00,0.0,0
2023-03-29 16:00:00,0.0,0
2023-03-29 16:15:00,0.0,0
2023-03-29 16:30:00,0.0,0
2023-03-29 16:45:00,0.0,0
2023-03-29 17:00:00,0.0,0
2023-03-29 17:15:00,0.0,0
2023-03-29 17:30:00,0.0,0
2023-03-29 17:45:00,0.0,0
2023-03-29 18:00:00,0.0,0
2023-03-29 18:15:00,0.0,0
2023-03-29 18:30:00,0.0,0
2023-03-29 18:45:00,0.0,0
2023-03-29 19:00:00,0.0,0
2023-03-29 19:15:00,0.0,0
2023-03-29 19:30:00,0.0,0
2023-03-29 19:45:00,0.0,0
2023-03-29 20:00:00,0.0,0
2023-03-29 20:15:00,0.0,0
2023-03-29 20:30:00,0.0,0
2023-03-29 20:45:00,0.0,0
2023-03-29 21:00:00,0.0,0
2023-03-29 21:15:00,0.0,0
2023-03-29 21:30:00,0.0,0
2023-03-29 21:45:00,0.0,0
2023-03-29 22:00:00,0.0,0
2023-03-29 22:15:00,0.0,0
2023-03-29 22:30:00,0.0,0
2023-03-29 22:45:00,0.0,0
2023-03-29 23:00:00,0.0,0
2023-03-29 23:15:00,0.0,0
2023-03-29 23:30:00,0.0,0
2023-03-29 23:45:00,0.0,0
2023-03-30 00:00:00,0.0,0
2023-03-30 00:15:00,0.0,0
2023-03-30 00:30:00,0.0,0
2023-03-30 00:45:00,0.0,0
2023-03-30 01:00:00,0.0,0
2023-03-30 01:15:00,0.0,0
2023-03-30 01:30:00,0.0,0
2023-03-30 01:45:00,0.0,0
2023-03-30 02:00:00,0.0,0
2023-03-30 02:15:00,0.0,0
2023-03-30 02:30:00,0.0,0
2023-03-30 02:45:00,0.0,0
2023-03-30 03:00:00,0.0,0
2023-03-30 03:15:00,0.0,0
2023-03-30 03:30:00,0.0,0
2023-03-30 03:45:00,0.0,0
2023-03-30 04:00:00,0.0,0
2023-03-30 04:15:00,0.0,0
2023-03-30 04:30:00,0.0,0
2023-03-30 04:45:00,0.0,0
2023-03-30 05:00:00,0.0,0
2023-03-30 05:15:00,0.0,0
2023-03-30 05:30:00,0.0,0
2023-03-30 05:45:00,0.0,0
2023-03-30 06:00:00,0.0,0
2023-03-30 06:15:00,85.22972869873047,1
2023-03-30 06:30:00,87.4948959350586,1
2023-03-30 06:45:00,98.94617462158205,1
2023-03-30 07:00:00,114.06322479248048,1
2023-03-30 07:15:00,125.26847076416016,1
2023-03-30 07:30:00,127.85374450683594,1
2023-03-30 07:45:00,142.8011474609375,1
2023-03-30 08:00:00,144.342041015625,1
2023-03-30 08:15:00,152.43060302734375,1
2023-03-30 08:30:00,157.3142547607422,1
2023-03-30 08:45:00,167.87722778320312,1
2023-03-30 09:00:00,173.3907012939453,1
2023-03-30 09:15:00,182.61911010742188,1
2023-03-30 09:30:00,175.5724639892578,1
2023-03-30 09:45:00,180.52395629882807,1
2023-03-30 10:00:00,170.72218322753906,1
2023-03-30 10:15:00,176.5778350830078,1
2023-03-30 10:30:00,184.12954711914065,1
2023-03-30 10:45:00,194.9887542724609,1
2023-03-30 11:00:00,180.29576110839844,1
2023-03-30 11:15:00,174.75961303710938,1
2023-03-30 11:30:00,169.4686737060547,1
2023-03-30 11:45:00,164.7841339111328,1
2023-03-30 12:00:00,150.83370971679688,1
2023-03-30 12:15:00,150.37081909179688,1
2023-03-30 12:30:00,138.44021606445312,1
2023-03-30 12:45:00,138.90628051757812,1
2023-03-30 13:00:00,130.40567016601562,1
2023-03-30 13:15:00,105.07121276855467,1
2023-03-30 13:30:00,111.3746337890625,1
2023-03-30 13:45:00,98.31597137451172,1
2023-03-30 14:00:00,0.0,0
2023-03-30 14:15:00,0.0,0
2023-03-30 14:30:00,0.0,0
2023-03-30 14:45:00,0.0,0
2023-03-30 15:00:00,0.0,0
2023-03-30 15:15:00,0.0,0
2023-03-30 15:30:00,0.0,0
2023-03-30 15:45:00,0.0,0
2023-03-30 16:00:00,0.0,0
2023-03-30 16:15:00,0.0,0
2023-03-30 16:30:00,0.0,0
2023-03-30 16:45:00,0.0,0
2023-03-30 17:00:00,0.0,0
2023-03-30 17:15:00,0.0,0
2023-03-30 17:30:00,0.0,0
2023-03-30 17:45:00,0.0,0
2023-03-30 18:00:00,0.0,0
2023-03-30 18:15:00,0.0,0
2023-03-30 18:30:00,0.0,0
2023-03-30 18:45:00,0.0,0
2023-03-30 19:00:00,0.0,0
2023-03-30 19:15:00,0.0,0
2023-03-30 19:30:00,0.0,0
2023-03-30 19:45:00,0.0,0
2023-03-30 20:00:00,0.0,0
2023-03-30 20:15:00,0.0,0
2023-03-30 20:30:00,0.0,0
2023-03-30 20:45:00,0.0,0
2023-03-30 21:00:00,0.0,0
2023-03-30 21:15:00,0.0,0
2023-03-30 21:30:00,0.0,0
2023-03-30 21:45:00,0.0,0
2023-03-30 22:00:00,0.0,0
2023-03-30 22:15:00,0.0,0
2023-03-30 22:30:00,0.0,0
2023-03-30 22:45:00,0.0,0
2023-03-30 23:00:00,0.0,0
2023-03-30 23:15:00,0.0,0
2023-03-30 23:30:00,0.0,0
2023-03-30 23:45:00,0.0,0
2023-04-01 00:00:00,0.0,0
2023-04-01 00:15:00,0.0,0
2023-04-01 00:30:00,0.0,0
2023-04-01 00:45:00,0.0,0
2023-04-01 01:00:00,0.0,0
2023-04-01 01:15:00,0.0,0
2023-04-01 01:30:00,0.0,0
2023-04-01 01:45:00,0.0,0
2023-04-01 02:00:00,0.0,0
2023-04-01 02:15:00,0.0,0
2023-04-01 02:30:00,0.0,0
2023-04-01 02:45:00,0.0,0
2023-04-01 03:00:00,0.0,0
2023-04-01 03:15:00,0.0,0
2023-04-01 03:30:00,0.0,0
2023-04-01 03:45:00,0.0,0
2023-04-01 04:00:00,0.0,0
2023-04-01 04:15:00,0.0,0
2023-04-01 04:30:00,0.0,0
2023-04-01 04:45:00,0.0,0
2023-04-01 05:00:00,0.0,0
2023-04-01 05:15:00,0.0,0
2023-04-01 05:30:00,0.0,0
2023-04-01 05:45:00,0.0,0
2023-04-01 06:00:00,0.0,0
2023-04-01 06:15:00,81.93042755126953,1
2023-04-01 06:30:00,102.6572036743164,1
2023-04-01 06:45:00,112.89984130859376,1
2023-04-01 07:00:00,120.86687469482422,1
2023-04-01 07:15:00,125.73870849609376,1
2023-04-01 07:30:00,133.44764709472656,1
2023-04-01 07:45:00,152.37973022460938,1
2023-04-01 08:00:00,147.6824493408203,1
2023-04-01 08:15:00,164.3374481201172,1
2023-04-01 08:30:00,163.55686950683594,1
2023-04-01 08:45:00,166.2182159423828,1
2023-04-01 09:00:00,179.9972381591797,1
2023-04-01 09:15:00,183.39556884765625,1
2023-04-01 09:30:00,176.26036071777344,1
2023-04-01 09:45:00,185.4027099609375,1
2023-04-01 10:00:00,181.3216094970703,1
2023-04-01 10:15:00,185.3962554931641,1
2023-04-01 10:30:00,187.0506591796875,1
2023-04-01 10:45:00,196.58428955078125,1
2023-04-01 11:00:00,187.2410430908203,1
2023-04-01 11:15:00,151.4862823486328,1
2023-04-01 11:30:00,169.11917114257812,1
2023-04-01 11:45:00,159.50717163085938,1
2023-04-01 12:00:00,162.03280639648438,1
2023-04-01 12:15:00,150.40792846679688,1
2023-04-01 12:30:00,140.20079040527344,1
2023-04-01 12:45:00,138.01153564453125,1
2023-04-01 13:00:00,132.89779663085938,1
2023-04-01 13:15:00,105.07121276855467,1
2023-04-01 13:30:00,111.3746337890625,1
2023-04-01 13:45:00,98.31597137451172,1
2023-04-01 14:00:00,88.03191375732422,1
2023-04-01 14:15:00,0.0,0
2023-04-01 14:30:00,0.0,0
2023-04-01 14:45:00,0.0,0
2023-04-01 15:00:00,0.0,0
2023-04-01 15:15:00,0.0,0
2023-04-01 15:30:00,0.0,0
2023-04-01 15:45:00,0.0,0
2023-04-01 16:00:00,0.0,0
2023-04-01 16:15:00,0.0,0
2023-04-01 16:30:00,0.0,0
2023-04-01 16:45:00,0.0,0
2023-04-01 17:00:00,0.0,0
2023-04-01 17:15:00,0.0,0
2023-04-01 17:30:00,0.0,0
2023-04-01 17:45:00,0.0,0
2023-04-01 18:00:00,0.0,0
2023-04-01 18:15:00,0.0,0
2023-04-01 18:30:00,0.0,0
2023-04-01 18:45:00,0.0,0
2023-04-01 19:00:00,0.0,0
2023-04-01 19:15:00,0.0,0
2023-04-01 19:30:00,0.0,0
2023-04-01 19:45:00,0.0,0
2023-04-01 20:00:00,0.0,0
2023-04-01 20:15:00,0.0,0
2023-04-01 20:30:00,0.0,0
2023-04-01 20:45:00,0.0,0
2023-04-01 21:00:00,0.0,0
2023-04-01 21:15:00,0.0,0
2023-04-01 21:30:00,0.0,0
2023-04-01 21:45:00,0.0,0
2023-04-01 22:00:00,0.0,0
2023-04-01 22:15:00,0.0,0
2023-04-01 22:30:00,0.0,0
2023-04-01 22:45:00,0.0,0
2023-04-01 23:00:00,0.0,0
2023-04-01 23:15:00,0.0,0
2023-04-01 23:30:00,0.0,0
2023-04-01 23:45:00,0.0,0
2023-04-02 00:00:00,0.0,0
2023-04-02 00:15:00,0.0,0
2023-04-02 00:30:00,0.0,0
2023-04-02 00:45:00,0.0,0
2023-04-02 01:00:00,0.0,0
2023-04-02 01:15:00,0.0,0
2023-04-02 01:30:00,0.0,0
2023-04-02 01:45:00,0.0,0
2023-04-02 02:00:00,0.0,0
2023-04-02 02:15:00,0.0,0
2023-04-02 02:30:00,0.0,0
2023-04-02 02:45:00,0.0,0
2023-04-02 03:00:00,0.0,0
2023-04-02 03:15:00,0.0,0
2023-04-02 03:30:00,0.0,0
2023-04-02 03:45:00,0.0,0
2023-04-02 04:00:00,0.0,0
2023-04-02 04:15:00,0.0,0
2023-04-02 04:30:00,0.0,0
2023-04-02 04:45:00,0.0,0
2023-04-02 05:00:00,0.0,0
2023-04-02 05:15:00,0.0,0
2023-04-02 05:30:00,0.0,0
2023-04-02 05:45:00,0.0,0
2023-04-02 06:00:00,0.0,0
2023-04-02 06:15:00,81.790283203125,1
2023-04-02 06:30:00,100.72957611083984,1
2023-04-02 06:45:00,110.42068481445312,1
2023-04-02 07:00:00,121.80777740478516,1
2023-04-02 07:15:00,125.73870849609376,1
2023-04-02 07:30:00,134.54547119140625,1
2023-04-02 07:45:00,151.853759765625,1
2023-04-02 08:00:00,156.865234375,1
2023-04-02 08:15:00,162.54930114746094,1
2023-04-02 08:30:00,169.06326293945312,1
2023-04-02 08:45:00,168.17291259765625,1
2023-04-02 09:00:00,182.65626525878903,1
2023-04-02 09:15:00,179.81271362304688,1
2023-04-02 09:30:00,187.48257446289065,1
2023-04-02 09:45:00,181.85499572753903,1
2023-04-02 10:00:00,181.9180145263672,1
2023-04-02 10:15:00,186.9729156494141,1
2023-04-02 10:30:00,190.24578857421875,1
2023-04-02 10:45:00,195.4057159423828,1
2023-04-02 11:00:00,184.44967651367188,1
2023-04-02 11:15:00,174.81748962402344,1
2023-04-02 11:30:00,173.13754272460938,1
2023-04-02 11:45:00,165.15811157226562,1
2023-04-02 12:00:00,157.60546875,1
2023-04-02 12:15:00,151.61724853515625,1
2023-04-02 12:30:00,140.1138458251953,1
2023-04-02 12:45:00,137.67489624023438,1
2023-04-02 13:00:00,128.6086883544922,1
2023-04-02 13:15:00,109.63601684570312,1
2023-04-02 13:30:00,107.4647445678711,1
2023-04-02 13:45:00,97.89630126953124,1
2023-04-02 14:00:00,0.0,0
2023-04-02 14:15:00,0.0,0
2023-04-02 14:30:00,0.0,0
2023-04-02 14:45:00,0.0,0
2023-04-02 15:00:00,0.0,0
2023-04-02 15:15:00,0.0,0
2023-04-02 15:30:00,0.0,0
2023-04-02 15:45:00,0.0,0
2023-04-02 16:00:00,0.0,0
2023-04-02 16:15:00,0.0,0
2023-04-02 16:30:00,0.0,0
2023-04-02 16:45:00,0.0,0
2023-04-02 17:00:00,0.0,0
2023-04-02 17:15:00,0.0,0
2023-04-02 17:30:00,0.0,0
2023-04-02 17:45:00,0.0,0
2023-04-02 18:00:00,0.0,0
2023-04-02 18:15:00,0.0,0
2023-04-02 18:30:00,0.0,0
2023-04-02 18:45:00,0.0,0
2023-04-02 19:00:00,0.0,0
2023-04-02 19:15:00,0.0,0
2023-04-02 19:30:00,0.0,0
2023-04-02 19:45:00,0.0,0
2023-04-02 20:00:00,0.0,0
2023-04-02 20:15:00,0.0,0
2023-04-02 20:30:00,0.0,0
2023-04-02 20:45:00,0.0,0
2023-04-02 21:00:00,0.0,0
2023-04-02 21:15:00,0.0,0
2023-04-02 21:30:00,0.0,0
2023-04-02 21:45:00,0.0,0
2023-04-02 22:00:00,0.0,0
2023-04-02 22:15:00,0.0,0
2023-04-02 22:30:00,0.0,0
2023-04-02 22:45:00,0.0,0
2023-04-02 23:00:00,0.0,0
2023-04-02 23:15:00,0.0,0
2023-04-02 23:30:00,0.0,0
2023-04-02 23:45:00,0.0,0
2023-04-03 00:00:00,0.0,0
2023-04-03 00:15:00,0.0,0
2023-04-03 00:30:00,0.0,0
2023-04-03 00:45:00,0.0,0
2023-04-03 01:00:00,0.0,0
2023-04-03 01:15:00,0.0,0
2023-04-03 01:30:00,0.0,0
2023-04-03 01:45:00,0.0,0
2023-04-03 02:00:00,0.0,0
2023-04-03 02:15:00,0.0,0
2023-04-03 02:30:00,0.0,0
2023-04-03 02:45:00,0.0,0
2023-04-03 03:00:00,0.0,0
2023-04-03 03:15:00,0.0,0
2023-04-03 03:30:00,0.0,0
2023-04-03 03:45:00,0.0,0
2023-04-03 04:00:00,0.0,0
2023-04-03 04:15:00,0.0,0
2023-04-03 04:30:00,0.0,0
2023-04-03 04:45:00,0.0,0
2023-04-03 05:00:00,0.0,0
2023-04-03 05:15:00,0.0,0
2023-04-03 05:30:00,0.0,0
2023-04-03 05:45:00,0.0,0
2023-04-03 06:00:00,0.0,0
2023-04-03 06:15:00,85.22972869873047,1
2023-04-03 06:30:00,102.6572036743164,1
2023-04-03 06:45:00,103.42994689941406,1
2023-04-03 07:00:00,123.02385711669922,1
2023-04-03 07:15:00,120.80977630615234,1
2023-04-03 07:30:00,131.11996459960938,1
2023-04-03 07:45:00,143.34268188476562,1
2023-04-03 08:00:00,159.8136444091797,1
2023-04-03 08:15:00,150.13424682617188,1
2023-04-03 08:30:00,158.39700317382812,1
2023-04-03 08:45:00,169.6797332763672,1
2023-04-03 09:00:00,168.4381103515625,1
2023-04-03 09:15:00,182.5660400390625,1
2023-04-03 09:30:00,178.23072814941406,1
2023-04-03 09:45:00,186.6909942626953,1
2023-04-03 10:00:00,184.47152709960935,1
2023-04-03 10:15:00,184.7691802978516,1
2023-04-03 10:30:00,187.5830535888672,1
2023-04-03 10:45:00,192.75619506835935,1
2023-04-03 11:00:00,180.6488494873047,1
2023-04-03 11:15:00,170.63319396972656,1
2023-04-03 11:30:00,159.2415313720703,1
2023-04-03 11:45:00,159.0747833251953,1
2023-04-03 12:00:00,158.2884979248047,1
2023-04-03 12:15:00,150.26559448242188,1
2023-04-03 12:30:00,135.9185791015625,1
2023-04-03 12:45:00,137.7003173828125,1
2023-04-03 13:00:00,130.5701904296875,1
2023-04-03 13:15:00,108.81656646728516,1
2023-04-03 13:30:00,108.72516632080078,1
2023-04-03 13:45:00,93.03459930419922,1
2023-04-03 14:00:00,0.0,0
2023-04-03 14:15:00,0.0,0
2023-04-03 14:30:00,0.0,0
2023-04-03 14:45:00,0.0,0
2023-04-03 15:00:00,0.0,0
2023-04-03 15:15:00,0.0,0
2023-04-03 15:30:00,0.0,0
2023-04-03 15:45:00,0.0,0
2023-04-03 16:00:00,0.0,0
2023-04-03 16:15:00,0.0,0
2023-04-03 16:30:00,0.0,0
2023-04-03 16:45:00,0.0,0
2023-04-03 17:00:00,0.0,0
2023-04-03 17:15:00,0.0,0
2023-04-03 17:30:00,0.0,0
2023-04-03 17:45:00,0.0,0
2023-04-03 18:00:00,0.0,0
2023-04-03 18:15:00,0.0,0
2023-04-03 18:30:00,0.0,0
2023-04-03 18:45:00,0.0,0
2023-04-03 19:00:00,0.0,0
2023-04-03 19:15:00,0.0,0
2023-04-03 19:30:00,0.0,0
2023-04-03 19:45:00,0.0,0
2023-04-03 20:00:00,0.0,0
2023-04-03 20:15:00,0.0,0
2023-04-03 20:30:00,0.0,0
2023-04-03 20:45:00,0.0,0
2023-04-03 21:00:00,0.0,0
2023-04-03 21:15:00,0.0,0
2023-04-03 21:30:00,0.0,0
2023-04-03 21:45:00,0.0,0
2023-04-03 22:00:00,0.0,0
2023-04-03 22:15:00,0.0,0
2023-04-03 22:30:00,0.0,0
2023-04-03 22:45:00,0.0,0
2023-04-03 23:00:00,0.0,0
2023-04-03 23:15:00,0.0,0
2023-04-03 23:30:00,0.0,0
2023-04-03 23:45:00,0.0,0
2023-04-04 00:00:00,0.0,0
2023-04-04 00:15:00,0.0,0
2023-04-04 00:30:00,0.0,0
2023-04-04 00:45:00,0.0,0
2023-04-04 01:00:00,0.0,0
2023-04-04 01:15:00,0.0,0
2023-04-04 01:30:00,0.0,0
2023-04-04 01:45:00,0.0,0
2023-04-04 02:00:00,0.0,0
2023-04-04 02:15:00,0.0,0
2023-04-04 02:30:00,0.0,0
2023-04-04 02:45:00,0.0,0
2023-04-04 03:00:00,0.0,0
2023-04-04 03:15:00,0.0,0
2023-04-04 03:30:00,0.0,0
2023-04-04 03:45:00,0.0,0
2023-04-04 04:00:00,0.0,0
2023-04-04 04:15:00,0.0,0
2023-04-04 04:30:00,0.0,0
2023-04-04 04:45:00,0.0,0
2023-04-04 05:00:00,0.0,0
2023-04-04 05:15:00,0.0,0
2023-04-04 05:30:00,0.0,0
2023-04-04 05:45:00,0.0,0
2023-04-04 06:00:00,0.0,0
2023-04-04 06:15:00,79.85572814941406,1
2023-04-04 06:30:00,102.6572036743164,1
2023-04-04 06:45:00,104.6880874633789,1
2023-04-04 07:00:00,123.02385711669922,1
2023-04-04 07:15:00,120.80977630615234,1
2023-04-04 07:30:00,131.11996459960938,1
2023-04-04 07:45:00,145.75035095214844,1
2023-04-04 08:00:00,154.66432189941406,1
2023-04-04 08:15:00,155.66258239746094,1
2023-04-04 08:30:00,161.85267639160156,1
2023-04-04 08:45:00,168.614990234375,1
2023-04-04 09:00:00,168.4381103515625,1
2023-04-04 09:15:00,182.5660400390625,1
2023-04-04 09:30:00,178.23072814941406,1
2023-04-04 09:45:00,186.6909942626953,1
2023-04-04 10:00:00,184.52093505859372,1
2023-04-04 10:15:00,184.7691802978516,1
2023-04-04 10:30:00,187.5830535888672,1
2023-04-04 10:45:00,192.7189483642578,1
2023-04-04 11:00:00,180.64122009277344,1
2023-04-04 11:15:00,170.63319396972656,1
2023-04-04 11:30:00,159.2415313720703,1
2023-04-04 11:45:00,159.0747833251953,1
2023-04-04 12:00:00,158.20957946777344,1
2023-04-04 12:15:00,150.26559448242188,1
2023-04-04 12:30:00,122.9228973388672,1
2023-04-04 12:45:00,133.97409057617188,1
2023-04-04 13:00:00,123.50955200195312,1
2023-04-04 13:15:00,101.96543884277344,1
2023-04-04 13:30:00,104.39002990722656,1
2023-04-04 13:45:00,93.9581298828125,1
2023-04-04 14:00:00,0.0,0
2023-04-04 14:15:00,0.0,0
2023-04-04 14:30:00,0.0,0
2023-04-04 14:45:00,0.0,0
2023-04-04 15:00:00,0.0,0
2023-04-04 15:15:00,0.0,0
2023-04-04 15:30:00,0.0,0
2023-04-04 15:45:00,0.0,0
2023-04-04 16:00:00,0.0,0
2023-04-04 16:15:00,0.0,0
2023-04-04 16:30:00,0.0,0
2023-04-04 16:45:00,0.0,0
2023-04-04 17:00:00,0.0,0
2023-04-04 17:15:00,0.0,0
2023-04-04 17:30:00,0.0,0
2023-04-04 17:45:00,0.0,0
2023-04-04 18:00:00,0.0,0
2023-04-04 18:15:00,0.0,0
2023-04-04 18:30:00,0.0,0
2023-04-04 18:45:00,0.0,0
2023-04-04 19:00:00,0.0,0
2023-04-04 19:15:00,0.0,0
2023-04-04 19:30:00,0.0,0
2023-04-04 19:45:00,0.0,0
2023-04-04 20:00:00,0.0,0
2023-04-04 20:15:00,0.0,0
2023-04-04 20:30:00,0.0,0
2023-04-04 20:45:00,0.0,0
2023-04-04 21:00:00,0.0,0
2023-04-04 21:15:00,0.0,0
2023-04-04 21:30:00,0.0,0
2023-04-04 21:45:00,0.0,0
2023-04-04 22:00:00,0.0,0
2023-04-04 22:15:00,0.0,0
2023-04-04 22:30:00,0.0,0
2023-04-04 22:45:00,0.0,0
2023-04-04 23:00:00,0.0,0
2023-04-04 23:15:00,0.0,0
2023-04-04 23:30:00,0.0,0
2023-04-04 23:45:00,0.0,0
2023-04-05 00:00:00,0.0,0
2023-04-05 00:15:00,0.0,0
2023-04-05 00:30:00,0.0,0
2023-04-05 00:45:00,0.0,0
2023-04-05 01:00:00,0.0,0
2023-04-05 01:15:00,0.0,0
2023-04-05 01:30:00,0.0,0
2023-04-05 01:45:00,0.0,0
2023-04-05 02:00:00,0.0,0
2023-04-05 02:15:00,0.0,0
2023-04-05 02:30:00,0.0,0
2023-04-05 02:45:00,0.0,0
2023-04-05 03:00:00,0.0,0
2023-04-05 03:15:00,0.0,0
2023-04-05 03:30:00,0.0,0
2023-04-05 03:45:00,0.0,0
2023-04-05 04:00:00,0.0,0
2023-04-05 04:15:00,0.0,0
2023-04-05 04:30:00,0.0,0
2023-04-05 04:45:00,0.0,0
2023-04-05 05:00:00,0.0,0
2023-04-05 05:15:00,0.0,0
2023-04-05 05:30:00,0.0,0
2023-04-05 05:45:00,0.0,0
2023-04-05 06:00:00,0.0,0
2023-04-05 06:15:00,83.30196380615234,1
2023-04-05 06:30:00,102.49956512451172,1
2023-04-05 06:45:00,101.6899871826172,1
2023-04-05 07:00:00,123.28927612304688,1
2023-04-05 07:15:00,132.78518676757812,1
2023-04-05 07:30:00,132.02027893066406,1
2023-04-05 07:45:00,142.9798583984375,1
2023-04-05 08:00:00,146.49021911621094,1
2023-04-05 08:15:00,149.63433837890625,1
2023-04-05 08:30:00,155.7127685546875,1
2023-04-05 08:45:00,164.49237060546875,1
2023-04-05 09:00:00,163.15638732910156,1
2023-04-05 09:15:00,177.00596618652344,1
2023-04-05 09:30:00,179.9006805419922,1
2023-04-05 09:45:00,180.59939575195312,1
2023-04-05 10:00:00,178.28823852539062,1
2023-04-05 10:15:00,176.29330444335938,1
2023-04-05 10:30:00,179.8639678955078,1
2023-04-05 10:45:00,182.9981384277344,1
2023-04-05 11:00:00,173.3718719482422,1
2023-04-05 11:15:00,163.21266174316406,1
2023-04-05 11:30:00,154.63790893554688,1
2023-04-05 11:45:00,157.13836669921875,1
2023-04-05 12:00:00,132.87387084960938,1
2023-04-05 12:15:00,135.0387725830078,1
2023-04-05 12:30:00,114.43423461914062,1
2023-04-05 12:45:00,133.31968688964844,1
2023-04-05 13:00:00,121.18345642089844,1
2023-04-05 13:15:00,101.0566635131836,1
2023-04-05 13:30:00,100.7856216430664,1
2023-04-05 13:45:00,93.88337707519533,1
2023-04-05 14:00:00,0.0,0
2023-04-05 14:15:00,0.0,0
2023-04-05 14:30:00,0.0,0
2023-04-05 14:45:00,0.0,0
2023-04-05 15:00:00,0.0,0
2023-04-05 15:15:00,0.0,0
2023-04-05 15:30:00,0.0,0
2023-04-05 15:45:00,0.0,0
2023-04-05 16:00:00,0.0,0
2023-04-05 16:15:00,0.0,0
2023-04-05 16:30:00,0.0,0
2023-04-05 16:45:00,0.0,0
2023-04-05 17:00:00,0.0,0
2023-04-05 17:15:00,0.0,0
2023-04-05 17:30:00,0.0,0
2023-04-05 17:45:00,0.0,0
2023-04-05 18:00:00,0.0,0
2023-04-05 18:15:00,0.0,0
2023-04-05 18:30:00,0.0,0
2023-04-05 18:45:00,0.0,0
2023-04-05 19:00:00,0.0,0
2023-04-05 19:15:00,0.0,0
2023-04-05 19:30:00,0.0,0
2023-04-05 19:45:00,0.0,0
2023-04-05 20:00:00,0.0,0
2023-04-05 20:15:00,0.0,0
2023-04-05 20:30:00,0.0,0
2023-04-05 20:45:00,0.0,0
2023-04-05 21:00:00,0.0,0
2023-04-05 21:15:00,0.0,0
2023-04-05 21:30:00,0.0,0
2023-04-05 21:45:00,0.0,0
2023-04-05 22:00:00,0.0,0
2023-04-05 22:15:00,0.0,0
2023-04-05 22:30:00,0.0,0
2023-04-05 22:45:00,0.0,0
2023-04-05 23:00:00,0.0,0
2023-04-05 23:15:00,0.0,0
2023-04-05 23:30:00,0.0,0
2023-04-05 23:45:00,0.0,0
2023-04-06 00:00:00,0.0,0
2023-04-06 00:15:00,0.0,0
2023-04-06 00:30:00,0.0,0
2023-04-06 00:45:00,0.0,0
2023-04-06 01:00:00,0.0,0
2023-04-06 01:15:00,0.0,0
2023-04-06 01:30:00,0.0,0
2023-04-06 01:45:00,0.0,0
2023-04-06 02:00:00,0.0,0
2023-04-06 02:15:00,0.0,0
2023-04-06 02:30:00,0.0,0
2023-04-06 02:45:00,0.0,0
2023-04-06 03:00:00,0.0,0
2023-04-06 03:15:00,0.0,0
2023-04-06 03:30:00,0.0,0
2023-04-06 03:45:00,0.0,0
2023-04-06 04:00:00,0.0,0
2023-04-06 04:15:00,0.0,0
2023-04-06 04:30:00,0.0,0
2023-04-06 04:45:00,0.0,0
2023-04-06 05:00:00,0.0,0
2023-04-06 05:15:00,0.0,0
2023-04-06 05:30:00,0.0,0
2023-04-06 05:45:00,0.0,0
2023-04-06 06:00:00,0.0,0
2023-04-06 06:15:00,0.0,0
2023-04-06 06:30:00,0.0,0
2023-04-06 06:45:00,78.81879425048828,1
2023-04-06 07:00:00,80.31842041015625,1
2023-04-06 07:15:00,96.78158569335938,1
2023-04-06 07:30:00,114.88856506347656,1
2023-04-06 07:45:00,129.01454162597656,1
2023-04-06 08:00:00,151.82257080078125,1
2023-04-06 08:15:00,147.6824493408203,1
2023-04-06 08:30:00,159.45872497558594,1
2023-04-06 08:45:00,169.27146911621094,1
2023-04-06 09:00:00,160.6192626953125,1
2023-04-06 09:15:00,163.43177795410156,1
2023-04-06 09:30:00,173.10202026367188,1
2023-04-06 09:45:00,176.7713165283203,1
2023-04-06 10:00:00,175.28541564941406,1
2023-04-06 10:15:00,171.86256408691406,1
2023-04-06 10:30:00,171.46046447753906,1
2023-04-06 10:45:00,164.19631958007812,1
2023-04-06 11:00:00,161.39431762695312,1
2023-04-06 11:15:00,156.07298278808594,1
2023-04-06 11:30:00,155.0398406982422,1
2023-04-06 11:45:00,104.36521911621094,1
2023-04-06 12:00:00,138.66229248046875,1
2023-04-06 12:15:00,128.09437561035156,1
2023-04-06 12:30:00,114.36019897460938,1
2023-04-06 12:45:00,122.4679183959961,1
2023-04-06 13:00:00,105.19412231445312,1
2023-04-06 13:15:00,93.09587860107422,1
2023-04-06 13:30:00,103.12897491455078,1
2023-04-06 13:45:00,85.18031311035156,1
2023-04-06 14:00:00,75.1434555053711,1
2023-04-06 14:15:00,0.0,0
2023-04-06 14:30:00,0.0,0
2023-04-06 14:45:00,0.0,0
2023-04-06 15:00:00,0.0,0
2023-04-06 15:15:00,0.0,0
2023-04-06 15:30:00,0.0,0
2023-04-06 15:45:00,0.0,0
2023-04-06 16:00:00,0.0,0
2023-04-06 16:15:00,0.0,0
2023-04-06 16:30:00,0.0,0
2023-04-06 16:45:00,0.0,0
2023-04-06 17:00:00,0.0,0
2023-04-06 17:15:00,0.0,0
2023-04-06 17:30:00,0.0,0
2023-04-06 17:45:00,0.0,0
2023-04-06 18:00:00,0.0,0
2023-04-06 18:15:00,0.0,0
2023-04-06 18:30:00,0.0,0
2023-04-06 18:45:00,0.0,0
2023-04-06 19:00:00,0.0,0
2023-04-06 19:15:00,0.0,0
2023-04-06 19:30:00,0.0,0
2023-04-06 19:45:00,0.0,0
2023-04-06 20:00:00,0.0,0
2023-04-06 20:15:00,0.0,0
2023-04-06 20:30:00,0.0,0
2023-04-06 20:45:00,0.0,0
2023-04-06 21:00:00,0.0,0
2023-04-06 21:15:00,0.0,0
2023-04-06 21:30:00,0.0,0
2023-04-06 21:45:00,0.0,0
2023-04-06 22:00:00,0.0,0
2023-04-06 22:15:00,0.0,0
2023-04-06 22:30:00,0.0,0
2023-04-06 22:45:00,0.0,0
2023-04-06 23:00:00,0.0,0
2023-04-06 23:15:00,0.0,0
2023-04-06 23:30:00,0.0,0
2023-04-06 23:45:00,0.0,0
2023-04-07 00:00:00,0.0,0
2023-04-07 00:15:00,0.0,0
2023-04-07 00:30:00,0.0,0
2023-04-07 00:45:00,0.0,0
2023-04-07 01:00:00,0.0,0
2023-04-07 01:15:00,0.0,0
2023-04-07 01:30:00,0.0,0
2023-04-07 01:45:00,0.0,0
2023-04-07 02:00:00,0.0,0
2023-04-07 02:15:00,0.0,0
2023-04-07 02:30:00,0.0,0
2023-04-07 02:45:00,0.0,0
2023-04-07 03:00:00,0.0,0
2023-04-07 03:15:00,0.0,0
2023-04-07 03:30:00,0.0,0
2023-04-07 03:45:00,0.0,0
2023-04-07 04:00:00,0.0,0
2023-04-07 04:15:00,0.0,0
2023-04-07 04:30:00,0.0,0
2023-04-07 04:45:00,0.0,0
2023-04-07 05:00:00,0.0,0
2023-04-07 05:15:00,0.0,0
2023-04-07 05:30:00,0.0,0
2023-04-07 05:45:00,0.0,0
2023-04-07 06:00:00,0.0,0
2023-04-07 06:15:00,0.0,0
2023-04-07 06:30:00,94.18959045410156,1
2023-04-07 06:45:00,83.69744873046875,1
2023-04-07 07:00:00,107.67628479003906,1
2023-04-07 07:15:00,120.1038055419922,1
2023-04-07 07:30:00,120.70925903320312,1
2023-04-07 07:45:00,135.7743377685547,1
2023-04-07 08:00:00,143.13671875,1
2023-04-07 08:15:00,147.5711212158203,1
2023-04-07 08:30:00,153.00875854492188,1
2023-04-07 08:45:00,159.2150115966797,1
2023-04-07 09:00:00,164.77871704101562,1
2023-04-07 09:15:00,166.44827270507812,1
2023-04-07 09:30:00,171.20606994628906,1
2023-04-07 09:45:00,177.6333770751953,1
2023-04-07 10:00:00,175.15957641601562,1
2023-04-07 10:15:00,174.5006103515625,1
2023-04-07 10:30:00,172.4390411376953,1
2023-04-07 10:45:00,174.2943878173828,1
2023-04-07 11:00:00,168.73777770996094,1
2023-04-07 11:15:00,157.83670043945312,1
2023-04-07 11:30:00,160.223876953125,1
2023-04-07 11:45:00,152.36119079589844,1
2023-04-07 12:00:00,145.89657592773438,1
2023-04-07 12:15:00,133.1774444580078,1
2023-04-07 12:30:00,90.48918151855467,1
2023-04-07 12:45:00,129.76446533203125,1
2023-04-07 13:00:00,105.19412231445312,1
2023-04-07 13:15:00,112.9481964111328,1
2023-04-07 13:30:00,101.34571075439452,1
2023-04-07 13:45:00,85.18031311035156,1
2023-04-07 14:00:00,0.0,0
2023-04-07 14:15:00,0.0,0
2023-04-07 14:30:00,0.0,0
2023-04-07 14:45:00,0.0,0
2023-04-07 15:00:00,0.0,0
2023-04-07 15:15:00,0.0,0
2023-04-07 15:30:00,0.0,0
2023-04-07 15:45:00,0.0,0
2023-04-07 16:00:00,0.0,0
2023-04-07 16:15:00,0.0,0
2023-04-07 16:30:00,0.0,0
2023-04-07 16:45:00,0.0,0
2023-04-07 17:00:00,0.0,0
2023-04-07 17:15:00,0.0,0
2023-04-07 17:30:00,0.0,0
2023-04-07 17:45:00,0.0,0
2023-04-07 18:00:00,0.0,0
2023-04-07 18:15:00,0.0,0
2023-04-07 18:30:00,0.0,0
2023-04-07 18:45:00,0.0,0
2023-04-07 19:00:00,0.0,0
2023-04-07 19:15:00,0.0,0
2023-04-07 19:30:00,0.0,0
2023-04-07 19:45:00,0.0,0
2023-04-07 20:00:00,0.0,0
2023-04-07 20:15:00,0.0,0
2023-04-07 20:30:00,0.0,0
2023-04-07 20:45:00,0.0,0
2023-04-07 21:00:00,0.0,0
2023-04-07 21:15:00,0.0,0
2023-04-07 21:30:00,0.0,0
2023-04-07 21:45:00,0.0,0
2023-04-07 22:00:00,0.0,0
2023-04-07 22:15:00,0.0,0
2023-04-07 22:30:00,0.0,0
2023-04-07 22:45:00,0.0,0
2023-04-07 23:00:00,0.0,0
2023-04-07 23:15:00,0.0,0
2023-04-07 23:30:00,0.0,0
2023-04-07 23:45:00,0.0,0
2023-04-08 00:00:00,0.0,0
2023-04-08 00:15:00,0.0,0
2023-04-08 00:30:00,0.0,0
2023-04-08 00:45:00,0.0,0
2023-04-08 01:00:00,0.0,0
2023-04-08 01:15:00,0.0,0
2023-04-08 01:30:00,0.0,0
2023-04-08 01:45:00,0.0,0
2023-04-08 02:00:00,0.0,0
2023-04-08 02:15:00,0.0,0
2023-04-08 02:30:00,0.0,0
2023-04-08 02:45:00,0.0,0
2023-04-08 03:00:00,0.0,0
2023-04-08 03:15:00,0.0,0
2023-04-08 03:30:00,0.0,0
2023-04-08 03:45:00,0.0,0
2023-04-08 04:00:00,0.0,0
2023-04-08 04:15:00,0.0,0
2023-04-08 04:30:00,0.0,0
2023-04-08 04:45:00,0.0,0
2023-04-08 05:00:00,0.0,0
2023-04-08 05:15:00,0.0,0
2023-04-08 05:30:00,0.0,0
2023-04-08 05:45:00,0.0,0
2023-04-08 06:00:00,0.0,0
2023-04-08 06:15:00,77.5293197631836,1
2023-04-08 06:30:00,97.2990951538086,1
2023-04-08 06:45:00,87.59419250488281,1
2023-04-08 07:00:00,120.17955780029295,1
2023-04-08 07:15:00,109.81412506103516,1
2023-04-08 07:30:00,127.6248779296875,1
2023-04-08 07:45:00,141.66958618164062,1
2023-04-08 08:00:00,150.22854614257812,1
2023-04-08 08:15:00,157.7278594970703,1
2023-04-08 08:30:00,156.73081970214844,1
2023-04-08 08:45:00,162.9833526611328,1
2023-04-08 09:00:00,167.88392639160156,1
2023-04-08 09:15:00,174.38775634765625,1
2023-04-08 09:30:00,180.03720092773438,1
2023-04-08 09:45:00,175.88706970214844,1
2023-04-08 10:00:00,173.6660919189453,1
2023-04-08 10:15:00,179.401611328125,1
2023-04-08 10:30:00,179.0705108642578,1
2023-04-08 10:45:00,179.83689880371094,1
2023-04-08 11:00:00,173.4712677001953,1
2023-04-08 11:15:00,163.9519805908203,1
2023-04-08 11:30:00,156.6774139404297,1
2023-04-08 11:45:00,160.18106079101562,1
2023-04-08 12:00:00,149.25270080566406,1
2023-04-08 12:15:00,135.43873596191406,1
2023-04-08 12:30:00,116.18241119384766,1
2023-04-08 12:45:00,131.24424743652344,1
2023-04-08 13:00:00,121.5411148071289,1
2023-04-08 13:15:00,105.75345611572266,1
2023-04-08 13:30:00,103.12897491455078,1
2023-04-08 13:45:00,85.18031311035156,1
2023-04-08 14:00:00,0.0,0
2023-04-08 14:15:00,0.0,0
2023-04-08 14:30:00,0.0,0
2023-04-08 14:45:00,0.0,0
2023-04-08 15:00:00,0.0,0
2023-04-08 15:15:00,0.0,0
2023-04-08 15:30:00,0.0,0
2023-04-08 15:45:00,0.0,0
2023-04-08 16:00:00,0.0,0
2023-04-08 16:15:00,0.0,0
2023-04-08 16:30:00,0.0,0
2023-04-08 16:45:00,0.0,0
2023-04-08 17:00:00,0.0,0
2023-04-08 17:15:00,0.0,0
2023-04-08 17:30:00,0.0,0
2023-04-08 17:45:00,0.0,0
2023-04-08 18:00:00,0.0,0
2023-04-08 18:15:00,0.0,0
2023-04-08 18:30:00,0.0,0
2023-04-08 18:45:00,0.0,0
2023-04-08 19:00:00,0.0,0
2023-04-08 19:15:00,0.0,0
2023-04-08 19:30:00,0.0,0
2023-04-08 19:45:00,0.0,0
2023-04-08 20:00:00,0.0,0
2023-04-08 20:15:00,0.0,0
2023-04-08 20:30:00,0.0,0
2023-04-08 20:45:00,0.0,0
2023-04-08 21:00:00,0.0,0
2023-04-08 21:15:00,0.0,0
2023-04-08 21:30:00,0.0,0
2023-04-08 21:45:00,0.0,0
2023-04-08 22:00:00,0.0,0
2023-04-08 22:15:00,0.0,0
2023-04-08 22:30:00,0.0,0
2023-04-08 22:45:00,0.0,0
2023-04-08 23:00:00,0.0,0
2023-04-08 23:15:00,0.0,0
2023-04-08 23:30:00,0.0,0
2023-04-08 23:45:00,0.0,0
2023-04-09 00:00:00,0.0,0
2023-04-09 00:15:00,0.0,0
2023-04-09 00:30:00,0.0,0
2023-04-09 00:45:00,0.0,0
2023-04-09 01:00:00,0.0,0
2023-04-09 01:15:00,0.0,0
2023-04-09 01:30:00,0.0,0
2023-04-09 01:45:00,0.0,0
2023-04-09 02:00:00,0.0,0
2023-04-09 02:15:00,0.0,0
2023-04-09 02:30:00,0.0,0
2023-04-09 02:45:00,0.0,0
2023-04-09 03:00:00,0.0,0
2023-04-09 03:15:00,0.0,0
2023-04-09 03:30:00,0.0,0
2023-04-09 03:45:00,0.0,0
2023-04-09 04:00:00,0.0,0
2023-04-09 04:15:00,0.0,0
2023-04-09 04:30:00,0.0,0
2023-04-09 04:45:00,0.0,0
2023-04-09 05:00:00,0.0,0
2023-04-09 05:15:00,0.0,0
2023-04-09 05:30:00,0.0,0
2023-04-09 05:45:00,0.0,0
2023-04-09 06:00:00,0.0,0
2023-04-09 06:15:00,77.5293197631836,1
2023-04-09 06:30:00,96.94733428955078,1
2023-04-09 06:45:00,83.51566314697266,1
2023-04-09 07:00:00,98.95392608642578,1
2023-04-09 07:15:00,109.00782775878906,1
2023-04-09 07:30:00,126.74972534179688,1
2023-04-09 07:45:00,140.85670471191406,1
2023-04-09 08:00:00,143.44888305664062,1
2023-04-09 08:15:00,156.0511474609375,1
2023-04-09 08:30:00,152.1105194091797,1
2023-04-09 08:45:00,165.3754425048828,1
2023-04-09 09:00:00,165.74981689453125,1
2023-04-09 09:15:00,168.83689880371094,1
2023-04-09 09:30:00,180.03358459472656,1
2023-04-09 09:45:00,174.88006591796875,1
2023-04-09 10:00:00,172.4026336669922,1
2023-04-09 10:15:00,178.29779052734375,1
2023-04-09 10:30:00,178.69798278808594,1
2023-04-09 10:45:00,180.18235778808597,1
2023-04-09 11:00:00,173.60385131835938,1
2023-04-09 11:15:00,158.1182403564453,1
2023-04-09 11:30:00,157.35748291015625,1
2023-04-09 11:45:00,151.55020141601562,1
2023-04-09 12:00:00,145.89657592773438,1
2023-04-09 12:15:00,125.87124633789062,1
2023-04-09 12:30:00,121.58649444580078,1
2023-04-09 12:45:00,131.40660095214844,1
2023-04-09 13:00:00,116.70518493652344,1
2023-04-09 13:15:00,110.47447204589844,1
2023-04-09 13:30:00,102.30550384521484,1
2023-04-09 13:45:00,78.03118896484375,1
2023-04-09 14:00:00,0.0,0
2023-04-09 14:15:00,0.0,0
2023-04-09 14:30:00,0.0,0
2023-04-09 14:45:00,0.0,0
2023-04-09 15:00:00,0.0,0
2023-04-09 15:15:00,0.0,0
2023-04-09 15:30:00,0.0,0
2023-04-09 15:45:00,0.0,0
2023-04-09 16:00:00,0.0,0
2023-04-09 16:15:00,0.0,0
2023-04-09 16:30:00,0.0,0
2023-04-09 16:45:00,0.0,0
2023-04-09 17:00:00,0.0,0
2023-04-09 17:15:00,0.0,0
2023-04-09 17:30:00,0.0,0
2023-04-09 17:45:00,0.0,0
2023-04-09 18:00:00,0.0,0
2023-04-09 18:15:00,0.0,0
2023-04-09 18:30:00,0.0,0
2023-04-09 18:45:00,0.0,0
2023-04-09 19:00:00,0.0,0
2023-04-09 19:15:00,0.0,0
2023-04-09 19:30:00,0.0,0
2023-04-09 19:45:00,0.0,0
2023-04-09 20:00:00,0.0,0
2023-04-09 20:15:00,0.0,0
2023-04-09 20:30:00,0.0,0
2023-04-09 20:45:00,0.0,0
2023-04-09 21:00:00,0.0,0
2023-04-09 21:15:00,0.0,0
2023-04-09 21:30:00,0.0,0
2023-04-09 21:45:00,0.0,0
2023-04-09 22:00:00,0.0,0
2023-04-09 22:15:00,0.0,0
2023-04-09 22:30:00,0.0,0
2023-04-09 22:45:00,0.0,0
2023-04-09 23:00:00,0.0,0
2023-04-09 23:15:00,0.0,0
2023-04-09 23:30:00,0.0,0
2023-04-09 23:45:00,0.0,0
2023-04-10 00:00:00,0.0,0
2023-04-10 00:15:00,0.0,0
2023-04-10 00:30:00,0.0,0
2023-04-10 00:45:00,0.0,0
2023-04-10 01:00:00,0.0,0
2023-04-10 01:15:00,0.0,0
2023-04-10 01:30:00,0.0,0
2023-04-10 01:45:00,0.0,0
2023-04-10 02:00:00,0.0,0
2023-04-10 02:15:00,0.0,0
2023-04-10 02:30:00,0.0,0
2023-04-10 02:45:00,0.0,0
2023-04-10 03:00:00,0.0,0
2023-04-10 03:15:00,0.0,0
2023-04-10 03:30:00,0.0,0
2023-04-10 03:45:00,0.0,0
2023-04-10 04:00:00,0.0,0
2023-04-10 04:15:00,0.0,0
2023-04-10 04:30:00,0.0,0
2023-04-10 04:45:00,0.0,0
2023-04-10 05:00:00,0.0,0
2023-04-10 05:15:00,0.0,0
2023-04-10 05:30:00,0.0,0
2023-04-10 05:45:00,0.0,0
2023-04-10 06:00:00,0.0,0
2023-04-10 06:15:00,0.0,0
2023-04-10 06:30:00,86.6775131225586,1
2023-04-10 06:45:00,76.05929565429688,1
2023-04-10 07:00:00,107.4614715576172,1
2023-04-10 07:15:00,115.75547790527344,1
2023-04-10 07:30:00,111.98917388916016,1
2023-04-10 07:45:00,128.00192260742188,1
2023-04-10 08:00:00,143.00877380371094,1
2023-04-10 08:15:00,145.17266845703125,1
2023-04-10 08:30:00,132.15512084960938,1
2023-04-10 08:45:00,153.02682495117188,1
2023-04-10 09:00:00,147.86929321289062,1
2023-04-10 09:15:00,142.13177490234375,1
2023-04-10 09:30:00,114.46620178222656,1
2023-04-10 09:45:00,98.99126434326172,1
2023-04-10 10:00:00,108.35001373291016,1
2023-04-10 10:15:00,109.66737365722656,1
2023-04-10 10:30:00,114.6596908569336,1
2023-04-10 10:45:00,126.42667388916016,1
2023-04-10 11:00:00,122.71512603759766,1
2023-04-10 11:15:00,123.6409912109375,1
2023-04-10 11:30:00,120.88340759277344,1
2023-04-10 11:45:00,130.6800994873047,1
2023-04-10 12:00:00,120.2588348388672,1
2023-04-10 12:15:00,117.94943237304688,1
2023-04-10 12:30:00,117.62657165527344,1
2023-04-10 12:45:00,126.54630279541016,1
2023-04-10 13:00:00,109.81742095947266,1
2023-04-10 13:15:00,106.27387237548828,1
2023-04-10 13:30:00,91.20012664794922,1
2023-04-10 13:45:00,87.48989868164062,1
2023-04-10 14:00:00,0.0,0
2023-04-10 14:15:00,0.0,0
2023-04-10 14:30:00,0.0,0
2023-04-10 14:45:00,0.0,0
2023-04-10 15:00:00,0.0,0
2023-04-10 15:15:00,0.0,0
2023-04-10 15:30:00,0.0,0
2023-04-10 15:45:00,0.0,0
2023-04-10 16:00:00,0.0,0
2023-04-10 16:15:00,0.0,0
2023-04-10 16:30:00,0.0,0
2023-04-10 16:45:00,0.0,0
2023-04-10 17:00:00,0.0,0
2023-04-10 17:15:00,0.0,0
2023-04-10 17:30:00,0.0,0
2023-04-10 17:45:00,0.0,0
2023-04-10 18:00:00,0.0,0
2023-04-10 18:15:00,0.0,0
2023-04-10 18:30:00,0.0,0
2023-04-10 18:45:00,0.0,0
2023-04-10 19:00:00,0.0,0
2023-04-10 19:15:00,0.0,0
2023-04-10 19:30:00,0.0,0
2023-04-10 19:45:00,0.0,0
2023-04-10 20:00:00,0.0,0
2023-04-10 20:15:00,0.0,0
2023-04-10 20:30:00,0.0,0
2023-04-10 20:45:00,0.0,0
2023-04-10 21:00:00,0.0,0
2023-04-10 21:15:00,0.0,0
2023-04-10 21:30:00,0.0,0
2023-04-10 21:45:00,0.0,0
2023-04-10 22:00:00,0.0,0
2023-04-10 22:15:00,0.0,0
2023-04-10 22:30:00,0.0,0
2023-04-10 22:45:00,0.0,0
2023-04-10 23:00:00,0.0,0
2023-04-10 23:15:00,0.0,0
2023-04-10 23:30:00,0.0,0
2023-04-10 23:45:00,0.0,0
2023-04-11 00:00:00,0.0,0
2023-04-11 00:15:00,0.0,0
2023-04-11 00:30:00,0.0,0
2023-04-11 00:45:00,0.0,0
2023-04-11 01:00:00,0.0,0
2023-04-11 01:15:00,0.0,0
2023-04-11 01:30:00,0.0,0
2023-04-11 01:45:00,0.0,0
2023-04-11 02:00:00,0.0,0
2023-04-11 02:15:00,0.0,0
2023-04-11 02:30:00,0.0,0
2023-04-11 02:45:00,0.0,0
2023-04-11 03:00:00,0.0,0
2023-04-11 03:15:00,0.0,0
2023-04-11 03:30:00,0.0,0
2023-04-11 03:45:00,0.0,0
2023-04-11 04:00:00,0.0,0
2023-04-11 04:15:00,0.0,0
2023-04-11 04:30:00,0.0,0
2023-04-11 04:45:00,0.0,0
2023-04-11 05:00:00,0.0,0
2023-04-11 05:15:00,0.0,0
2023-04-11 05:30:00,0.0,0
2023-04-11 05:45:00,0.0,0
2023-04-11 06:00:00,0.0,0
2023-04-11 06:15:00,0.0,0
2023-04-11 06:30:00,85.32637023925781,1
2023-04-11 06:45:00,82.7214126586914,1
2023-04-11 07:00:00,112.37995910644533,1
2023-04-11 07:15:00,118.0420379638672,1
2023-04-11 07:30:00,112.7159652709961,1
2023-04-11 07:45:00,130.7965087890625,1
2023-04-11 08:00:00,142.33865356445312,1
2023-04-11 08:15:00,153.5727081298828,1
2023-04-11 08:30:00,146.37664794921875,1
2023-04-11 08:45:00,158.0259246826172,1
2023-04-11 09:00:00,156.74441528320312,1
2023-04-11 09:15:00,161.08636474609375,1
2023-04-11 09:30:00,160.75674438476562,1
2023-04-11 09:45:00,174.0662078857422,1
2023-04-11 10:00:00,171.7550811767578,1
2023-04-11 10:15:00,170.93344116210938,1
2023-04-11 10:30:00,171.85536193847656,1
2023-04-11 10:45:00,166.11953735351562,1
2023-04-11 11:00:00,156.46261596679688,1
2023-04-11 11:15:00,155.4005889892578,1
2023-04-11 11:30:00,160.00778198242188,1
2023-04-11 11:45:00,151.67002868652344,1
2023-04-11 12:00:00,136.83567810058594,1
2023-04-11 12:15:00,112.14505767822266,1
2023-04-11 12:30:00,129.3775634765625,1
2023-04-11 12:45:00,126.08557891845705,1
2023-04-11 13:00:00,105.4379653930664,1
2023-04-11 13:15:00,99.56571197509766,1
2023-04-11 13:30:00,85.36239624023438,1
2023-04-11 13:45:00,77.60231018066406,1
2023-04-11 14:00:00,0.0,0
2023-04-11 14:15:00,0.0,0
2023-04-11 14:30:00,0.0,0
2023-04-11 14:45:00,0.0,0
2023-04-11 15:00:00,0.0,0
2023-04-11 15:15:00,0.0,0
2023-04-11 15:30:00,0.0,0
2023-04-11 15:45:00,0.0,0
2023-04-11 16:00:00,0.0,0
2023-04-11 16:15:00,0.0,0
2023-04-11 16:30:00,0.0,0
2023-04-11 16:45:00,0.0,0
2023-04-11 17:00:00,0.0,0
2023-04-11 17:15:00,0.0,0
2023-04-11 17:30:00,0.0,0
2023-04-11 17:45:00,0.0,0
2023-04-11 18:00:00,0.0,0
2023-04-11 18:15:00,0.0,0
2023-04-11 18:30:00,0.0,0
2023-04-11 18:45:00,0.0,0
2023-04-11 19:00:00,0.0,0
2023-04-11 19:15:00,0.0,0
2023-04-11 19:30:00,0.0,0
2023-04-11 19:45:00,0.0,0
2023-04-11 20:00:00,0.0,0
2023-04-11 20:15:00,0.0,0
2023-04-11 20:30:00,0.0,0
2023-04-11 20:45:00,0.0,0
2023-04-11 21:00:00,0.0,0
2023-04-11 21:15:00,0.0,0
2023-04-11 21:30:00,0.0,0
2023-04-11 21:45:00,0.0,0
2023-04-11 22:00:00,0.0,0
2023-04-11 22:15:00,0.0,0
2023-04-11 22:30:00,0.0,0
2023-04-11 22:45:00,0.0,0
2023-04-11 23:00:00,0.0,0
2023-04-11 23:15:00,0.0,0
2023-04-11 23:30:00,0.0,0
2023-04-11 23:45:00,0.0,0
2023-04-12 00:00:00,0.0,0
2023-04-12 00:15:00,0.0,0
2023-04-12 00:30:00,0.0,0
2023-04-12 00:45:00,0.0,0
2023-04-12 01:00:00,0.0,0
2023-04-12 01:15:00,0.0,0
2023-04-12 01:30:00,0.0,0
2023-04-12 01:45:00,0.0,0
2023-04-12 02:00:00,0.0,0
2023-04-12 02:15:00,0.0,0
2023-04-12 02:30:00,0.0,0
2023-04-12 02:45:00,0.0,0
2023-04-12 03:00:00,0.0,0
2023-04-12 03:15:00,0.0,0
2023-04-12 03:30:00,0.0,0
2023-04-12 03:45:00,0.0,0
2023-04-12 04:00:00,0.0,0
2023-04-12 04:15:00,0.0,0
2023-04-12 04:30:00,0.0,0
2023-04-12 04:45:00,0.0,0
2023-04-12 05:00:00,0.0,0
2023-04-12 05:15:00,0.0,0
2023-04-12 05:30:00,0.0,0
2023-04-12 05:45:00,0.0,0
2023-04-12 06:00:00,0.0,0
2023-04-12 06:15:00,0.0,0
2023-04-12 06:30:00,86.35813903808594,1
2023-04-12 06:45:00,99.37509155273438,1
2023-04-12 07:00:00,101.42491912841795,1
2023-04-12 07:15:00,114.16424560546876,1
2023-04-12 07:30:00,112.7159652709961,1
2023-04-12 07:45:00,127.74232482910156,1
2023-04-12 08:00:00,142.33865356445312,1
2023-04-12 08:15:00,148.7507781982422,1
2023-04-12 08:30:00,146.37664794921875,1
2023-04-12 08:45:00,158.41348266601562,1
2023-04-12 09:00:00,158.3655242919922,1
2023-04-12 09:15:00,161.40020751953125,1
2023-04-12 09:30:00,160.75674438476562,1
2023-04-12 09:45:00,171.40719604492188,1
2023-04-12 10:00:00,166.88900756835938,1
2023-04-12 10:15:00,166.06736755371094,1
2023-04-12 10:30:00,156.89122009277344,1
2023-04-12 10:45:00,161.2534637451172,1
2023-04-12 11:00:00,156.46261596679688,1
2023-04-12 11:15:00,147.2581787109375,1
2023-04-12 11:30:00,160.15126037597656,1
2023-04-12 11:45:00,148.48915100097656,1
2023-04-12 12:00:00,136.83567810058594,1
2023-04-12 12:15:00,127.80506134033205,1
2023-04-12 12:30:00,126.78005981445312,1
2023-04-12 12:45:00,127.0188217163086,1
2023-04-12 13:00:00,105.83965301513672,1
2023-04-12 13:15:00,101.7439193725586,1
2023-04-12 13:30:00,93.13606262207033,1
2023-04-12 13:45:00,0.0,0
2023-04-12 14:00:00,0.0,0
2023-04-12 14:15:00,0.0,0
2023-04-12 14:30:00,0.0,0
2023-04-12 14:45:00,0.0,0
2023-04-12 15:00:00,0.0,0
2023-04-12 15:15:00,0.0,0
2023-04-12 15:30:00,0.0,0
2023-04-12 15:45:00,0.0,0
2023-04-12 16:00:00,0.0,0
2023-04-12 16:15:00,0.0,0
2023-04-12 16:30:00,0.0,0
2023-04-12 16:45:00,0.0,0
2023-04-12 17:00:00,0.0,0
2023-04-12 17:15:00,0.0,0
2023-04-12 17:30:00,0.0,0
2023-04-12 17:45:00,0.0,0
2023-04-12 18:00:00,0.0,0
2023-04-12 18:15:00,0.0,0
2023-04-12 18:30:00,0.0,0
2023-04-12 18:45:00,0.0,0
2023-04-12 19:00:00,0.0,0
2023-04-12 19:15:00,0.0,0
2023-04-12 19:30:00,0.0,0
2023-04-12 19:45:00,0.0,0
2023-04-12 20:00:00,0.0,0
2023-04-12 20:15:00,0.0,0
2023-04-12 20:30:00,0.0,0
2023-04-12 20:45:00,0.0,0
2023-04-12 21:00:00,0.0,0
2023-04-12 21:15:00,0.0,0
2023-04-12 21:30:00,0.0,0
2023-04-12 21:45:00,0.0,0
2023-04-12 22:00:00,0.0,0
2023-04-12 22:15:00,0.0,0
2023-04-12 22:30:00,0.0,0
2023-04-12 22:45:00,0.0,0
2023-04-12 23:00:00,0.0,0
2023-04-12 23:15:00,0.0,0
2023-04-12 23:30:00,0.0,0
2023-04-12 23:45:00,0.0,0
2023-04-13 00:00:00,0.0,0
2023-04-13 00:15:00,0.0,0
2023-04-13 00:30:00,0.0,0
2023-04-13 00:45:00,0.0,0
2023-04-13 01:00:00,0.0,0
2023-04-13 01:15:00,0.0,0
2023-04-13 01:30:00,0.0,0
2023-04-13 01:45:00,0.0,0
2023-04-13 02:00:00,0.0,0
2023-04-13 02:15:00,0.0,0
2023-04-13 02:30:00,0.0,0
2023-04-13 02:45:00,0.0,0
2023-04-13 03:00:00,0.0,0
2023-04-13 03:15:00,0.0,0
2023-04-13 03:30:00,0.0,0
2023-04-13 03:45:00,0.0,0
2023-04-13 04:00:00,0.0,0
2023-04-13 04:15:00,0.0,0
2023-04-13 04:30:00,0.0,0
2023-04-13 04:45:00,0.0,0
2023-04-13 05:00:00,0.0,0
2023-04-13 05:15:00,0.0,0
2023-04-13 05:30:00,0.0,0
2023-04-13 05:45:00,0.0,0
2023-04-13 06:00:00,0.0,0
2023-04-13 06:15:00,0.0,0
2023-04-13 06:30:00,83.80577087402344,1
2023-04-13 06:45:00,104.75655364990234,1
2023-04-13 07:00:00,107.4614715576172,1
2023-04-13 07:15:00,119.6442413330078,1
2023-04-13 07:30:00,121.0606918334961,1
2023-04-13 07:45:00,126.12230682373048,1
2023-04-13 08:00:00,141.8632049560547,1
2023-04-13 08:15:00,150.13345336914062,1
2023-04-13 08:30:00,155.59600830078125,1
2023-04-13 08:45:00,159.74026489257812,1
2023-04-13 09:00:00,158.2382354736328,1
2023-04-13 09:15:00,158.8489227294922,1
2023-04-13 09:30:00,162.38192749023438,1
2023-04-13 09:45:00,166.91873168945312,1
2023-04-13 10:00:00,162.54649353027344,1
2023-04-13 10:15:00,159.9836883544922,1
2023-04-13 10:30:00,161.76759338378906,1
2023-04-13 10:45:00,154.45091247558594,1
2023-04-13 11:00:00,157.80247497558594,1
2023-04-13 11:15:00,147.3778533935547,1
2023-04-13 11:30:00,160.01837158203125,1
2023-04-13 11:45:00,158.12733459472656,1
2023-04-13 12:00:00,135.90196228027344,1
2023-04-13 12:15:00,122.01278686523438,1
2023-04-13 12:30:00,134.42752075195312,1
2023-04-13 12:45:00,126.08557891845705,1
2023-04-13 13:00:00,105.4379653930664,1
2023-04-13 13:15:00,103.10137176513672,1
2023-04-13 13:30:00,91.4561996459961,1
2023-04-13 13:45:00,82.80451965332031,1
2023-04-13 14:00:00,0.0,0
2023-04-13 14:15:00,0.0,0
2023-04-13 14:30:00,0.0,0
2023-04-13 14:45:00,0.0,0
2023-04-13 15:00:00,0.0,0
2023-04-13 15:15:00,0.0,0
2023-04-13 15:30:00,0.0,0
2023-04-13 15:45:00,0.0,0
2023-04-13 16:00:00,0.0,0
2023-04-13 16:15:00,0.0,0
2023-04-13 16:30:00,0.0,0
2023-04-13 16:45:00,0.0,0
2023-04-13 17:00:00,0.0,0
2023-04-13 17:15:00,0.0,0
2023-04-13 17:30:00,0.0,0
2023-04-13 17:45:00,0.0,0
2023-04-13 18:00:00,0.0,0
2023-04-13 18:15:00,0.0,0
2023-04-13 18:30:00,0.0,0
2023-04-13 18:45:00,0.0,0
2023-04-13 19:00:00,0.0,0
2023-04-13 19:15:00,0.0,0
2023-04-13 19:30:00,0.0,0
2023-04-13 19:45:00,0.0,0
2023-04-13 20:00:00,0.0,0
2023-04-13 20:15:00,0.0,0
2023-04-13 20:30:00,0.0,0
2023-04-13 20:45:00,0.0,0
2023-04-13 21:00:00,0.0,0
2023-04-13 21:15:00,0.0,0
2023-04-13 21:30:00,0.0,0
2023-04-13 21:45:00,0.0,0
2023-04-13 22:00:00,0.0,0
2023-04-13 22:15:00,0.0,0
2023-04-13 22:30:00,0.0,0
2023-04-13 22:45:00,0.0,0
2023-04-13 23:00:00,0.0,0
2023-04-13 23:15:00,0.0,0
2023-04-13 23:30:00,0.0,0
2023-04-13 23:45:00,0.0,0
2023-04-14 00:00:00,0.0,0
2023-04-14 00:15:00,0.0,0
2023-04-14 00:30:00,0.0,0
2023-04-14 00:45:00,0.0,0
2023-04-14 01:00:00,0.0,0
2023-04-14 01:15:00,0.0,0
2023-04-14 01:30:00,0.0,0
2023-04-14 01:45:00,0.0,0
2023-04-14 02:00:00,0.0,0
2023-04-14 02:15:00,0.0,0
2023-04-14 02:30:00,0.0,0
2023-04-14 02:45:00,0.0,0
2023-04-14 03:00:00,0.0,0
2023-04-14 03:15:00,0.0,0
2023-04-14 03:30:00,0.0,0
2023-04-14 03:45:00,0.0,0
2023-04-14 04:00:00,0.0,0
2023-04-14 04:15:00,0.0,0
2023-04-14 04:30:00,0.0,0
2023-04-14 04:45:00,0.0,0
2023-04-14 05:00:00,0.0,0
2023-04-14 05:15:00,0.0,0
2023-04-14 05:30:00,0.0,0
2023-04-14 05:45:00,0.0,0
2023-04-14 06:00:00,0.0,0
2023-04-14 06:15:00,0.0,0
2023-04-14 06:30:00,92.06769561767578,1
2023-04-14 06:45:00,101.2484893798828,1
2023-04-14 07:00:00,114.8039321899414,1
2023-04-14 07:15:00,124.0322265625,1
2023-04-14 07:30:00,123.38124084472656,1
2023-04-14 07:45:00,135.4037628173828,1
2023-04-14 08:00:00,148.55018615722656,1
2023-04-14 08:15:00,155.0225830078125,1
2023-04-14 08:30:00,159.20361328125,1
2023-04-14 08:45:00,166.52194213867188,1
2023-04-14 09:00:00,166.32241821289062,1
2023-04-14 09:15:00,160.75674438476562,1
2023-04-14 09:30:00,176.4026641845703,1
2023-04-14 09:45:00,177.5965576171875,1
2023-04-14 10:00:00,175.28541564941406,1
2023-04-14 10:15:00,173.63853454589844,1
2023-04-14 10:30:00,172.73719787597656,1
2023-04-14 10:45:00,156.28114318847656,1
2023-04-14 11:00:00,162.17442321777344,1
2023-04-14 11:15:00,166.47000122070312,1
2023-04-14 11:30:00,163.0673065185547,1
2023-04-14 11:45:00,154.78807067871094,1
2023-04-14 12:00:00,101.85652923583984,1
2023-04-14 12:15:00,126.32876586914062,1
2023-04-14 12:30:00,134.42752075195312,1
2023-04-14 12:45:00,120.31087493896484,1
2023-04-14 13:00:00,101.53462982177734,1
2023-04-14 13:15:00,100.67285919189452,1
2023-04-14 13:30:00,85.08184814453125,1
2023-04-14 13:45:00,0.0,0
2023-04-14 14:00:00,0.0,0
2023-04-14 14:15:00,0.0,0
2023-04-14 14:30:00,0.0,0
2023-04-14 14:45:00,0.0,0
2023-04-14 15:00:00,0.0,0
2023-04-14 15:15:00,0.0,0
2023-04-14 15:30:00,0.0,0
2023-04-14 15:45:00,0.0,0
2023-04-14 16:00:00,0.0,0
2023-04-14 16:15:00,0.0,0
2023-04-14 16:30:00,0.0,0
2023-04-14 16:45:00,0.0,0
2023-04-14 17:00:00,0.0,0
2023-04-14 17:15:00,0.0,0
2023-04-14 17:30:00,0.0,0
2023-04-14 17:45:00,0.0,0
2023-04-14 18:00:00,0.0,0
2023-04-14 18:15:00,0.0,0
2023-04-14 18:30:00,0.0,0
2023-04-14 18:45:00,0.0,0
2023-04-14 19:00:00,0.0,0
2023-04-14 19:15:00,0.0,0
2023-04-14 19:30:00,0.0,0
2023-04-14 19:45:00,0.0,0
2023-04-14 20:00:00,0.0,0
2023-04-14 20:15:00,0.0,0
2023-04-14 20:30:00,0.0,0
2023-04-14 20:45:00,0.0,0
2023-04-14 21:00:00,0.0,0
2023-04-14 21:15:00,0.0,0
2023-04-14 21:30:00,0.0,0
2023-04-14 21:45:00,0.0,0
2023-04-14 22:00:00,0.0,0
2023-04-14 22:15:00,0.0,0
2023-04-14 22:30:00,0.0,0
2023-04-14 22:45:00,0.0,0
2023-04-14 23:00:00,0.0,0
2023-04-14 23:15:00,0.0,0
2023-04-14 23:30:00,0.0,0
2023-04-14 23:45:00,0.0,0
2023-04-15 00:00:00,0.0,0
2023-04-15 00:15:00,0.0,0
2023-04-15 00:30:00,0.0,0
2023-04-15 00:45:00,0.0,0
2023-04-15 01:00:00,0.0,0
2023-04-15 01:15:00,0.0,0
2023-04-15 01:30:00,0.0,0
2023-04-15 01:45:00,0.0,0
2023-04-15 02:00:00,0.0,0
2023-04-15 02:15:00,0.0,0
2023-04-15 02:30:00,0.0,0
2023-04-15 02:45:00,0.0,0
2023-04-15 03:00:00,0.0,0
2023-04-15 03:15:00,0.0,0
2023-04-15 03:30:00,0.0,0
2023-04-15 03:45:00,0.0,0
2023-04-15 04:00:00,0.0,0
2023-04-15 04:15:00,0.0,0
2023-04-15 04:30:00,0.0,0
2023-04-15 04:45:00,0.0,0
2023-04-15 05:00:00,0.0,0
2023-04-15 05:15:00,0.0,0
2023-04-15 05:30:00,0.0,0
2023-04-15 05:45:00,0.0,0
2023-04-15 06:00:00,0.0,0
2023-04-15 06:15:00,0.0,0
2023-04-15 06:30:00,83.00818634033203,1
2023-04-15 06:45:00,100.85438537597656,1
2023-04-15 07:00:00,101.24449157714844,1
2023-04-15 07:15:00,110.60358428955078,1
2023-04-15 07:30:00,119.8176727294922,1
2023-04-15 07:45:00,127.92169189453124,1
2023-04-15 08:00:00,141.81375122070312,1
2023-04-15 08:15:00,149.87667846679688,1
2023-04-15 08:30:00,135.45025634765625,1
2023-04-15 08:45:00,157.37547302246094,1
2023-04-15 09:00:00,147.75291442871094,1
2023-04-15 09:15:00,160.20091247558594,1
2023-04-15 09:30:00,163.6004638671875,1
2023-04-15 09:45:00,174.1532745361328,1
2023-04-15 10:00:00,171.84214782714844,1
2023-04-15 10:15:00,165.76087951660156,1
2023-04-15 10:30:00,162.05018615722656,1
2023-04-15 10:45:00,160.5963134765625,1
2023-04-15 11:00:00,156.22048950195312,1
2023-04-15 11:15:00,159.32476806640625,1
2023-04-15 11:30:00,158.08074951171875,1
2023-04-15 11:45:00,147.98683166503906,1
2023-04-15 12:00:00,129.3890380859375,1
2023-04-15 12:15:00,135.66783142089844,1
2023-04-15 12:30:00,130.5439453125,1
2023-04-15 12:45:00,107.4869155883789,1
2023-04-15 13:00:00,117.2670440673828,1
2023-04-15 13:15:00,101.58387756347656,1
2023-04-15 13:30:00,91.64608001708984,1
2023-04-15 13:45:00,0.0,0
2023-04-15 14:00:00,0.0,0
2023-04-15 14:15:00,0.0,0
2023-04-15 14:30:00,0.0,0
2023-04-15 14:45:00,0.0,0
2023-04-15 15:00:00,0.0,0
2023-04-15 15:15:00,0.0,0
2023-04-15 15:30:00,0.0,0
2023-04-15 15:45:00,0.0,0
2023-04-15 16:00:00,0.0,0
2023-04-15 16:15:00,0.0,0
2023-04-15 16:30:00,0.0,0
2023-04-15 16:45:00,0.0,0
2023-04-15 17:00:00,0.0,0
2023-04-15 17:15:00,0.0,0
2023-04-15 17:30:00,0.0,0
2023-04-15 17:45:00,0.0,0
2023-04-15 18:00:00,0.0,0
2023-04-15 18:15:00,0.0,0
2023-04-15 18:30:00,0.0,0
2023-04-15 18:45:00,0.0,0
2023-04-15 19:00:00,0.0,0
2023-04-15 19:15:00,0.0,0
2023-04-15 19:30:00,0.0,0
2023-04-15 19:45:00,0.0,0
2023-04-15 20:00:00,0.0,0
2023-04-15 20:15:00,0.0,0
2023-04-15 20:30:00,0.0,0
2023-04-15 20:45:00,0.0,0
2023-04-15 21:00:00,0.0,0
2023-04-15 21:15:00,0.0,0
2023-04-15 21:30:00,0.0,0
2023-04-15 21:45:00,0.0,0
2023-04-15 22:00:00,0.0,0
2023-04-15 22:15:00,0.0,0
2023-04-15 22:30:00,0.0,0
2023-04-15 22:45:00,0.0,0
2023-04-15 23:00:00,0.0,0
2023-04-15 23:15:00,0.0,0
2023-04-15 23:30:00,0.0,0
2023-04-15 23:45:00,0.0,0
2023-04-16 00:00:00,0.0,0
2023-04-16 00:15:00,0.0,0
2023-04-16 00:30:00,0.0,0
2023-04-16 00:45:00,0.0,0
2023-04-16 01:00:00,0.0,0
2023-04-16 01:15:00,0.0,0
2023-04-16 01:30:00,0.0,0
2023-04-16 01:45:00,0.0,0
2023-04-16 02:00:00,0.0,0
2023-04-16 02:15:00,0.0,0
2023-04-16 02:30:00,0.0,0
2023-04-16 02:45:00,0.0,0
2023-04-16 03:00:00,0.0,0
2023-04-16 03:15:00,0.0,0
2023-04-16 03:30:00,0.0,0
2023-04-16 03:45:00,0.0,0
2023-04-16 04:00:00,0.0,0
2023-04-16 04:15:00,0.0,0
2023-04-16 04:30:00,0.0,0
2023-04-16 04:45:00,0.0,0
2023-04-16 05:00:00,0.0,0
2023-04-16 05:15:00,0.0,0
2023-04-16 05:30:00,0.0,0
2023-04-16 05:45:00,0.0,0
2023-04-16 06:00:00,0.0,0
2023-04-16 06:15:00,0.0,0
2023-04-16 06:30:00,84.2813491821289,1
2023-04-16 06:45:00,104.80339050292967,1
2023-04-16 07:00:00,87.07630157470703,1
2023-04-16 07:15:00,114.16424560546876,1
2023-04-16 07:30:00,119.16862487792967,1
2023-04-16 07:45:00,129.57473754882812,1
2023-04-16 08:00:00,142.81166076660156,1
2023-04-16 08:15:00,146.6901397705078,1
2023-04-16 08:30:00,149.95791625976562,1
2023-04-16 08:45:00,160.2256622314453,1
2023-04-16 09:00:00,153.81143188476562,1
2023-04-16 09:15:00,160.2388916015625,1
2023-04-16 09:30:00,163.6004638671875,1
2023-04-16 09:45:00,174.1532745361328,1
2023-04-16 10:00:00,171.84214782714844,1
2023-04-16 10:15:00,170.93344116210938,1
2023-04-16 10:30:00,171.85536193847656,1
2023-04-16 10:45:00,166.11953735351562,1
2023-04-16 11:00:00,158.8468017578125,1
2023-04-16 11:15:00,158.97950744628906,1
2023-04-16 11:30:00,158.86642456054688,1
2023-04-16 11:45:00,148.3119659423828,1
2023-04-16 12:00:00,128.81997680664062,1
2023-04-16 12:15:00,135.66783142089844,1
2023-04-16 12:30:00,130.5439453125,1
2023-04-16 12:45:00,120.67683410644533,1
2023-04-16 13:00:00,119.74434661865234,1
2023-04-16 13:15:00,100.15240478515624,1
2023-04-16 13:30:00,87.36521911621094,1
2023-04-16 13:45:00,0.0,0
2023-04-16 14:00:00,0.0,0
2023-04-16 14:15:00,0.0,0
2023-04-16 14:30:00,0.0,0
2023-04-16 14:45:00,0.0,0
2023-04-16 15:00:00,0.0,0
2023-04-16 15:15:00,0.0,0
2023-04-16 15:30:00,0.0,0
2023-04-16 15:45:00,0.0,0
2023-04-16 16:00:00,0.0,0
2023-04-16 16:15:00,0.0,0
2023-04-16 16:30:00,0.0,0
2023-04-16 16:45:00,0.0,0
2023-04-16 17:00:00,0.0,0
2023-04-16 17:15:00,0.0,0
2023-04-16 17:30:00,0.0,0
2023-04-16 17:45:00,0.0,0
2023-04-16 18:00:00,0.0,0
2023-04-16 18:15:00,0.0,0
2023-04-16 18:30:00,0.0,0
2023-04-16 18:45:00,0.0,0
2023-04-16 19:00:00,0.0,0
2023-04-16 19:15:00,0.0,0
2023-04-16 19:30:00,0.0,0
2023-04-16 19:45:00,0.0,0
2023-04-16 20:00:00,0.0,0
2023-04-16 20:15:00,0.0,0
2023-04-16 20:30:00,0.0,0
2023-04-16 20:45:00,0.0,0
2023-04-16 21:00:00,0.0,0
2023-04-16 21:15:00,0.0,0
2023-04-16 21:30:00,0.0,0
2023-04-16 21:45:00,0.0,0
2023-04-16 22:00:00,0.0,0
2023-04-16 22:15:00,0.0,0
2023-04-16 22:30:00,0.0,0
2023-04-16 22:45:00,0.0,0
2023-04-16 23:00:00,0.0,0
2023-04-16 23:15:00,0.0,0
2023-04-16 23:30:00,0.0,0
2023-04-16 23:45:00,0.0,0
2023-04-17 00:00:00,0.0,0
2023-04-17 00:15:00,0.0,0
2023-04-17 00:30:00,0.0,0
2023-04-17 00:45:00,0.0,0
2023-04-17 01:00:00,0.0,0
2023-04-17 01:15:00,0.0,0
2023-04-17 01:30:00,0.0,0
2023-04-17 01:45:00,0.0,0
2023-04-17 02:00:00,0.0,0
2023-04-17 02:15:00,0.0,0
2023-04-17 02:30:00,0.0,0
2023-04-17 02:45:00,0.0,0
2023-04-17 03:00:00,0.0,0
2023-04-17 03:15:00,0.0,0
2023-04-17 03:30:00,0.0,0
2023-04-17 03:45:00,0.0,0
2023-04-17 04:00:00,0.0,0
2023-04-17 04:15:00,0.0,0
2023-04-17 04:30:00,0.0,0
2023-04-17 04:45:00,0.0,0
2023-04-17 05:00:00,0.0,0
2023-04-17 05:15:00,0.0,0
2023-04-17 05:30:00,0.0,0
2023-04-17 05:45:00,0.0,0
2023-04-17 06:00:00,0.0,0
2023-04-17 06:15:00,0.0,0
2023-04-17 06:30:00,91.19174194335938,1
2023-04-17 06:45:00,105.6935043334961,1
2023-04-17 07:00:00,117.92628479003906,1
2023-04-17 07:15:00,123.28190612792967,1
2023-04-17 07:30:00,136.31002807617188,1
2023-04-17 07:45:00,131.11331176757812,1
2023-04-17 08:00:00,150.22854614257812,1
2023-04-17 08:15:00,154.7091064453125,1
2023-04-17 08:30:00,165.0283966064453,1
2023-04-17 08:45:00,175.7887420654297,1
2023-04-17 09:00:00,156.72653198242188,1
2023-04-17 09:15:00,175.76101684570312,1
2023-04-17 09:30:00,173.9799346923828,1
2023-04-17 09:45:00,190.9366607666016,1
2023-04-17 10:00:00,188.62550354003903,1
2023-04-17 10:15:00,186.3545684814453,1
2023-04-17 10:30:00,177.5159912109375,1
2023-04-17 10:45:00,183.34359741210935,1
2023-04-17 11:00:00,174.96182250976562,1
2023-04-17 11:15:00,174.82305908203125,1
2023-04-17 11:30:00,163.06298828125,1
2023-04-17 11:45:00,148.90145874023438,1
2023-04-17 12:00:00,132.52186584472656,1
2023-04-17 12:15:00,146.68499755859375,1
2023-04-17 12:30:00,125.78392791748048,1
2023-04-17 12:45:00,128.31753540039062,1
2023-04-17 13:00:00,120.19293212890624,1
2023-04-17 13:15:00,106.93724822998048,1
2023-04-17 13:30:00,92.4696807861328,1
2023-04-17 13:45:00,81.52088165283203,1
2023-04-17 14:00:00,0.0,0
2023-04-17 14:15:00,0.0,0
2023-04-17 14:30:00,0.0,0
2023-04-17 14:45:00,0.0,0
2023-04-17 15:00:00,0.0,0
2023-04-17 15:15:00,0.0,0
2023-04-17 15:30:00,0.0,0
2023-04-17 15:45:00,0.0,0
2023-04-17 16:00:00,0.0,0
2023-04-17 16:15:00,0.0,0
2023-04-17 16:30:00,0.0,0
2023-04-17 16:45:00,0.0,0
2023-04-17 17:00:00,0.0,0
2023-04-17 17:15:00,0.0,0
2023-04-17 17:30:00,0.0,0
2023-04-17 17:45:00,0.0,0
2023-04-17 18:00:00,0.0,0
2023-04-17 18:15:00,0.0,0
2023-04-17 18:30:00,0.0,0
2023-04-17 18:45:00,0.0,0
2023-04-17 19:00:00,0.0,0
2023-04-17 19:15:00,0.0,0
2023-04-17 19:30:00,0.0,0
2023-04-17 19:45:00,0.0,0
2023-04-17 20:00:00,0.0,0
2023-04-17 20:15:00,0.0,0
2023-04-17 20:30:00,0.0,0
2023-04-17 20:45:00,0.0,0
2023-04-17 21:00:00,0.0,0
2023-04-17 21:15:00,0.0,0
2023-04-17 21:30:00,0.0,0
2023-04-17 21:45:00,0.0,0
2023-04-17 22:00:00,0.0,0
2023-04-17 22:15:00,0.0,0
2023-04-17 22:30:00,0.0,0
2023-04-17 22:45:00,0.0,0
2023-04-17 23:00:00,0.0,0
2023-04-17 23:15:00,0.0,0
2023-04-17 23:30:00,0.0,0
2023-04-17 23:45:00,0.0,0
2023-04-18 00:00:00,0.0,0
2023-04-18 00:15:00,0.0,0
2023-04-18 00:30:00,0.0,0
2023-04-18 00:45:00,0.0,0
2023-04-18 01:00:00,0.0,0
2023-04-18 01:15:00,0.0,0
2023-04-18 01:30:00,0.0,0
2023-04-18 01:45:00,0.0,0
2023-04-18 02:00:00,0.0,0
2023-04-18 02:15:00,0.0,0
2023-04-18 02:30:00,0.0,0
2023-04-18 02:45:00,0.0,0
2023-04-18 03:00:00,0.0,0
2023-04-18 03:15:00,0.0,0
2023-04-18 03:30:00,0.0,0
2023-04-18 03:45:00,0.0,0
2023-04-18 04:00:00,0.0,0
2023-04-18 04:15:00,0.0,0
2023-04-18 04:30:00,0.0,0
2023-04-18 04:45:00,0.0,0
2023-04-18 05:00:00,0.0,0
2023-04-18 05:15:00,0.0,0
2023-04-18 05:30:00,0.0,0
2023-04-18 05:45:00,0.0,0
2023-04-18 06:00:00,0.0,0
2023-04-18 06:15:00,0.0,0
2023-04-18 06:30:00,91.19174194335938,1
2023-04-18 06:45:00,100.9442138671875,1
2023-04-18 07:00:00,115.7120361328125,1
2023-04-18 07:15:00,121.57955932617188,1
2023-04-18 07:30:00,121.67597198486328,1
2023-04-18 07:45:00,131.11331176757812,1
2023-04-18 08:00:00,144.52528381347656,1
2023-04-18 08:15:00,155.65444946289062,1
2023-04-18 08:30:00,164.30050659179688,1
2023-04-18 08:45:00,174.15982055664062,1
2023-04-18 09:00:00,156.4336395263672,1
2023-04-18 09:15:00,175.43844604492188,1
2023-04-18 09:30:00,177.6001739501953,1
2023-04-18 09:45:00,180.59939575195312,1
2023-04-18 10:00:00,178.28823852539062,1
2023-04-18 10:15:00,176.29330444335938,1
2023-04-18 10:30:00,179.32879638671875,1
2023-04-18 10:45:00,181.91552734375,1
2023-04-18 11:00:00,175.8961639404297,1
2023-04-18 11:15:00,171.3717498779297,1
2023-04-18 11:30:00,162.2969512939453,1
2023-04-18 11:45:00,157.86734008789062,1
2023-04-18 12:00:00,129.185546875,1
2023-04-18 12:15:00,143.1601104736328,1
2023-04-18 12:30:00,129.79310607910156,1
2023-04-18 12:45:00,122.6791534423828,1
2023-04-18 13:00:00,118.11087799072266,1
2023-04-18 13:15:00,99.3155746459961,1
2023-04-18 13:30:00,89.23567199707031,1
2023-04-18 13:45:00,83.40262603759766,1
2023-04-18 14:00:00,0.0,0
2023-04-18 14:15:00,0.0,0
2023-04-18 14:30:00,0.0,0
2023-04-18 14:45:00,0.0,0
2023-04-18 15:00:00,0.0,0
2023-04-18 15:15:00,0.0,0
2023-04-18 15:30:00,0.0,0
2023-04-18 15:45:00,0.0,0
2023-04-18 16:00:00,0.0,0
2023-04-18 16:15:00,0.0,0
2023-04-18 16:30:00,0.0,0
2023-04-18 16:45:00,0.0,0
2023-04-18 17:00:00,0.0,0
2023-04-18 17:15:00,0.0,0
2023-04-18 17:30:00,0.0,0
2023-04-18 17:45:00,0.0,0
2023-04-18 18:00:00,0.0,0
2023-04-18 18:15:00,0.0,0
2023-04-18 18:30:00,0.0,0
2023-04-18 18:45:00,0.0,0
2023-04-18 19:00:00,0.0,0
2023-04-18 19:15:00,0.0,0
2023-04-18 19:30:00,0.0,0
2023-04-18 19:45:00,0.0,0
2023-04-18 20:00:00,0.0,0
2023-04-18 20:15:00,0.0,0
2023-04-18 20:30:00,0.0,0
2023-04-18 20:45:00,0.0,0
2023-04-18 21:00:00,0.0,0
2023-04-18 21:15:00,0.0,0
2023-04-18 21:30:00,0.0,0
2023-04-18 21:45:00,0.0,0
2023-04-18 22:00:00,0.0,0
2023-04-18 22:15:00,0.0,0
2023-04-18 22:30:00,0.0,0
2023-04-18 22:45:00,0.0,0
2023-04-18 23:00:00,0.0,0
2023-04-18 23:15:00,0.0,0
2023-04-18 23:30:00,0.0,0
2023-04-18 23:45:00,0.0,0
2023-04-19 00:00:00,0.0,0
2023-04-19 00:15:00,0.0,0
2023-04-19 00:30:00,0.0,0
2023-04-19 00:45:00,0.0,0
2023-04-19 01:00:00,0.0,0
2023-04-19 01:15:00,0.0,0
2023-04-19 01:30:00,0.0,0
2023-04-19 01:45:00,0.0,0
2023-04-19 02:00:00,0.0,0
2023-04-19 02:15:00,0.0,0
2023-04-19 02:30:00,0.0,0
2023-04-19 02:45:00,0.0,0
2023-04-19 03:00:00,0.0,0
2023-04-19 03:15:00,0.0,0
2023-04-19 03:30:00,0.0,0
2023-04-19 03:45:00,0.0,0
2023-04-19 04:00:00,0.0,0
2023-04-19 04:15:00,0.0,0
2023-04-19 04:30:00,0.0,0
2023-04-19 04:45:00,0.0,0
2023-04-19 05:00:00,0.0,0
2023-04-19 05:15:00,0.0,0
2023-04-19 05:30:00,0.0,0
2023-04-19 05:45:00,0.0,0
2023-04-19 06:00:00,0.0,0
2023-04-19 06:15:00,79.47435760498047,1
2023-04-19 06:30:00,89.50083923339844,1
2023-04-19 06:45:00,105.46906280517578,1
2023-04-19 07:00:00,107.20730590820312,1
2023-04-19 07:15:00,123.5231704711914,1
2023-04-19 07:30:00,134.11288452148438,1
2023-04-19 07:45:00,135.94912719726562,1
2023-04-19 08:00:00,144.01797485351562,1
2023-04-19 08:15:00,119.01133728027344,1
2023-04-19 08:30:00,159.99757385253906,1
2023-04-19 08:45:00,176.38356018066406,1
2023-04-19 09:00:00,165.90335083007812,1
2023-04-19 09:15:00,163.57730102539062,1
2023-04-19 09:30:00,174.1532745361328,1
2023-04-19 09:45:00,172.23838806152344,1
2023-04-19 10:00:00,169.92726135253906,1
2023-04-19 10:15:00,170.84715270996094,1
2023-04-19 10:30:00,170.93756103515625,1
2023-04-19 10:45:00,167.12779235839844,1
2023-04-19 11:00:00,175.6576385498047,1
2023-04-19 11:15:00,157.7230682373047,1
2023-04-19 11:30:00,153.0732879638672,1
2023-04-19 11:45:00,149.77581787109375,1
2023-04-19 12:00:00,114.44879913330078,1
2023-04-19 12:15:00,123.5887451171875,1
2023-04-19 12:30:00,133.14144897460938,1
2023-04-19 12:45:00,102.3053970336914,1
2023-04-19 13:00:00,117.57244873046876,1
2023-04-19 13:15:00,97.75980377197266,1
2023-04-19 13:30:00,94.13278198242188,1
2023-04-19 13:45:00,0.0,0
2023-04-19 14:00:00,0.0,0
2023-04-19 14:15:00,0.0,0
2023-04-19 14:30:00,0.0,0
2023-04-19 14:45:00,0.0,0
2023-04-19 15:00:00,0.0,0
2023-04-19 15:15:00,0.0,0
2023-04-19 15:30:00,0.0,0
2023-04-19 15:45:00,0.0,0
2023-04-19 16:00:00,0.0,0
2023-04-19 16:15:00,0.0,0
2023-04-19 16:30:00,0.0,0
2023-04-19 16:45:00,0.0,0
2023-04-19 17:00:00,0.0,0
2023-04-19 17:15:00,0.0,0
2023-04-19 17:30:00,0.0,0
2023-04-19 17:45:00,0.0,0
2023-04-19 18:00:00,0.0,0
2023-04-19 18:15:00,0.0,0
2023-04-19 18:30:00,0.0,0
2023-04-19 18:45:00,0.0,0
2023-04-19 19:00:00,0.0,0
2023-04-19 19:15:00,0.0,0
2023-04-19 19:30:00,0.0,0
2023-04-19 19:45:00,0.0,0
2023-04-19 20:00:00,0.0,0
2023-04-19 20:15:00,0.0,0
2023-04-19 20:30:00,0.0,0
2023-04-19 20:45:00,0.0,0
2023-04-19 21:00:00,0.0,0
2023-04-19 21:15:00,0.0,0
2023-04-19 21:30:00,0.0,0
2023-04-19 21:45:00,0.0,0
2023-04-19 22:00:00,0.0,0
2023-04-19 22:15:00,0.0,0
2023-04-19 22:30:00,0.0,0
2023-04-19 22:45:00,0.0,0
2023-04-19 23:00:00,0.0,0
2023-04-19 23:15:00,0.0,0
2023-04-19 23:30:00,0.0,0
2023-04-19 23:45:00,0.0,0
2023-04-20 00:00:00,0.0,0
2023-04-20 00:15:00,0.0,0
2023-04-20 00:30:00,0.0,0
2023-04-20 00:45:00,0.0,0
2023-04-20 01:00:00,0.0,0
2023-04-20 01:15:00,0.0,0
2023-04-20 01:30:00,0.0,0
2023-04-20 01:45:00,0.0,0
2023-04-20 02:00:00,0.0,0
2023-04-20 02:15:00,0.0,0
2023-04-20 02:30:00,0.0,0
2023-04-20 02:45:00,0.0,0
2023-04-20 03:00:00,0.0,0
2023-04-20 03:15:00,0.0,0
2023-04-20 03:30:00,0.0,0
2023-04-20 03:45:00,0.0,0
2023-04-20 04:00:00,0.0,0
2023-04-20 04:15:00,0.0,0
2023-04-20 04:30:00,0.0,0
2023-04-20 04:45:00,0.0,0
2023-04-20 05:00:00,0.0,0
2023-04-20 05:15:00,0.0,0
2023-04-20 05:30:00,0.0,0
2023-04-20 05:45:00,0.0,0
2023-04-20 06:00:00,0.0,0
2023-04-20 06:15:00,0.0,0
2023-04-20 06:30:00,0.0,0
2023-04-20 06:45:00,0.0,0
2023-04-20 07:00:00,0.0,0
2023-04-20 07:15:00,82.9941635131836,1
2023-04-20 07:30:00,93.5012664794922,1
2023-04-20 07:45:00,134.2442626953125,1
2023-04-20 08:00:00,109.98129272460938,1
2023-04-20 08:15:00,118.533935546875,1
2023-04-20 08:30:00,92.82569885253906,1
2023-04-20 08:45:00,158.21255493164062,1
2023-04-20 09:00:00,129.1981658935547,1
2023-04-20 09:15:00,121.58550262451172,1
2023-04-20 09:30:00,148.38937377929688,1
2023-04-20 09:45:00,150.6345672607422,1
2023-04-20 10:00:00,153.03387451171875,1
2023-04-20 10:15:00,135.21676635742188,1
2023-04-20 10:30:00,99.37486267089844,1
2023-04-20 10:45:00,107.46623229980467,1
2023-04-20 11:00:00,122.29241180419922,1
2023-04-20 11:15:00,133.41128540039062,1
2023-04-20 11:30:00,139.7261962890625,1
2023-04-20 11:45:00,132.52186584472656,1
2023-04-20 12:00:00,119.69326782226562,1
2023-04-20 12:15:00,128.68955993652344,1
2023-04-20 12:30:00,126.78814697265624,1
2023-04-20 12:45:00,115.7161636352539,1
2023-04-20 13:00:00,110.92371368408205,1
2023-04-20 13:15:00,103.01022338867188,1
2023-04-20 13:30:00,85.97840118408203,1
2023-04-20 13:45:00,0.0,0
2023-04-20 14:00:00,0.0,0
2023-04-20 14:15:00,0.0,0
2023-04-20 14:30:00,0.0,0
2023-04-20 14:45:00,0.0,0
2023-04-20 15:00:00,0.0,0
2023-04-20 15:15:00,0.0,0
2023-04-20 15:30:00,0.0,0
2023-04-20 15:45:00,0.0,0
2023-04-20 16:00:00,0.0,0
2023-04-20 16:15:00,0.0,0
2023-04-20 16:30:00,0.0,0
2023-04-20 16:45:00,0.0,0
2023-04-20 17:00:00,0.0,0
2023-04-20 17:15:00,0.0,0
2023-04-20 17:30:00,0.0,0
2023-04-20 17:45:00,0.0,0
2023-04-20 18:00:00,0.0,0
2023-04-20 18:15:00,0.0,0
2023-04-20 18:30:00,0.0,0
2023-04-20 18:45:00,0.0,0
2023-04-20 19:00:00,0.0,0
2023-04-20 19:15:00,0.0,0
2023-04-20 19:30:00,0.0,0
2023-04-20 19:45:00,0.0,0
2023-04-20 20:00:00,0.0,0
2023-04-20 20:15:00,0.0,0
2023-04-20 20:30:00,0.0,0
2023-04-20 20:45:00,0.0,0
2023-04-20 21:00:00,0.0,0
2023-04-20 21:15:00,0.0,0
2023-04-20 21:30:00,0.0,0
2023-04-20 21:45:00,0.0,0
2023-04-20 22:00:00,0.0,0
2023-04-20 22:15:00,0.0,0
2023-04-20 22:30:00,0.0,0
2023-04-20 22:45:00,0.0,0
2023-04-20 23:00:00,0.0,0
2023-04-20 23:15:00,0.0,0
2023-04-20 23:30:00,0.0,0
2023-04-20 23:45:00,0.0,0
2023-04-21 00:00:00,0.0,0
2023-04-21 00:15:00,0.0,0
2023-04-21 00:30:00,0.0,0
2023-04-21 00:45:00,0.0,0
2023-04-21 01:00:00,0.0,0
2023-04-21 01:15:00,0.0,0
2023-04-21 01:30:00,0.0,0
2023-04-21 01:45:00,0.0,0
2023-04-21 02:00:00,0.0,0
2023-04-21 02:15:00,0.0,0
2023-04-21 02:30:00,0.0,0
2023-04-21 02:45:00,0.0,0
2023-04-21 03:00:00,0.0,0
2023-04-21 03:15:00,0.0,0
2023-04-21 03:30:00,0.0,0
2023-04-21 03:45:00,0.0,0
2023-04-21 04:00:00,0.0,0
2023-04-21 04:15:00,0.0,0
2023-04-21 04:30:00,0.0,0
2023-04-21 04:45:00,0.0,0
2023-04-21 05:00:00,0.0,0
2023-04-21 05:15:00,0.0,0
2023-04-21 05:30:00,0.0,0
2023-04-21 05:45:00,0.0,0
2023-04-21 06:00:00,0.0,0
2023-04-21 06:15:00,78.55502319335938,1
2023-04-21 06:30:00,89.50083923339844,1
2023-04-21 06:45:00,101.2484893798828,1
2023-04-21 07:00:00,124.92837524414062,1
2023-04-21 07:15:00,123.0662841796875,1
2023-04-21 07:30:00,136.83175659179688,1
2023-04-21 07:45:00,129.9182891845703,1
2023-04-21 08:00:00,144.27154541015625,1
2023-04-21 08:15:00,158.991943359375,1
2023-04-21 08:30:00,160.4981231689453,1
2023-04-21 08:45:00,172.5596160888672,1
2023-04-21 09:00:00,175.02493286132812,1
2023-04-21 09:15:00,166.12240600585938,1
2023-04-21 09:30:00,176.27947998046875,1
2023-04-21 09:45:00,173.72744750976562,1
2023-04-21 10:00:00,173.72744750976562,1
2023-04-21 10:15:00,177.2502899169922,1
2023-04-21 10:30:00,174.7273712158203,1
2023-04-21 10:45:00,184.99301147460935,1
2023-04-21 11:00:00,177.14144897460938,1
2023-04-21 11:15:00,166.6855010986328,1
2023-04-21 11:30:00,159.98699951171875,1
2023-04-21 11:45:00,154.81639099121094,1
2023-04-21 12:00:00,138.44029235839844,1
2023-04-21 12:15:00,141.13319396972656,1
2023-04-21 12:30:00,130.44444274902344,1
2023-04-21 12:45:00,100.81426239013672,1
2023-04-21 13:00:00,117.57244873046876,1
2023-04-21 13:15:00,97.75980377197266,1
2023-04-21 13:30:00,94.13278198242188,1
2023-04-21 13:45:00,0.0,0
2023-04-21 14:00:00,0.0,0
2023-04-21 14:15:00,0.0,0
2023-04-21 14:30:00,0.0,0
2023-04-21 14:45:00,0.0,0
2023-04-21 15:00:00,0.0,0
2023-04-21 15:15:00,0.0,0
2023-04-21 15:30:00,0.0,0
2023-04-21 15:45:00,0.0,0
2023-04-21 16:00:00,0.0,0
2023-04-21 16:15:00,0.0,0
2023-04-21 16:30:00,0.0,0
2023-04-21 16:45:00,0.0,0
2023-04-21 17:00:00,0.0,0
2023-04-21 17:15:00,0.0,0
2023-04-21 17:30:00,0.0,0
2023-04-21 17:45:00,0.0,0
2023-04-21 18:00:00,0.0,0
2023-04-21 18:15:00,0.0,0
2023-04-21 18:30:00,0.0,0
2023-04-21 18:45:00,0.0,0
2023-04-21 19:00:00,0.0,0
2023-04-21 19:15:00,0.0,0
2023-04-21 19:30:00,0.0,0
2023-04-21 19:45:00,0.0,0
2023-04-21 20:00:00,0.0,0
2023-04-21 20:15:00,0.0,0
2023-04-21 20:30:00,0.0,0
2023-04-21 20:45:00,0.0,0
2023-04-21 21:00:00,0.0,0
2023-04-21 21:15:00,0.0,0
2023-04-21 21:30:00,0.0,0
2023-04-21 21:45:00,0.0,0
2023-04-21 22:00:00,0.0,0
2023-04-21 22:15:00,0.0,0
2023-04-21 22:30:00,0.0,0
2023-04-21 22:45:00,0.0,0
2023-04-21 23:00:00,0.0,0
2023-04-21 23:15:00,0.0,0
2023-04-21 23:30:00,0.0,0
2023-04-21 23:45:00,0.0,0
2023-04-22 00:00:00,0.0,0
2023-04-22 00:15:00,0.0,0
2023-04-22 00:30:00,0.0,0
2023-04-22 00:45:00,0.0,0
2023-04-22 01:00:00,0.0,0
2023-04-22 01:15:00,0.0,0
2023-04-22 01:30:00,0.0,0
2023-04-22 01:45:00,0.0,0
2023-04-22 02:00:00,0.0,0
2023-04-22 02:15:00,0.0,0
2023-04-22 02:30:00,0.0,0
2023-04-22 02:45:00,0.0,0
2023-04-22 03:00:00,0.0,0
2023-04-22 03:15:00,0.0,0
2023-04-22 03:30:00,0.0,0
2023-04-22 03:45:00,0.0,0
2023-04-22 04:00:00,0.0,0
2023-04-22 04:15:00,0.0,0
2023-04-22 04:30:00,0.0,0
2023-04-22 04:45:00,0.0,0
2023-04-22 05:00:00,0.0,0
2023-04-22 05:15:00,0.0,0
2023-04-22 05:30:00,0.0,0
2023-04-22 05:45:00,0.0,0
2023-04-22 06:00:00,0.0,0
2023-04-22 06:15:00,0.0,0
2023-04-22 06:30:00,83.00818634033203,1
2023-04-22 06:45:00,104.80339050292967,1
2023-04-22 07:00:00,110.64168548583984,1
2023-04-22 07:15:00,115.10514831542967,1
2023-04-22 07:30:00,130.81298828125,1
2023-04-22 07:45:00,145.0218505859375,1
2023-04-22 08:00:00,143.24606323242188,1
2023-04-22 08:15:00,137.9567413330078,1
2023-04-22 08:30:00,159.6907958984375,1
2023-04-22 08:45:00,177.2436981201172,1
2023-04-22 09:00:00,173.19932556152344,1
2023-04-22 09:15:00,167.74398803710938,1
2023-04-22 09:30:00,173.96954345703125,1
2023-04-22 09:45:00,157.2994842529297,1
2023-04-22 10:00:00,157.2994842529297,1
2023-04-22 10:15:00,128.80868530273438,1
2023-04-22 10:30:00,131.381591796875,1
2023-04-22 10:45:00,145.29966735839844,1
2023-04-22 11:00:00,172.3528289794922,1
2023-04-22 11:15:00,159.49368286132812,1
2023-04-22 11:30:00,149.2708282470703,1
2023-04-22 11:45:00,146.0945281982422,1
2023-04-22 12:00:00,136.2335205078125,1
2023-04-22 12:15:00,147.55506896972656,1
2023-04-22 12:30:00,127.26087188720705,1
2023-04-22 12:45:00,131.77122497558594,1
2023-04-22 13:00:00,118.15313720703124,1
2023-04-22 13:15:00,79.94959259033203,1
2023-04-22 13:30:00,91.83672332763672,1
2023-04-22 13:45:00,0.0,0
2023-04-22 14:00:00,0.0,0
2023-04-22 14:15:00,0.0,0
2023-04-22 14:30:00,0.0,0
2023-04-22 14:45:00,0.0,0
2023-04-22 15:00:00,0.0,0
2023-04-22 15:15:00,0.0,0
2023-04-22 15:30:00,0.0,0
2023-04-22 15:45:00,0.0,0
2023-04-22 16:00:00,0.0,0
2023-04-22 16:15:00,0.0,0
2023-04-22 16:30:00,0.0,0
2023-04-22 16:45:00,0.0,0
2023-04-22 17:00:00,0.0,0
2023-04-22 17:15:00,0.0,0
2023-04-22 17:30:00,0.0,0
2023-04-22 17:45:00,0.0,0
2023-04-22 18:00:00,0.0,0
2023-04-22 18:15:00,0.0,0
2023-04-22 18:30:00,0.0,0
2023-04-22 18:45:00,0.0,0
2023-04-22 19:00:00,0.0,0
2023-04-22 19:15:00,0.0,0
2023-04-22 19:30:00,0.0,0
2023-04-22 19:45:00,0.0,0
2023-04-22 20:00:00,0.0,0
2023-04-22 20:15:00,0.0,0
2023-04-22 20:30:00,0.0,0
2023-04-22 20:45:00,0.0,0
2023-04-22 21:00:00,0.0,0
2023-04-22 21:15:00,0.0,0
2023-04-22 21:30:00,0.0,0
2023-04-22 21:45:00,0.0,0
2023-04-22 22:00:00,0.0,0
2023-04-22 22:15:00,0.0,0
2023-04-22 22:30:00,0.0,0
2023-04-22 22:45:00,0.0,0
2023-04-22 23:00:00,0.0,0
2023-04-22 23:15:00,0.0,0
2023-04-22 23:30:00,0.0,0
2023-04-22 23:45:00,0.0,0
2023-04-23 00:00:00,0.0,0
2023-04-23 00:15:00,0.0,0
2023-04-23 00:30:00,0.0,0
2023-04-23 00:45:00,0.0,0
2023-04-23 01:00:00,0.0,0
2023-04-23 01:15:00,0.0,0
2023-04-23 01:30:00,0.0,0
2023-04-23 01:45:00,0.0,0
2023-04-23 02:00:00,0.0,0
2023-04-23 02:15:00,0.0,0
2023-04-23 02:30:00,0.0,0
2023-04-23 02:45:00,0.0,0
2023-04-23 03:00:00,0.0,0
2023-04-23 03:15:00,0.0,0
2023-04-23 03:30:00,0.0,0
2023-04-23 03:45:00,0.0,0
2023-04-23 04:00:00,0.0,0
2023-04-23 04:15:00,0.0,0
2023-04-23 04:30:00,0.0,0
2023-04-23 04:45:00,0.0,0
2023-04-23 05:00:00,0.0,0
2023-04-23 05:15:00,0.0,0
2023-04-23 05:30:00,0.0,0
2023-04-23 05:45:00,0.0,0
2023-04-23 06:00:00,0.0,0
2023-04-23 06:15:00,0.0,0
2023-04-23 06:30:00,0.0,0
2023-04-23 06:45:00,96.58600616455078,1
2023-04-23 07:00:00,115.78700256347656,1
2023-04-23 07:15:00,109.66268157958984,1
2023-04-23 07:30:00,129.5659942626953,1
2023-04-23 07:45:00,133.95452880859375,1
2023-04-23 08:00:00,141.820068359375,1
2023-04-23 08:15:00,149.9850311279297,1
2023-04-23 08:30:00,150.31549072265625,1
2023-04-23 08:45:00,167.37869262695312,1
2023-04-23 09:00:00,172.3008270263672,1
2023-04-23 09:15:00,172.871337890625,1
2023-04-23 09:30:00,166.19554138183594,1
2023-04-23 09:45:00,171.1769561767578,1
2023-04-23 10:00:00,171.1769561767578,1
2023-04-23 10:15:00,160.95156860351562,1
2023-04-23 10:30:00,164.07005310058594,1
2023-04-23 10:45:00,163.912841796875,1
2023-04-23 11:00:00,166.7515411376953,1
2023-04-23 11:15:00,161.1240997314453,1
2023-04-23 11:30:00,153.83700561523438,1
2023-04-23 11:45:00,146.26344299316406,1
2023-04-23 12:00:00,138.98001098632812,1
2023-04-23 12:15:00,147.1552734375,1
2023-04-23 12:30:00,125.77579498291016,1
2023-04-23 12:45:00,130.15753173828125,1
2023-04-23 13:00:00,112.48302459716795,1
2023-04-23 13:15:00,103.01022338867188,1
2023-04-23 13:30:00,85.97840118408203,1
2023-04-23 13:45:00,0.0,0
2023-04-23 14:00:00,0.0,0
2023-04-23 14:15:00,0.0,0
2023-04-23 14:30:00,0.0,0
2023-04-23 14:45:00,0.0,0
2023-04-23 15:00:00,0.0,0
2023-04-23 15:15:00,0.0,0
2023-04-23 15:30:00,0.0,0
2023-04-23 15:45:00,0.0,0
2023-04-23 16:00:00,0.0,0
2023-04-23 16:15:00,0.0,0
2023-04-23 16:30:00,0.0,0
2023-04-23 16:45:00,0.0,0
2023-04-23 17:00:00,0.0,0
2023-04-23 17:15:00,0.0,0
2023-04-23 17:30:00,0.0,0
2023-04-23 17:45:00,0.0,0
2023-04-23 18:00:00,0.0,0
2023-04-23 18:15:00,0.0,0
2023-04-23 18:30:00,0.0,0
2023-04-23 18:45:00,0.0,0
2023-04-23 19:00:00,0.0,0
2023-04-23 19:15:00,0.0,0
2023-04-23 19:30:00,0.0,0
2023-04-23 19:45:00,0.0,0
2023-04-23 20:00:00,0.0,0
2023-04-23 20:15:00,0.0,0
2023-04-23 20:30:00,0.0,0
2023-04-23 20:45:00,0.0,0
2023-04-23 21:00:00,0.0,0
2023-04-23 21:15:00,0.0,0
2023-04-23 21:30:00,0.0,0
2023-04-23 21:45:00,0.0,0
2023-04-23 22:00:00,0.0,0
2023-04-23 22:15:00,0.0,0
2023-04-23 22:30:00,0.0,0
2023-04-23 22:45:00,0.0,0
2023-04-23 23:00:00,0.0,0
2023-04-23 23:15:00,0.0,0
2023-04-23 23:30:00,0.0,0
2023-04-23 23:45:00,0.0,0
2023-04-24 00:00:00,0.0,0
2023-04-24 00:15:00,0.0,0
2023-04-24 00:30:00,0.0,0
2023-04-24 00:45:00,0.0,0
2023-04-24 01:00:00,0.0,0
2023-04-24 01:15:00,0.0,0
2023-04-24 01:30:00,0.0,0
2023-04-24 01:45:00,0.0,0
2023-04-24 02:00:00,0.0,0
2023-04-24 02:15:00,0.0,0
2023-04-24 02:30:00,0.0,0
2023-04-24 02:45:00,0.0,0
2023-04-24 03:00:00,0.0,0
2023-04-24 03:15:00,0.0,0
2023-04-24 03:30:00,0.0,0
2023-04-24 03:45:00,0.0,0
2023-04-24 04:00:00,0.0,0
2023-04-24 04:15:00,0.0,0
2023-04-24 04:30:00,0.0,0
2023-04-24 04:45:00,0.0,0
2023-04-24 05:00:00,0.0,0
2023-04-24 05:15:00,0.0,0
2023-04-24 05:30:00,0.0,0
2023-04-24 05:45:00,0.0,0
2023-04-24 06:00:00,0.0,0
2023-04-24 06:15:00,0.0,0
2023-04-24 06:30:00,0.0,0
2023-04-24 06:45:00,97.02021026611328,1
2023-04-24 07:00:00,115.0220184326172,1
2023-04-24 07:15:00,112.84258270263672,1
2023-04-24 07:30:00,121.81937408447266,1
2023-04-24 07:45:00,129.11669921875,1
2023-04-24 08:00:00,139.86058044433594,1
2023-04-24 08:15:00,149.47860717773438,1
2023-04-24 08:30:00,150.62442016601562,1
2023-04-24 08:45:00,167.19943237304688,1
2023-04-24 09:00:00,159.86697387695312,1
2023-04-24 09:15:00,170.65106201171875,1
2023-04-24 09:30:00,171.690185546875,1
2023-04-24 09:45:00,160.4583282470703,1
2023-04-24 10:00:00,160.4583282470703,1
2023-04-24 10:15:00,159.62709045410156,1
2023-04-24 10:30:00,164.80615234375,1
2023-04-24 10:45:00,160.7364044189453,1
2023-04-24 11:00:00,166.40396118164062,1
2023-04-24 11:15:00,158.0926055908203,1
2023-04-24 11:30:00,151.29800415039062,1
2023-04-24 11:45:00,131.37257385253906,1
2023-04-24 12:00:00,138.71029663085938,1
2023-04-24 12:15:00,131.04510498046875,1
2023-04-24 12:30:00,121.33834838867188,1
2023-04-24 12:45:00,125.518310546875,1
2023-04-24 13:00:00,109.97615051269533,1
2023-04-24 13:15:00,94.00052642822266,1
2023-04-24 13:30:00,87.70231628417969,1
2023-04-24 13:45:00,0.0,0
2023-04-24 14:00:00,0.0,0
2023-04-24 14:15:00,0.0,0
2023-04-24 14:30:00,0.0,0
2023-04-24 14:45:00,0.0,0
2023-04-24 15:00:00,0.0,0
2023-04-24 15:15:00,0.0,0
2023-04-24 15:30:00,0.0,0
2023-04-24 15:45:00,0.0,0
2023-04-24 16:00:00,0.0,0
2023-04-24 16:15:00,0.0,0
2023-04-24 16:30:00,0.0,0
2023-04-24 16:45:00,0.0,0
2023-04-24 17:00:00,0.0,0
2023-04-24 17:15:00,0.0,0
2023-04-24 17:30:00,0.0,0
2023-04-24 17:45:00,0.0,0
2023-04-24 18:00:00,0.0,0
2023-04-24 18:15:00,0.0,0
2023-04-24 18:30:00,0.0,0
2023-04-24 18:45:00,0.0,0
2023-04-24 19:00:00,0.0,0
2023-04-24 19:15:00,0.0,0
2023-04-24 19:30:00,0.0,0
2023-04-24 19:45:00,0.0,0
2023-04-24 20:00:00,0.0,0
2023-04-24 20:15:00,0.0,0
2023-04-24 20:30:00,0.0,0
2023-04-24 20:45:00,0.0,0
2023-04-24 21:00:00,0.0,0
2023-04-24 21:15:00,0.0,0
2023-04-24 21:30:00,0.0,0
2023-04-24 21:45:00,0.0,0
2023-04-24 22:00:00,0.0,0
2023-04-24 22:15:00,0.0,0
2023-04-24 22:30:00,0.0,0
2023-04-24 22:45:00,0.0,0
2023-04-24 23:00:00,0.0,0
2023-04-24 23:15:00,0.0,0
2023-04-24 23:30:00,0.0,0
2023-04-24 23:45:00,0.0,0
2023-04-25 00:00:00,0.0,0
2023-04-25 00:15:00,0.0,0
2023-04-25 00:30:00,0.0,0
2023-04-25 00:45:00,0.0,0
2023-04-25 01:00:00,0.0,0
2023-04-25 01:15:00,0.0,0
2023-04-25 01:30:00,0.0,0
2023-04-25 01:45:00,0.0,0
2023-04-25 02:00:00,0.0,0
2023-04-25 02:15:00,0.0,0
2023-04-25 02:30:00,0.0,0
2023-04-25 02:45:00,0.0,0
2023-04-25 03:00:00,0.0,0
2023-04-25 03:15:00,0.0,0
2023-04-25 03:30:00,0.0,0
2023-04-25 03:45:00,0.0,0
2023-04-25 04:00:00,0.0,0
2023-04-25 04:15:00,0.0,0
2023-04-25 04:30:00,0.0,0
2023-04-25 04:45:00,0.0,0
2023-04-25 05:00:00,0.0,0
2023-04-25 05:15:00,0.0,0
2023-04-25 05:30:00,0.0,0
2023-04-25 05:45:00,0.0,0
2023-04-25 06:00:00,0.0,0
2023-04-25 06:15:00,0.0,0
2023-04-25 06:30:00,75.39460754394531,1
2023-04-25 06:45:00,101.28858947753906,1
2023-04-25 07:00:00,111.7140655517578,1
2023-04-25 07:15:00,113.78348541259766,1
2023-04-25 07:30:00,128.58273315429688,1
2023-04-25 07:45:00,141.09616088867188,1
2023-04-25 08:00:00,144.25071716308594,1
2023-04-25 08:15:00,138.9532928466797,1
2023-04-25 08:30:00,158.81443786621094,1
2023-04-25 08:45:00,172.1698455810547,1
2023-04-25 09:00:00,172.3008270263672,1
2023-04-25 09:15:00,167.43035888671875,1
2023-04-25 09:30:00,173.06179809570312,1
2023-04-25 09:45:00,172.09349060058594,1
2023-04-25 10:00:00,167.32286071777344,1
2023-04-25 10:15:00,166.501220703125,1
2023-04-25 10:30:00,164.9597625732422,1
2023-04-25 10:45:00,166.6816864013672,1
2023-04-25 11:00:00,166.40396118164062,1
2023-04-25 11:15:00,154.87445068359375,1
2023-04-25 11:30:00,144.30178833007812,1
2023-04-25 11:45:00,143.08558654785156,1
2023-04-25 12:00:00,130.34422302246094,1
2023-04-25 12:15:00,132.2112579345703,1
2023-04-25 12:30:00,119.5689468383789,1
2023-04-25 12:45:00,112.3405303955078,1
2023-04-25 13:00:00,111.30998229980467,1
2023-04-25 13:15:00,89.16110229492188,1
2023-04-25 13:30:00,88.01117706298828,1
2023-04-25 13:45:00,0.0,0
2023-04-25 14:00:00,0.0,0
2023-04-25 14:15:00,0.0,0
2023-04-25 14:30:00,0.0,0
2023-04-25 14:45:00,0.0,0
2023-04-25 15:00:00,0.0,0
2023-04-25 15:15:00,0.0,0
2023-04-25 15:30:00,0.0,0
2023-04-25 15:45:00,0.0,0
2023-04-25 16:00:00,0.0,0
2023-04-25 16:15:00,0.0,0
2023-04-25 16:30:00,0.0,0
2023-04-25 16:45:00,0.0,0
2023-04-25 17:00:00,0.0,0
2023-04-25 17:15:00,0.0,0
2023-04-25 17:30:00,0.0,0
2023-04-25 17:45:00,0.0,0
2023-04-25 18:00:00,0.0,0
2023-04-25 18:15:00,0.0,0
2023-04-25 18:30:00,0.0,0
2023-04-25 18:45:00,0.0,0
2023-04-25 19:00:00,0.0,0
2023-04-25 19:15:00,0.0,0
2023-04-25 19:30:00,0.0,0
2023-04-25 19:45:00,0.0,0
2023-04-25 20:00:00,0.0,0
2023-04-25 20:15:00,0.0,0
2023-04-25 20:30:00,0.0,0
2023-04-25 20:45:00,0.0,0
2023-04-25 21:00:00,0.0,0
2023-04-25 21:15:00,0.0,0
2023-04-25 21:30:00,0.0,0
2023-04-25 21:45:00,0.0,0
2023-04-25 22:00:00,0.0,0
2023-04-25 22:15:00,0.0,0
2023-04-25 22:30:00,0.0,0
2023-04-25 22:45:00,0.0,0
2023-04-25 23:00:00,0.0,0
2023-04-25 23:15:00,0.0,0
2023-04-25 23:30:00,0.0,0
2023-04-25 23:45:00,0.0,0
2023-04-26 00:00:00,0.0,0
2023-04-26 00:15:00,0.0,0
2023-04-26 00:30:00,0.0,0
2023-04-26 00:45:00,0.0,0
2023-04-26 01:00:00,0.0,0
2023-04-26 01:15:00,0.0,0
2023-04-26 01:30:00,0.0,0
2023-04-26 01:45:00,0.0,0
2023-04-26 02:00:00,0.0,0
2023-04-26 02:15:00,0.0,0
2023-04-26 02:30:00,0.0,0
2023-04-26 02:45:00,0.0,0
2023-04-26 03:00:00,0.0,0
2023-04-26 03:15:00,0.0,0
2023-04-26 03:30:00,0.0,0
2023-04-26 03:45:00,0.0,0
2023-04-26 04:00:00,0.0,0
2023-04-26 04:15:00,0.0,0
2023-04-26 04:30:00,0.0,0
2023-04-26 04:45:00,0.0,0
2023-04-26 05:00:00,0.0,0
2023-04-26 05:15:00,0.0,0
2023-04-26 05:30:00,0.0,0
2023-04-26 05:45:00,0.0,0
2023-04-26 06:00:00,0.0,0
2023-04-26 06:15:00,0.0,0
2023-04-26 06:30:00,0.0,0
2023-04-26 06:45:00,97.02021026611328,1
2023-04-26 07:00:00,115.0220184326172,1
2023-04-26 07:15:00,112.84258270263672,1
2023-04-26 07:30:00,121.81937408447266,1
2023-04-26 07:45:00,134.99209594726562,1
2023-04-26 08:00:00,144.6043701171875,1
2023-04-26 08:15:00,150.15452575683594,1
2023-04-26 08:30:00,150.62442016601562,1
2023-04-26 08:45:00,166.6508026123047,1
2023-04-26 09:00:00,171.6187286376953,1
2023-04-26 09:15:00,166.40689086914062,1
2023-04-26 09:30:00,170.22531127929688,1
2023-04-26 09:45:00,172.09349060058594,1
2023-04-26 10:00:00,167.32286071777344,1
2023-04-26 10:15:00,166.501220703125,1
2023-04-26 10:30:00,162.19091796875,1
2023-04-26 10:45:00,166.6816864013672,1
2023-04-26 11:00:00,166.7515411376953,1
2023-04-26 11:15:00,158.0926055908203,1
2023-04-26 11:30:00,151.51271057128906,1
2023-04-26 11:45:00,149.90187072753906,1
2023-04-26 12:00:00,139.84124755859375,1
2023-04-26 12:15:00,135.79348754882812,1
2023-04-26 12:30:00,126.50376892089844,1
2023-04-26 12:45:00,112.98820495605467,1
2023-04-26 13:00:00,111.30998229980467,1
2023-04-26 13:15:00,89.16110229492188,1
2023-04-26 13:30:00,88.01117706298828,1
2023-04-26 13:45:00,0.0,0
2023-04-26 14:00:00,0.0,0
2023-04-26 14:15:00,0.0,0
2023-04-26 14:30:00,0.0,0
2023-04-26 14:45:00,0.0,0
2023-04-26 15:00:00,0.0,0
2023-04-26 15:15:00,0.0,0
2023-04-26 15:30:00,0.0,0
2023-04-26 15:45:00,0.0,0
2023-04-26 16:00:00,0.0,0
2023-04-26 16:15:00,0.0,0
2023-04-26 16:30:00,0.0,0
2023-04-26 16:45:00,0.0,0
2023-04-26 17:00:00,0.0,0
2023-04-26 17:15:00,0.0,0
2023-04-26 17:30:00,0.0,0
2023-04-26 17:45:00,0.0,0
2023-04-26 18:00:00,0.0,0
2023-04-26 18:15:00,0.0,0
2023-04-26 18:30:00,0.0,0
2023-04-26 18:45:00,0.0,0
2023-04-26 19:00:00,0.0,0
2023-04-26 19:15:00,0.0,0
2023-04-26 19:30:00,0.0,0
2023-04-26 19:45:00,0.0,0
2023-04-26 20:00:00,0.0,0
2023-04-26 20:15:00,0.0,0
2023-04-26 20:30:00,0.0,0
2023-04-26 20:45:00,0.0,0
2023-04-26 21:00:00,0.0,0
2023-04-26 21:15:00,0.0,0
2023-04-26 21:30:00,0.0,0
2023-04-26 21:45:00,0.0,0
2023-04-26 22:00:00,0.0,0
2023-04-26 22:15:00,0.0,0
2023-04-26 22:30:00,0.0,0
2023-04-26 22:45:00,0.0,0
2023-04-26 23:00:00,0.0,0
2023-04-26 23:15:00,0.0,0
2023-04-26 23:30:00,0.0,0
2023-04-26 23:45:00,0.0,0
2023-04-27 00:00:00,0.0,0
2023-04-27 00:15:00,0.0,0
2023-04-27 00:30:00,0.0,0
2023-04-27 00:45:00,0.0,0
2023-04-27 01:00:00,0.0,0
2023-04-27 01:15:00,0.0,0
2023-04-27 01:30:00,0.0,0
2023-04-27 01:45:00,0.0,0
2023-04-27 02:00:00,0.0,0
2023-04-27 02:15:00,0.0,0
2023-04-27 02:30:00,0.0,0
2023-04-27 02:45:00,0.0,0
2023-04-27 03:00:00,0.0,0
2023-04-27 03:15:00,0.0,0
2023-04-27 03:30:00,0.0,0
2023-04-27 03:45:00,0.0,0
2023-04-27 04:00:00,0.0,0
2023-04-27 04:15:00,0.0,0
2023-04-27 04:30:00,0.0,0
2023-04-27 04:45:00,0.0,0
2023-04-27 05:00:00,0.0,0
2023-04-27 05:15:00,0.0,0
2023-04-27 05:30:00,0.0,0
2023-04-27 05:45:00,0.0,0
2023-04-27 06:00:00,0.0,0
2023-04-27 06:15:00,0.0,0
2023-04-27 06:30:00,0.0,0
2023-04-27 06:45:00,98.94783020019533,1
2023-04-27 07:00:00,114.92667388916016,1
2023-04-27 07:15:00,116.77898406982422,1
2023-04-27 07:30:00,129.7645263671875,1
2023-04-27 07:45:00,132.55458068847656,1
2023-04-27 08:00:00,124.94709014892578,1
2023-04-27 08:15:00,147.80223083496094,1
2023-04-27 08:30:00,149.13934326171875,1
2023-04-27 08:45:00,167.01736450195312,1
2023-04-27 09:00:00,169.92958068847656,1
2023-04-27 09:15:00,171.49855041503906,1
2023-04-27 09:30:00,171.690185546875,1
2023-04-27 09:45:00,170.09170532226562,1
2023-04-27 10:00:00,170.09170532226562,1
2023-04-27 10:15:00,166.52224731445312,1
2023-04-27 10:30:00,174.10635375976562,1
2023-04-27 10:45:00,160.5230712890625,1
2023-04-27 11:00:00,167.69064331054688,1
2023-04-27 11:15:00,160.0420379638672,1
2023-04-27 11:30:00,151.60076904296875,1
2023-04-27 11:45:00,143.58892822265625,1
2023-04-27 12:00:00,145.59036254882812,1
2023-04-27 12:15:00,136.3919219970703,1
2023-04-27 12:30:00,119.19161987304688,1
2023-04-27 12:45:00,124.9151840209961,1
2023-04-27 13:00:00,111.00714111328124,1
2023-04-27 13:15:00,88.17000579833984,1
2023-04-27 13:30:00,0.0,0
2023-04-27 13:45:00,0.0,0
2023-04-27 14:00:00,0.0,0
2023-04-27 14:15:00,0.0,0
2023-04-27 14:30:00,0.0,0
2023-04-27 14:45:00,0.0,0
2023-04-27 15:00:00,0.0,0
2023-04-27 15:15:00,0.0,0
2023-04-27 15:30:00,0.0,0
2023-04-27 15:45:00,0.0,0
2023-04-27 16:00:00,0.0,0
2023-04-27 16:15:00,0.0,0
2023-04-27 16:30:00,0.0,0
2023-04-27 16:45:00,0.0,0
2023-04-27 17:00:00,0.0,0
2023-04-27 17:15:00,0.0,0
2023-04-27 17:30:00,0.0,0
2023-04-27 17:45:00,0.0,0
2023-04-27 18:00:00,0.0,0
2023-04-27 18:15:00,0.0,0
2023-04-27 18:30:00,0.0,0
2023-04-27 18:45:00,0.0,0
2023-04-27 19:00:00,0.0,0
2023-04-27 19:15:00,0.0,0
2023-04-27 19:30:00,0.0,0
2023-04-27 19:45:00,0.0,0
2023-04-27 20:00:00,0.0,0
2023-04-27 20:15:00,0.0,0
2023-04-27 20:30:00,0.0,0
2023-04-27 20:45:00,0.0,0
2023-04-27 21:00:00,0.0,0
2023-04-27 21:15:00,0.0,0
2023-04-27 21:30:00,0.0,0
2023-04-27 21:45:00,0.0,0
2023-04-27 22:00:00,0.0,0
2023-04-27 22:15:00,0.0,0
2023-04-27 22:30:00,0.0,0
2023-04-27 22:45:00,0.0,0
2023-04-27 23:00:00,0.0,0
2023-04-27 23:15:00,0.0,0
2023-04-27 23:30:00,0.0,0
2023-04-27 23:45:00,0.0,0
2023-04-28 00:00:00,0.0,0
2023-04-28 00:15:00,0.0,0
2023-04-28 00:30:00,0.0,0
2023-04-28 00:45:00,0.0,0
2023-04-28 01:00:00,0.0,0
2023-04-28 01:15:00,0.0,0
2023-04-28 01:30:00,0.0,0
2023-04-28 01:45:00,0.0,0
2023-04-28 02:00:00,0.0,0
2023-04-28 02:15:00,0.0,0
2023-04-28 02:30:00,0.0,0
2023-04-28 02:45:00,0.0,0
2023-04-28 03:00:00,0.0,0
2023-04-28 03:15:00,0.0,0
2023-04-28 03:30:00,0.0,0
2023-04-28 03:45:00,0.0,0
2023-04-28 04:00:00,0.0,0
2023-04-28 04:15:00,0.0,0
2023-04-28 04:30:00,0.0,0
2023-04-28 04:45:00,0.0,0
2023-04-28 05:00:00,0.0,0
2023-04-28 05:15:00,0.0,0
2023-04-28 05:30:00,0.0,0
2023-04-28 05:45:00,0.0,0
2023-04-28 06:00:00,0.0,0
2023-04-28 06:15:00,0.0,0
2023-04-28 06:30:00,79.41299438476562,1
2023-04-28 06:45:00,100.208251953125,1
2023-04-28 07:00:00,114.92667388916016,1
2023-04-28 07:15:00,115.47021484375,1
2023-04-28 07:30:00,124.59703826904295,1
2023-04-28 07:45:00,132.55458068847656,1
2023-04-28 08:00:00,126.6560287475586,1
2023-04-28 08:15:00,149.47860717773438,1
2023-04-28 08:30:00,149.14993286132812,1
2023-04-28 08:45:00,167.19943237304688,1
2023-04-28 09:00:00,159.86697387695312,1
2023-04-28 09:15:00,170.65106201171875,1
2023-04-28 09:30:00,170.22531127929688,1
2023-04-28 09:45:00,167.32286071777344,1
2023-04-28 10:00:00,167.32286071777344,1
2023-04-28 10:15:00,156.85824584960938,1
2023-04-28 10:30:00,164.9597625732422,1
2023-04-28 10:45:00,166.6816864013672,1
2023-04-28 11:00:00,159.60418701171875,1
2023-04-28 11:15:00,154.87445068359375,1
2023-04-28 11:30:00,144.30178833007812,1
2023-04-28 11:45:00,149.9946746826172,1
2023-04-28 12:00:00,139.84124755859375,1
2023-04-28 12:15:00,131.9344940185547,1
2023-04-28 12:30:00,119.5689468383789,1
2023-04-28 12:45:00,112.3405303955078,1
2023-04-28 13:00:00,111.81594848632812,1
2023-04-28 13:15:00,99.6734390258789,1
2023-04-28 13:30:00,89.8673324584961,1
2023-04-28 13:45:00,0.0,0
2023-04-28 14:00:00,0.0,0
2023-04-28 14:15:00,0.0,0
2023-04-28 14:30:00,0.0,0
2023-04-28 14:45:00,0.0,0
2023-04-28 15:00:00,0.0,0
2023-04-28 15:15:00,0.0,0
2023-04-28 15:30:00,0.0,0
2023-04-28 15:45:00,0.0,0
2023-04-28 16:00:00,0.0,0
2023-04-28 16:15:00,0.0,0
2023-04-28 16:30:00,0.0,0
2023-04-28 16:45:00,0.0,0
2023-04-28 17:00:00,0.0,0
2023-04-28 17:15:00,0.0,0
2023-04-28 17:30:00,0.0,0
2023-04-28 17:45:00,0.0,0
2023-04-28 18:00:00,0.0,0
2023-04-28 18:15:00,0.0,0
2023-04-28 18:30:00,0.0,0
2023-04-28 18:45:00,0.0,0
2023-04-28 19:00:00,0.0,0
2023-04-28 19:15:00,0.0,0
2023-04-28 19:30:00,0.0,0
2023-04-28 19:45:00,0.0,0
2023-04-28 20:00:00,0.0,0
2023-04-28 20:15:00,0.0,0
2023-04-28 20:30:00,0.0,0
2023-04-28 20:45:00,0.0,0
2023-04-28 21:00:00,0.0,0
2023-04-28 21:15:00,0.0,0
2023-04-28 21:30:00,0.0,0
2023-04-28 21:45:00,0.0,0
2023-04-28 22:00:00,0.0,0
2023-04-28 22:15:00,0.0,0
2023-04-28 22:30:00,0.0,0
2023-04-28 22:45:00,0.0,0
2023-04-28 23:00:00,0.0,0
2023-04-28 23:15:00,0.0,0
2023-04-28 23:30:00,0.0,0
2023-04-28 23:45:00,0.0,0
2023-04-29 00:00:00,0.0,0
2023-04-29 00:15:00,0.0,0
2023-04-29 00:30:00,0.0,0
2023-04-29 00:45:00,0.0,0
2023-04-29 01:00:00,0.0,0
2023-04-29 01:15:00,0.0,0
2023-04-29 01:30:00,0.0,0
2023-04-29 01:45:00,0.0,0
2023-04-29 02:00:00,0.0,0
2023-04-29 02:15:00,0.0,0
2023-04-29 02:30:00,0.0,0
2023-04-29 02:45:00,0.0,0
2023-04-29 03:00:00,0.0,0
2023-04-29 03:15:00,0.0,0
2023-04-29 03:30:00,0.0,0
2023-04-29 03:45:00,0.0,0
2023-04-29 04:00:00,0.0,0
2023-04-29 04:15:00,0.0,0
2023-04-29 04:30:00,0.0,0
2023-04-29 04:45:00,0.0,0
2023-04-29 05:00:00,0.0,0
2023-04-29 05:15:00,0.0,0
2023-04-29 05:30:00,0.0,0
2023-04-29 05:45:00,0.0,0
2023-04-29 06:00:00,0.0,0
2023-04-29 06:15:00,0.0,0
2023-04-29 06:30:00,82.89441680908203,1
2023-04-29 06:45:00,100.208251953125,1
2023-04-29 07:00:00,115.23346710205078,1
2023-04-29 07:15:00,116.3083267211914,1
2023-04-29 07:30:00,124.59703826904295,1
2023-04-29 07:45:00,132.4955291748047,1
2023-04-29 08:00:00,126.91764831542967,1
2023-04-29 08:15:00,143.85768127441406,1
2023-04-29 08:30:00,149.13934326171875,1
2023-04-29 08:45:00,164.20260620117188,1
2023-04-29 09:00:00,155.9680938720703,1
2023-04-29 09:15:00,166.8708038330078,1
2023-04-29 09:30:00,167.17391967773438,1
2023-04-29 09:45:00,158.7101287841797,1
2023-04-29 10:00:00,157.6798858642578,1
2023-04-29 10:15:00,160.65733337402344,1
2023-04-29 10:30:00,159.2391815185547,1
2023-04-29 10:45:00,165.0579376220703,1
2023-04-29 11:00:00,152.11087036132812,1
2023-04-29 11:15:00,154.16519165039062,1
2023-04-29 11:30:00,145.10675048828125,1
2023-04-29 11:45:00,147.80764770507812,1
2023-04-29 12:00:00,139.92034912109375,1
2023-04-29 12:15:00,128.3797607421875,1
2023-04-29 12:30:00,118.34661102294922,1
2023-04-29 12:45:00,117.9109344482422,1
2023-04-29 13:00:00,112.52403259277344,1
2023-04-29 13:15:00,98.37171936035156,1
2023-04-29 13:30:00,85.33814239501953,1
2023-04-29 13:45:00,0.0,0
2023-04-29 14:00:00,0.0,0
2023-04-29 14:15:00,0.0,0
2023-04-29 14:30:00,0.0,0
2023-04-29 14:45:00,0.0,0
2023-04-29 15:00:00,0.0,0
2023-04-29 15:15:00,0.0,0
2023-04-29 15:30:00,0.0,0
2023-04-29 15:45:00,0.0,0
2023-04-29 16:00:00,0.0,0
2023-04-29 16:15:00,0.0,0
2023-04-29 16:30:00,0.0,0
2023-04-29 16:45:00,0.0,0
2023-04-29 17:00:00,0.0,0
2023-04-29 17:15:00,0.0,0
2023-04-29 17:30:00,0.0,0
2023-04-29 17:45:00,0.0,0
2023-04-29 18:00:00,0.0,0
2023-04-29 18:15:00,0.0,0
2023-04-29 18:30:00,0.0,0
2023-04-29 18:45:00,0.0,0
2023-04-29 19:00:00,0.0,0
2023-04-29 19:15:00,0.0,0
2023-04-29 19:30:00,0.0,0
2023-04-29 19:45:00,0.0,0
2023-04-29 20:00:00,0.0,0
2023-04-29 20:15:00,0.0,0
2023-04-29 20:30:00,0.0,0
2023-04-29 20:45:00,0.0,0
2023-04-29 21:00:00,0.0,0
2023-04-29 21:15:00,0.0,0
2023-04-29 21:30:00,0.0,0
2023-04-29 21:45:00,0.0,0
2023-04-29 22:00:00,0.0,0
2023-04-29 22:15:00,0.0,0
2023-04-29 22:30:00,0.0,0
2023-04-29 22:45:00,0.0,0
2023-04-29 23:00:00,0.0,0
2023-04-29 23:15:00,0.0,0
2023-04-29 23:30:00,0.0,0
2023-04-29 23:45:00,0.0,0
2023-04-30 00:00:00,0.0,0
2023-04-30 00:15:00,0.0,0
2023-04-30 00:30:00,0.0,0
2023-04-30 00:45:00,0.0,0
2023-04-30 01:00:00,0.0,0
2023-04-30 01:15:00,0.0,0
2023-04-30 01:30:00,0.0,0
2023-04-30 01:45:00,0.0,0
2023-04-30 02:00:00,0.0,0
2023-04-30 02:15:00,0.0,0
2023-04-30 02:30:00,0.0,0
2023-04-30 02:45:00,0.0,0
2023-04-30 03:00:00,0.0,0
2023-04-30 03:15:00,0.0,0
2023-04-30 03:30:00,0.0,0
2023-04-30 03:45:00,0.0,0
2023-04-30 04:00:00,0.0,0
2023-04-30 04:15:00,0.0,0
2023-04-30 04:30:00,0.0,0
2023-04-30 04:45:00,0.0,0
2023-04-30 05:00:00,0.0,0
2023-04-30 05:15:00,0.0,0
2023-04-30 05:30:00,0.0,0
2023-04-30 05:45:00,0.0,0
2023-04-30 06:00:00,0.0,0
2023-04-30 06:15:00,0.0,0
2023-04-30 06:30:00,78.65730285644531,1
2023-04-30 06:45:00,96.10535430908205,1
2023-04-30 07:00:00,104.83129119873048,1
2023-04-30 07:15:00,106.47164916992188,1
2023-04-30 07:30:00,110.75070190429688,1
2023-04-30 07:45:00,128.44947814941406,1
2023-04-30 08:00:00,122.67235565185548,1
2023-04-30 08:15:00,121.98246002197266,1
2023-04-30 08:30:00,141.59927368164062,1
2023-04-30 08:45:00,155.23672485351562,1
2023-04-30 09:00:00,146.19374084472656,1
2023-04-30 09:15:00,155.1177520751953,1
2023-04-30 09:30:00,154.95135498046875,1
2023-04-30 09:45:00,154.11204528808594,1
2023-04-30 10:00:00,150.3512420654297,1
2023-04-30 10:15:00,149.14169311523438,1
2023-04-30 10:30:00,152.0250701904297,1
2023-04-30 10:45:00,152.09754943847656,1
2023-04-30 11:00:00,146.25233459472656,1
2023-04-30 11:15:00,129.41192626953125,1
2023-04-30 11:30:00,132.72586059570312,1
2023-04-30 11:45:00,134.66653442382812,1
2023-04-30 12:00:00,133.88986206054688,1
2023-04-30 12:15:00,110.10008239746094,1
2023-04-30 12:30:00,101.68537902832033,1
2023-04-30 12:45:00,98.2685089111328,1
2023-04-30 13:00:00,89.33047485351562,1
2023-04-30 13:15:00,76.257568359375,1
2023-04-30 13:30:00,0.0,0
2023-04-30 13:45:00,0.0,0
2023-04-30 14:00:00,0.0,0
2023-04-30 14:15:00,0.0,0
2023-04-30 14:30:00,0.0,0
2023-04-30 14:45:00,0.0,0
2023-04-30 15:00:00,0.0,0
2023-04-30 15:15:00,0.0,0
2023-04-30 15:30:00,0.0,0
2023-04-30 15:45:00,0.0,0
2023-04-30 16:00:00,0.0,0
2023-04-30 16:15:00,0.0,0
2023-04-30 16:30:00,0.0,0
2023-04-30 16:45:00,0.0,0
2023-04-30 17:00:00,0.0,0
2023-04-30 17:15:00,0.0,0
2023-04-30 17:30:00,0.0,0
2023-04-30 17:45:00,0.0,0
2023-04-30 18:00:00,0.0,0
2023-04-30 18:15:00,0.0,0
2023-04-30 18:30:00,0.0,0
2023-04-30 18:45:00,0.0,0
2023-04-30 19:00:00,0.0,0
2023-04-30 19:15:00,0.0,0
2023-04-30 19:30:00,0.0,0
2023-04-30 19:45:00,0.0,0
2023-04-30 20:00:00,0.0,0
2023-04-30 20:15:00,0.0,0
2023-04-30 20:30:00,0.0,0
2023-04-30 20:45:00,0.0,0
2023-04-30 21:00:00,0.0,0
2023-04-30 21:15:00,0.0,0
2023-04-30 21:30:00,0.0,0
2023-04-30 21:45:00,0.0,0
2023-04-30 22:00:00,0.0,0
2023-04-30 22:15:00,0.0,0
2023-04-30 22:30:00,0.0,0
2023-04-30 22:45:00,0.0,0
2023-04-30 23:00:00,0.0,0
2023-04-30 23:15:00,0.0,0
2023-04-30 23:30:00,0.0,0
2023-04-30 23:45:00,0.0,0
